Picked up JAVA_TOOL_OPTIONS: -XX:ActiveProcessorCount=1
19:21:24 PIT >> INFO : Verbose logging is disabled. If you encounter a problem, please enable it before reporting an issue.
19:21:25 PIT >> INFO : Created 1 mutation test units in pre scan
19:21:34 PIT >> INFO : MINION : Picked up JAVA_TOOL_OPTIONS: -XX:ActiveProcessorCount=1
19:21:34 PIT >> INFO : Sending 1199 test classes to minion
19:21:34 PIT >> INFO : Sent tests to minion
19:21:35 PIT >> INFO : MINION : Failed to set JaCoCo session: org.jacoco.agent.rt.RT
19:21:35 PIT >> INFO : MINION : Failed to dump JaCoCo execution data: org.jacoco.agent.rt.RT
19:21:35 PIT >> INFO : MINION : Failed to set JaCoCo session: org.jacoco.agent.rt.RT
19:21:35 PIT >> INFO : MINION : Failed to dump JaCoCo execution data: org.jacoco.agent.rt.RT
19:21:35 PIT >> INFO : MINION : Failed to set JaCoCo session: org.jacoco.agent.rt.RT
19:21:35 PIT >> INFO : MINION : Failed to dump JaCoCo execution data: org.jacoco.agent.rt.RT
19:21:35 PIT >> INFO : MINION : Failed to set JaCoCo session: org.jacoco.agent.rt.RT
19:21:35 PIT >> INFO : MINION : Failed to dump JaCoCo execution data: org.jacoco.agent.rt.RT
19:21:35 PIT >> INFO : MINION : Failed to set JaCoCo session: org.jacoco.agent.rt.RT
19:21:35 PIT >> INFO : MINION : Failed to dump JaCoCo execution data: org.jacoco.agent.rt.RT
19:21:35 PIT >> INFO : MINION : Failed to set JaCoCo session: org.jacoco.agent.rt.RT
19:21:35 PIT >> INFO : MINION : Failed to dump JaCoCo execution data: org.jacoco.agent.rt.RT
19:21:35 PIT >> INFO : MINION : Failed to set JaCoCo session: org.jacoco.agent.rt.RT
19:21:35 PIT >> INFO : MINION : Failed to dump JaCoCo execution data: org.jacoco.agent.rt.RT
19:21:35 PIT >> INFO : MINION : Failed to set JaCoCo session: org.jacoco.agent.rt.RT
19:21:35 PIT >> INFO : MINION : Failed to dump JaCoCo execution data: org.jacoco.agent.rt.RT
19:21:35 PIT >> INFO : MINION : Failed to set JaCoCo session: org.jacoco.agent.rt.RT
19:21:35 PIT >> INFO : MINION : Failed to dump JaCoCo execution data: org.jacoco.agent.rt.RT
19:21:35 PIT >> INFO : MINION : Failed to set JaCoCo session: org.jacoco.agent.rt.RT
19:21:35 PIT >> INFO : MINION : Failed to dump JaCoCo execution data: org.jacoco.agent.rt.RT
19:21:35 PIT >> INFO : MINION : Failed to set JaCoCo session: org.jacoco.agent.rt.RT
19:21:35 PIT >> INFO : MINION : Failed to dump JaCoCo execution data: org.jacoco.agent.rt.RT
19:21:35 PIT >> INFO : MINION : Failed to set JaCoCo session: org.jacoco.agent.rt.RT
19:21:35 PIT >> INFO : MINION : Failed to dump JaCoCo execution data: org.jacoco.agent.rt.RT
19:21:35 PIT >> INFO : MINION : Failed to set JaCoCo session: org.jacoco.agent.rt.RT
19:21:35 PIT >> INFO : MINION : Failed to dump JaCoCo execution data: org.jacoco.agent.rt.RT
19:21:35 PIT >> INFO : MINION : Failed to set JaCoCo session: org.jacoco.agent.rt.RT
19:21:35 PIT >> INFO : MINION : Failed to dump JaCoCo execution data: org.jacoco.agent.rt.RT
19:21:35 PIT >> INFO : MINION : Failed to set JaCoCo session: org.jacoco.agent.rt.RT
19:21:35 PIT >> INFO : MINION : Failed to dump JaCoCo execution data: org.jacoco.agent.rt.RT
19:21:35 PIT >> INFO : MINION : Failed to set JaCoCo session: org.jacoco.agent.rt.RT
19:21:35 PIT >> INFO : MINION : Failed to dump JaCoCo execution data: org.jacoco.agent.rt.RT
19:21:35 PIT >> INFO : MINION : Failed to set JaCoCo session: org.jacoco.agent.rt.RT
19:21:35 PIT >> INFO : MINION : Failed to dump JaCoCo execution data: org.jacoco.agent.rt.RT
19:21:35 PIT >> INFO : MINION : Failed to set JaCoCo session: org.jacoco.agent.rt.RT
19:21:35 PIT >> INFO : MINION : Failed to dump JaCoCo execution data: org.jacoco.agent.rt.RT
19:21:35 PIT >> INFO : MINION : Failed to set JaCoCo session: org.jacoco.agent.rt.RT
19:21:35 PIT >> INFO : MINION : Failed to dump JaCoCo execution data: org.jacoco.agent.rt.RT
19:21:35 PIT >> INFO : MINION : Failed to set JaCoCo session: org.jacoco.agent.rt.RT
19:21:35 PIT >> INFO : MINION : Failed to dump JaCoCo execution data: org.jacoco.agent.rt.RT
19:21:35 PIT >> INFO : MINION : Failed to set JaCoCo session: org.jacoco.agent.rt.RT
19:21:35 PIT >> INFO : MINION : Failed to dump JaCoCo execution data: org.jacoco.agent.rt.RT
19:21:35 PIT >> INFO : MINION : Failed to set JaCoCo session: org.jacoco.agent.rt.RT
19:21:35 PIT >> INFO : MINION : Failed to dump JaCoCo execution data: org.jacoco.agent.rt.RT
19:21:35 PIT >> INFO : MINION : Failed to set JaCoCo session: org.jacoco.agent.rt.RT
19:21:35 PIT >> INFO : MINION : Failed to dump JaCoCo execution data: org.jacoco.agent.rt.RT
19:21:35 PIT >> INFO : MINION : Failed to set JaCoCo session: org.jacoco.agent.rt.RT
19:21:35 PIT >> INFO : MINION : Failed to dump JaCoCo execution data: org.jacoco.agent.rt.RT
19:21:35 PIT >> INFO : MINION : Failed to set JaCoCo session: org.jacoco.agent.rt.RT
19:21:35 PIT >> INFO : MINION : Failed to dump JaCoCo execution data: org.jacoco.agent.rt.RT
19:21:35 PIT >> INFO : MINION : Failed to set JaCoCo session: org.jacoco.agent.rt.RT
19:21:35 PIT >> INFO : MINION : Failed to dump JaCoCo execution data: org.jacoco.agent.rt.RT
19:21:35 PIT >> INFO : MINION : Failed to set JaCoCo session: org.jacoco.agent.rt.RT
19:21:35 PIT >> INFO : MINION : Failed to dump JaCoCo execution data: org.jacoco.agent.rt.RT
19:21:35 PIT >> INFO : MINION : Failed to set JaCoCo session: org.jacoco.agent.rt.RT
19:21:35 PIT >> INFO : MINION : Failed to dump JaCoCo execution data: org.jacoco.agent.rt.RT
19:21:35 PIT >> INFO : MINION : Failed to set JaCoCo session: org.jacoco.agent.rt.RT
19:21:35 PIT >> INFO : MINION : Failed to dump JaCoCo execution data: org.jacoco.agent.rt.RT
19:21:35 PIT >> INFO : MINION : Failed to set JaCoCo session: org.jacoco.agent.rt.RT
19:21:35 PIT >> INFO : MINION : Failed to dump JaCoCo execution data: org.jacoco.agent.rt.RT
19:21:35 PIT >> INFO : MINION : Failed to set JaCoCo session: org.jacoco.agent.rt.RT
19:21:35 PIT >> INFO : MINION : Failed to dump JaCoCo execution data: org.jacoco.agent.rt.RT
19:21:35 PIT >> INFO : MINION : Failed to set JaCoCo session: org.jacoco.agent.rt.RT
19:21:35 PIT >> INFO : MINION : Failed to dump JaCoCo execution data: org.jacoco.agent.rt.RT
19:21:35 PIT >> INFO : MINION : Failed to set JaCoCo session: org.jacoco.agent.rt.RT
19:21:35 PIT >> INFO : MINION : Failed to dump JaCoCo execution data: org.jacoco.agent.rt.RT
19:21:35 PIT >> INFO : MINION : Failed to set JaCoCo session: org.jacoco.agent.rt.RT
19:21:35 PIT >> INFO : MINION : Failed to dump JaCoCo execution data: org.jacoco.agent.rt.RT
19:21:35 PIT >> INFO : MINION : Failed to set JaCoCo session: org.jacoco.agent.rt.RT
19:21:35 PIT >> INFO : MINION : Failed to dump JaCoCo execution data: org.jacoco.agent.rt.RT
19:21:35 PIT >> INFO : MINION : Failed to set JaCoCo session: org.jacoco.agent.rt.RT
19:21:35 PIT >> INFO : MINION : Failed to dump JaCoCo execution data: org.jacoco.agent.rt.RT
19:21:35 PIT >> INFO : MINION : Failed to set JaCoCo session: org.jacoco.agent.rt.RT
19:21:35 PIT >> INFO : MINION : Failed to dump JaCoCo execution data: org.jacoco.agent.rt.RT
19:21:35 PIT >> INFO : MINION : Failed to set JaCoCo session: org.jacoco.agent.rt.RT
19:21:35 PIT >> INFO : MINION : Failed to dump JaCoCo execution data: org.jacoco.agent.rt.RT
19:21:35 PIT >> INFO : MINION : Failed to set JaCoCo session: org.jacoco.agent.rt.RT
19:21:35 PIT >> INFO : MINION : Failed to dump JaCoCo execution data: org.jacoco.agent.rt.RT
19:21:35 PIT >> INFO : MINION : Failed to set JaCoCo session: org.jacoco.agent.rt.RT
19:21:35 PIT >> INFO : MINION : Failed to dump JaCoCo execution data: org.jacoco.agent.rt.RT
19:21:35 PIT >> INFO : MINION : Failed to set JaCoCo session: org.jacoco.agent.rt.RT
19:21:35 PIT >> INFO : MINION : Failed to dump JaCoCo execution data: org.jacoco.agent.rt.RT
19:21:35 PIT >> INFO : MINION : Failed to set JaCoCo session: org.jacoco.agent.rt.RT
19:21:35 PIT >> INFO : MINION : Failed to dump JaCoCo execution data: org.jacoco.agent.rt.RT
19:21:35 PIT >> INFO : MINION : Failed to set JaCoCo session: org.jacoco.agent.rt.RT
19:21:35 PIT >> INFO : MINION : Failed to dump JaCoCo execution data: org.jacoco.agent.rt.RT
19:21:35 PIT >> INFO : MINION : Failed to set JaCoCo session: org.jacoco.agent.rt.RT
19:21:35 PIT >> INFO : MINION : Failed to dump JaCoCo execution data: org.jacoco.agent.rt.RT
19:21:35 PIT >> INFO : MINION : Failed to set JaCoCo session: org.jacoco.agent.rt.RT
19:21:35 PIT >> INFO : MINION : Failed to dump JaCoCo execution data: org.jacoco.agent.rt.RT
19:21:35 PIT >> INFO : MINION : Failed to set JaCoCo session: org.jacoco.agent.rt.RT
19:21:35 PIT >> INFO : MINION : Failed to dump JaCoCo execution data: org.jacoco.agent.rt.RT
19:21:35 PIT >> INFO : MINION : Failed to set JaCoCo session: org.jacoco.agent.rt.RT
19:21:35 PIT >> INFO : MINION : Failed to dump JaCoCo execution data: org.jacoco.agent.rt.RT
19:21:35 PIT >> INFO : MINION : Failed to set JaCoCo session: org.jacoco.agent.rt.RT
19:21:35 PIT >> INFO : MINION : Failed to dump JaCoCo execution data: org.jacoco.agent.rt.RT
19:21:35 PIT >> INFO : MINION : Failed to set JaCoCo session: org.jacoco.agent.rt.RT
19:21:35 PIT >> INFO : MINION : Failed to dump JaCoCo execution data: org.jacoco.agent.rt.RT
19:21:35 PIT >> INFO : MINION : Failed to set JaCoCo session: org.jacoco.agent.rt.RT
19:21:35 PIT >> INFO : MINION : Failed to dump JaCoCo execution data: org.jacoco.agent.rt.RT
19:21:35 PIT >> INFO : MINION : Failed to set JaCoCo session: org.jacoco.agent.rt.RT
19:21:35 PIT >> INFO : MINION : Failed to dump JaCoCo execution data: org.jacoco.agent.rt.RT
19:21:35 PIT >> INFO : MINION : Failed to set JaCoCo session: org.jacoco.agent.rt.RT
19:21:35 PIT >> INFO : MINION : Failed to dump JaCoCo execution data: org.jacoco.agent.rt.RT
19:21:35 PIT >> INFO : MINION : Failed to set JaCoCo session: org.jacoco.agent.rt.RT
19:21:35 PIT >> INFO : MINION : Failed to dump JaCoCo execution data: org.jacoco.agent.rt.RT
19:21:35 PIT >> INFO : MINION : Failed to set JaCoCo session: org.jacoco.agent.rt.RT
19:21:35 PIT >> INFO : MINION : Failed to dump JaCoCo execution data: org.jacoco.agent.rt.RT
19:21:35 PIT >> INFO : MINION : Failed to set JaCoCo session: org.jacoco.agent.rt.RT
19:21:35 PIT >> INFO : MINION : Failed to dump JaCoCo execution data: org.jacoco.agent.rt.RT
19:21:35 PIT >> INFO : MINION : Failed to set JaCoCo session: org.jacoco.agent.rt.RT
19:21:35 PIT >> INFO : MINION : Failed to dump JaCoCo execution data: org.jacoco.agent.rt.RT
19:21:35 PIT >> INFO : MINION : Failed to set JaCoCo session: org.jacoco.agent.rt.RT
19:21:35 PIT >> INFO : MINION : Failed to dump JaCoCo execution data: org.jacoco.agent.rt.RT
19:21:35 PIT >> INFO : MINION : Failed to set JaCoCo session: org.jacoco.agent.rt.RT
19:21:35 PIT >> INFO : MINION : Failed to dump JaCoCo execution data: org.jacoco.agent.rt.RT
19:21:35 PIT >> INFO : MINION : Failed to set JaCoCo session: org.jacoco.agent.rt.RT
19:21:35 PIT >> INFO : MINION : Failed to dump JaCoCo execution data: org.jacoco.agent.rt.RT
19:21:35 PIT >> INFO : MINION : Failed to set JaCoCo session: org.jacoco.agent.rt.RT
19:21:35 PIT >> INFO : MINION : Failed to dump JaCoCo execution data: org.jacoco.agent.rt.RT
19:21:35 PIT >> INFO : MINION : Failed to set JaCoCo session: org.jacoco.agent.rt.RT
19:21:35 PIT >> INFO : MINION : Failed to dump JaCoCo execution data: org.jacoco.agent.rt.RT
19:21:35 PIT >> INFO : MINION : Failed to set JaCoCo session: org.jacoco.agent.rt.RT
19:21:35 PIT >> INFO : MINION : Failed to dump JaCoCo execution data: org.jacoco.agent.rt.RT
19:21:35 PIT >> INFO : MINION : Failed to set JaCoCo session: org.jacoco.agent.rt.RT
19:21:35 PIT >> INFO : MINION : Failed to dump JaCoCo execution data: org.jacoco.agent.rt.RT
19:21:35 PIT >> INFO : MINION : Failed to set JaCoCo session: org.jacoco.agent.rt.RT
19:21:35 PIT >> INFO : MINION : Failed to dump JaCoCo execution data: org.jacoco.agent.rt.RT
19:21:35 PIT >> INFO : MINION : Failed to set JaCoCo session: org.jacoco.agent.rt.RT
19:21:35 PIT >> INFO : MINION : Failed to dump JaCoCo execution data: org.jacoco.agent.rt.RT
19:21:35 PIT >> INFO : MINION : Failed to set JaCoCo session: org.jacoco.agent.rt.RT
19:21:35 PIT >> INFO : MINION : Failed to dump JaCoCo execution data: org.jacoco.agent.rt.RT
19:21:35 PIT >> INFO : MINION : Failed to set JaCoCo session: org.jacoco.agent.rt.RT
19:21:35 PIT >> INFO : MINION : Failed to dump JaCoCo execution data: org.jacoco.agent.rt.RT
19:21:35 PIT >> INFO : MINION : Failed to set JaCoCo session: org.jacoco.agent.rt.RT
19:21:35 PIT >> INFO : MINION : Failed to dump JaCoCo execution data: org.jacoco.agent.rt.RT
19:21:35 PIT >> INFO : MINION : Failed to set JaCoCo session: org.jacoco.agent.rt.RT
19:21:35 PIT >> INFO : MINION : Failed to dump JaCoCo execution data: org.jacoco.agent.rt.RT
19:21:35 PIT >> INFO : MINION : Failed to set JaCoCo session: org.jacoco.agent.rt.RT
19:21:35 PIT >> INFO : MINION : Failed to dump JaCoCo execution data: org.jacoco.agent.rt.RT
19:21:35 PIT >> INFO : MINION : Failed to set JaCoCo session: org.jacoco.agent.rt.RT
19:21:35 PIT >> INFO : MINION : Failed to dump JaCoCo execution data: org.jacoco.agent.rt.RT
19:21:35 PIT >> INFO : MINION : Failed to set JaCoCo session: org.jacoco.agent.rt.RT
19:21:35 PIT >> INFO : MINION : Failed to dump JaCoCo execution data: org.jacoco.agent.rt.RT
19:21:35 PIT >> INFO : MINION : Failed to set JaCoCo session: org.jacoco.agent.rt.RT
19:21:35 PIT >> INFO : MINION : Failed to dump JaCoCo execution data: org.jacoco.agent.rt.RT
19:21:35 PIT >> INFO : MINION : Failed to set JaCoCo session: org.jacoco.agent.rt.RT
19:21:35 PIT >> INFO : MINION : Failed to dump JaCoCo execution data: org.jacoco.agent.rt.RT
19:21:35 PIT >> INFO : MINION : Failed to set JaCoCo session: org.jacoco.agent.rt.RT
19:21:35 PIT >> INFO : MINION : Failed to dump JaCoCo execution data: org.jacoco.agent.rt.RT
19:21:35 PIT >> INFO : MINION : Failed to set JaCoCo session: org.jacoco.agent.rt.RT
19:21:35 PIT >> INFO : MINION : Failed to dump JaCoCo execution data: org.jacoco.agent.rt.RT
19:21:35 PIT >> INFO : MINION : Failed to set JaCoCo session: org.jacoco.agent.rt.RT
19:21:35 PIT >> INFO : MINION : Failed to dump JaCoCo execution data: org.jacoco.agent.rt.RT
19:21:35 PIT >> INFO : MINION : Failed to set JaCoCo session: org.jacoco.agent.rt.RT
19:21:35 PIT >> INFO : MINION : Failed to dump JaCoCo execution data: org.jacoco.agent.rt.RT
19:21:35 PIT >> INFO : MINION : Failed to set JaCoCo session: org.jacoco.agent.rt.RT
19:21:35 PIT >> INFO : MINION : Failed to dump JaCoCo execution data: org.jacoco.agent.rt.RT
19:21:35 PIT >> INFO : MINION : Failed to set JaCoCo session: org.jacoco.agent.rt.RT
19:21:36 PIT >> INFO : MINION : Failed to dump JaCoCo execution data: org.jacoco.agent.rt.RT
19:21:36 PIT >> INFO : MINION : Failed to set JaCoCo session: org.jacoco.agent.rt.RT
19:21:36 PIT >> INFO : MINION : Failed to dump JaCoCo execution data: org.jacoco.agent.rt.RT
19:21:36 PIT >> INFO : MINION : Failed to set JaCoCo session: org.jacoco.agent.rt.RT
19:21:36 PIT >> INFO : MINION : Failed to dump JaCoCo execution data: org.jacoco.agent.rt.RT
19:21:36 PIT >> INFO : MINION : Failed to set JaCoCo session: org.jacoco.agent.rt.RT
19:21:36 PIT >> INFO : MINION : Failed to dump JaCoCo execution data: org.jacoco.agent.rt.RT
19:21:36 PIT >> INFO : MINION : Failed to set JaCoCo session: org.jacoco.agent.rt.RT
19:21:36 PIT >> INFO : MINION : Failed to dump JaCoCo execution data: org.jacoco.agent.rt.RT
19:21:36 PIT >> INFO : MINION : Failed to set JaCoCo session: org.jacoco.agent.rt.RT
19:21:36 PIT >> INFO : MINION : Failed to dump JaCoCo execution data: org.jacoco.agent.rt.RT
19:21:36 PIT >> INFO : MINION : Failed to set JaCoCo session: org.jacoco.agent.rt.RT
19:21:36 PIT >> INFO : MINION : Failed to dump JaCoCo execution data: org.jacoco.agent.rt.RT
19:21:36 PIT >> INFO : MINION : Failed to set JaCoCo session: org.jacoco.agent.rt.RT
19:21:36 PIT >> INFO : MINION : Failed to dump JaCoCo execution data: org.jacoco.agent.rt.RT
19:21:36 PIT >> INFO : MINION : Failed to set JaCoCo session: org.jacoco.agent.rt.RT
19:21:36 PIT >> INFO : MINION : Failed to dump JaCoCo execution data: org.jacoco.agent.rt.RT
19:21:36 PIT >> INFO : MINION : Failed to set JaCoCo session: org.jacoco.agent.rt.RT
19:21:36 PIT >> INFO : MINION : Failed to dump JaCoCo execution data: org.jacoco.agent.rt.RT
19:21:36 PIT >> INFO : MINION : Failed to set JaCoCo session: org.jacoco.agent.rt.RT
19:21:36 PIT >> INFO : MINION : Failed to dump JaCoCo execution data: org.jacoco.agent.rt.RT
19:21:36 PIT >> INFO : MINION : Failed to set JaCoCo session: org.jacoco.agent.rt.RT
19:21:36 PIT >> INFO : MINION : Failed to dump JaCoCo execution data: org.jacoco.agent.rt.RT
19:21:36 PIT >> INFO : MINION : Failed to set JaCoCo session: org.jacoco.agent.rt.RT
19:21:36 PIT >> INFO : MINION : Failed to dump JaCoCo execution data: org.jacoco.agent.rt.RT
19:21:36 PIT >> INFO : MINION : Failed to set JaCoCo session: org.jacoco.agent.rt.RT
19:21:36 PIT >> INFO : MINION : Failed to dump JaCoCo execution data: org.jacoco.agent.rt.RT
19:21:36 PIT >> INFO : MINION : Failed to set JaCoCo session: org.jacoco.agent.rt.RT
19:21:36 PIT >> INFO : MINION : Failed to dump JaCoCo execution data: org.jacoco.agent.rt.RT
19:21:36 PIT >> INFO : MINION : Failed to set JaCoCo session: org.jacoco.agent.rt.RT
19:21:36 PIT >> INFO : MINION : Failed to dump JaCoCo execution data: org.jacoco.agent.rt.RT
19:21:36 PIT >> INFO : MINION : Failed to set JaCoCo session: org.jacoco.agent.rt.RT
19:21:36 PIT >> INFO : MINION : Failed to dump JaCoCo execution data: org.jacoco.agent.rt.RT
19:21:36 PIT >> INFO : MINION : Failed to set JaCoCo session: org.jacoco.agent.rt.RT
19:21:36 PIT >> INFO : MINION : Failed to dump JaCoCo execution data: org.jacoco.agent.rt.RT
19:21:36 PIT >> INFO : MINION : Failed to set JaCoCo session: org.jacoco.agent.rt.RT
19:21:36 PIT >> INFO : MINION : Failed to dump JaCoCo execution data: org.jacoco.agent.rt.RT
19:21:36 PIT >> INFO : MINION : Failed to set JaCoCo session: org.jacoco.agent.rt.RT
19:21:36 PIT >> INFO : MINION : Failed to dump JaCoCo execution data: org.jacoco.agent.rt.RT
19:21:36 PIT >> INFO : MINION : Failed to set JaCoCo session: org.jacoco.agent.rt.RT
19:21:36 PIT >> INFO : MINION : Failed to dump JaCoCo execution data: org.jacoco.agent.rt.RT
19:21:36 PIT >> INFO : MINION : Failed to set JaCoCo session: org.jacoco.agent.rt.RT
19:21:36 PIT >> INFO : MINION : Failed to dump JaCoCo execution data: org.jacoco.agent.rt.RT
19:21:36 PIT >> INFO : MINION : Failed to set JaCoCo session: org.jacoco.agent.rt.RT
19:21:36 PIT >> INFO : MINION : Failed to dump JaCoCo execution data: org.jacoco.agent.rt.RT
19:21:36 PIT >> INFO : MINION : Failed to set JaCoCo session: org.jacoco.agent.rt.RT
19:21:36 PIT >> INFO : MINION : Failed to dump JaCoCo execution data: org.jacoco.agent.rt.RT
19:21:36 PIT >> INFO : MINION : Failed to set JaCoCo session: org.jacoco.agent.rt.RT
19:21:36 PIT >> INFO : MINION : Failed to dump JaCoCo execution data: org.jacoco.agent.rt.RT
19:21:36 PIT >> INFO : MINION : Failed to set JaCoCo session: org.jacoco.agent.rt.RT
19:21:36 PIT >> INFO : MINION : Failed to dump JaCoCo execution data: org.jacoco.agent.rt.RT
19:21:36 PIT >> INFO : MINION : Failed to set JaCoCo session: org.jacoco.agent.rt.RT
19:21:36 PIT >> INFO : MINION : Failed to dump JaCoCo execution data: org.jacoco.agent.rt.RT
19:21:36 PIT >> INFO : MINION : Failed to set JaCoCo session: org.jacoco.agent.rt.RT
19:21:36 PIT >> INFO : MINION : Failed to dump JaCoCo execution data: org.jacoco.agent.rt.RT
19:21:36 PIT >> INFO : MINION : Failed to set JaCoCo session: org.jacoco.agent.rt.RT
19:21:36 PIT >> INFO : MINION : Failed to dump JaCoCo execution data: org.jacoco.agent.rt.RT
19:21:36 PIT >> INFO : MINION : Failed to set JaCoCo session: org.jacoco.agent.rt.RT
19:21:36 PIT >> INFO : MINION : Failed to dump JaCoCo execution data: org.jacoco.agent.rt.RT
19:21:36 PIT >> INFO : MINION : Failed to set JaCoCo session: org.jacoco.agent.rt.RT
19:21:36 PIT >> INFO : MINION : Failed to dump JaCoCo execution data: org.jacoco.agent.rt.RT
19:21:36 PIT >> INFO : MINION : Failed to set JaCoCo session: org.jacoco.agent.rt.RT
19:21:36 PIT >> INFO : MINION : Failed to dump JaCoCo execution data: org.jacoco.agent.rt.RT
19:21:36 PIT >> INFO : MINION : Failed to set JaCoCo session: org.jacoco.agent.rt.RT
19:21:36 PIT >> INFO : MINION : Failed to dump JaCoCo execution data: org.jacoco.agent.rt.RT
19:21:36 PIT >> INFO : MINION : Failed to set JaCoCo session: org.jacoco.agent.rt.RT
19:21:36 PIT >> INFO : MINION : Failed to dump JaCoCo execution data: org.jacoco.agent.rt.RT
19:21:36 PIT >> INFO : MINION : Failed to set JaCoCo session: org.jacoco.agent.rt.RT
19:21:36 PIT >> INFO : MINION : Failed to dump JaCoCo execution data: org.jacoco.agent.rt.RT
19:21:36 PIT >> INFO : MINION : Failed to set JaCoCo session: org.jacoco.agent.rt.RT
19:21:36 PIT >> INFO : MINION : Failed to dump JaCoCo execution data: org.jacoco.agent.rt.RT
19:21:36 PIT >> INFO : MINION : Failed to set JaCoCo session: org.jacoco.agent.rt.RT
19:21:36 PIT >> INFO : MINION : Failed to dump JaCoCo execution data: org.jacoco.agent.rt.RT
19:21:36 PIT >> INFO : MINION : Failed to set JaCoCo session: org.jacoco.agent.rt.RT
19:21:36 PIT >> INFO : MINION : Failed to dump JaCoCo execution data: org.jacoco.agent.rt.RT
19:21:36 PIT >> INFO : MINION : Failed to set JaCoCo session: org.jacoco.agent.rt.RT
19:21:36 PIT >> INFO : MINION : Failed to dump JaCoCo execution data: org.jacoco.agent.rt.RT
19:21:36 PIT >> INFO : MINION : Failed to set JaCoCo session: org.jacoco.agent.rt.RT
19:21:36 PIT >> INFO : MINION : Failed to dump JaCoCo execution data: org.jacoco.agent.rt.RT
19:21:36 PIT >> INFO : MINION : Failed to set JaCoCo session: org.jacoco.agent.rt.RT
19:21:36 PIT >> INFO : MINION : Failed to dump JaCoCo execution data: org.jacoco.agent.rt.RT
19:21:36 PIT >> INFO : MINION : Failed to set JaCoCo session: org.jacoco.agent.rt.RT
19:21:36 PIT >> INFO : MINION : Failed to dump JaCoCo execution data: org.jacoco.agent.rt.RT
19:21:36 PIT >> INFO : MINION : Failed to set JaCoCo session: org.jacoco.agent.rt.RT
19:21:36 PIT >> INFO : MINION : Failed to dump JaCoCo execution data: org.jacoco.agent.rt.RT
19:21:36 PIT >> INFO : MINION : Failed to set JaCoCo session: org.jacoco.agent.rt.RT
19:21:36 PIT >> INFO : MINION : Failed to dump JaCoCo execution data: org.jacoco.agent.rt.RT
19:21:36 PIT >> INFO : MINION : Failed to set JaCoCo session: org.jacoco.agent.rt.RT
19:21:36 PIT >> INFO : MINION : Failed to dump JaCoCo execution data: org.jacoco.agent.rt.RT
19:21:36 PIT >> INFO : MINION : Failed to set JaCoCo session: org.jacoco.agent.rt.RT
19:21:36 PIT >> INFO : MINION : Failed to dump JaCoCo execution data: org.jacoco.agent.rt.RT
19:21:36 PIT >> INFO : MINION : Failed to set JaCoCo session: org.jacoco.agent.rt.RT
19:21:36 PIT >> INFO : MINION : Failed to dump JaCoCo execution data: org.jacoco.agent.rt.RT
19:21:36 PIT >> INFO : MINION : Failed to set JaCoCo session: org.jacoco.agent.rt.RT
19:21:36 PIT >> INFO : MINION : Failed to dump JaCoCo execution data: org.jacoco.agent.rt.RT
19:21:36 PIT >> INFO : MINION : Failed to set JaCoCo session: org.jacoco.agent.rt.RT
19:21:36 PIT >> INFO : MINION : Failed to dump JaCoCo execution data: org.jacoco.agent.rt.RT
19:21:36 PIT >> INFO : MINION : Failed to set JaCoCo session: org.jacoco.agent.rt.RT
19:21:36 PIT >> INFO : MINION : Failed to dump JaCoCo execution data: org.jacoco.agent.rt.RT
19:21:36 PIT >> INFO : MINION : Failed to set JaCoCo session: org.jacoco.agent.rt.RT
19:21:36 PIT >> INFO : MINION : Failed to dump JaCoCo execution data: org.jacoco.agent.rt.RT
19:21:36 PIT >> INFO : MINION : Failed to set JaCoCo session: org.jacoco.agent.rt.RT
19:21:36 PIT >> INFO : MINION : Failed to dump JaCoCo execution data: org.jacoco.agent.rt.RT
19:21:36 PIT >> INFO : MINION : Failed to set JaCoCo session: org.jacoco.agent.rt.RT
19:21:36 PIT >> INFO : MINION : Failed to dump JaCoCo execution data: org.jacoco.agent.rt.RT
19:21:36 PIT >> INFO : MINION : Failed to set JaCoCo session: org.jacoco.agent.rt.RT
19:21:36 PIT >> INFO : MINION : Failed to dump JaCoCo execution data: org.jacoco.agent.rt.RT
19:21:36 PIT >> INFO : MINION : Failed to set JaCoCo session: org.jacoco.agent.rt.RT
19:21:36 PIT >> INFO : MINION : Failed to dump JaCoCo execution data: org.jacoco.agent.rt.RT
19:21:36 PIT >> INFO : MINION : Failed to set JaCoCo session: org.jacoco.agent.rt.RT
19:21:36 PIT >> INFO : MINION : Failed to dump JaCoCo execution data: org.jacoco.agent.rt.RT
19:21:36 PIT >> INFO : MINION : Failed to set JaCoCo session: org.jacoco.agent.rt.RT
19:21:36 PIT >> INFO : MINION : Failed to dump JaCoCo execution data: org.jacoco.agent.rt.RT
19:21:36 PIT >> INFO : MINION : Failed to set JaCoCo session: org.jacoco.agent.rt.RT
19:21:36 PIT >> INFO : MINION : Failed to dump JaCoCo execution data: org.jacoco.agent.rt.RT
19:21:36 PIT >> INFO : MINION : Failed to set JaCoCo session: org.jacoco.agent.rt.RT
19:21:36 PIT >> INFO : MINION : Failed to dump JaCoCo execution data: org.jacoco.agent.rt.RT
19:21:36 PIT >> INFO : MINION : Failed to set JaCoCo session: org.jacoco.agent.rt.RT
19:21:36 PIT >> INFO : MINION : Failed to dump JaCoCo execution data: org.jacoco.agent.rt.RT
19:21:36 PIT >> INFO : MINION : Failed to set JaCoCo session: org.jacoco.agent.rt.RT
19:21:36 PIT >> INFO : MINION : Failed to dump JaCoCo execution data: org.jacoco.agent.rt.RT
19:21:36 PIT >> INFO : MINION : Failed to set JaCoCo session: org.jacoco.agent.rt.RT
19:21:36 PIT >> INFO : MINION : Failed to dump JaCoCo execution data: org.jacoco.agent.rt.RT
19:21:36 PIT >> INFO : MINION : Failed to set JaCoCo session: org.jacoco.agent.rt.RT
19:21:36 PIT >> INFO : MINION : Failed to dump JaCoCo execution data: org.jacoco.agent.rt.RT
19:21:36 PIT >> INFO : MINION : Failed to set JaCoCo session: org.jacoco.agent.rt.RT
19:21:36 PIT >> INFO : MINION : Failed to dump JaCoCo execution data: org.jacoco.agent.rt.RT
19:21:36 PIT >> INFO : MINION : Failed to set JaCoCo session: org.jacoco.agent.rt.RT
19:21:36 PIT >> INFO : MINION : Failed to dump JaCoCo execution data: org.jacoco.agent.rt.RT
19:21:36 PIT >> INFO : MINION : Failed to set JaCoCo session: org.jacoco.agent.rt.RT
19:21:36 PIT >> INFO : MINION : Failed to dump JaCoCo execution data: org.jacoco.agent.rt.RT
19:21:36 PIT >> INFO : MINION : Failed to set JaCoCo session: org.jacoco.agent.rt.RT
19:21:36 PIT >> INFO : MINION : Failed to dump JaCoCo execution data: org.jacoco.agent.rt.RT
19:21:36 PIT >> INFO : MINION : Failed to set JaCoCo session: org.jacoco.agent.rt.RT
19:21:36 PIT >> INFO : MINION : Failed to dump JaCoCo execution data: org.jacoco.agent.rt.RT
19:21:36 PIT >> INFO : MINION : Failed to set JaCoCo session: org.jacoco.agent.rt.RT
19:21:36 PIT >> INFO : MINION : Failed to dump JaCoCo execution data: org.jacoco.agent.rt.RT
19:21:36 PIT >> INFO : MINION : Failed to set JaCoCo session: org.jacoco.agent.rt.RT
19:21:36 PIT >> INFO : MINION : Failed to dump JaCoCo execution data: org.jacoco.agent.rt.RT
19:21:36 PIT >> INFO : MINION : Failed to set JaCoCo session: org.jacoco.agent.rt.RT
19:21:36 PIT >> INFO : MINION : Failed to dump JaCoCo execution data: org.jacoco.agent.rt.RT
19:21:36 PIT >> INFO : MINION : Failed to set JaCoCo session: org.jacoco.agent.rt.RT
19:21:36 PIT >> INFO : MINION : Failed to dump JaCoCo execution data: org.jacoco.agent.rt.RT
19:21:36 PIT >> INFO : MINION : Failed to set JaCoCo session: org.jacoco.agent.rt.RT
19:21:36 PIT >> INFO : MINION : Failed to dump JaCoCo execution data: org.jacoco.agent.rt.RT
19:21:36 PIT >> INFO : MINION : Failed to set JaCoCo session: org.jacoco.agent.rt.RT
19:21:36 PIT >> INFO : MINION : Failed to dump JaCoCo execution data: org.jacoco.agent.rt.RT
19:21:36 PIT >> INFO : MINION : Failed to set JaCoCo session: org.jacoco.agent.rt.RT
19:21:36 PIT >> INFO : MINION : Failed to dump JaCoCo execution data: org.jacoco.agent.rt.RT
19:21:36 PIT >> INFO : MINION : Failed to set JaCoCo session: org.jacoco.agent.rt.RT
19:21:36 PIT >> INFO : MINION : Failed to dump JaCoCo execution data: org.jacoco.agent.rt.RT
19:21:36 PIT >> INFO : MINION : Failed to set JaCoCo session: org.jacoco.agent.rt.RT
19:21:36 PIT >> INFO : MINION : Failed to dump JaCoCo execution data: org.jacoco.agent.rt.RT
19:21:36 PIT >> INFO : MINION : Failed to set JaCoCo session: org.jacoco.agent.rt.RT
19:21:36 PIT >> INFO : MINION : Failed to dump JaCoCo execution data: org.jacoco.agent.rt.RT
19:21:36 PIT >> INFO : MINION : Failed to set JaCoCo session: org.jacoco.agent.rt.RT
19:21:36 PIT >> INFO : MINION : Failed to dump JaCoCo execution data: org.jacoco.agent.rt.RT
19:21:36 PIT >> INFO : MINION : Failed to set JaCoCo session: org.jacoco.agent.rt.RT
19:21:36 PIT >> INFO : MINION : Failed to dump JaCoCo execution data: org.jacoco.agent.rt.RT
19:21:36 PIT >> INFO : MINION : Failed to set JaCoCo session: org.jacoco.agent.rt.RT
19:21:36 PIT >> INFO : MINION : Failed to dump JaCoCo execution data: org.jacoco.agent.rt.RT
19:21:36 PIT >> INFO : MINION : Failed to set JaCoCo session: org.jacoco.agent.rt.RT
19:21:36 PIT >> INFO : MINION : Failed to dump JaCoCo execution data: org.jacoco.agent.rt.RT
19:21:36 PIT >> INFO : MINION : Failed to set JaCoCo session: org.jacoco.agent.rt.RT
19:21:36 PIT >> INFO : MINION : Failed to dump JaCoCo execution data: org.jacoco.agent.rt.RT
19:21:36 PIT >> INFO : MINION : Failed to set JaCoCo session: org.jacoco.agent.rt.RT
19:21:36 PIT >> INFO : MINION : Failed to dump JaCoCo execution data: org.jacoco.agent.rt.RT
19:21:36 PIT >> INFO : MINION : Failed to set JaCoCo session: org.jacoco.agent.rt.RT
19:21:36 PIT >> INFO : MINION : Failed to dump JaCoCo execution data: org.jacoco.agent.rt.RT
19:21:36 PIT >> INFO : MINION : Failed to set JaCoCo session: org.jacoco.agent.rt.RT
19:21:36 PIT >> INFO : MINION : Failed to dump JaCoCo execution data: org.jacoco.agent.rt.RT
19:21:36 PIT >> INFO : MINION : Failed to set JaCoCo session: org.jacoco.agent.rt.RT
19:21:36 PIT >> INFO : MINION : Failed to dump JaCoCo execution data: org.jacoco.agent.rt.RT
19:21:36 PIT >> INFO : MINION : Failed to set JaCoCo session: org.jacoco.agent.rt.RT
19:21:36 PIT >> INFO : MINION : Failed to dump JaCoCo execution data: org.jacoco.agent.rt.RT
19:21:36 PIT >> INFO : MINION : Failed to set JaCoCo session: org.jacoco.agent.rt.RT
19:21:36 PIT >> INFO : MINION : Failed to dump JaCoCo execution data: org.jacoco.agent.rt.RT
19:21:36 PIT >> INFO : MINION : Failed to set JaCoCo session: org.jacoco.agent.rt.RT
19:21:36 PIT >> INFO : MINION : Failed to dump JaCoCo execution data: org.jacoco.agent.rt.RT
19:21:36 PIT >> INFO : MINION : Failed to set JaCoCo session: org.jacoco.agent.rt.RT
19:21:36 PIT >> INFO : MINION : Failed to dump JaCoCo execution data: org.jacoco.agent.rt.RT
19:21:36 PIT >> INFO : MINION : Failed to set JaCoCo session: org.jacoco.agent.rt.RT
19:21:36 PIT >> INFO : MINION : Failed to dump JaCoCo execution data: org.jacoco.agent.rt.RT
19:21:36 PIT >> INFO : MINION : Failed to set JaCoCo session: org.jacoco.agent.rt.RT
19:21:36 PIT >> INFO : MINION : Failed to dump JaCoCo execution data: org.jacoco.agent.rt.RT
19:21:36 PIT >> INFO : MINION : Failed to set JaCoCo session: org.jacoco.agent.rt.RT
19:21:36 PIT >> INFO : MINION : Failed to dump JaCoCo execution data: org.jacoco.agent.rt.RT
19:21:36 PIT >> INFO : MINION : Failed to set JaCoCo session: org.jacoco.agent.rt.RT
19:21:36 PIT >> INFO : MINION : Failed to dump JaCoCo execution data: org.jacoco.agent.rt.RT
19:21:36 PIT >> INFO : MINION : Failed to set JaCoCo session: org.jacoco.agent.rt.RT
19:21:36 PIT >> INFO : MINION : Failed to dump JaCoCo execution data: org.jacoco.agent.rt.RT
19:21:36 PIT >> INFO : MINION : Failed to set JaCoCo session: org.jacoco.agent.rt.RT
19:21:36 PIT >> INFO : MINION : Failed to dump JaCoCo execution data: org.jacoco.agent.rt.RT
19:21:36 PIT >> INFO : MINION : Failed to set JaCoCo session: org.jacoco.agent.rt.RT
19:21:36 PIT >> INFO : MINION : Failed to dump JaCoCo execution data: org.jacoco.agent.rt.RT
19:21:36 PIT >> INFO : MINION : Failed to set JaCoCo session: org.jacoco.agent.rt.RT
19:21:36 PIT >> INFO : MINION : Failed to dump JaCoCo execution data: org.jacoco.agent.rt.RT
19:21:36 PIT >> INFO : MINION : Failed to set JaCoCo session: org.jacoco.agent.rt.RT
19:21:36 PIT >> INFO : MINION : Failed to dump JaCoCo execution data: org.jacoco.agent.rt.RT
19:21:36 PIT >> INFO : MINION : Failed to set JaCoCo session: org.jacoco.agent.rt.RT
19:21:36 PIT >> INFO : MINION : Failed to dump JaCoCo execution data: org.jacoco.agent.rt.RT
19:21:36 PIT >> INFO : MINION : Failed to set JaCoCo session: org.jacoco.agent.rt.RT
19:21:36 PIT >> INFO : MINION : Failed to dump JaCoCo execution data: org.jacoco.agent.rt.RT
19:21:36 PIT >> INFO : MINION : Failed to set JaCoCo session: org.jacoco.agent.rt.RT
19:21:36 PIT >> INFO : MINION : Failed to dump JaCoCo execution data: org.jacoco.agent.rt.RT
19:21:36 PIT >> INFO : MINION : Failed to set JaCoCo session: org.jacoco.agent.rt.RT
19:21:36 PIT >> INFO : MINION : Failed to dump JaCoCo execution data: org.jacoco.agent.rt.RT
19:21:36 PIT >> INFO : MINION : Failed to set JaCoCo session: org.jacoco.agent.rt.RT
19:21:36 PIT >> INFO : MINION : Failed to dump JaCoCo execution data: org.jacoco.agent.rt.RT
19:21:36 PIT >> INFO : MINION : Failed to set JaCoCo session: org.jacoco.agent.rt.RT
19:21:36 PIT >> INFO : MINION : Failed to dump JaCoCo execution data: org.jacoco.agent.rt.RT
19:21:36 PIT >> INFO : MINION : Failed to set JaCoCo session: org.jacoco.agent.rt.RT
19:21:36 PIT >> INFO : MINION : Failed to dump JaCoCo execution data: org.jacoco.agent.rt.RT
19:21:36 PIT >> INFO : MINION : Failed to set JaCoCo session: org.jacoco.agent.rt.RT
19:21:36 PIT >> INFO : MINION : Failed to dump JaCoCo execution data: org.jacoco.agent.rt.RT
19:21:36 PIT >> INFO : MINION : Failed to set JaCoCo session: org.jacoco.agent.rt.RT
19:21:36 PIT >> INFO : MINION : Failed to dump JaCoCo execution data: org.jacoco.agent.rt.RT
19:21:36 PIT >> INFO : MINION : Failed to set JaCoCo session: org.jacoco.agent.rt.RT
19:21:36 PIT >> INFO : MINION : Failed to dump JaCoCo execution data: org.jacoco.agent.rt.RT
19:21:36 PIT >> INFO : MINION : Failed to set JaCoCo session: org.jacoco.agent.rt.RT
19:21:36 PIT >> INFO : MINION : Failed to dump JaCoCo execution data: org.jacoco.agent.rt.RT
19:21:36 PIT >> INFO : MINION : Failed to set JaCoCo session: org.jacoco.agent.rt.RT
19:21:36 PIT >> INFO : MINION : Failed to dump JaCoCo execution data: org.jacoco.agent.rt.RT
19:21:36 PIT >> INFO : MINION : Failed to set JaCoCo session: org.jacoco.agent.rt.RT
19:21:36 PIT >> INFO : MINION : Failed to dump JaCoCo execution data: org.jacoco.agent.rt.RT
19:21:36 PIT >> INFO : MINION : Failed to set JaCoCo session: org.jacoco.agent.rt.RT
19:21:36 PIT >> INFO : MINION : Failed to dump JaCoCo execution data: org.jacoco.agent.rt.RT
19:21:36 PIT >> INFO : MINION : Failed to set JaCoCo session: org.jacoco.agent.rt.RT
19:21:36 PIT >> INFO : MINION : Failed to dump JaCoCo execution data: org.jacoco.agent.rt.RT
19:21:36 PIT >> INFO : MINION : Failed to set JaCoCo session: org.jacoco.agent.rt.RT
19:21:36 PIT >> INFO : MINION : Failed to dump JaCoCo execution data: org.jacoco.agent.rt.RT
19:21:36 PIT >> INFO : MINION : Failed to set JaCoCo session: org.jacoco.agent.rt.RT
19:21:36 PIT >> INFO : MINION : Failed to dump JaCoCo execution data: org.jacoco.agent.rt.RT
19:21:36 PIT >> INFO : MINION : Failed to set JaCoCo session: org.jacoco.agent.rt.RT
19:21:36 PIT >> INFO : MINION : Failed to dump JaCoCo execution data: org.jacoco.agent.rt.RT
19:21:36 PIT >> INFO : MINION : Failed to set JaCoCo session: org.jacoco.agent.rt.RT
19:21:36 PIT >> INFO : MINION : Failed to dump JaCoCo execution data: org.jacoco.agent.rt.RT
19:21:36 PIT >> INFO : MINION : Failed to set JaCoCo session: org.jacoco.agent.rt.RT
19:21:36 PIT >> INFO : MINION : Failed to dump JaCoCo execution data: org.jacoco.agent.rt.RT
19:21:36 PIT >> INFO : MINION : Failed to set JaCoCo session: org.jacoco.agent.rt.RT
19:21:36 PIT >> INFO : MINION : Failed to dump JaCoCo execution data: org.jacoco.agent.rt.RT
19:21:36 PIT >> INFO : MINION : Failed to set JaCoCo session: org.jacoco.agent.rt.RT
19:21:36 PIT >> INFO : MINION : Failed to dump JaCoCo execution data: org.jacoco.agent.rt.RT
19:21:36 PIT >> INFO : MINION : Failed to set JaCoCo session: org.jacoco.agent.rt.RT
19:21:36 PIT >> INFO : MINION : Failed to dump JaCoCo execution data: org.jacoco.agent.rt.RT
19:21:36 PIT >> INFO : MINION : Failed to set JaCoCo session: org.jacoco.agent.rt.RT
19:21:36 PIT >> INFO : MINION : Failed to dump JaCoCo execution data: org.jacoco.agent.rt.RT
19:21:36 PIT >> INFO : MINION : Failed to set JaCoCo session: org.jacoco.agent.rt.RT
19:21:36 PIT >> INFO : MINION : Failed to dump JaCoCo execution data: org.jacoco.agent.rt.RT
19:21:36 PIT >> INFO : MINION : Failed to set JaCoCo session: org.jacoco.agent.rt.RT
19:21:36 PIT >> INFO : MINION : Failed to dump JaCoCo execution data: org.jacoco.agent.rt.RT
19:21:36 PIT >> INFO : MINION : Failed to set JaCoCo session: org.jacoco.agent.rt.RT
19:21:36 PIT >> INFO : MINION : Failed to dump JaCoCo execution data: org.jacoco.agent.rt.RT
19:21:36 PIT >> INFO : MINION : Failed to set JaCoCo session: org.jacoco.agent.rt.RT
19:21:36 PIT >> INFO : MINION : Failed to dump JaCoCo execution data: org.jacoco.agent.rt.RT
19:21:36 PIT >> INFO : MINION : Failed to set JaCoCo session: org.jacoco.agent.rt.RT
19:21:36 PIT >> INFO : MINION : Failed to dump JaCoCo execution data: org.jacoco.agent.rt.RT
19:21:36 PIT >> INFO : MINION : Failed to set JaCoCo session: org.jacoco.agent.rt.RT
19:21:36 PIT >> INFO : MINION : Failed to dump JaCoCo execution data: org.jacoco.agent.rt.RT
19:21:36 PIT >> INFO : MINION : Failed to set JaCoCo session: org.jacoco.agent.rt.RT
19:21:36 PIT >> INFO : MINION : Failed to dump JaCoCo execution data: org.jacoco.agent.rt.RT
19:21:36 PIT >> INFO : MINION : Failed to set JaCoCo session: org.jacoco.agent.rt.RT
19:21:36 PIT >> INFO : MINION : Failed to dump JaCoCo execution data: org.jacoco.agent.rt.RT
19:21:36 PIT >> INFO : MINION : Failed to set JaCoCo session: org.jacoco.agent.rt.RT
19:21:36 PIT >> INFO : MINION : Failed to dump JaCoCo execution data: org.jacoco.agent.rt.RT
19:21:36 PIT >> INFO : MINION : Failed to set JaCoCo session: org.jacoco.agent.rt.RT
19:21:36 PIT >> INFO : MINION : Failed to dump JaCoCo execution data: org.jacoco.agent.rt.RT
19:21:36 PIT >> INFO : MINION : Failed to set JaCoCo session: org.jacoco.agent.rt.RT
19:21:37 PIT >> INFO : MINION : WARNING: A Java agent has been loaded dynamically (/Users/D061177/.gradle/caches/modules-2/files-2.1/net.bytebuddy/byte-buddy-agent/1.14.15/b4cc9d88d5de562bf75b3a54ab436ad01b3f72d/byte-buddy-agent-1.14.15.jar)
19:21:37 PIT >> INFO : MINION : WARNING: If a serviceability tool is in use, please run with -XX:+EnableDynamicAgentLoading to hide this warning
19:21:37 PIT >> INFO : MINION : WARNING: If a serviceability tool is not in use, please run with -Djdk.instrument.traceUsage for more information
19:21:37 PIT >> INFO : MINION : WARNING: Dynamic loading of agents will be disallowed by default in a future release
19:21:37 PIT >> INFO : MINION : OpenJDK 64-Bit Server VM warning: Sharing is only supported for boot loader classes because bootstrap classpath has been appended
19:21:37 PIT >> INFO : MINION : Failed to dump JaCoCo execution data: org.jacoco.agent.rt.RT
19:21:37 PIT >> INFO : MINION : Failed to set JaCoCo session: org.jacoco.agent.rt.RT
19:21:37 PIT >> INFO : MINION : Failed to dump JaCoCo execution data: org.jacoco.agent.rt.RT
19:21:37 PIT >> INFO : MINION : Failed to set JaCoCo session: org.jacoco.agent.rt.RT
19:21:37 PIT >> INFO : MINION : Failed to dump JaCoCo execution data: org.jacoco.agent.rt.RT
19:21:37 PIT >> INFO : MINION : Failed to set JaCoCo session: org.jacoco.agent.rt.RT
19:21:37 PIT >> INFO : MINION : Failed to dump JaCoCo execution data: org.jacoco.agent.rt.RT
19:21:37 PIT >> INFO : MINION : Failed to set JaCoCo session: org.jacoco.agent.rt.RT
19:21:37 PIT >> INFO : MINION : Failed to dump JaCoCo execution data: org.jacoco.agent.rt.RT
19:21:37 PIT >> INFO : MINION : Failed to set JaCoCo session: org.jacoco.agent.rt.RT
19:21:37 PIT >> INFO : MINION : Failed to dump JaCoCo execution data: org.jacoco.agent.rt.RT
19:21:37 PIT >> INFO : MINION : Failed to set JaCoCo session: org.jacoco.agent.rt.RT
19:21:37 PIT >> INFO : MINION : Failed to dump JaCoCo execution data: org.jacoco.agent.rt.RT
19:21:37 PIT >> INFO : MINION : Failed to set JaCoCo session: org.jacoco.agent.rt.RT
19:21:37 PIT >> INFO : MINION : Failed to dump JaCoCo execution data: org.jacoco.agent.rt.RT
19:21:37 PIT >> INFO : MINION : Failed to set JaCoCo session: org.jacoco.agent.rt.RT
19:21:37 PIT >> INFO : MINION : Failed to dump JaCoCo execution data: org.jacoco.agent.rt.RT
19:21:37 PIT >> INFO : MINION : Failed to set JaCoCo session: org.jacoco.agent.rt.RT
19:21:37 PIT >> INFO : MINION : Failed to dump JaCoCo execution data: org.jacoco.agent.rt.RT
19:21:37 PIT >> INFO : MINION : Failed to set JaCoCo session: org.jacoco.agent.rt.RT
19:21:37 PIT >> INFO : MINION : Failed to dump JaCoCo execution data: org.jacoco.agent.rt.RT
19:21:37 PIT >> INFO : MINION : Failed to set JaCoCo session: org.jacoco.agent.rt.RT
19:21:37 PIT >> INFO : MINION : Failed to dump JaCoCo execution data: org.jacoco.agent.rt.RT
19:21:37 PIT >> INFO : MINION : Failed to set JaCoCo session: org.jacoco.agent.rt.RT
19:21:37 PIT >> INFO : MINION : Failed to dump JaCoCo execution data: org.jacoco.agent.rt.RT
19:21:37 PIT >> INFO : MINION : Failed to set JaCoCo session: org.jacoco.agent.rt.RT
19:21:37 PIT >> INFO : MINION : Failed to dump JaCoCo execution data: org.jacoco.agent.rt.RT
19:21:37 PIT >> INFO : MINION : Failed to set JaCoCo session: org.jacoco.agent.rt.RT
19:21:37 PIT >> INFO : MINION : Failed to dump JaCoCo execution data: org.jacoco.agent.rt.RT
19:21:37 PIT >> INFO : MINION : Failed to set JaCoCo session: org.jacoco.agent.rt.RT
19:21:37 PIT >> INFO : MINION : Failed to dump JaCoCo execution data: org.jacoco.agent.rt.RT
19:21:37 PIT >> INFO : MINION : Failed to set JaCoCo session: org.jacoco.agent.rt.RT
19:21:37 PIT >> INFO : MINION : Failed to dump JaCoCo execution data: org.jacoco.agent.rt.RT
19:21:37 PIT >> INFO : MINION : Failed to set JaCoCo session: org.jacoco.agent.rt.RT
19:21:37 PIT >> INFO : MINION : Failed to dump JaCoCo execution data: org.jacoco.agent.rt.RT
19:21:37 PIT >> INFO : MINION : Failed to set JaCoCo session: org.jacoco.agent.rt.RT
19:21:37 PIT >> INFO : MINION : Failed to dump JaCoCo execution data: org.jacoco.agent.rt.RT
19:21:37 PIT >> INFO : MINION : Failed to set JaCoCo session: org.jacoco.agent.rt.RT
19:21:37 PIT >> INFO : MINION : Failed to dump JaCoCo execution data: org.jacoco.agent.rt.RT
19:21:37 PIT >> INFO : MINION : Failed to set JaCoCo session: org.jacoco.agent.rt.RT
19:21:37 PIT >> INFO : MINION : Failed to dump JaCoCo execution data: org.jacoco.agent.rt.RT
19:21:37 PIT >> INFO : MINION : Failed to set JaCoCo session: org.jacoco.agent.rt.RT
19:21:37 PIT >> INFO : MINION : Failed to dump JaCoCo execution data: org.jacoco.agent.rt.RT
19:21:37 PIT >> INFO : MINION : Failed to set JaCoCo session: org.jacoco.agent.rt.RT
19:21:37 PIT >> INFO : MINION : Failed to dump JaCoCo execution data: org.jacoco.agent.rt.RT
19:21:37 PIT >> INFO : MINION : Failed to set JaCoCo session: org.jacoco.agent.rt.RT
19:21:37 PIT >> INFO : MINION : Failed to dump JaCoCo execution data: org.jacoco.agent.rt.RT
19:21:37 PIT >> INFO : MINION : Failed to set JaCoCo session: org.jacoco.agent.rt.RT
19:21:37 PIT >> INFO : MINION : Failed to dump JaCoCo execution data: org.jacoco.agent.rt.RT
19:21:37 PIT >> INFO : MINION : Failed to set JaCoCo session: org.jacoco.agent.rt.RT
19:21:37 PIT >> INFO : MINION : Failed to dump JaCoCo execution data: org.jacoco.agent.rt.RT
19:21:37 PIT >> INFO : MINION : Failed to set JaCoCo session: org.jacoco.agent.rt.RT
19:21:37 PIT >> INFO : MINION : Failed to dump JaCoCo execution data: org.jacoco.agent.rt.RT
19:21:37 PIT >> INFO : MINION : Failed to set JaCoCo session: org.jacoco.agent.rt.RT
19:21:37 PIT >> INFO : MINION : Failed to dump JaCoCo execution data: org.jacoco.agent.rt.RT
19:21:37 PIT >> INFO : MINION : Failed to set JaCoCo session: org.jacoco.agent.rt.RT
19:21:37 PIT >> INFO : MINION : Failed to dump JaCoCo execution data: org.jacoco.agent.rt.RT
19:21:37 PIT >> INFO : MINION : Failed to set JaCoCo session: org.jacoco.agent.rt.RT
19:21:37 PIT >> INFO : MINION : Failed to dump JaCoCo execution data: org.jacoco.agent.rt.RT
19:21:37 PIT >> INFO : MINION : Failed to set JaCoCo session: org.jacoco.agent.rt.RT
19:21:37 PIT >> INFO : MINION : Failed to dump JaCoCo execution data: org.jacoco.agent.rt.RT
19:21:37 PIT >> INFO : MINION : Failed to set JaCoCo session: org.jacoco.agent.rt.RT
19:21:37 PIT >> INFO : MINION : Failed to dump JaCoCo execution data: org.jacoco.agent.rt.RT
19:21:37 PIT >> INFO : MINION : Failed to set JaCoCo session: org.jacoco.agent.rt.RT
19:21:37 PIT >> INFO : MINION : Failed to dump JaCoCo execution data: org.jacoco.agent.rt.RT
19:21:37 PIT >> INFO : MINION : Failed to set JaCoCo session: org.jacoco.agent.rt.RT
19:21:37 PIT >> INFO : MINION : Failed to dump JaCoCo execution data: org.jacoco.agent.rt.RT
19:21:37 PIT >> INFO : MINION : Failed to set JaCoCo session: org.jacoco.agent.rt.RT
19:21:37 PIT >> INFO : MINION : Failed to dump JaCoCo execution data: org.jacoco.agent.rt.RT
19:21:37 PIT >> INFO : MINION : Failed to set JaCoCo session: org.jacoco.agent.rt.RT
19:21:37 PIT >> INFO : MINION : Failed to dump JaCoCo execution data: org.jacoco.agent.rt.RT
19:21:37 PIT >> INFO : MINION : Failed to set JaCoCo session: org.jacoco.agent.rt.RT
19:21:37 PIT >> INFO : MINION : Failed to dump JaCoCo execution data: org.jacoco.agent.rt.RT
19:21:37 PIT >> INFO : MINION : Failed to set JaCoCo session: org.jacoco.agent.rt.RT
19:21:37 PIT >> INFO : MINION : Failed to dump JaCoCo execution data: org.jacoco.agent.rt.RT
19:21:37 PIT >> INFO : MINION : Failed to set JaCoCo session: org.jacoco.agent.rt.RT
19:21:37 PIT >> INFO : MINION : Failed to dump JaCoCo execution data: org.jacoco.agent.rt.RT
19:21:37 PIT >> INFO : MINION : Failed to set JaCoCo session: org.jacoco.agent.rt.RT
19:21:37 PIT >> INFO : MINION : Failed to dump JaCoCo execution data: org.jacoco.agent.rt.RT
19:21:37 PIT >> INFO : MINION : Failed to set JaCoCo session: org.jacoco.agent.rt.RT
19:21:37 PIT >> INFO : MINION : Failed to dump JaCoCo execution data: org.jacoco.agent.rt.RT
19:21:37 PIT >> INFO : MINION : Failed to set JaCoCo session: org.jacoco.agent.rt.RT
19:21:37 PIT >> INFO : MINION : Failed to dump JaCoCo execution data: org.jacoco.agent.rt.RT
19:21:37 PIT >> INFO : MINION : Failed to set JaCoCo session: org.jacoco.agent.rt.RT
19:21:37 PIT >> INFO : MINION : Failed to dump JaCoCo execution data: org.jacoco.agent.rt.RT
19:21:37 PIT >> INFO : MINION : Failed to set JaCoCo session: org.jacoco.agent.rt.RT
19:21:37 PIT >> INFO : MINION : Failed to dump JaCoCo execution data: org.jacoco.agent.rt.RT
19:21:37 PIT >> INFO : MINION : Failed to set JaCoCo session: org.jacoco.agent.rt.RT
19:21:37 PIT >> INFO : MINION : Failed to dump JaCoCo execution data: org.jacoco.agent.rt.RT
19:21:37 PIT >> INFO : MINION : Failed to set JaCoCo session: org.jacoco.agent.rt.RT
19:21:37 PIT >> INFO : MINION : Failed to dump JaCoCo execution data: org.jacoco.agent.rt.RT
19:21:37 PIT >> INFO : MINION : Failed to set JaCoCo session: org.jacoco.agent.rt.RT
19:21:37 PIT >> INFO : MINION : Failed to dump JaCoCo execution data: org.jacoco.agent.rt.RT
19:21:37 PIT >> INFO : MINION : Failed to set JaCoCo session: org.jacoco.agent.rt.RT
19:21:37 PIT >> INFO : MINION : Failed to dump JaCoCo execution data: org.jacoco.agent.rt.RT
19:21:37 PIT >> INFO : MINION : Failed to set JaCoCo session: org.jacoco.agent.rt.RT
19:21:37 PIT >> INFO : MINION : Failed to dump JaCoCo execution data: org.jacoco.agent.rt.RT
19:21:37 PIT >> INFO : MINION : Failed to set JaCoCo session: org.jacoco.agent.rt.RT
19:21:37 PIT >> INFO : MINION : Failed to dump JaCoCo execution data: org.jacoco.agent.rt.RT
19:21:37 PIT >> INFO : MINION : Failed to set JaCoCo session: org.jacoco.agent.rt.RT
19:21:37 PIT >> INFO : MINION : Failed to dump JaCoCo execution data: org.jacoco.agent.rt.RT
19:21:37 PIT >> INFO : MINION : Failed to set JaCoCo session: org.jacoco.agent.rt.RT
19:21:37 PIT >> INFO : MINION : Failed to dump JaCoCo execution data: org.jacoco.agent.rt.RT
19:21:37 PIT >> INFO : MINION : Failed to set JaCoCo session: org.jacoco.agent.rt.RT
19:21:37 PIT >> INFO : MINION : Failed to dump JaCoCo execution data: org.jacoco.agent.rt.RT
19:21:37 PIT >> INFO : MINION : Failed to set JaCoCo session: org.jacoco.agent.rt.RT
19:21:37 PIT >> INFO : MINION : Failed to dump JaCoCo execution data: org.jacoco.agent.rt.RT
19:21:37 PIT >> INFO : MINION : Failed to set JaCoCo session: org.jacoco.agent.rt.RT
19:21:37 PIT >> INFO : MINION : Failed to dump JaCoCo execution data: org.jacoco.agent.rt.RT
19:21:37 PIT >> INFO : MINION : Failed to set JaCoCo session: org.jacoco.agent.rt.RT
19:21:37 PIT >> INFO : MINION : Failed to dump JaCoCo execution data: org.jacoco.agent.rt.RT
19:21:37 PIT >> INFO : MINION : Failed to set JaCoCo session: org.jacoco.agent.rt.RT
19:21:37 PIT >> INFO : MINION : Failed to dump JaCoCo execution data: org.jacoco.agent.rt.RT
19:21:37 PIT >> INFO : MINION : Failed to set JaCoCo session: org.jacoco.agent.rt.RT
19:21:37 PIT >> INFO : MINION : Failed to dump JaCoCo execution data: org.jacoco.agent.rt.RT
19:21:37 PIT >> INFO : MINION : Failed to set JaCoCo session: org.jacoco.agent.rt.RT
19:21:37 PIT >> INFO : MINION : Failed to dump JaCoCo execution data: org.jacoco.agent.rt.RT
19:21:37 PIT >> INFO : MINION : Failed to set JaCoCo session: org.jacoco.agent.rt.RT
19:21:37 PIT >> INFO : MINION : Failed to dump JaCoCo execution data: org.jacoco.agent.rt.RT
19:21:37 PIT >> INFO : MINION : Failed to set JaCoCo session: org.jacoco.agent.rt.RT
19:21:37 PIT >> INFO : MINION : Failed to dump JaCoCo execution data: org.jacoco.agent.rt.RT
19:21:37 PIT >> INFO : MINION : Failed to set JaCoCo session: org.jacoco.agent.rt.RT
19:21:37 PIT >> INFO : MINION : Failed to dump JaCoCo execution data: org.jacoco.agent.rt.RT
19:21:37 PIT >> INFO : MINION : Failed to set JaCoCo session: org.jacoco.agent.rt.RT
19:21:37 PIT >> INFO : MINION : Failed to dump JaCoCo execution data: org.jacoco.agent.rt.RT
19:21:37 PIT >> INFO : MINION : Failed to set JaCoCo session: org.jacoco.agent.rt.RT
19:21:37 PIT >> INFO : MINION : Failed to dump JaCoCo execution data: org.jacoco.agent.rt.RT
19:21:37 PIT >> INFO : MINION : Failed to set JaCoCo session: org.jacoco.agent.rt.RT
19:21:37 PIT >> INFO : MINION : Failed to dump JaCoCo execution data: org.jacoco.agent.rt.RT
19:21:37 PIT >> INFO : MINION : Failed to set JaCoCo session: org.jacoco.agent.rt.RT
19:21:37 PIT >> INFO : MINION : Failed to dump JaCoCo execution data: org.jacoco.agent.rt.RT
19:21:37 PIT >> INFO : MINION : Failed to set JaCoCo session: org.jacoco.agent.rt.RT
19:21:37 PIT >> INFO : MINION : Failed to dump JaCoCo execution data: org.jacoco.agent.rt.RT
19:21:37 PIT >> INFO : MINION : Failed to set JaCoCo session: org.jacoco.agent.rt.RT
19:21:37 PIT >> INFO : MINION : Failed to dump JaCoCo execution data: org.jacoco.agent.rt.RT
19:21:37 PIT >> INFO : MINION : Failed to set JaCoCo session: org.jacoco.agent.rt.RT
19:21:37 PIT >> INFO : MINION : Failed to dump JaCoCo execution data: org.jacoco.agent.rt.RT
19:21:37 PIT >> INFO : MINION : Failed to set JaCoCo session: org.jacoco.agent.rt.RT
19:21:37 PIT >> INFO : MINION : Failed to dump JaCoCo execution data: org.jacoco.agent.rt.RT
19:21:37 PIT >> INFO : MINION : Failed to set JaCoCo session: org.jacoco.agent.rt.RT
19:21:37 PIT >> INFO : MINION : Failed to dump JaCoCo execution data: org.jacoco.agent.rt.RT
19:21:37 PIT >> INFO : MINION : Failed to set JaCoCo session: org.jacoco.agent.rt.RT
19:21:37 PIT >> INFO : MINION : Failed to dump JaCoCo execution data: org.jacoco.agent.rt.RT
19:21:37 PIT >> INFO : MINION : Failed to set JaCoCo session: org.jacoco.agent.rt.RT
19:21:37 PIT >> INFO : MINION : Failed to dump JaCoCo execution data: org.jacoco.agent.rt.RT
19:21:37 PIT >> INFO : MINION : Failed to set JaCoCo session: org.jacoco.agent.rt.RT
19:21:37 PIT >> INFO : MINION : Failed to dump JaCoCo execution data: org.jacoco.agent.rt.RT
19:21:37 PIT >> INFO : MINION : Failed to set JaCoCo session: org.jacoco.agent.rt.RT
19:21:37 PIT >> INFO : MINION : Failed to dump JaCoCo execution data: org.jacoco.agent.rt.RT
19:21:37 PIT >> INFO : MINION : Failed to set JaCoCo session: org.jacoco.agent.rt.RT
19:21:37 PIT >> INFO : MINION : Failed to dump JaCoCo execution data: org.jacoco.agent.rt.RT
19:21:37 PIT >> INFO : MINION : Failed to set JaCoCo session: org.jacoco.agent.rt.RT
19:21:37 PIT >> INFO : MINION : Failed to dump JaCoCo execution data: org.jacoco.agent.rt.RT
19:21:37 PIT >> INFO : MINION : Failed to set JaCoCo session: org.jacoco.agent.rt.RT
19:21:37 PIT >> INFO : MINION : Failed to dump JaCoCo execution data: org.jacoco.agent.rt.RT
19:21:37 PIT >> INFO : MINION : Failed to set JaCoCo session: org.jacoco.agent.rt.RT
19:21:37 PIT >> INFO : MINION : Failed to dump JaCoCo execution data: org.jacoco.agent.rt.RT
19:21:37 PIT >> INFO : MINION : Failed to set JaCoCo session: org.jacoco.agent.rt.RT
19:21:37 PIT >> INFO : MINION : Failed to dump JaCoCo execution data: org.jacoco.agent.rt.RT
19:21:37 PIT >> INFO : MINION : Failed to set JaCoCo session: org.jacoco.agent.rt.RT
19:21:37 PIT >> INFO : MINION : Failed to dump JaCoCo execution data: org.jacoco.agent.rt.RT
19:21:37 PIT >> INFO : MINION : Failed to set JaCoCo session: org.jacoco.agent.rt.RT
19:21:37 PIT >> INFO : MINION : Failed to dump JaCoCo execution data: org.jacoco.agent.rt.RT
19:21:37 PIT >> INFO : MINION : Failed to set JaCoCo session: org.jacoco.agent.rt.RT
19:21:37 PIT >> INFO : MINION : Failed to dump JaCoCo execution data: org.jacoco.agent.rt.RT
19:21:37 PIT >> INFO : MINION : Failed to set JaCoCo session: org.jacoco.agent.rt.RT
19:21:37 PIT >> INFO : MINION : Failed to dump JaCoCo execution data: org.jacoco.agent.rt.RT
19:21:37 PIT >> INFO : MINION : Failed to set JaCoCo session: org.jacoco.agent.rt.RT
19:21:37 PIT >> INFO : MINION : Failed to dump JaCoCo execution data: org.jacoco.agent.rt.RT
19:21:37 PIT >> INFO : MINION : Failed to set JaCoCo session: org.jacoco.agent.rt.RT
19:21:37 PIT >> INFO : MINION : Failed to dump JaCoCo execution data: org.jacoco.agent.rt.RT
19:21:37 PIT >> INFO : MINION : Failed to set JaCoCo session: org.jacoco.agent.rt.RT
19:21:37 PIT >> INFO : MINION : Failed to dump JaCoCo execution data: org.jacoco.agent.rt.RT
19:21:37 PIT >> INFO : MINION : Failed to set JaCoCo session: org.jacoco.agent.rt.RT
19:21:37 PIT >> INFO : MINION : Failed to dump JaCoCo execution data: org.jacoco.agent.rt.RT
19:21:37 PIT >> INFO : MINION : Failed to set JaCoCo session: org.jacoco.agent.rt.RT
19:21:37 PIT >> INFO : MINION : Failed to dump JaCoCo execution data: org.jacoco.agent.rt.RT
19:21:37 PIT >> INFO : MINION : Failed to set JaCoCo session: org.jacoco.agent.rt.RT
19:21:37 PIT >> INFO : MINION : Failed to dump JaCoCo execution data: org.jacoco.agent.rt.RT
19:21:37 PIT >> INFO : MINION : Failed to set JaCoCo session: org.jacoco.agent.rt.RT
19:21:37 PIT >> INFO : MINION : Failed to dump JaCoCo execution data: org.jacoco.agent.rt.RT
19:21:37 PIT >> INFO : MINION : Failed to set JaCoCo session: org.jacoco.agent.rt.RT
19:21:37 PIT >> INFO : MINION : Failed to dump JaCoCo execution data: org.jacoco.agent.rt.RT
19:21:37 PIT >> INFO : MINION : Failed to set JaCoCo session: org.jacoco.agent.rt.RT
19:21:37 PIT >> INFO : MINION : Failed to dump JaCoCo execution data: org.jacoco.agent.rt.RT
19:21:37 PIT >> INFO : MINION : Failed to set JaCoCo session: org.jacoco.agent.rt.RT
19:21:37 PIT >> INFO : MINION : Failed to dump JaCoCo execution data: org.jacoco.agent.rt.RT
19:21:37 PIT >> INFO : MINION : Failed to set JaCoCo session: org.jacoco.agent.rt.RT
19:21:37 PIT >> INFO : MINION : Failed to dump JaCoCo execution data: org.jacoco.agent.rt.RT
19:21:37 PIT >> INFO : MINION : Failed to set JaCoCo session: org.jacoco.agent.rt.RT
19:21:37 PIT >> INFO : MINION : Failed to dump JaCoCo execution data: org.jacoco.agent.rt.RT
19:21:37 PIT >> INFO : MINION : Failed to set JaCoCo session: org.jacoco.agent.rt.RT
19:21:37 PIT >> INFO : MINION : Failed to dump JaCoCo execution data: org.jacoco.agent.rt.RT
19:21:37 PIT >> INFO : MINION : Failed to set JaCoCo session: org.jacoco.agent.rt.RT
19:21:37 PIT >> INFO : MINION : Failed to dump JaCoCo execution data: org.jacoco.agent.rt.RT
19:21:37 PIT >> INFO : MINION : Failed to set JaCoCo session: org.jacoco.agent.rt.RT
19:21:37 PIT >> INFO : MINION : Failed to dump JaCoCo execution data: org.jacoco.agent.rt.RT
19:21:37 PIT >> INFO : MINION : Failed to set JaCoCo session: org.jacoco.agent.rt.RT
19:21:37 PIT >> INFO : MINION : Failed to dump JaCoCo execution data: org.jacoco.agent.rt.RT
19:21:37 PIT >> INFO : MINION : Failed to set JaCoCo session: org.jacoco.agent.rt.RT
19:21:37 PIT >> INFO : MINION : Failed to dump JaCoCo execution data: org.jacoco.agent.rt.RT
19:21:37 PIT >> INFO : MINION : Failed to set JaCoCo session: org.jacoco.agent.rt.RT
19:21:37 PIT >> INFO : MINION : Failed to dump JaCoCo execution data: org.jacoco.agent.rt.RT
19:21:37 PIT >> INFO : MINION : Failed to set JaCoCo session: org.jacoco.agent.rt.RT
19:21:37 PIT >> INFO : MINION : Failed to dump JaCoCo execution data: org.jacoco.agent.rt.RT
19:21:37 PIT >> INFO : MINION : Failed to set JaCoCo session: org.jacoco.agent.rt.RT
19:21:37 PIT >> INFO : MINION : Failed to dump JaCoCo execution data: org.jacoco.agent.rt.RT
19:21:37 PIT >> INFO : MINION : Failed to set JaCoCo session: org.jacoco.agent.rt.RT
19:21:37 PIT >> INFO : MINION : Failed to dump JaCoCo execution data: org.jacoco.agent.rt.RT
19:21:37 PIT >> INFO : MINION : Failed to set JaCoCo session: org.jacoco.agent.rt.RT
19:21:37 PIT >> INFO : MINION : Failed to dump JaCoCo execution data: org.jacoco.agent.rt.RT
19:21:37 PIT >> INFO : MINION : Failed to set JaCoCo session: org.jacoco.agent.rt.RT
19:21:37 PIT >> INFO : MINION : Failed to dump JaCoCo execution data: org.jacoco.agent.rt.RT
19:21:37 PIT >> INFO : MINION : Failed to set JaCoCo session: org.jacoco.agent.rt.RT
19:21:37 PIT >> INFO : MINION : Failed to dump JaCoCo execution data: org.jacoco.agent.rt.RT
19:21:37 PIT >> INFO : MINION : Failed to set JaCoCo session: org.jacoco.agent.rt.RT
19:21:37 PIT >> INFO : MINION : Failed to dump JaCoCo execution data: org.jacoco.agent.rt.RT
19:21:37 PIT >> INFO : MINION : Failed to set JaCoCo session: org.jacoco.agent.rt.RT
19:21:37 PIT >> INFO : MINION : Failed to dump JaCoCo execution data: org.jacoco.agent.rt.RT
19:21:37 PIT >> INFO : MINION : Failed to set JaCoCo session: org.jacoco.agent.rt.RT
19:21:37 PIT >> INFO : MINION : Failed to dump JaCoCo execution data: org.jacoco.agent.rt.RT
19:21:37 PIT >> INFO : MINION : Failed to set JaCoCo session: org.jacoco.agent.rt.RT
19:21:37 PIT >> INFO : MINION : Failed to dump JaCoCo execution data: org.jacoco.agent.rt.RT
19:21:37 PIT >> INFO : MINION : Failed to set JaCoCo session: org.jacoco.agent.rt.RT
19:21:37 PIT >> INFO : MINION : Failed to dump JaCoCo execution data: org.jacoco.agent.rt.RT
19:21:37 PIT >> INFO : MINION : Failed to set JaCoCo session: org.jacoco.agent.rt.RT
19:21:37 PIT >> INFO : MINION : Failed to dump JaCoCo execution data: org.jacoco.agent.rt.RT
19:21:37 PIT >> INFO : MINION : Failed to set JaCoCo session: org.jacoco.agent.rt.RT
19:21:37 PIT >> INFO : MINION : Failed to dump JaCoCo execution data: org.jacoco.agent.rt.RT
19:21:37 PIT >> INFO : MINION : Failed to set JaCoCo session: org.jacoco.agent.rt.RT
19:21:37 PIT >> INFO : MINION : Failed to dump JaCoCo execution data: org.jacoco.agent.rt.RT
19:21:37 PIT >> INFO : MINION : Failed to set JaCoCo session: org.jacoco.agent.rt.RT
19:21:38 PIT >> INFO : MINION : Failed to dump JaCoCo execution data: org.jacoco.agent.rt.RT
19:21:38 PIT >> INFO : MINION : Failed to set JaCoCo session: org.jacoco.agent.rt.RT
19:21:38 PIT >> INFO : MINION : Failed to dump JaCoCo execution data: org.jacoco.agent.rt.RT
19:21:38 PIT >> INFO : MINION : Failed to set JaCoCo session: org.jacoco.agent.rt.RT
19:21:38 PIT >> INFO : MINION : Failed to dump JaCoCo execution data: org.jacoco.agent.rt.RT
19:21:38 PIT >> INFO : MINION : Failed to set JaCoCo session: org.jacoco.agent.rt.RT
19:21:38 PIT >> INFO : MINION : Failed to dump JaCoCo execution data: org.jacoco.agent.rt.RT
19:21:38 PIT >> INFO : MINION : Failed to set JaCoCo session: org.jacoco.agent.rt.RT
19:21:38 PIT >> INFO : MINION : Failed to dump JaCoCo execution data: org.jacoco.agent.rt.RT
19:21:38 PIT >> INFO : MINION : Failed to set JaCoCo session: org.jacoco.agent.rt.RT
19:21:38 PIT >> INFO : MINION : Failed to dump JaCoCo execution data: org.jacoco.agent.rt.RT
19:21:38 PIT >> INFO : MINION : Failed to set JaCoCo session: org.jacoco.agent.rt.RT
19:21:38 PIT >> INFO : MINION : Failed to dump JaCoCo execution data: org.jacoco.agent.rt.RT
19:21:38 PIT >> INFO : MINION : Failed to set JaCoCo session: org.jacoco.agent.rt.RT
19:21:38 PIT >> INFO : MINION : Failed to dump JaCoCo execution data: org.jacoco.agent.rt.RT
19:21:38 PIT >> INFO : MINION : Failed to set JaCoCo session: org.jacoco.agent.rt.RT
19:21:38 PIT >> INFO : MINION : Failed to dump JaCoCo execution data: org.jacoco.agent.rt.RT
19:21:38 PIT >> INFO : MINION : Failed to set JaCoCo session: org.jacoco.agent.rt.RT
19:21:38 PIT >> INFO : MINION : Failed to dump JaCoCo execution data: org.jacoco.agent.rt.RT
19:21:38 PIT >> INFO : MINION : Failed to set JaCoCo session: org.jacoco.agent.rt.RT
19:21:38 PIT >> INFO : MINION : Failed to dump JaCoCo execution data: org.jacoco.agent.rt.RT
19:21:38 PIT >> INFO : MINION : Failed to set JaCoCo session: org.jacoco.agent.rt.RT
19:21:38 PIT >> INFO : MINION : Failed to dump JaCoCo execution data: org.jacoco.agent.rt.RT
19:21:38 PIT >> INFO : MINION : Failed to set JaCoCo session: org.jacoco.agent.rt.RT
19:21:38 PIT >> INFO : MINION : Failed to dump JaCoCo execution data: org.jacoco.agent.rt.RT
19:21:38 PIT >> INFO : MINION : Failed to set JaCoCo session: org.jacoco.agent.rt.RT
19:21:38 PIT >> INFO : MINION : Failed to dump JaCoCo execution data: org.jacoco.agent.rt.RT
19:21:38 PIT >> INFO : MINION : Failed to set JaCoCo session: org.jacoco.agent.rt.RT
19:21:38 PIT >> INFO : MINION : Failed to dump JaCoCo execution data: org.jacoco.agent.rt.RT
19:21:38 PIT >> INFO : MINION : Failed to set JaCoCo session: org.jacoco.agent.rt.RT
19:21:38 PIT >> INFO : MINION : Failed to dump JaCoCo execution data: org.jacoco.agent.rt.RT
19:21:38 PIT >> INFO : MINION : Failed to set JaCoCo session: org.jacoco.agent.rt.RT
19:21:38 PIT >> INFO : MINION : Failed to dump JaCoCo execution data: org.jacoco.agent.rt.RT
19:21:38 PIT >> INFO : MINION : Failed to set JaCoCo session: org.jacoco.agent.rt.RT
19:21:38 PIT >> INFO : MINION : Failed to dump JaCoCo execution data: org.jacoco.agent.rt.RT
19:21:38 PIT >> INFO : MINION : Failed to set JaCoCo session: org.jacoco.agent.rt.RT
19:21:38 PIT >> INFO : MINION : Failed to dump JaCoCo execution data: org.jacoco.agent.rt.RT
19:21:38 PIT >> INFO : MINION : Failed to set JaCoCo session: org.jacoco.agent.rt.RT
19:21:38 PIT >> INFO : MINION : Failed to dump JaCoCo execution data: org.jacoco.agent.rt.RT
19:21:38 PIT >> INFO : MINION : Failed to set JaCoCo session: org.jacoco.agent.rt.RT
19:21:38 PIT >> INFO : MINION : Failed to dump JaCoCo execution data: org.jacoco.agent.rt.RT
19:21:38 PIT >> INFO : MINION : Failed to set JaCoCo session: org.jacoco.agent.rt.RT
19:21:38 PIT >> INFO : MINION : Failed to dump JaCoCo execution data: org.jacoco.agent.rt.RT
19:21:38 PIT >> INFO : MINION : Failed to set JaCoCo session: org.jacoco.agent.rt.RT
19:21:38 PIT >> INFO : MINION : Failed to dump JaCoCo execution data: org.jacoco.agent.rt.RT
19:21:38 PIT >> INFO : MINION : Failed to set JaCoCo session: org.jacoco.agent.rt.RT
19:21:38 PIT >> INFO : MINION : Failed to dump JaCoCo execution data: org.jacoco.agent.rt.RT
19:21:38 PIT >> INFO : MINION : Failed to set JaCoCo session: org.jacoco.agent.rt.RT
19:21:38 PIT >> INFO : MINION : Failed to dump JaCoCo execution data: org.jacoco.agent.rt.RT
19:21:38 PIT >> INFO : MINION : Failed to set JaCoCo session: org.jacoco.agent.rt.RT
19:21:38 PIT >> INFO : MINION : Failed to dump JaCoCo execution data: org.jacoco.agent.rt.RT
19:21:38 PIT >> INFO : MINION : Failed to set JaCoCo session: org.jacoco.agent.rt.RT
19:21:38 PIT >> INFO : MINION : Failed to dump JaCoCo execution data: org.jacoco.agent.rt.RT
19:21:38 PIT >> INFO : MINION : Failed to set JaCoCo session: org.jacoco.agent.rt.RT
19:21:38 PIT >> INFO : MINION : Failed to dump JaCoCo execution data: org.jacoco.agent.rt.RT
19:21:38 PIT >> INFO : MINION : Failed to set JaCoCo session: org.jacoco.agent.rt.RT
19:21:38 PIT >> INFO : MINION : Failed to dump JaCoCo execution data: org.jacoco.agent.rt.RT
19:21:38 PIT >> INFO : MINION : Failed to set JaCoCo session: org.jacoco.agent.rt.RT
19:21:38 PIT >> INFO : MINION : Failed to dump JaCoCo execution data: org.jacoco.agent.rt.RT
19:21:38 PIT >> INFO : MINION : Failed to set JaCoCo session: org.jacoco.agent.rt.RT
19:21:38 PIT >> INFO : MINION : Failed to dump JaCoCo execution data: org.jacoco.agent.rt.RT
19:21:38 PIT >> INFO : MINION : Failed to set JaCoCo session: org.jacoco.agent.rt.RT
19:21:38 PIT >> INFO : MINION : Failed to dump JaCoCo execution data: org.jacoco.agent.rt.RT
19:21:38 PIT >> INFO : MINION : Failed to set JaCoCo session: org.jacoco.agent.rt.RT
19:21:38 PIT >> INFO : MINION : Failed to dump JaCoCo execution data: org.jacoco.agent.rt.RT
19:21:38 PIT >> INFO : MINION : Failed to set JaCoCo session: org.jacoco.agent.rt.RT
19:21:38 PIT >> INFO : MINION : Failed to dump JaCoCo execution data: org.jacoco.agent.rt.RT
19:21:38 PIT >> INFO : MINION : Failed to set JaCoCo session: org.jacoco.agent.rt.RT
19:21:38 PIT >> INFO : MINION : Failed to dump JaCoCo execution data: org.jacoco.agent.rt.RT
19:21:38 PIT >> INFO : MINION : Failed to set JaCoCo session: org.jacoco.agent.rt.RT
19:21:38 PIT >> INFO : MINION : Failed to dump JaCoCo execution data: org.jacoco.agent.rt.RT
19:21:38 PIT >> INFO : MINION : Failed to set JaCoCo session: org.jacoco.agent.rt.RT
19:21:38 PIT >> INFO : MINION : Failed to dump JaCoCo execution data: org.jacoco.agent.rt.RT
19:21:38 PIT >> INFO : MINION : Failed to set JaCoCo session: org.jacoco.agent.rt.RT
19:21:38 PIT >> INFO : MINION : Failed to dump JaCoCo execution data: org.jacoco.agent.rt.RT
19:21:38 PIT >> INFO : MINION : Failed to set JaCoCo session: org.jacoco.agent.rt.RT
19:21:38 PIT >> INFO : MINION : Failed to dump JaCoCo execution data: org.jacoco.agent.rt.RT
19:21:38 PIT >> INFO : MINION : Failed to set JaCoCo session: org.jacoco.agent.rt.RT
19:21:38 PIT >> INFO : MINION : Failed to dump JaCoCo execution data: org.jacoco.agent.rt.RT
19:21:38 PIT >> INFO : MINION : Failed to set JaCoCo session: org.jacoco.agent.rt.RT
19:21:38 PIT >> INFO : MINION : Failed to dump JaCoCo execution data: org.jacoco.agent.rt.RT
19:21:38 PIT >> INFO : MINION : Failed to set JaCoCo session: org.jacoco.agent.rt.RT
19:21:38 PIT >> INFO : MINION : Failed to dump JaCoCo execution data: org.jacoco.agent.rt.RT
19:21:38 PIT >> INFO : MINION : Failed to set JaCoCo session: org.jacoco.agent.rt.RT
19:21:38 PIT >> INFO : MINION : Failed to dump JaCoCo execution data: org.jacoco.agent.rt.RT
19:21:38 PIT >> INFO : MINION : Failed to set JaCoCo session: org.jacoco.agent.rt.RT
19:21:38 PIT >> INFO : MINION : Failed to dump JaCoCo execution data: org.jacoco.agent.rt.RT
19:21:38 PIT >> INFO : MINION : Failed to set JaCoCo session: org.jacoco.agent.rt.RT
19:21:38 PIT >> INFO : MINION : Failed to dump JaCoCo execution data: org.jacoco.agent.rt.RT
19:21:38 PIT >> INFO : MINION : Failed to set JaCoCo session: org.jacoco.agent.rt.RT
19:21:38 PIT >> INFO : MINION : Failed to dump JaCoCo execution data: org.jacoco.agent.rt.RT
19:21:38 PIT >> INFO : MINION : Failed to set JaCoCo session: org.jacoco.agent.rt.RT
19:21:38 PIT >> INFO : MINION : Failed to dump JaCoCo execution data: org.jacoco.agent.rt.RT
19:21:38 PIT >> INFO : MINION : Failed to set JaCoCo session: org.jacoco.agent.rt.RT
19:21:38 PIT >> INFO : MINION : Failed to dump JaCoCo execution data: org.jacoco.agent.rt.RT
19:21:38 PIT >> INFO : MINION : Failed to set JaCoCo session: org.jacoco.agent.rt.RT
19:21:38 PIT >> INFO : MINION : Failed to dump JaCoCo execution data: org.jacoco.agent.rt.RT
19:21:38 PIT >> INFO : MINION : Failed to set JaCoCo session: org.jacoco.agent.rt.RT
19:21:38 PIT >> INFO : MINION : Failed to dump JaCoCo execution data: org.jacoco.agent.rt.RT
19:21:38 PIT >> INFO : MINION : Failed to set JaCoCo session: org.jacoco.agent.rt.RT
19:21:38 PIT >> INFO : MINION : Failed to dump JaCoCo execution data: org.jacoco.agent.rt.RT
19:21:38 PIT >> INFO : MINION : Failed to set JaCoCo session: org.jacoco.agent.rt.RT
19:21:38 PIT >> INFO : MINION : Failed to dump JaCoCo execution data: org.jacoco.agent.rt.RT
19:21:38 PIT >> INFO : MINION : Failed to set JaCoCo session: org.jacoco.agent.rt.RT
19:21:38 PIT >> INFO : MINION : Failed to dump JaCoCo execution data: org.jacoco.agent.rt.RT
19:21:38 PIT >> INFO : MINION : Failed to set JaCoCo session: org.jacoco.agent.rt.RT
19:21:38 PIT >> INFO : MINION : Failed to dump JaCoCo execution data: org.jacoco.agent.rt.RT
19:21:38 PIT >> INFO : MINION : Failed to set JaCoCo session: org.jacoco.agent.rt.RT
19:21:38 PIT >> INFO : MINION : Failed to dump JaCoCo execution data: org.jacoco.agent.rt.RT
19:21:38 PIT >> INFO : MINION : Failed to set JaCoCo session: org.jacoco.agent.rt.RT
19:21:38 PIT >> INFO : MINION : Failed to dump JaCoCo execution data: org.jacoco.agent.rt.RT
19:21:38 PIT >> INFO : MINION : Failed to set JaCoCo session: org.jacoco.agent.rt.RT
19:21:38 PIT >> INFO : MINION : Failed to dump JaCoCo execution data: org.jacoco.agent.rt.RT
19:21:38 PIT >> INFO : MINION : Failed to set JaCoCo session: org.jacoco.agent.rt.RT
19:21:38 PIT >> INFO : MINION : Failed to dump JaCoCo execution data: org.jacoco.agent.rt.RT
19:21:38 PIT >> INFO : MINION : Failed to set JaCoCo session: org.jacoco.agent.rt.RT
19:21:38 PIT >> INFO : MINION : Failed to dump JaCoCo execution data: org.jacoco.agent.rt.RT
19:21:38 PIT >> INFO : MINION : Failed to set JaCoCo session: org.jacoco.agent.rt.RT
19:21:38 PIT >> INFO : MINION : Failed to dump JaCoCo execution data: org.jacoco.agent.rt.RT
19:21:38 PIT >> SEVERE : Description [testClass=org.springframework.core.SimpleAliasRegistryTests, name=[engine:junit-jupiter]/[class:org.springframework.core.SimpleAliasRegistryTests]/[method:resolveAliasesWithPlaceholderReplacement()]] did not pass without mutation.
19:21:38 PIT >> SEVERE : Description [testClass=org.springframework.core.SimpleAliasRegistryTests, name=[engine:junit-jupiter]/[class:org.springframework.core.SimpleAliasRegistryTests]/[method:resolveAliasesWithPlaceholderReplacementConflict()]] did not pass without mutation.
19:21:38 PIT >> SEVERE : Description [testClass=org.springframework.core.SimpleAliasRegistryTests, name=[engine:junit-jupiter]/[class:org.springframework.core.SimpleAliasRegistryTests]/[method:resolveAliasesWithComplexPlaceholderReplacementAndNameSwitching()]] did not pass without mutation.
19:21:38 PIT >> SEVERE : Description [testClass=org.springframework.core.SimpleAliasRegistryTests, name=[engine:junit-jupiter]/[class:org.springframework.core.SimpleAliasRegistryTests]/[method:resolveAliasesPreconditions()]] did not pass without mutation.
19:21:38 PIT >> SEVERE : Description [testClass=org.springframework.core.SimpleAliasRegistryTests, name=[engine:junit-jupiter]/[class:org.springframework.core.SimpleAliasRegistryTests]/[method:checkForAliasCircle()]] did not pass without mutation.
19:21:38 PIT >> SEVERE : Description [testClass=org.springframework.core.SimpleAliasRegistryTests, name=[engine:junit-jupiter]/[class:org.springframework.core.SimpleAliasRegistryTests]/[method:removeAlias()]] did not pass without mutation.
19:21:38 PIT >> SEVERE : Description [testClass=org.springframework.core.SimpleAliasRegistryTests, name=[engine:junit-jupiter]/[class:org.springframework.core.SimpleAliasRegistryTests]/[method:getAliases()]] did not pass without mutation.
19:21:38 PIT >> SEVERE : Description [testClass=org.springframework.core.SimpleAliasRegistryTests, name=[engine:junit-jupiter]/[class:org.springframework.core.SimpleAliasRegistryTests]/[method:aliasChainingWithMultipleAliases()]] did not pass without mutation.
19:21:38 PIT >> SEVERE : Description [testClass=org.springframework.core.SimpleAliasRegistryTests, name=[engine:junit-jupiter]/[class:org.springframework.core.SimpleAliasRegistryTests]/[method:aliasChaining()]] did not pass without mutation.
19:21:38 PIT >> SEVERE : Description [testClass=org.springframework.core.SimpleAliasRegistryTests, name=[engine:junit-jupiter]/[class:org.springframework.core.SimpleAliasRegistryTests]/[method:resolveAliasesWithComplexPlaceholderReplacement()]] did not pass without mutation.
19:21:38 PIT >> INFO : MINION : Failed to set JaCoCo session: org.jacoco.agent.rt.RT
19:21:38 PIT >> SEVERE : Description [testClass=org.springframework.core.SimpleAliasRegistryTests, name=[engine:junit-jupiter]/[class:org.springframework.core.SimpleAliasRegistryTests]/[method:resolveAliasesWithoutPlaceholderReplacement()]] did not pass without mutation.
19:21:38 PIT >> SEVERE : Description [testClass=org.springframework.core.SimpleAliasRegistryTests, name=[engine:junit-jupiter]/[class:org.springframework.core.SimpleAliasRegistryTests]/[method:isAlias()]] did not pass without mutation.
19:21:38 PIT >> SEVERE : Description [testClass=org.springframework.core.annotation.AnnotatedElementUtilsTests, name=[engine:junit-jupiter]/[class:org.springframework.core.annotation.AnnotatedElementUtilsTests]/[method:getAllAnnotationAttributesOnClassWithLocalAnnotation()]] did not pass without mutation.
19:21:38 PIT >> SEVERE : Description [testClass=org.springframework.core.annotation.AnnotatedElementUtilsTests, name=[engine:junit-jupiter]/[class:org.springframework.core.annotation.AnnotatedElementUtilsTests]/[method:getAllAnnotationAttributesFavorsInheritedComposedAnnotationsOverMoreLocallyDeclaredComposedAnnotations()]] did not pass without mutation.
19:21:38 PIT >> INFO : MINION : Failed to dump JaCoCo execution data: org.jacoco.agent.rt.RT
19:21:38 PIT >> INFO : MINION : Failed to set JaCoCo session: org.jacoco.agent.rt.RT
19:21:38 PIT >> INFO : MINION : Failed to dump JaCoCo execution data: org.jacoco.agent.rt.RT
19:21:38 PIT >> INFO : MINION : Failed to set JaCoCo session: org.jacoco.agent.rt.RT
19:21:38 PIT >> INFO : MINION : Failed to dump JaCoCo execution data: org.jacoco.agent.rt.RT
19:21:38 PIT >> INFO : MINION : Failed to set JaCoCo session: org.jacoco.agent.rt.RT
19:21:38 PIT >> INFO : MINION : Failed to dump JaCoCo execution data: org.jacoco.agent.rt.RT
19:21:38 PIT >> INFO : MINION : Failed to set JaCoCo session: org.jacoco.agent.rt.RT
19:21:38 PIT >> INFO : MINION : Failed to dump JaCoCo execution data: org.jacoco.agent.rt.RT
19:21:38 PIT >> INFO : MINION : Failed to set JaCoCo session: org.jacoco.agent.rt.RT
19:21:38 PIT >> INFO : MINION : Failed to dump JaCoCo execution data: org.jacoco.agent.rt.RT
19:21:38 PIT >> INFO : MINION : Failed to set JaCoCo session: org.jacoco.agent.rt.RT
19:21:38 PIT >> INFO : MINION : Failed to dump JaCoCo execution data: org.jacoco.agent.rt.RT
19:21:38 PIT >> INFO : MINION : Failed to set JaCoCo session: org.jacoco.agent.rt.RT
19:21:38 PIT >> INFO : MINION : Failed to dump JaCoCo execution data: org.jacoco.agent.rt.RT
19:21:38 PIT >> INFO : MINION : Failed to set JaCoCo session: org.jacoco.agent.rt.RT
19:21:38 PIT >> INFO : MINION : Failed to dump JaCoCo execution data: org.jacoco.agent.rt.RT
19:21:38 PIT >> INFO : MINION : Failed to set JaCoCo session: org.jacoco.agent.rt.RT
19:21:38 PIT >> INFO : MINION : Failed to dump JaCoCo execution data: org.jacoco.agent.rt.RT
19:21:38 PIT >> INFO : MINION : Failed to set JaCoCo session: org.jacoco.agent.rt.RT
19:21:38 PIT >> INFO : MINION : Failed to dump JaCoCo execution data: org.jacoco.agent.rt.RT
19:21:38 PIT >> INFO : MINION : Failed to set JaCoCo session: org.jacoco.agent.rt.RT
19:21:38 PIT >> INFO : MINION : Failed to dump JaCoCo execution data: org.jacoco.agent.rt.RT
19:21:38 PIT >> INFO : MINION : Failed to set JaCoCo session: org.jacoco.agent.rt.RT
19:21:38 PIT >> INFO : MINION : Failed to dump JaCoCo execution data: org.jacoco.agent.rt.RT
19:21:38 PIT >> INFO : MINION : Failed to set JaCoCo session: org.jacoco.agent.rt.RT
19:21:38 PIT >> INFO : MINION : Failed to dump JaCoCo execution data: org.jacoco.agent.rt.RT
19:21:38 PIT >> INFO : MINION : Failed to set JaCoCo session: org.jacoco.agent.rt.RT
19:21:38 PIT >> INFO : MINION : Failed to dump JaCoCo execution data: org.jacoco.agent.rt.RT
19:21:38 PIT >> INFO : MINION : Failed to set JaCoCo session: org.jacoco.agent.rt.RT
19:21:38 PIT >> INFO : MINION : Failed to dump JaCoCo execution data: org.jacoco.agent.rt.RT
19:21:38 PIT >> INFO : MINION : Failed to set JaCoCo session: org.jacoco.agent.rt.RT
19:21:38 PIT >> INFO : MINION : Failed to dump JaCoCo execution data: org.jacoco.agent.rt.RT
19:21:38 PIT >> INFO : MINION : Failed to set JaCoCo session: org.jacoco.agent.rt.RT
19:21:38 PIT >> INFO : MINION : Failed to dump JaCoCo execution data: org.jacoco.agent.rt.RT
19:21:38 PIT >> INFO : MINION : Failed to set JaCoCo session: org.jacoco.agent.rt.RT
19:21:38 PIT >> INFO : MINION : Failed to dump JaCoCo execution data: org.jacoco.agent.rt.RT
19:21:38 PIT >> INFO : MINION : Failed to set JaCoCo session: org.jacoco.agent.rt.RT
19:21:38 PIT >> INFO : MINION : Failed to dump JaCoCo execution data: org.jacoco.agent.rt.RT
19:21:38 PIT >> INFO : MINION : Failed to set JaCoCo session: org.jacoco.agent.rt.RT
19:21:38 PIT >> INFO : MINION : Failed to dump JaCoCo execution data: org.jacoco.agent.rt.RT
19:21:38 PIT >> INFO : MINION : Failed to set JaCoCo session: org.jacoco.agent.rt.RT
19:21:38 PIT >> INFO : MINION : Failed to dump JaCoCo execution data: org.jacoco.agent.rt.RT
19:21:38 PIT >> INFO : MINION : Failed to set JaCoCo session: org.jacoco.agent.rt.RT
19:21:38 PIT >> INFO : MINION : Failed to dump JaCoCo execution data: org.jacoco.agent.rt.RT
19:21:38 PIT >> SEVERE : Description [testClass=org.springframework.core.annotation.AnnotatedElementUtilsTests, name=[engine:junit-jupiter]/[class:org.springframework.core.annotation.AnnotatedElementUtilsTests]/[method:getMergedAnnotationAttributesWithImplicitAliasesInMetaAnnotationOnComposedAnnotation()]] did not pass without mutation.
19:21:38 PIT >> SEVERE : Description [testClass=org.springframework.core.annotation.AnnotatedElementUtilsTests, name=[engine:junit-jupiter]/[class:org.springframework.core.annotation.AnnotatedElementUtilsTests]/[method:findAndSynthesizeAnnotationAttributesOnClassWithAttributeAliasesInTargetAnnotation()]] did not pass without mutation.
19:21:38 PIT >> SEVERE : Description [testClass=org.springframework.core.annotation.AnnotatedElementUtilsTests, name=[engine:junit-jupiter]/[class:org.springframework.core.annotation.AnnotatedElementUtilsTests]/[method:getMergedAnnotationAttributesOnClassWithLocalAnnotation()]] did not pass without mutation.
19:21:38 PIT >> SEVERE : Description [testClass=org.springframework.core.annotation.AnnotatedElementUtilsTests, name=[engine:junit-jupiter]/[class:org.springframework.core.annotation.AnnotatedElementUtilsTests]/[method:getMergedAnnotationAttributesWithAliasedComposedAnnotation()]] did not pass without mutation.
19:21:38 PIT >> SEVERE : Description [testClass=org.springframework.core.annotation.AnnotatedElementUtilsTests, name=[engine:junit-jupiter]/[class:org.springframework.core.annotation.AnnotatedElementUtilsTests]/[method:findMergedAnnotationAttributesInheritedFromBridgedMethod()]] did not pass without mutation.
19:21:38 PIT >> SEVERE : Description [testClass=org.springframework.core.annotation.AnnotatedElementUtilsTests, name=[engine:junit-jupiter]/[class:org.springframework.core.annotation.AnnotatedElementUtilsTests]/[method:getAllAnnotationAttributesOnJavaxType()]] did not pass without mutation.
19:21:38 PIT >> SEVERE : Description [testClass=org.springframework.core.annotation.AnnotatedElementUtilsTests, name=[engine:junit-jupiter]/[class:org.springframework.core.annotation.AnnotatedElementUtilsTests]/[method:findMergedAnnotationAttributesOnSubInheritedAnnotationInterface()]] did not pass without mutation.
19:21:38 PIT >> SEVERE : Description [testClass=org.springframework.core.annotation.AnnotatedElementUtilsTests, name=[engine:junit-jupiter]/[class:org.springframework.core.annotation.AnnotatedElementUtilsTests]/[method:getMergedAnnotationWithTransitiveImplicitAliasesWithSkippedLevel()]] did not pass without mutation.
19:21:38 PIT >> SEVERE : Description [testClass=org.springframework.core.annotation.AnnotatedElementUtilsTests, name=[engine:junit-jupiter]/[class:org.springframework.core.annotation.AnnotatedElementUtilsTests]/[method:getMergedAnnotationWithAliasedValueComposedAnnotation()]] did not pass without mutation.
19:21:38 PIT >> SEVERE : Description [testClass=org.springframework.core.annotation.AnnotatedElementUtilsTests, name=[engine:junit-jupiter]/[class:org.springframework.core.annotation.AnnotatedElementUtilsTests]/[method:getAllAnnotationAttributesFavorsInheritedAnnotationsOverMoreLocallyDeclaredComposedAnnotations()]] did not pass without mutation.
19:21:38 PIT >> SEVERE : Description [testClass=org.springframework.core.annotation.AnnotatedElementUtilsTests, name=[engine:junit-jupiter]/[class:org.springframework.core.annotation.AnnotatedElementUtilsTests]/[method:getMergedAnnotationAttributesWithAliasedValueComposedAnnotation()]] did not pass without mutation.
19:21:38 PIT >> INFO : MINION : Failed to set JaCoCo session: org.jacoco.agent.rt.RT
19:21:38 PIT >> SEVERE : Description [testClass=org.springframework.core.annotation.AnnotatedElementUtilsTests, name=[engine:junit-jupiter]/[class:org.springframework.core.annotation.AnnotatedElementUtilsTests]/[method:getAllAnnotationAttributesOnLangType()]] did not pass without mutation.
19:21:38 PIT >> SEVERE : Description [testClass=org.springframework.core.annotation.AnnotatedElementUtilsTests, name=[engine:junit-jupiter]/[class:org.springframework.core.annotation.AnnotatedElementUtilsTests]/[method:getMergedAnnotationAttributesOnInheritedAnnotationInterface()]] did not pass without mutation.
19:21:38 PIT >> SEVERE : Description [testClass=org.springframework.core.annotation.AnnotatedElementUtilsTests, name=[engine:junit-jupiter]/[class:org.springframework.core.annotation.AnnotatedElementUtilsTests]/[method:findMergedAnnotationAttributesOnClassWithAttributeAliasInComposedAnnotationAndNestedAnnotationsInTargetAnnotation()]] did not pass without mutation.
19:21:38 PIT >> SEVERE : Description [testClass=org.springframework.core.annotation.AnnotatedElementUtilsTests, name=[engine:junit-jupiter]/[class:org.springframework.core.annotation.AnnotatedElementUtilsTests]/[method:getMergedAnnotationAttributesFavorsInheritedComposedAnnotationsOverMoreLocallyDeclaredComposedAnnotations()]] did not pass without mutation.
19:21:38 PIT >> SEVERE : Description [testClass=org.springframework.core.annotation.AnnotatedElementUtilsTests, name=[engine:junit-jupiter]/[class:org.springframework.core.annotation.AnnotatedElementUtilsTests]/[method:findMergedAnnotationOnClassWithComposedMetaTransactionalAnnotation()]] did not pass without mutation.
19:21:38 PIT >> SEVERE : Description [testClass=org.springframework.core.annotation.AnnotatedElementUtilsTests, name=[engine:junit-jupiter]/[class:org.springframework.core.annotation.AnnotatedElementUtilsTests]/[method:findMergedAnnotationAttributesInheritedFromAbstractMethod()]] did not pass without mutation.
19:21:38 PIT >> SEVERE : Description [testClass=org.springframework.core.annotation.AnnotatedElementUtilsTests, name=[engine:junit-jupiter]/[class:org.springframework.core.annotation.AnnotatedElementUtilsTests]/[method:getMergedAnnotationAttributesOnNonInheritedAnnotationInterface()]] did not pass without mutation.
19:21:38 PIT >> SEVERE : Description [testClass=org.springframework.core.annotation.AnnotatedElementUtilsTests, name=[engine:junit-jupiter]/[class:org.springframework.core.annotation.AnnotatedElementUtilsTests]/[method:findMergedAnnotationAttributesWithSingleElementOverridingAnArrayViaAliasFor()]] did not pass without mutation.
19:21:38 PIT >> SEVERE : Description [testClass=org.springframework.core.annotation.AnnotatedElementUtilsTests, name=[engine:junit-jupiter]/[class:org.springframework.core.annotation.AnnotatedElementUtilsTests]/[method:findMergedAnnotationAttributesFromBridgeMethod()]] did not pass without mutation.
19:21:38 PIT >> INFO : MINION : Failed to dump JaCoCo execution data: org.jacoco.agent.rt.RT
19:21:38 PIT >> INFO : MINION : Failed to set JaCoCo session: org.jacoco.agent.rt.RT
19:21:38 PIT >> INFO : MINION : Failed to dump JaCoCo execution data: org.jacoco.agent.rt.RT
19:21:38 PIT >> INFO : MINION : Failed to set JaCoCo session: org.jacoco.agent.rt.RT
19:21:38 PIT >> INFO : MINION : Failed to dump JaCoCo execution data: org.jacoco.agent.rt.RT
19:21:38 PIT >> INFO : MINION : Failed to set JaCoCo session: org.jacoco.agent.rt.RT
19:21:38 PIT >> INFO : MINION : Failed to dump JaCoCo execution data: org.jacoco.agent.rt.RT
19:21:38 PIT >> INFO : MINION : Failed to set JaCoCo session: org.jacoco.agent.rt.RT
19:21:38 PIT >> INFO : MINION : Failed to dump JaCoCo execution data: org.jacoco.agent.rt.RT
19:21:38 PIT >> INFO : MINION : Failed to set JaCoCo session: org.jacoco.agent.rt.RT
19:21:38 PIT >> INFO : MINION : Failed to dump JaCoCo execution data: org.jacoco.agent.rt.RT
19:21:38 PIT >> INFO : MINION : Failed to set JaCoCo session: org.jacoco.agent.rt.RT
19:21:38 PIT >> INFO : MINION : Failed to dump JaCoCo execution data: org.jacoco.agent.rt.RT
19:21:38 PIT >> INFO : MINION : Failed to set JaCoCo session: org.jacoco.agent.rt.RT
19:21:38 PIT >> INFO : MINION : Failed to dump JaCoCo execution data: org.jacoco.agent.rt.RT
19:21:38 PIT >> INFO : MINION : Failed to set JaCoCo session: org.jacoco.agent.rt.RT
19:21:38 PIT >> INFO : MINION : Failed to dump JaCoCo execution data: org.jacoco.agent.rt.RT
19:21:38 PIT >> INFO : MINION : Failed to set JaCoCo session: org.jacoco.agent.rt.RT
19:21:38 PIT >> INFO : MINION : Failed to dump JaCoCo execution data: org.jacoco.agent.rt.RT
19:21:38 PIT >> INFO : MINION : Failed to set JaCoCo session: org.jacoco.agent.rt.RT
19:21:38 PIT >> INFO : MINION : Failed to dump JaCoCo execution data: org.jacoco.agent.rt.RT
19:21:38 PIT >> INFO : MINION : Failed to set JaCoCo session: org.jacoco.agent.rt.RT
19:21:38 PIT >> INFO : MINION : Failed to dump JaCoCo execution data: org.jacoco.agent.rt.RT
19:21:38 PIT >> INFO : MINION : Failed to set JaCoCo session: org.jacoco.agent.rt.RT
19:21:38 PIT >> INFO : MINION : Failed to dump JaCoCo execution data: org.jacoco.agent.rt.RT
19:21:38 PIT >> INFO : MINION : Failed to set JaCoCo session: org.jacoco.agent.rt.RT
19:21:38 PIT >> INFO : MINION : Failed to dump JaCoCo execution data: org.jacoco.agent.rt.RT
19:21:38 PIT >> INFO : MINION : Failed to set JaCoCo session: org.jacoco.agent.rt.RT
19:21:38 PIT >> INFO : MINION : Failed to dump JaCoCo execution data: org.jacoco.agent.rt.RT
19:21:38 PIT >> INFO : MINION : Failed to set JaCoCo session: org.jacoco.agent.rt.RT
19:21:38 PIT >> INFO : MINION : Failed to dump JaCoCo execution data: org.jacoco.agent.rt.RT
19:21:38 PIT >> INFO : MINION : Failed to set JaCoCo session: org.jacoco.agent.rt.RT
19:21:38 PIT >> INFO : MINION : Failed to dump JaCoCo execution data: org.jacoco.agent.rt.RT
19:21:38 PIT >> INFO : MINION : Failed to set JaCoCo session: org.jacoco.agent.rt.RT
19:21:38 PIT >> INFO : MINION : Failed to dump JaCoCo execution data: org.jacoco.agent.rt.RT
19:21:38 PIT >> INFO : MINION : Failed to set JaCoCo session: org.jacoco.agent.rt.RT
19:21:38 PIT >> INFO : MINION : Failed to dump JaCoCo execution data: org.jacoco.agent.rt.RT
19:21:38 PIT >> INFO : MINION : Failed to set JaCoCo session: org.jacoco.agent.rt.RT
19:21:38 PIT >> INFO : MINION : Failed to dump JaCoCo execution data: org.jacoco.agent.rt.RT
19:21:38 PIT >> INFO : MINION : Failed to set JaCoCo session: org.jacoco.agent.rt.RT
19:21:38 PIT >> INFO : MINION : Failed to dump JaCoCo execution data: org.jacoco.agent.rt.RT
19:21:38 PIT >> INFO : MINION : Failed to set JaCoCo session: org.jacoco.agent.rt.RT
19:21:38 PIT >> INFO : MINION : Failed to dump JaCoCo execution data: org.jacoco.agent.rt.RT
19:21:38 PIT >> INFO : MINION : Failed to set JaCoCo session: org.jacoco.agent.rt.RT
19:21:38 PIT >> INFO : MINION : Failed to dump JaCoCo execution data: org.jacoco.agent.rt.RT
19:21:38 PIT >> SEVERE : Description [testClass=org.springframework.core.annotation.AnnotatedElementUtilsTests, name=[engine:junit-jupiter]/[class:org.springframework.core.annotation.AnnotatedElementUtilsTests]/[method:findMergedAnnotationAttributesOnSubNonInheritedAnnotationInterface()]] did not pass without mutation.
19:21:38 PIT >> SEVERE : Description [testClass=org.springframework.core.annotation.AnnotatedElementUtilsTests, name=[engine:junit-jupiter]/[class:org.springframework.core.annotation.AnnotatedElementUtilsTests]/[method:findMergedAnnotationAttributesOnMethodWithComposedMetaTransactionalAnnotation()]] did not pass without mutation.
19:21:38 PIT >> SEVERE : Description [testClass=org.springframework.core.annotation.AnnotatedElementUtilsTests, name=[engine:junit-jupiter]/[class:org.springframework.core.annotation.AnnotatedElementUtilsTests]/[method:findMergedAnnotationOnMethodWithComposedMetaTransactionalAnnotation()]] did not pass without mutation.
19:21:38 PIT >> SEVERE : Description [testClass=org.springframework.core.annotation.AnnotatedElementUtilsTests, name=[engine:junit-jupiter]/[class:org.springframework.core.annotation.AnnotatedElementUtilsTests]/[method:findMergedAnnotationAttributesOnInheritedAnnotationInterface()]] did not pass without mutation.
19:21:38 PIT >> SEVERE : Description [testClass=org.springframework.core.annotation.AnnotatedElementUtilsTests, name=[engine:junit-jupiter]/[class:org.springframework.core.annotation.AnnotatedElementUtilsTests]/[method:findMergedAnnotationAttributesOnSubSubNonInheritedAnnotationInterface()]] did not pass without mutation.
19:21:38 PIT >> SEVERE : Description [testClass=org.springframework.core.annotation.AnnotatedElementUtilsTests, name=[engine:junit-jupiter]/[class:org.springframework.core.annotation.AnnotatedElementUtilsTests]/[method:getMergedAnnotationAttributesWithShadowedAliasComposedAnnotation()]] did not pass without mutation.
19:21:38 PIT >> SEVERE : Description [testClass=org.springframework.core.annotation.AnnotatedElementUtilsTests, name=[engine:junit-jupiter]/[class:org.springframework.core.annotation.AnnotatedElementUtilsTests]/[method:findMergedAnnotationWithSingleElementOverridingAnArrayViaAliasFor()]] did not pass without mutation.
19:21:38 PIT >> SEVERE : Description [testClass=org.springframework.core.annotation.AnnotatedElementUtilsTests, name=[engine:junit-jupiter]/[class:org.springframework.core.annotation.AnnotatedElementUtilsTests]/[method:findMergedAnnotationForMultipleMetaAnnotationsWithClashingAttributeNames()]] did not pass without mutation.
19:21:38 PIT >> SEVERE : Description [testClass=org.springframework.core.annotation.AnnotatedElementUtilsTests, name=[engine:junit-jupiter]/[class:org.springframework.core.annotation.AnnotatedElementUtilsTests]/[method:findMergedAnnotationAttributesInheritedFromInterfaceMethod()]] did not pass without mutation.
19:21:38 PIT >> SEVERE : Description [testClass=org.springframework.core.annotation.AnnotatedElementUtilsTests, name=[engine:junit-jupiter]/[class:org.springframework.core.annotation.AnnotatedElementUtilsTests]/[method:findMergedAnnotationAttributesOnClassWithMetaAndLocalTxConfig()]] did not pass without mutation.
19:21:38 PIT >> SEVERE : Description [testClass=org.springframework.core.annotation.AnnotatedElementUtilsTests, name=[engine:junit-jupiter]/[class:org.springframework.core.annotation.AnnotatedElementUtilsTests]/[method:getMergedRepeatableAnnotationsWithContainerWithMultipleAttributes()]] did not pass without mutation.
19:21:38 PIT >> SEVERE : Description [testClass=org.springframework.core.annotation.AnnotatedElementUtilsTests, name=[engine:junit-jupiter]/[class:org.springframework.core.annotation.AnnotatedElementUtilsTests]/[method:getMergedAnnotationWithImplicitAliasesInMetaAnnotationOnComposedAnnotation()]] did not pass without mutation.
19:21:38 PIT >> SEVERE : Description [testClass=org.springframework.core.annotation.AnnotatedElementUtilsTests, name=[engine:junit-jupiter]/[class:org.springframework.core.annotation.AnnotatedElementUtilsTests]/[method:getMergedAnnotationOnThreeDeepMetaWithValue()]] did not pass without mutation.
19:21:38 PIT >> SEVERE : Description [testClass=org.springframework.core.annotation.AnnotatedElementUtilsTests, name=[engine:junit-jupiter]/[class:org.springframework.core.annotation.AnnotatedElementUtilsTests]/[method:getMergedAnnotationAttributesOnClassWithLocalAnnotationThatShadowsAnnotationFromSuperclass()]] did not pass without mutation.
19:21:38 PIT >> SEVERE : Description [testClass=org.springframework.core.annotation.AnnotatedElementUtilsTests, name=[engine:junit-jupiter]/[class:org.springframework.core.annotation.AnnotatedElementUtilsTests]/[method:findMethodAnnotationFromGenericInterface()]] did not pass without mutation.
19:21:38 PIT >> SEVERE : Description [testClass=org.springframework.core.annotation.AnnotatedElementUtilsTests, name=[engine:junit-jupiter]/[class:org.springframework.core.annotation.AnnotatedElementUtilsTests]/[method:getAllAnnotationAttributesOnClassWithLocalAnnotationThatShadowsAnnotationFromSuperclass()]] did not pass without mutation.
19:21:38 PIT >> SEVERE : Description [testClass=org.springframework.core.annotation.AnnotatedElementUtilsTests, name=[engine:junit-jupiter]/[class:org.springframework.core.annotation.AnnotatedElementUtilsTests]/[method:getMetaAnnotationTypesOnClassWithMetaDepth1()]] did not pass without mutation.
19:21:38 PIT >> SEVERE : Description [testClass=org.springframework.core.annotation.AnnotatedElementUtilsTests, name=[engine:junit-jupiter]/[class:org.springframework.core.annotation.AnnotatedElementUtilsTests]/[method:getMetaAnnotationTypesOnClassWithMetaDepth2()]] did not pass without mutation.
19:21:38 PIT >> SEVERE : Description [testClass=org.springframework.core.annotation.AnnotatedElementUtilsTests, name=[engine:junit-jupiter]/[class:org.springframework.core.annotation.AnnotatedElementUtilsTests]/[method:getAllAnnotationAttributesOnClassWithMultipleComposedAnnotations()]] did not pass without mutation.
19:21:38 PIT >> SEVERE : Description [testClass=org.springframework.core.annotation.AnnotatedElementUtilsTests, name=[engine:junit-jupiter]/[class:org.springframework.core.annotation.AnnotatedElementUtilsTests]/[method:getMergedAnnotationWithTransitiveImplicitAliases()]] did not pass without mutation.
19:21:38 PIT >> SEVERE : Description [testClass=org.springframework.core.annotation.AnnotatedElementUtilsTests, name=[engine:junit-jupiter]/[class:org.springframework.core.annotation.AnnotatedElementUtilsTests]/[method:isAnnotatedOnClassWithMetaDepth()]] did not pass without mutation.
19:21:38 PIT >> INFO : MINION : Failed to set JaCoCo session: org.jacoco.agent.rt.RT
19:21:38 PIT >> INFO : MINION : Failed to dump JaCoCo execution data: org.jacoco.agent.rt.RT
19:21:38 PIT >> INFO : MINION : Failed to set JaCoCo session: org.jacoco.agent.rt.RT
19:21:38 PIT >> INFO : MINION : Failed to dump JaCoCo execution data: org.jacoco.agent.rt.RT
19:21:38 PIT >> INFO : MINION : Failed to set JaCoCo session: org.jacoco.agent.rt.RT
19:21:38 PIT >> INFO : MINION : Failed to dump JaCoCo execution data: org.jacoco.agent.rt.RT
19:21:38 PIT >> INFO : MINION : Failed to set JaCoCo session: org.jacoco.agent.rt.RT
19:21:38 PIT >> INFO : MINION : Failed to dump JaCoCo execution data: org.jacoco.agent.rt.RT
19:21:38 PIT >> INFO : MINION : Failed to set JaCoCo session: org.jacoco.agent.rt.RT
19:21:38 PIT >> INFO : MINION : Failed to dump JaCoCo execution data: org.jacoco.agent.rt.RT
19:21:38 PIT >> INFO : MINION : Failed to set JaCoCo session: org.jacoco.agent.rt.RT
19:21:38 PIT >> INFO : MINION : Failed to dump JaCoCo execution data: org.jacoco.agent.rt.RT
19:21:38 PIT >> INFO : MINION : Failed to set JaCoCo session: org.jacoco.agent.rt.RT
19:21:38 PIT >> INFO : MINION : Failed to dump JaCoCo execution data: org.jacoco.agent.rt.RT
19:21:38 PIT >> INFO : MINION : Failed to set JaCoCo session: org.jacoco.agent.rt.RT
19:21:38 PIT >> INFO : MINION : Failed to dump JaCoCo execution data: org.jacoco.agent.rt.RT
19:21:38 PIT >> INFO : MINION : Failed to set JaCoCo session: org.jacoco.agent.rt.RT
19:21:38 PIT >> INFO : MINION : Failed to dump JaCoCo execution data: org.jacoco.agent.rt.RT
19:21:38 PIT >> INFO : MINION : Failed to set JaCoCo session: org.jacoco.agent.rt.RT
19:21:38 PIT >> INFO : MINION : Failed to dump JaCoCo execution data: org.jacoco.agent.rt.RT
19:21:38 PIT >> INFO : MINION : Failed to set JaCoCo session: org.jacoco.agent.rt.RT
19:21:38 PIT >> INFO : MINION : Failed to dump JaCoCo execution data: org.jacoco.agent.rt.RT
19:21:38 PIT >> INFO : MINION : Failed to set JaCoCo session: org.jacoco.agent.rt.RT
19:21:38 PIT >> INFO : MINION : Failed to dump JaCoCo execution data: org.jacoco.agent.rt.RT
19:21:38 PIT >> INFO : MINION : Failed to set JaCoCo session: org.jacoco.agent.rt.RT
19:21:38 PIT >> INFO : MINION : Failed to dump JaCoCo execution data: org.jacoco.agent.rt.RT
19:21:38 PIT >> INFO : MINION : Failed to set JaCoCo session: org.jacoco.agent.rt.RT
19:21:38 PIT >> INFO : MINION : Failed to dump JaCoCo execution data: org.jacoco.agent.rt.RT
19:21:38 PIT >> INFO : MINION : Failed to set JaCoCo session: org.jacoco.agent.rt.RT
19:21:38 PIT >> INFO : MINION : Failed to dump JaCoCo execution data: org.jacoco.agent.rt.RT
19:21:38 PIT >> INFO : MINION : Failed to set JaCoCo session: org.jacoco.agent.rt.RT
19:21:38 PIT >> INFO : MINION : Failed to dump JaCoCo execution data: org.jacoco.agent.rt.RT
19:21:38 PIT >> INFO : MINION : Failed to set JaCoCo session: org.jacoco.agent.rt.RT
19:21:38 PIT >> INFO : MINION : Failed to dump JaCoCo execution data: org.jacoco.agent.rt.RT
19:21:38 PIT >> INFO : MINION : Failed to set JaCoCo session: org.jacoco.agent.rt.RT
19:21:38 PIT >> INFO : MINION : Failed to dump JaCoCo execution data: org.jacoco.agent.rt.RT
19:21:38 PIT >> INFO : MINION : Failed to set JaCoCo session: org.jacoco.agent.rt.RT
19:21:38 PIT >> INFO : MINION : Failed to dump JaCoCo execution data: org.jacoco.agent.rt.RT
19:21:38 PIT >> INFO : MINION : Failed to set JaCoCo session: org.jacoco.agent.rt.RT
19:21:38 PIT >> INFO : MINION : Failed to dump JaCoCo execution data: org.jacoco.agent.rt.RT
19:21:38 PIT >> INFO : MINION : Failed to set JaCoCo session: org.jacoco.agent.rt.RT
19:21:38 PIT >> INFO : MINION : Failed to dump JaCoCo execution data: org.jacoco.agent.rt.RT
19:21:38 PIT >> INFO : MINION : Failed to set JaCoCo session: org.jacoco.agent.rt.RT
19:21:38 PIT >> INFO : MINION : Failed to dump JaCoCo execution data: org.jacoco.agent.rt.RT
19:21:38 PIT >> INFO : MINION : Failed to set JaCoCo session: org.jacoco.agent.rt.RT
19:21:38 PIT >> INFO : MINION : Failed to dump JaCoCo execution data: org.jacoco.agent.rt.RT
19:21:38 PIT >> SEVERE : Description [testClass=org.springframework.core.annotation.AnnotatedElementUtilsTests, name=[engine:junit-jupiter]/[class:org.springframework.core.annotation.AnnotatedElementUtilsTests]/[method:findMergedRepeatableAnnotationsWithContainerWithMultipleAttributes()]] did not pass without mutation.
19:21:38 PIT >> SEVERE : Description [testClass=org.springframework.core.annotation.AnnotatedElementUtilsTests, name=[engine:junit-jupiter]/[class:org.springframework.core.annotation.AnnotatedElementUtilsTests]/[method:getMergedAnnotationWithImplicitAliasesForSameAttributeInComposedAnnotation()]] did not pass without mutation.
19:21:38 PIT >> SEVERE : Description [testClass=org.springframework.core.annotation.AnnotatedElementUtilsTests, name=[engine:junit-jupiter]/[class:org.springframework.core.annotation.AnnotatedElementUtilsTests]/[method:getMergedAnnotationWithTransitiveImplicitAliasesWithSkippedLevelWithSingleElementOverridingAnArrayViaAliasFor()]] did not pass without mutation.
19:21:38 PIT >> SEVERE : Description [testClass=org.springframework.core.annotation.AnnotatedElementUtilsTests, name=[engine:junit-jupiter]/[class:org.springframework.core.annotation.AnnotatedElementUtilsTests]/[method:getAllAnnotationAttributesOnClassWithLocalComposedAnnotationAndInheritedAnnotation()]] did not pass without mutation.
19:21:38 PIT >> SEVERE : Description [testClass=org.springframework.core.annotation.AnnotatedElementUtilsTests, name=[engine:junit-jupiter]/[class:org.springframework.core.annotation.AnnotatedElementUtilsTests]/[method:findMergedAnnotationAttributesOnClassWithComposedMetaTransactionalAnnotation()]] did not pass without mutation.
19:21:38 PIT >> SEVERE : Description [testClass=org.springframework.core.annotation.AnnotatedElementUtilsTests, name=[engine:junit-jupiter]/[class:org.springframework.core.annotation.AnnotatedElementUtilsTests]/[method:isAnnotatedWithNameOnClassWithMetaDepth()]] did not pass without mutation.
19:21:38 PIT >> SEVERE : Description [testClass=org.springframework.core.annotation.AnnotatedElementUtilsTests, name=[engine:junit-jupiter]/[class:org.springframework.core.annotation.AnnotatedElementUtilsTests]/[method:findMergedAnnotationAttributesOnNonInheritedAnnotationInterface()]] did not pass without mutation.
19:21:38 PIT >> SEVERE : Description [testClass=org.springframework.core.annotation.AnnotatedElementUtilsTests, name=[engine:junit-jupiter]/[class:org.springframework.core.annotation.AnnotatedElementUtilsTests]/[method:getMergedAnnotationWithImplicitAliasesWithDefaultsInMetaAnnotationOnComposedAnnotation()]] did not pass without mutation.
19:21:38 PIT >> SEVERE : Description [testClass=org.springframework.core.annotation.AnnotatedElementUtilsTests, name=[engine:junit-jupiter]/[class:org.springframework.core.annotation.AnnotatedElementUtilsTests]/[method:getMergedAnnotationAttributesFavorsInheritedAnnotationsOverMoreLocallyDeclaredComposedAnnotations()]] did not pass without mutation.
19:21:38 PIT >> SEVERE : Description [testClass=org.springframework.core.annotation.AnnotatedElementUtilsTests, name=[engine:junit-jupiter]/[class:org.springframework.core.annotation.AnnotatedElementUtilsTests]/[method:javaxMetaAnnotationTypeViaFindMergedAnnotation()]] did not pass without mutation.
19:21:38 PIT >> SEVERE : Description [testClass=org.springframework.core.annotation.AnnotatedElementUtilsTests, name=[engine:junit-jupiter]/[class:org.springframework.core.annotation.AnnotatedElementUtilsTests]/[method:nullableAnnotationTypeViaFindMergedAnnotation()]] did not pass without mutation.
19:21:38 PIT >> SEVERE : Description [testClass=org.springframework.core.annotation.AnnotatedElementUtilsTests, name=[engine:junit-jupiter]/[class:org.springframework.core.annotation.AnnotatedElementUtilsTests]/[method:findMergedAnnotationAttributesOnClassWithBothAttributesOfAnAliasPairDeclared()]] did not pass without mutation.
19:21:38 PIT >> SEVERE : Description [testClass=org.springframework.core.annotation.AnnotatedElementUtilsTests, name=[engine:junit-jupiter]/[class:org.springframework.core.annotation.AnnotatedElementUtilsTests]/[method:hasMetaAnnotationTypesOnClassWithMetaDepth0()]] did not pass without mutation.
19:21:38 PIT >> SEVERE : Description [testClass=org.springframework.core.annotation.AnnotatedElementUtilsTests, name=[engine:junit-jupiter]/[class:org.springframework.core.annotation.AnnotatedElementUtilsTests]/[method:hasMetaAnnotationTypesOnClassWithMetaDepth1()]] did not pass without mutation.
19:21:38 PIT >> SEVERE : Description [testClass=org.springframework.core.annotation.AnnotatedElementUtilsTests, name=[engine:junit-jupiter]/[class:org.springframework.core.annotation.AnnotatedElementUtilsTests]/[method:hasMetaAnnotationTypesOnClassWithMetaDepth2()]] did not pass without mutation.
19:21:38 PIT >> SEVERE : Description [testClass=org.springframework.core.annotation.AnnotatedElementUtilsTests, name=[engine:junit-jupiter]/[class:org.springframework.core.annotation.AnnotatedElementUtilsTests]/[method:findMergedAnnotationAttributesOnSubSubInheritedAnnotationInterface()]] did not pass without mutation.
19:21:38 PIT >> SEVERE : Description [testClass=org.springframework.core.annotation.AnnotatedElementUtilsTests, name=[engine:junit-jupiter]/[class:org.springframework.core.annotation.AnnotatedElementUtilsTests]/[method:findAllMergedAnnotationsOnClassWithInterface()]] did not pass without mutation.
19:21:38 PIT >> SEVERE : Description [testClass=org.springframework.core.annotation.AnnotatedElementUtilsTests, name=[engine:junit-jupiter]/[class:org.springframework.core.annotation.AnnotatedElementUtilsTests]/[method:javaxAnnotationTypeViaFindMergedAnnotation()]] did not pass without mutation.
19:21:38 PIT >> SEVERE : Description [testClass=org.springframework.core.annotation.AnnotatedElementUtilsTests, name=[engine:junit-jupiter]/[class:org.springframework.core.annotation.AnnotatedElementUtilsTests]/[method:getMergedAnnotationWithTransitiveImplicitAliasesWithSingleElementOverridingAnArrayViaAliasFor()]] did not pass without mutation.
19:21:38 PIT >> INFO : MINION : Failed to set JaCoCo session: org.jacoco.agent.rt.RT
19:21:38 PIT >> INFO : MINION : Failed to dump JaCoCo execution data: org.jacoco.agent.rt.RT
19:21:38 PIT >> INFO : MINION : Failed to set JaCoCo session: org.jacoco.agent.rt.RT
19:21:38 PIT >> INFO : MINION : Failed to dump JaCoCo execution data: org.jacoco.agent.rt.RT
19:21:38 PIT >> INFO : MINION : Failed to set JaCoCo session: org.jacoco.agent.rt.RT
19:21:38 PIT >> INFO : MINION : Failed to dump JaCoCo execution data: org.jacoco.agent.rt.RT
19:21:38 PIT >> INFO : MINION : Failed to set JaCoCo session: org.jacoco.agent.rt.RT
19:21:38 PIT >> INFO : MINION : Failed to dump JaCoCo execution data: org.jacoco.agent.rt.RT
19:21:38 PIT >> INFO : MINION : Failed to set JaCoCo session: org.jacoco.agent.rt.RT
19:21:38 PIT >> INFO : MINION : Failed to dump JaCoCo execution data: org.jacoco.agent.rt.RT
19:21:38 PIT >> INFO : MINION : Failed to set JaCoCo session: org.jacoco.agent.rt.RT
19:21:38 PIT >> INFO : MINION : Failed to dump JaCoCo execution data: org.jacoco.agent.rt.RT
19:21:38 PIT >> INFO : MINION : Failed to set JaCoCo session: org.jacoco.agent.rt.RT
19:21:38 PIT >> INFO : MINION : Failed to dump JaCoCo execution data: org.jacoco.agent.rt.RT
19:21:38 PIT >> INFO : MINION : Failed to set JaCoCo session: org.jacoco.agent.rt.RT
19:21:38 PIT >> INFO : MINION : Failed to dump JaCoCo execution data: org.jacoco.agent.rt.RT
19:21:38 PIT >> INFO : MINION : Failed to set JaCoCo session: org.jacoco.agent.rt.RT
19:21:38 PIT >> INFO : MINION : Failed to dump JaCoCo execution data: org.jacoco.agent.rt.RT
19:21:38 PIT >> INFO : MINION : Failed to set JaCoCo session: org.jacoco.agent.rt.RT
19:21:38 PIT >> INFO : MINION : Failed to dump JaCoCo execution data: org.jacoco.agent.rt.RT
19:21:38 PIT >> INFO : MINION : Failed to set JaCoCo session: org.jacoco.agent.rt.RT
19:21:38 PIT >> INFO : MINION : Failed to dump JaCoCo execution data: org.jacoco.agent.rt.RT
19:21:38 PIT >> INFO : MINION : Failed to set JaCoCo session: org.jacoco.agent.rt.RT
19:21:38 PIT >> INFO : MINION : Failed to dump JaCoCo execution data: org.jacoco.agent.rt.RT
19:21:38 PIT >> INFO : MINION : Failed to set JaCoCo session: org.jacoco.agent.rt.RT
19:21:38 PIT >> INFO : MINION : Failed to dump JaCoCo execution data: org.jacoco.agent.rt.RT
19:21:38 PIT >> INFO : MINION : Failed to set JaCoCo session: org.jacoco.agent.rt.RT
19:21:38 PIT >> INFO : MINION : Failed to dump JaCoCo execution data: org.jacoco.agent.rt.RT
19:21:38 PIT >> INFO : MINION : Failed to set JaCoCo session: org.jacoco.agent.rt.RT
19:21:38 PIT >> INFO : MINION : Failed to dump JaCoCo execution data: org.jacoco.agent.rt.RT
19:21:38 PIT >> INFO : MINION : Failed to set JaCoCo session: org.jacoco.agent.rt.RT
19:21:38 PIT >> INFO : MINION : Failed to dump JaCoCo execution data: org.jacoco.agent.rt.RT
19:21:38 PIT >> INFO : MINION : Failed to set JaCoCo session: org.jacoco.agent.rt.RT
19:21:38 PIT >> INFO : MINION : Failed to dump JaCoCo execution data: org.jacoco.agent.rt.RT
19:21:38 PIT >> INFO : MINION : Failed to set JaCoCo session: org.jacoco.agent.rt.RT
19:21:38 PIT >> INFO : MINION : Failed to dump JaCoCo execution data: org.jacoco.agent.rt.RT
19:21:38 PIT >> INFO : MINION : Failed to set JaCoCo session: org.jacoco.agent.rt.RT
19:21:38 PIT >> INFO : MINION : Failed to dump JaCoCo execution data: org.jacoco.agent.rt.RT
19:21:38 PIT >> INFO : MINION : Failed to set JaCoCo session: org.jacoco.agent.rt.RT
19:21:38 PIT >> INFO : MINION : Failed to dump JaCoCo execution data: org.jacoco.agent.rt.RT
19:21:38 PIT >> INFO : MINION : Failed to set JaCoCo session: org.jacoco.agent.rt.RT
19:21:38 PIT >> INFO : MINION : Failed to dump JaCoCo execution data: org.jacoco.agent.rt.RT
19:21:38 PIT >> INFO : MINION : Failed to set JaCoCo session: org.jacoco.agent.rt.RT
19:21:38 PIT >> INFO : MINION : Failed to dump JaCoCo execution data: org.jacoco.agent.rt.RT
19:21:38 PIT >> INFO : MINION : Failed to set JaCoCo session: org.jacoco.agent.rt.RT
19:21:38 PIT >> INFO : MINION : Failed to dump JaCoCo execution data: org.jacoco.agent.rt.RT
19:21:38 PIT >> SEVERE : Description [testClass=org.springframework.core.annotation.AnnotatedElementUtilsTests, name=[engine:junit-jupiter]/[class:org.springframework.core.annotation.AnnotatedElementUtilsTests]/[method:findMethodAnnotationFromGenericSuperclass()]] did not pass without mutation.
19:21:38 PIT >> SEVERE : Description [testClass=org.springframework.core.annotation.AnnotatedElementUtilsTests, name=[engine:junit-jupiter]/[class:org.springframework.core.annotation.AnnotatedElementUtilsTests]/[method:hasAnnotationOnClassWithMetaDepth()]] did not pass without mutation.
19:21:38 PIT >> SEVERE : Description [testClass=org.springframework.core.annotation.AnnotatedElementUtilsTests, name=[engine:junit-jupiter]/[class:org.springframework.core.annotation.AnnotatedElementUtilsTests]/[method:getMergedAnnotationAttributesOnMetaCycleAnnotatedClassWithMissingTargetMetaAnnotation()]] did not pass without mutation.
19:21:38 PIT >> SEVERE : Description [testClass=org.springframework.core.annotation.AnnotatedElementUtilsTests, name=[engine:junit-jupiter]/[class:org.springframework.core.annotation.AnnotatedElementUtilsTests]/[method:findMergedAnnotationWithAttributeAliasesInTargetAnnotation()]] did not pass without mutation.
19:21:38 PIT >> SEVERE : Description [testClass=org.springframework.core.annotation.AnnotatedElementUtilsTests, name=[engine:junit-jupiter]/[class:org.springframework.core.annotation.AnnotatedElementUtilsTests]/[method:getMergedAnnotationAttributesFavorsLocalComposedAnnotationOverInheritedAnnotation()]] did not pass without mutation.
19:21:38 PIT >> SEVERE : Description [testClass=org.springframework.core.annotation.AnnotatedElementUtilsTests, name=[engine:junit-jupiter]/[class:org.springframework.core.annotation.AnnotatedElementUtilsTests]/[nested-class:ConventionBasedAnnotationAttributeOverrideTests]/[method:getMergedAnnotationAttributesWithConventionBasedComposedAnnotation()]] did not pass without mutation.
19:21:38 PIT >> SEVERE : Description [testClass=org.springframework.core.annotation.AnnotatedElementUtilsTests, name=[engine:junit-jupiter]/[class:org.springframework.core.annotation.AnnotatedElementUtilsTests]/[nested-class:ConventionBasedAnnotationAttributeOverrideTests]/[method:findMergedAnnotationAttributesWithSingleElementOverridingAnArrayViaConvention()]] did not pass without mutation.
19:21:38 PIT >> SEVERE : Description [testClass=org.springframework.core.annotation.AnnotatedElementUtilsTests, name=[engine:junit-jupiter]/[class:org.springframework.core.annotation.AnnotatedElementUtilsTests]/[nested-class:ConventionBasedAnnotationAttributeOverrideTests]/[method:findMergedAnnotationWithSingleElementOverridingAnArrayViaConvention()]] did not pass without mutation.
19:21:38 PIT >> SEVERE : Description [testClass=org.springframework.core.annotation.AnnotatedElementUtilsTests, name=[engine:junit-jupiter]/[class:org.springframework.core.annotation.AnnotatedElementUtilsTests]/[nested-class:ConventionBasedAnnotationAttributeOverrideTests]/[method:getMergedAnnotationAttributesWithInvalidConventionBasedComposedAnnotation()]] did not pass without mutation.
19:21:38 PIT >> SEVERE : Description [testClass=org.springframework.core.annotation.AnnotatedElementUtilsTests, name=[engine:junit-jupiter]/[class:org.springframework.core.annotation.AnnotatedElementUtilsTests]/[nested-class:ConventionBasedAnnotationAttributeOverrideTests]/[method:findMergedAnnotationWithLocalAliasesThatConflictWithAttributesInMetaAnnotationByConvention()]] did not pass without mutation.
19:21:38 PIT >> SEVERE : Description [testClass=org.springframework.core.annotation.AnnotationAttributesTests, name=[engine:junit-jupiter]/[class:org.springframework.core.annotation.AnnotationAttributesTests]/[method:getAliasedStringArrayWithImplicitAliases()]] did not pass without mutation.
19:21:38 PIT >> SEVERE : Description [testClass=org.springframework.core.annotation.AnnotationAttributesTests, name=[engine:junit-jupiter]/[class:org.springframework.core.annotation.AnnotationAttributesTests]/[method:getAliasedStringWithImplicitAliases()]] did not pass without mutation.
19:21:38 PIT >> SEVERE : Description [testClass=org.springframework.core.annotation.AnnotationAwareOrderComparatorTests, name=[engine:junit-jupiter]/[class:org.springframework.core.annotation.AnnotationAwareOrderComparatorTests]/[method:sortInstancesWithOrderAndPriority()]] did not pass without mutation.
19:21:38 PIT >> INFO : MINION : Failed to set JaCoCo session: org.jacoco.agent.rt.RT
19:21:38 PIT >> INFO : MINION : Failed to dump JaCoCo execution data: org.jacoco.agent.rt.RT
19:21:38 PIT >> INFO : MINION : Failed to set JaCoCo session: org.jacoco.agent.rt.RT
19:21:38 PIT >> INFO : MINION : Failed to dump JaCoCo execution data: org.jacoco.agent.rt.RT
19:21:38 PIT >> INFO : MINION : Failed to set JaCoCo session: org.jacoco.agent.rt.RT
19:21:38 PIT >> INFO : MINION : Failed to dump JaCoCo execution data: org.jacoco.agent.rt.RT
19:21:38 PIT >> INFO : MINION : Failed to set JaCoCo session: org.jacoco.agent.rt.RT
19:21:38 PIT >> INFO : MINION : Failed to dump JaCoCo execution data: org.jacoco.agent.rt.RT
19:21:38 PIT >> INFO : MINION : Failed to set JaCoCo session: org.jacoco.agent.rt.RT
19:21:38 PIT >> INFO : MINION : Failed to dump JaCoCo execution data: org.jacoco.agent.rt.RT
19:21:38 PIT >> INFO : MINION : Failed to set JaCoCo session: org.jacoco.agent.rt.RT
19:21:38 PIT >> INFO : MINION : Failed to dump JaCoCo execution data: org.jacoco.agent.rt.RT
19:21:38 PIT >> INFO : MINION : Failed to set JaCoCo session: org.jacoco.agent.rt.RT
19:21:38 PIT >> INFO : MINION : Failed to dump JaCoCo execution data: org.jacoco.agent.rt.RT
19:21:38 PIT >> INFO : MINION : Failed to set JaCoCo session: org.jacoco.agent.rt.RT
19:21:38 PIT >> INFO : MINION : Failed to dump JaCoCo execution data: org.jacoco.agent.rt.RT
19:21:38 PIT >> INFO : MINION : Failed to set JaCoCo session: org.jacoco.agent.rt.RT
19:21:38 PIT >> INFO : MINION : Failed to dump JaCoCo execution data: org.jacoco.agent.rt.RT
19:21:38 PIT >> INFO : MINION : Failed to set JaCoCo session: org.jacoco.agent.rt.RT
19:21:38 PIT >> INFO : MINION : Failed to dump JaCoCo execution data: org.jacoco.agent.rt.RT
19:21:38 PIT >> INFO : MINION : Failed to set JaCoCo session: org.jacoco.agent.rt.RT
19:21:38 PIT >> INFO : MINION : Failed to dump JaCoCo execution data: org.jacoco.agent.rt.RT
19:21:38 PIT >> INFO : MINION : Failed to set JaCoCo session: org.jacoco.agent.rt.RT
19:21:38 PIT >> INFO : MINION : Failed to dump JaCoCo execution data: org.jacoco.agent.rt.RT
19:21:38 PIT >> INFO : MINION : Failed to set JaCoCo session: org.jacoco.agent.rt.RT
19:21:38 PIT >> INFO : MINION : Failed to dump JaCoCo execution data: org.jacoco.agent.rt.RT
19:21:38 PIT >> INFO : MINION : Failed to set JaCoCo session: org.jacoco.agent.rt.RT
19:21:38 PIT >> INFO : MINION : Failed to dump JaCoCo execution data: org.jacoco.agent.rt.RT
19:21:38 PIT >> INFO : MINION : Failed to set JaCoCo session: org.jacoco.agent.rt.RT
19:21:38 PIT >> INFO : MINION : Failed to dump JaCoCo execution data: org.jacoco.agent.rt.RT
19:21:38 PIT >> INFO : MINION : Failed to set JaCoCo session: org.jacoco.agent.rt.RT
19:21:38 PIT >> INFO : MINION : Failed to dump JaCoCo execution data: org.jacoco.agent.rt.RT
19:21:38 PIT >> INFO : MINION : Failed to set JaCoCo session: org.jacoco.agent.rt.RT
19:21:38 PIT >> INFO : MINION : Failed to dump JaCoCo execution data: org.jacoco.agent.rt.RT
19:21:38 PIT >> INFO : MINION : Failed to set JaCoCo session: org.jacoco.agent.rt.RT
19:21:38 PIT >> INFO : MINION : Failed to dump JaCoCo execution data: org.jacoco.agent.rt.RT
19:21:38 PIT >> INFO : MINION : Failed to set JaCoCo session: org.jacoco.agent.rt.RT
19:21:38 PIT >> INFO : MINION : Failed to dump JaCoCo execution data: org.jacoco.agent.rt.RT
19:21:38 PIT >> INFO : MINION : Failed to set JaCoCo session: org.jacoco.agent.rt.RT
19:21:38 PIT >> INFO : MINION : Failed to dump JaCoCo execution data: org.jacoco.agent.rt.RT
19:21:38 PIT >> INFO : MINION : Failed to set JaCoCo session: org.jacoco.agent.rt.RT
19:21:38 PIT >> INFO : MINION : Failed to dump JaCoCo execution data: org.jacoco.agent.rt.RT
19:21:38 PIT >> INFO : MINION : Failed to set JaCoCo session: org.jacoco.agent.rt.RT
19:21:38 PIT >> INFO : MINION : Failed to dump JaCoCo execution data: org.jacoco.agent.rt.RT
19:21:38 PIT >> INFO : MINION : Failed to set JaCoCo session: org.jacoco.agent.rt.RT
19:21:38 PIT >> INFO : MINION : Failed to dump JaCoCo execution data: org.jacoco.agent.rt.RT
19:21:38 PIT >> INFO : MINION : Failed to set JaCoCo session: org.jacoco.agent.rt.RT
19:21:38 PIT >> INFO : MINION : Failed to dump JaCoCo execution data: org.jacoco.agent.rt.RT
19:21:38 PIT >> INFO : MINION : Failed to set JaCoCo session: org.jacoco.agent.rt.RT
19:21:38 PIT >> INFO : MINION : Failed to dump JaCoCo execution data: org.jacoco.agent.rt.RT
19:21:38 PIT >> SEVERE : Description [testClass=org.springframework.core.annotation.AnnotationAwareOrderComparatorTests, name=[engine:junit-jupiter]/[class:org.springframework.core.annotation.AnnotationAwareOrderComparatorTests]/[method:sortClassesWithSubclass()]] did not pass without mutation.
19:21:38 PIT >> SEVERE : Description [testClass=org.springframework.core.annotation.AnnotationAwareOrderComparatorTests, name=[engine:junit-jupiter]/[class:org.springframework.core.annotation.AnnotationAwareOrderComparatorTests]/[method:sortInstancesWithSubclass()]] did not pass without mutation.
19:21:38 PIT >> SEVERE : Description [testClass=org.springframework.core.annotation.AnnotationAwareOrderComparatorTests, name=[engine:junit-jupiter]/[class:org.springframework.core.annotation.AnnotationAwareOrderComparatorTests]/[method:sortInstances()]] did not pass without mutation.
19:21:38 PIT >> SEVERE : Description [testClass=org.springframework.core.annotation.AnnotationAwareOrderComparatorTests, name=[engine:junit-jupiter]/[class:org.springframework.core.annotation.AnnotationAwareOrderComparatorTests]/[method:sortInstancesWithPriority()]] did not pass without mutation.
19:21:38 PIT >> SEVERE : Description [testClass=org.springframework.core.annotation.AnnotationAwareOrderComparatorTests, name=[engine:junit-jupiter]/[class:org.springframework.core.annotation.AnnotationAwareOrderComparatorTests]/[method:sortWithNulls()]] did not pass without mutation.
19:21:38 PIT >> SEVERE : Description [testClass=org.springframework.core.annotation.AnnotationAwareOrderComparatorTests, name=[engine:junit-jupiter]/[class:org.springframework.core.annotation.AnnotationAwareOrderComparatorTests]/[method:sortClasses()]] did not pass without mutation.
19:21:38 PIT >> SEVERE : Description [testClass=org.springframework.core.annotation.AnnotationBackCompatibilityTests, name=[engine:junit-jupiter]/[class:org.springframework.core.annotation.AnnotationBackCompatibilityTests]/[method:defaultValue()]] did not pass without mutation.
19:21:38 PIT >> SEVERE : Description [testClass=org.springframework.core.annotation.AnnotationBackCompatibilityTests, name=[engine:junit-jupiter]/[class:org.springframework.core.annotation.AnnotationBackCompatibilityTests]/[method:multiplRoutesToMetaAnnotation()]] did not pass without mutation.
19:21:38 PIT >> INFO : MINION : Failed to set JaCoCo session: org.jacoco.agent.rt.RT
19:21:38 PIT >> SEVERE : Description [testClass=org.springframework.core.annotation.AnnotationTypeMappingsTests, name=[engine:junit-jupiter]/[class:org.springframework.core.annotation.AnnotationTypeMappingsTests]/[method:getMirrorSetWhenThreeDeepReturnsMirrors()]] did not pass without mutation.
19:21:38 PIT >> INFO : MINION : Failed to dump JaCoCo execution data: org.jacoco.agent.rt.RT
19:21:38 PIT >> INFO : MINION : Failed to set JaCoCo session: org.jacoco.agent.rt.RT
19:21:38 PIT >> INFO : MINION : Failed to dump JaCoCo execution data: org.jacoco.agent.rt.RT
19:21:38 PIT >> INFO : MINION : Failed to set JaCoCo session: org.jacoco.agent.rt.RT
19:21:38 PIT >> INFO : MINION : Failed to dump JaCoCo execution data: org.jacoco.agent.rt.RT
19:21:38 PIT >> INFO : MINION : Failed to set JaCoCo session: org.jacoco.agent.rt.RT
19:21:38 PIT >> INFO : MINION : Failed to dump JaCoCo execution data: org.jacoco.agent.rt.RT
19:21:38 PIT >> INFO : MINION : Failed to set JaCoCo session: org.jacoco.agent.rt.RT
19:21:38 PIT >> INFO : MINION : Failed to dump JaCoCo execution data: org.jacoco.agent.rt.RT
19:21:38 PIT >> INFO : MINION : Failed to set JaCoCo session: org.jacoco.agent.rt.RT
19:21:38 PIT >> INFO : MINION : Failed to dump JaCoCo execution data: org.jacoco.agent.rt.RT
19:21:38 PIT >> INFO : MINION : Failed to set JaCoCo session: org.jacoco.agent.rt.RT
19:21:38 PIT >> INFO : MINION : Failed to dump JaCoCo execution data: org.jacoco.agent.rt.RT
19:21:38 PIT >> INFO : MINION : Failed to set JaCoCo session: org.jacoco.agent.rt.RT
19:21:38 PIT >> INFO : MINION : Failed to dump JaCoCo execution data: org.jacoco.agent.rt.RT
19:21:38 PIT >> INFO : MINION : Failed to set JaCoCo session: org.jacoco.agent.rt.RT
19:21:38 PIT >> INFO : MINION : Failed to dump JaCoCo execution data: org.jacoco.agent.rt.RT
19:21:38 PIT >> INFO : MINION : Failed to set JaCoCo session: org.jacoco.agent.rt.RT
19:21:38 PIT >> INFO : MINION : Failed to dump JaCoCo execution data: org.jacoco.agent.rt.RT
19:21:38 PIT >> INFO : MINION : Failed to set JaCoCo session: org.jacoco.agent.rt.RT
19:21:38 PIT >> INFO : MINION : Failed to dump JaCoCo execution data: org.jacoco.agent.rt.RT
19:21:38 PIT >> INFO : MINION : Failed to set JaCoCo session: org.jacoco.agent.rt.RT
19:21:38 PIT >> INFO : MINION : Failed to dump JaCoCo execution data: org.jacoco.agent.rt.RT
19:21:38 PIT >> INFO : MINION : Failed to set JaCoCo session: org.jacoco.agent.rt.RT
19:21:38 PIT >> INFO : MINION : Failed to dump JaCoCo execution data: org.jacoco.agent.rt.RT
19:21:38 PIT >> INFO : MINION : Failed to set JaCoCo session: org.jacoco.agent.rt.RT
19:21:38 PIT >> INFO : MINION : Failed to dump JaCoCo execution data: org.jacoco.agent.rt.RT
19:21:38 PIT >> INFO : MINION : Failed to set JaCoCo session: org.jacoco.agent.rt.RT
19:21:38 PIT >> INFO : MINION : Failed to dump JaCoCo execution data: org.jacoco.agent.rt.RT
19:21:38 PIT >> INFO : MINION : Failed to set JaCoCo session: org.jacoco.agent.rt.RT
19:21:38 PIT >> INFO : MINION : Failed to dump JaCoCo execution data: org.jacoco.agent.rt.RT
19:21:38 PIT >> INFO : MINION : Failed to set JaCoCo session: org.jacoco.agent.rt.RT
19:21:38 PIT >> INFO : MINION : Failed to dump JaCoCo execution data: org.jacoco.agent.rt.RT
19:21:38 PIT >> INFO : MINION : Failed to set JaCoCo session: org.jacoco.agent.rt.RT
19:21:38 PIT >> INFO : MINION : Failed to dump JaCoCo execution data: org.jacoco.agent.rt.RT
19:21:38 PIT >> INFO : MINION : Failed to set JaCoCo session: org.jacoco.agent.rt.RT
19:21:38 PIT >> INFO : MINION : Failed to dump JaCoCo execution data: org.jacoco.agent.rt.RT
19:21:38 PIT >> INFO : MINION : Failed to set JaCoCo session: org.jacoco.agent.rt.RT
19:21:38 PIT >> INFO : MINION : Failed to dump JaCoCo execution data: org.jacoco.agent.rt.RT
19:21:38 PIT >> INFO : MINION : Failed to set JaCoCo session: org.jacoco.agent.rt.RT
19:21:38 PIT >> INFO : MINION : Failed to dump JaCoCo execution data: org.jacoco.agent.rt.RT
19:21:38 PIT >> INFO : MINION : Failed to set JaCoCo session: org.jacoco.agent.rt.RT
19:21:38 PIT >> INFO : MINION : Failed to dump JaCoCo execution data: org.jacoco.agent.rt.RT
19:21:38 PIT >> INFO : MINION : Failed to set JaCoCo session: org.jacoco.agent.rt.RT
19:21:38 PIT >> INFO : MINION : Failed to dump JaCoCo execution data: org.jacoco.agent.rt.RT
19:21:38 PIT >> INFO : MINION : Failed to set JaCoCo session: org.jacoco.agent.rt.RT
19:21:38 PIT >> INFO : MINION : Failed to dump JaCoCo execution data: org.jacoco.agent.rt.RT
19:21:38 PIT >> SEVERE : Description [testClass=org.springframework.core.annotation.AnnotationTypeMappingsTests, name=[engine:junit-jupiter]/[class:org.springframework.core.annotation.AnnotationTypeMappingsTests]/[method:getAliasMappingReturnsAttributes()]] did not pass without mutation.
19:21:38 PIT >> SEVERE : Description [testClass=org.springframework.core.annotation.AnnotationTypeMappingsTests, name=[engine:junit-jupiter]/[class:org.springframework.core.annotation.AnnotationTypeMappingsTests]/[method:isEquivalentToDefaultValueWhenClassAndStringNamesMatchReturnsTrue()]] did not pass without mutation.
19:21:38 PIT >> SEVERE : Description [testClass=org.springframework.core.annotation.AnnotationTypeMappingsTests, name=[engine:junit-jupiter]/[class:org.springframework.core.annotation.AnnotationTypeMappingsTests]/[method:forAnnotationTypeWhenAliasForSelfWithDifferentDefaults()]] did not pass without mutation.
19:21:38 PIT >> SEVERE : Description [testClass=org.springframework.core.annotation.AnnotationTypeMappingsTests, name=[engine:junit-jupiter]/[class:org.springframework.core.annotation.AnnotationTypeMappingsTests]/[method:forAnnotationTypeWhenAliasForToOtherNonExistingAttribute()]] did not pass without mutation.
19:21:38 PIT >> SEVERE : Description [testClass=org.springframework.core.annotation.AnnotationTypeMappingsTests, name=[engine:junit-jupiter]/[class:org.springframework.core.annotation.AnnotationTypeMappingsTests]/[method:getDistanceReturnsDistance()]] did not pass without mutation.
19:21:38 PIT >> SEVERE : Description [testClass=org.springframework.core.annotation.AnnotationTypeMappingsTests, name=[engine:junit-jupiter]/[class:org.springframework.core.annotation.AnnotationTypeMappingsTests]/[method:isEquivalentToDefaultValueWhenNotMatchingReturnsFalse()]] did not pass without mutation.
19:21:38 PIT >> INFO : MINION : Failed to set JaCoCo session: org.jacoco.agent.rt.RT
19:21:38 PIT >> SEVERE : Description [testClass=org.springframework.core.annotation.AnnotationTypeMappingsTests, name=[engine:junit-jupiter]/[class:org.springframework.core.annotation.AnnotationTypeMappingsTests]/[method:getAnnotationWhenMetaAnnotationReturnsAnnotation()]] did not pass without mutation.
19:21:38 PIT >> SEVERE : Description [testClass=org.springframework.core.annotation.AnnotationTypeMappingsTests, name=[engine:junit-jupiter]/[class:org.springframework.core.annotation.AnnotationTypeMappingsTests]/[method:isEquivalentToDefaultValueWhenValueAndDefaultAreNullReturnsTrue()]] did not pass without mutation.
19:21:38 PIT >> SEVERE : Description [testClass=org.springframework.core.annotation.AnnotationTypeMappingsTests, name=[engine:junit-jupiter]/[class:org.springframework.core.annotation.AnnotationTypeMappingsTests]/[method:getAnnotationTypeReturnsAnnotationType()]] did not pass without mutation.
19:21:38 PIT >> SEVERE : Description [testClass=org.springframework.core.annotation.AnnotationTypeMappingsTests, name=[engine:junit-jupiter]/[class:org.springframework.core.annotation.AnnotationTypeMappingsTests]/[method:forAnnotationTypeWhenMetaAnnotationsReturnsMappings()]] did not pass without mutation.
19:21:38 PIT >> SEVERE : Description [testClass=org.springframework.core.annotation.AnnotationTypeMappingsTests, name=[engine:junit-jupiter]/[class:org.springframework.core.annotation.AnnotationTypeMappingsTests]/[method:forAnnotationTypeWhenAliasForSelfWithMissingDefault()]] did not pass without mutation.
19:21:38 PIT >> SEVERE : Description [testClass=org.springframework.core.annotation.AnnotationTypeMappingsTests, name=[engine:junit-jupiter]/[class:org.springframework.core.annotation.AnnotationTypeMappingsTests]/[method:getConventionMappingReturnsAttributes()]] did not pass without mutation.
19:21:38 PIT >> SEVERE : Description [testClass=org.springframework.core.annotation.AnnotationTypeMappingsTests, name=[engine:junit-jupiter]/[class:org.springframework.core.annotation.AnnotationTypeMappingsTests]/[method:resolveMirrorsWhenHasSameValuesUsesFirst()]] did not pass without mutation.
19:21:38 PIT >> SEVERE : Description [testClass=org.springframework.core.annotation.AnnotationTypeMappingsTests, name=[engine:junit-jupiter]/[class:org.springframework.core.annotation.AnnotationTypeMappingsTests]/[method:forAnnotationTypeWhenAliasForNonMetaAnnotated()]] did not pass without mutation.
19:21:38 PIT >> INFO : MINION : Failed to dump JaCoCo execution data: org.jacoco.agent.rt.RT
19:21:38 PIT >> SEVERE : Description [testClass=org.springframework.core.annotation.AnnotationTypeMappingsTests, name=[engine:junit-jupiter]/[class:org.springframework.core.annotation.AnnotationTypeMappingsTests]/[method:getMetaTypeReturnsTypes()]] did not pass without mutation.
19:21:38 PIT >> SEVERE : Description [testClass=org.springframework.core.annotation.AnnotationTypeMappingsTests, name=[engine:junit-jupiter]/[class:org.springframework.core.annotation.AnnotationTypeMappingsTests]/[method:getConventionMappingWhenConventionToExplicitAliasesReturnsMappedAttributes()]] did not pass without mutation.
19:21:38 PIT >> SEVERE : Description [testClass=org.springframework.core.annotation.AnnotationTypeMappingsTests, name=[engine:junit-jupiter]/[class:org.springframework.core.annotation.AnnotationTypeMappingsTests]/[method:resolveMirrorsWhenHasWithMultipleRoutesToAliasReturnsMirrors()]] did not pass without mutation.
19:21:38 PIT >> SEVERE : Description [testClass=org.springframework.core.annotation.AnnotationTypeMappingsTests, name=[engine:junit-jupiter]/[class:org.springframework.core.annotation.AnnotationTypeMappingsTests]/[method:forAnnotationTypeWhenHasAliasForWithBothValueAndAttributeThrowsException()]] did not pass without mutation.
19:21:38 PIT >> SEVERE : Description [testClass=org.springframework.core.annotation.AnnotationTypeMappingsTests, name=[engine:junit-jupiter]/[class:org.springframework.core.annotation.AnnotationTypeMappingsTests]/[method:isEquivalentToDefaultValueWhenNestedAnnotationAndExtractedValuesMatchReturnsTrueAndValueSuppliedAsTypeMappedAnnotation()]] did not pass without mutation.
19:21:38 PIT >> SEVERE : Description [testClass=org.springframework.core.annotation.AnnotationTypeMappingsTests, name=[engine:junit-jupiter]/[class:org.springframework.core.annotation.AnnotationTypeMappingsTests]/[method:forAnnotationTypeWhenRepeatableMetaAnnotationIsFiltered()]] did not pass without mutation.
19:21:38 PIT >> SEVERE : Description [testClass=org.springframework.core.annotation.AnnotationTypeMappingsTests, name=[engine:junit-jupiter]/[class:org.springframework.core.annotation.AnnotationTypeMappingsTests]/[method:getAttributesReturnsAttributes()]] did not pass without mutation.
19:21:38 PIT >> SEVERE : Description [testClass=org.springframework.core.annotation.AnnotationTypeMappingsTests, name=[engine:junit-jupiter]/[class:org.springframework.core.annotation.AnnotationTypeMappingsTests]/[method:getAnnotationWhenRootReturnsNull()]] did not pass without mutation.
19:21:38 PIT >> SEVERE : Description [testClass=org.springframework.core.annotation.AnnotationTypeMappingsTests, name=[engine:junit-jupiter]/[class:org.springframework.core.annotation.AnnotationTypeMappingsTests]/[method:forAnnotationTypeWhenSelfAnnotatedReturnsMapping()]] did not pass without mutation.
19:21:38 PIT >> SEVERE : Description [testClass=org.springframework.core.annotation.AnnotationTypeMappingsTests, name=[engine:junit-jupiter]/[class:org.springframework.core.annotation.AnnotationTypeMappingsTests]/[method:forAnnotationTypeWhenAliasForToSelf()]] did not pass without mutation.
19:21:38 PIT >> INFO : MINION : Failed to set JaCoCo session: org.jacoco.agent.rt.RT
19:21:38 PIT >> INFO : MINION : Failed to dump JaCoCo execution data: org.jacoco.agent.rt.RT
19:21:38 PIT >> INFO : MINION : Failed to set JaCoCo session: org.jacoco.agent.rt.RT
19:21:38 PIT >> INFO : MINION : Failed to dump JaCoCo execution data: org.jacoco.agent.rt.RT
19:21:38 PIT >> INFO : MINION : Failed to set JaCoCo session: org.jacoco.agent.rt.RT
19:21:38 PIT >> INFO : MINION : Failed to dump JaCoCo execution data: org.jacoco.agent.rt.RT
19:21:38 PIT >> INFO : MINION : Failed to set JaCoCo session: org.jacoco.agent.rt.RT
19:21:38 PIT >> INFO : MINION : Failed to dump JaCoCo execution data: org.jacoco.agent.rt.RT
19:21:38 PIT >> INFO : MINION : Failed to set JaCoCo session: org.jacoco.agent.rt.RT
19:21:38 PIT >> INFO : MINION : Failed to dump JaCoCo execution data: org.jacoco.agent.rt.RT
19:21:38 PIT >> INFO : MINION : Failed to set JaCoCo session: org.jacoco.agent.rt.RT
19:21:38 PIT >> INFO : MINION : Failed to dump JaCoCo execution data: org.jacoco.agent.rt.RT
19:21:38 PIT >> INFO : MINION : Failed to set JaCoCo session: org.jacoco.agent.rt.RT
19:21:38 PIT >> INFO : MINION : Failed to dump JaCoCo execution data: org.jacoco.agent.rt.RT
19:21:38 PIT >> INFO : MINION : Failed to set JaCoCo session: org.jacoco.agent.rt.RT
19:21:38 PIT >> INFO : MINION : Failed to dump JaCoCo execution data: org.jacoco.agent.rt.RT
19:21:38 PIT >> INFO : MINION : Failed to set JaCoCo session: org.jacoco.agent.rt.RT
19:21:38 PIT >> INFO : MINION : Failed to dump JaCoCo execution data: org.jacoco.agent.rt.RT
19:21:38 PIT >> INFO : MINION : Failed to set JaCoCo session: org.jacoco.agent.rt.RT
19:21:38 PIT >> INFO : MINION : Failed to dump JaCoCo execution data: org.jacoco.agent.rt.RT
19:21:38 PIT >> INFO : MINION : Failed to set JaCoCo session: org.jacoco.agent.rt.RT
19:21:38 PIT >> INFO : MINION : Failed to dump JaCoCo execution data: org.jacoco.agent.rt.RT
19:21:38 PIT >> INFO : MINION : Failed to set JaCoCo session: org.jacoco.agent.rt.RT
19:21:38 PIT >> INFO : MINION : Failed to dump JaCoCo execution data: org.jacoco.agent.rt.RT
19:21:38 PIT >> INFO : MINION : Failed to set JaCoCo session: org.jacoco.agent.rt.RT
19:21:38 PIT >> INFO : MINION : Failed to dump JaCoCo execution data: org.jacoco.agent.rt.RT
19:21:38 PIT >> INFO : MINION : Failed to set JaCoCo session: org.jacoco.agent.rt.RT
19:21:38 PIT >> INFO : MINION : Failed to dump JaCoCo execution data: org.jacoco.agent.rt.RT
19:21:38 PIT >> INFO : MINION : Failed to set JaCoCo session: org.jacoco.agent.rt.RT
19:21:38 PIT >> INFO : MINION : Failed to dump JaCoCo execution data: org.jacoco.agent.rt.RT
19:21:38 PIT >> INFO : MINION : Failed to set JaCoCo session: org.jacoco.agent.rt.RT
19:21:38 PIT >> INFO : MINION : Failed to dump JaCoCo execution data: org.jacoco.agent.rt.RT
19:21:38 PIT >> INFO : MINION : Failed to set JaCoCo session: org.jacoco.agent.rt.RT
19:21:38 PIT >> INFO : MINION : Failed to dump JaCoCo execution data: org.jacoco.agent.rt.RT
19:21:38 PIT >> INFO : MINION : Failed to set JaCoCo session: org.jacoco.agent.rt.RT
19:21:38 PIT >> INFO : MINION : Failed to dump JaCoCo execution data: org.jacoco.agent.rt.RT
19:21:38 PIT >> INFO : MINION : Failed to set JaCoCo session: org.jacoco.agent.rt.RT
19:21:38 PIT >> INFO : MINION : Failed to dump JaCoCo execution data: org.jacoco.agent.rt.RT
19:21:38 PIT >> INFO : MINION : Failed to set JaCoCo session: org.jacoco.agent.rt.RT
19:21:38 PIT >> INFO : MINION : Failed to dump JaCoCo execution data: org.jacoco.agent.rt.RT
19:21:38 PIT >> INFO : MINION : Failed to set JaCoCo session: org.jacoco.agent.rt.RT
19:21:38 PIT >> INFO : MINION : Failed to dump JaCoCo execution data: org.jacoco.agent.rt.RT
19:21:38 PIT >> INFO : MINION : Failed to set JaCoCo session: org.jacoco.agent.rt.RT
19:21:38 PIT >> INFO : MINION : Failed to dump JaCoCo execution data: org.jacoco.agent.rt.RT
19:21:38 PIT >> INFO : MINION : Failed to set JaCoCo session: org.jacoco.agent.rt.RT
19:21:38 PIT >> INFO : MINION : Failed to dump JaCoCo execution data: org.jacoco.agent.rt.RT
19:21:38 PIT >> SEVERE : Description [testClass=org.springframework.core.annotation.AnnotationTypeMappingsTests, name=[engine:junit-jupiter]/[class:org.springframework.core.annotation.AnnotationTypeMappingsTests]/[method:forAnnotationTypeWhenAliasForWithArrayCompatibleReturnTypes()]] did not pass without mutation.
19:21:38 PIT >> SEVERE : Description [testClass=org.springframework.core.annotation.AnnotationTypeMappingsTests, name=[engine:junit-jupiter]/[class:org.springframework.core.annotation.AnnotationTypeMappingsTests]/[method:forAnnotationTypeWhenAliasForHasMixedImplicitAndExplicitAliases()]] did not pass without mutation.
19:21:38 PIT >> SEVERE : Description [testClass=org.springframework.core.annotation.AnnotationTypeMappingsTests, name=[engine:junit-jupiter]/[class:org.springframework.core.annotation.AnnotationTypeMappingsTests]/[method:forAnnotationTypeWhenAliasWithExplicitMirrorAndDifferentDefaults()]] did not pass without mutation.
19:21:38 PIT >> SEVERE : Description [testClass=org.springframework.core.annotation.AnnotationTypeMappingsTests, name=[engine:junit-jupiter]/[class:org.springframework.core.annotation.AnnotationTypeMappingsTests]/[method:resolveMirrorsWhenHasDifferentValuesThrowsException()]] did not pass without mutation.
19:21:38 PIT >> SEVERE : Description [testClass=org.springframework.core.annotation.AnnotationTypeMappingsTests, name=[engine:junit-jupiter]/[class:org.springframework.core.annotation.AnnotationTypeMappingsTests]/[method:forAnnotationTypeWhenFormsLoopReturnsMapping()]] did not pass without mutation.
19:21:38 PIT >> SEVERE : Description [testClass=org.springframework.core.annotation.AnnotationTypeMappingsTests, name=[engine:junit-jupiter]/[class:org.springframework.core.annotation.AnnotationTypeMappingsTests]/[method:isEquivalentToDefaultValueWhenValueAndDefaultMatchReturnsTrue()]] did not pass without mutation.
19:21:38 PIT >> SEVERE : Description [testClass=org.springframework.core.annotation.AnnotationTypeMappingsTests, name=[engine:junit-jupiter]/[class:org.springframework.core.annotation.AnnotationTypeMappingsTests]/[method:getAliasMappingWhenHasWithMultipleRoutesToAliasReturnsMappedAttributes()]] did not pass without mutation.
19:21:38 PIT >> SEVERE : Description [testClass=org.springframework.core.annotation.AnnotationTypeMappingsTests, name=[engine:junit-jupiter]/[class:org.springframework.core.annotation.AnnotationTypeMappingsTests]/[method:isEquivalentToDefaultValueWhenClassArrayAndStringArrayNamesMatchReturnsTrue()]] did not pass without mutation.
19:21:38 PIT >> SEVERE : Description [testClass=org.springframework.core.annotation.AnnotationTypeMappingsTests, name=[engine:junit-jupiter]/[class:org.springframework.core.annotation.AnnotationTypeMappingsTests]/[method:forAnnotationTypeWhenAliasForToSelfNonExistingAttribute()]] did not pass without mutation.
19:21:38 PIT >> SEVERE : Description [testClass=org.springframework.core.annotation.AnnotationTypeMappingsTests, name=[engine:junit-jupiter]/[class:org.springframework.core.annotation.AnnotationTypeMappingsTests]/[method:getAliasMappingsWhenHasDefinedAttributesReturnsMappedAttributes()]] did not pass without mutation.
19:21:38 PIT >> SEVERE : Description [testClass=org.springframework.core.annotation.AnnotationTypeMappingsTests, name=[engine:junit-jupiter]/[class:org.springframework.core.annotation.AnnotationTypeMappingsTests]/[method:forAnnotationTypeWhenHasRepeatingMetaAnnotationReturnsMapping()]] did not pass without mutation.
19:21:38 PIT >> SEVERE : Description [testClass=org.springframework.core.annotation.AnnotationTypeMappingsTests, name=[engine:junit-jupiter]/[class:org.springframework.core.annotation.AnnotationTypeMappingsTests]/[method:resolveMirrorsWhenOnlyHasDefaultValuesUsesFirst()]] did not pass without mutation.
19:21:38 PIT >> SEVERE : Description [testClass=org.springframework.core.annotation.AnnotationTypeMappingsTests, name=[engine:junit-jupiter]/[class:org.springframework.core.annotation.AnnotationTypeMappingsTests]/[method:forAnnotationTypeWhenAliasForToSelfAnnotatedToOtherAttribute()]] did not pass without mutation.
19:21:38 PIT >> INFO : MINION : Failed to set JaCoCo session: org.jacoco.agent.rt.RT
19:21:38 PIT >> SEVERE : Description [testClass=org.springframework.core.annotation.AnnotationTypeMappingsTests, name=[engine:junit-jupiter]/[class:org.springframework.core.annotation.AnnotationTypeMappingsTests]/[method:forAnnotationTypeWhenAliasForWithIncompatibleReturnTypes()]] did not pass without mutation.
19:21:38 PIT >> SEVERE : Description [testClass=org.springframework.core.annotation.AnnotationTypeMappingsTests, name=[engine:junit-jupiter]/[class:org.springframework.core.annotation.AnnotationTypeMappingsTests]/[method:isEquivalentToDefaultValueWhenNestedAnnotationAndExtractedValuesMatchReturnsTrueAndValueSuppliedAsMap()]] did not pass without mutation.
19:21:38 PIT >> SEVERE : Description [testClass=org.springframework.core.annotation.AnnotationTypeMappingsTests, name=[engine:junit-jupiter]/[class:org.springframework.core.annotation.AnnotationTypeMappingsTests]/[method:getMirrorSetWhenAliasPairReturnsMirrors()]] did not pass without mutation.
19:21:38 PIT >> SEVERE : Description [testClass=org.springframework.core.annotation.AnnotationTypeMappingsTests, name=[engine:junit-jupiter]/[class:org.springframework.core.annotation.AnnotationTypeMappingsTests]/[method:getMirrorSetWhenImplicitMirrorsReturnsMirrors()]] did not pass without mutation.
19:21:38 PIT >> SEVERE : Description [testClass=org.springframework.core.annotation.AnnotationTypeMappingsTests, name=[engine:junit-jupiter]/[class:org.springframework.core.annotation.AnnotationTypeMappingsTests]/[method:getAliasMappingWhenThreeDeepReturnsMappedAttributes()]] did not pass without mutation.
19:21:38 PIT >> SEVERE : Description [testClass=org.springframework.core.annotation.AnnotationTypeMappingsTests, name=[engine:junit-jupiter]/[class:org.springframework.core.annotation.AnnotationTypeMappingsTests]/[method:forAnnotationTypeWhenNoMetaAnnotationsReturnsMappings()]] did not pass without mutation.
19:21:38 PIT >> SEVERE : Description [testClass=org.springframework.core.annotation.AnnotationTypeMappingsTests, name=[engine:junit-jupiter]/[class:org.springframework.core.annotation.AnnotationTypeMappingsTests]/[method:resolveMirrorsWhenAliasPairResolves()]] did not pass without mutation.
19:21:38 PIT >> SEVERE : Description [testClass=org.springframework.core.annotation.AnnotationUtilsTests, name=[engine:junit-jupiter]/[class:org.springframework.core.annotation.AnnotationUtilsTests]/[method:getRepeatableAnnotationsDeclaredOnMethod()]] did not pass without mutation.
19:21:38 PIT >> SEVERE : Description [testClass=org.springframework.core.annotation.AnnotationUtilsTests, name=[engine:junit-jupiter]/[class:org.springframework.core.annotation.AnnotationUtilsTests]/[method:getRepeatableAnnotationsDeclaredOnSuperclass()]] did not pass without mutation.
19:21:38 PIT >> SEVERE : Description [testClass=org.springframework.core.annotation.AnnotationUtilsTests, name=[engine:junit-jupiter]/[class:org.springframework.core.annotation.AnnotationUtilsTests]/[method:getRepeatableAnnotationsDeclaredOnClass()]] did not pass without mutation.
19:21:38 PIT >> INFO : MINION : Failed to dump JaCoCo execution data: org.jacoco.agent.rt.RT
19:21:38 PIT >> SEVERE : Description [testClass=org.springframework.core.annotation.AnnotationUtilsTests, name=[engine:junit-jupiter]/[class:org.springframework.core.annotation.AnnotationUtilsTests]/[method:isAnnotationInheritedForAllScenarios()]] did not pass without mutation.
19:21:38 PIT >> INFO : MINION : Failed to set JaCoCo session: org.jacoco.agent.rt.RT
19:21:38 PIT >> INFO : MINION : Failed to dump JaCoCo execution data: org.jacoco.agent.rt.RT
19:21:38 PIT >> INFO : MINION : Failed to set JaCoCo session: org.jacoco.agent.rt.RT
19:21:38 PIT >> INFO : MINION : Failed to dump JaCoCo execution data: org.jacoco.agent.rt.RT
19:21:38 PIT >> INFO : MINION : Failed to set JaCoCo session: org.jacoco.agent.rt.RT
19:21:38 PIT >> INFO : MINION : Failed to dump JaCoCo execution data: org.jacoco.agent.rt.RT
19:21:38 PIT >> INFO : MINION : Failed to set JaCoCo session: org.jacoco.agent.rt.RT
19:21:38 PIT >> INFO : MINION : Failed to dump JaCoCo execution data: org.jacoco.agent.rt.RT
19:21:38 PIT >> INFO : MINION : Failed to set JaCoCo session: org.jacoco.agent.rt.RT
19:21:38 PIT >> INFO : MINION : Failed to dump JaCoCo execution data: org.jacoco.agent.rt.RT
19:21:38 PIT >> INFO : MINION : Failed to set JaCoCo session: org.jacoco.agent.rt.RT
19:21:38 PIT >> INFO : MINION : Failed to dump JaCoCo execution data: org.jacoco.agent.rt.RT
19:21:38 PIT >> INFO : MINION : Failed to set JaCoCo session: org.jacoco.agent.rt.RT
19:21:38 PIT >> INFO : MINION : Failed to dump JaCoCo execution data: org.jacoco.agent.rt.RT
19:21:38 PIT >> INFO : MINION : Failed to set JaCoCo session: org.jacoco.agent.rt.RT
19:21:38 PIT >> INFO : MINION : Failed to dump JaCoCo execution data: org.jacoco.agent.rt.RT
19:21:38 PIT >> INFO : MINION : Failed to set JaCoCo session: org.jacoco.agent.rt.RT
19:21:38 PIT >> INFO : MINION : Failed to dump JaCoCo execution data: org.jacoco.agent.rt.RT
19:21:38 PIT >> INFO : MINION : Failed to set JaCoCo session: org.jacoco.agent.rt.RT
19:21:38 PIT >> INFO : MINION : Failed to dump JaCoCo execution data: org.jacoco.agent.rt.RT
19:21:38 PIT >> INFO : MINION : Failed to set JaCoCo session: org.jacoco.agent.rt.RT
19:21:38 PIT >> INFO : MINION : Failed to dump JaCoCo execution data: org.jacoco.agent.rt.RT
19:21:38 PIT >> INFO : MINION : Failed to set JaCoCo session: org.jacoco.agent.rt.RT
19:21:38 PIT >> INFO : MINION : Failed to dump JaCoCo execution data: org.jacoco.agent.rt.RT
19:21:38 PIT >> INFO : MINION : Failed to set JaCoCo session: org.jacoco.agent.rt.RT
19:21:38 PIT >> INFO : MINION : Failed to dump JaCoCo execution data: org.jacoco.agent.rt.RT
19:21:38 PIT >> INFO : MINION : Failed to set JaCoCo session: org.jacoco.agent.rt.RT
19:21:38 PIT >> INFO : MINION : Failed to dump JaCoCo execution data: org.jacoco.agent.rt.RT
19:21:38 PIT >> INFO : MINION : Failed to set JaCoCo session: org.jacoco.agent.rt.RT
19:21:38 PIT >> INFO : MINION : Failed to dump JaCoCo execution data: org.jacoco.agent.rt.RT
19:21:38 PIT >> INFO : MINION : Failed to set JaCoCo session: org.jacoco.agent.rt.RT
19:21:38 PIT >> INFO : MINION : Failed to dump JaCoCo execution data: org.jacoco.agent.rt.RT
19:21:38 PIT >> INFO : MINION : Failed to set JaCoCo session: org.jacoco.agent.rt.RT
19:21:38 PIT >> INFO : MINION : Failed to dump JaCoCo execution data: org.jacoco.agent.rt.RT
19:21:38 PIT >> INFO : MINION : Failed to set JaCoCo session: org.jacoco.agent.rt.RT
19:21:38 PIT >> INFO : MINION : Failed to dump JaCoCo execution data: org.jacoco.agent.rt.RT
19:21:38 PIT >> INFO : MINION : Failed to set JaCoCo session: org.jacoco.agent.rt.RT
19:21:38 PIT >> INFO : MINION : Failed to dump JaCoCo execution data: org.jacoco.agent.rt.RT
19:21:38 PIT >> INFO : MINION : Failed to set JaCoCo session: org.jacoco.agent.rt.RT
19:21:38 PIT >> INFO : MINION : Failed to dump JaCoCo execution data: org.jacoco.agent.rt.RT
19:21:38 PIT >> INFO : MINION : Failed to set JaCoCo session: org.jacoco.agent.rt.RT
19:21:38 PIT >> INFO : MINION : Failed to dump JaCoCo execution data: org.jacoco.agent.rt.RT
19:21:38 PIT >> INFO : MINION : Failed to set JaCoCo session: org.jacoco.agent.rt.RT
19:21:38 PIT >> INFO : MINION : Failed to dump JaCoCo execution data: org.jacoco.agent.rt.RT
19:21:38 PIT >> INFO : MINION : Failed to set JaCoCo session: org.jacoco.agent.rt.RT
19:21:38 PIT >> INFO : MINION : Failed to dump JaCoCo execution data: org.jacoco.agent.rt.RT
19:21:38 PIT >> INFO : MINION : Failed to set JaCoCo session: org.jacoco.agent.rt.RT
19:21:38 PIT >> INFO : MINION : Failed to dump JaCoCo execution data: org.jacoco.agent.rt.RT
19:21:38 PIT >> SEVERE : Description [testClass=org.springframework.core.annotation.AnnotationUtilsTests, name=[engine:junit-jupiter]/[class:org.springframework.core.annotation.AnnotationUtilsTests]/[method:findMethodAnnotationOnRootButOverridden()]] did not pass without mutation.
19:21:38 PIT >> SEVERE : Description [testClass=org.springframework.core.annotation.AnnotationUtilsTests, name=[engine:junit-jupiter]/[class:org.springframework.core.annotation.AnnotationUtilsTests]/[method:findAnnotationFindsRepeatableContainerOnComposedAnnotationMetaAnnotatedWithRepeatableAnnotations()]] did not pass without mutation.
19:21:38 PIT >> SEVERE : Description [testClass=org.springframework.core.annotation.AnnotationUtilsTests, name=[engine:junit-jupiter]/[class:org.springframework.core.annotation.AnnotationUtilsTests]/[method:synthesizeAnnotationFromMapWithNestedArrayOfMaps()]] did not pass without mutation.
19:21:38 PIT >> SEVERE : Description [testClass=org.springframework.core.annotation.AnnotationUtilsTests, name=[engine:junit-jupiter]/[class:org.springframework.core.annotation.AnnotationUtilsTests]/[method:getAnnotationAttributesWithAttributeAliasesWithDifferentValues()]] did not pass without mutation.
19:21:38 PIT >> SEVERE : Description [testClass=org.springframework.core.annotation.AnnotationUtilsTests, name=[engine:junit-jupiter]/[class:org.springframework.core.annotation.AnnotationUtilsTests]/[method:getAnnotationAttributesWithNestedAnnotations()]] did not pass without mutation.
19:21:38 PIT >> SEVERE : Description [testClass=org.springframework.core.annotation.AnnotationUtilsTests, name=[engine:junit-jupiter]/[class:org.springframework.core.annotation.AnnotationUtilsTests]/[method:synthesizeAnnotationWithImplicitAliasesWithMissingDefaultValues()]] did not pass without mutation.
19:21:38 PIT >> SEVERE : Description [testClass=org.springframework.core.annotation.AnnotationUtilsTests, name=[engine:junit-jupiter]/[class:org.springframework.core.annotation.AnnotationUtilsTests]/[method:findClassAnnotationOnMetaCycleAnnotatedClassWithMissingTargetMetaAnnotation()]] did not pass without mutation.
19:21:38 PIT >> SEVERE : Description [testClass=org.springframework.core.annotation.AnnotationUtilsTests, name=[engine:junit-jupiter]/[class:org.springframework.core.annotation.AnnotationUtilsTests]/[method:isAnnotationDeclaredLocallyForAllScenarios()]] did not pass without mutation.
19:21:38 PIT >> SEVERE : Description [testClass=org.springframework.core.annotation.AnnotationUtilsTests, name=[engine:junit-jupiter]/[class:org.springframework.core.annotation.AnnotationUtilsTests]/[method:synthesizeAnnotationFromDefaultsWithoutAttributeAliases()]] did not pass without mutation.
19:21:38 PIT >> SEVERE : Description [testClass=org.springframework.core.annotation.AnnotationUtilsTests, name=[engine:junit-jupiter]/[class:org.springframework.core.annotation.AnnotationUtilsTests]/[method:getRepeatableAnnotationsDeclaredOnClassAndSuperclass()]] did not pass without mutation.
19:21:38 PIT >> SEVERE : Description [testClass=org.springframework.core.annotation.AnnotationUtilsTests, name=[engine:junit-jupiter]/[class:org.springframework.core.annotation.AnnotationUtilsTests]/[method:getAnnotationAttributesWithAttributeAliases()]] did not pass without mutation.
19:21:38 PIT >> SEVERE : Description [testClass=org.springframework.core.annotation.AnnotationUtilsTests, name=[engine:junit-jupiter]/[class:org.springframework.core.annotation.AnnotationUtilsTests]/[method:getRepeatableAnnotationsDeclaredOnClassWithAttributeAliases()]] did not pass without mutation.
19:21:38 PIT >> SEVERE : Description [testClass=org.springframework.core.annotation.AnnotationUtilsTests, name=[engine:junit-jupiter]/[class:org.springframework.core.annotation.AnnotationUtilsTests]/[method:findClassAnnotationFavorsMoreLocallyDeclaredComposedAnnotationsOverInheritedAnnotations()]] did not pass without mutation.
19:21:38 PIT >> SEVERE : Description [testClass=org.springframework.core.annotation.AnnotationUtilsTests, name=[engine:junit-jupiter]/[class:org.springframework.core.annotation.AnnotationUtilsTests]/[method:findMethodAnnotationWithMetaMetaAnnotationOnLeaf()]] did not pass without mutation.
19:21:38 PIT >> SEVERE : Description [testClass=org.springframework.core.annotation.AnnotationUtilsTests, name=[engine:junit-jupiter]/[class:org.springframework.core.annotation.AnnotationUtilsTests]/[method:findClassAnnotationOnAnnotatedClassWithMissingTargetMetaAnnotation()]] did not pass without mutation.
19:21:38 PIT >> SEVERE : Description [testClass=org.springframework.core.annotation.AnnotationUtilsTests, name=[engine:junit-jupiter]/[class:org.springframework.core.annotation.AnnotationUtilsTests]/[method:synthesizeAnnotationFromMapWithAttributeOfIncorrectType()]] did not pass without mutation.
19:21:38 PIT >> INFO : MINION : Failed to set JaCoCo session: org.jacoco.agent.rt.RT
19:21:38 PIT >> SEVERE : Description [testClass=org.springframework.core.annotation.AnnotationUtilsTests, name=[engine:junit-jupiter]/[class:org.springframework.core.annotation.AnnotationUtilsTests]/[method:synthesizeAnnotationFromAnnotationAttributesWithoutAttributeAliases()]] did not pass without mutation.
19:21:38 PIT >> INFO : MINION : Failed to dump JaCoCo execution data: org.jacoco.agent.rt.RT
19:21:38 PIT >> SEVERE : Description [testClass=org.springframework.core.annotation.AnnotationUtilsTests, name=[engine:junit-jupiter]/[class:org.springframework.core.annotation.AnnotationUtilsTests]/[method:synthesizeAnnotationFromMapWithMissingAttributeValue()]] did not pass without mutation.
19:21:38 PIT >> SEVERE : Description [testClass=org.springframework.core.annotation.AnnotationUtilsTests, name=[engine:junit-jupiter]/[class:org.springframework.core.annotation.AnnotationUtilsTests]/[method:getDefaultValueFromAnnotationType()]] did not pass without mutation.
19:21:38 PIT >> SEVERE : Description [testClass=org.springframework.core.annotation.AnnotationUtilsTests, name=[engine:junit-jupiter]/[class:org.springframework.core.annotation.AnnotationUtilsTests]/[method:findClassAnnotationOnSubNonInheritedAnnotationInterface()]] did not pass without mutation.
19:21:38 PIT >> SEVERE : Description [testClass=org.springframework.core.annotation.AnnotationUtilsTests, name=[engine:junit-jupiter]/[class:org.springframework.core.annotation.AnnotationUtilsTests]/[method:synthesizeAnnotationFromMapWithMinimalAttributesWithAttributeAliases()]] did not pass without mutation.
19:21:38 PIT >> SEVERE : Description [testClass=org.springframework.core.annotation.AnnotationUtilsTests, name=[engine:junit-jupiter]/[class:org.springframework.core.annotation.AnnotationUtilsTests]/[method:getDeclaredRepeatableAnnotationsDeclaredOnClass()]] did not pass without mutation.
19:21:38 PIT >> SEVERE : Description [testClass=org.springframework.core.annotation.AnnotationUtilsTests, name=[engine:junit-jupiter]/[class:org.springframework.core.annotation.AnnotationUtilsTests]/[method:synthesizeAnnotationFromMapWithNullAttributeValue()]] did not pass without mutation.
19:21:38 PIT >> INFO : MINION : Failed to set JaCoCo session: org.jacoco.agent.rt.RT
19:21:38 PIT >> INFO : MINION : Failed to dump JaCoCo execution data: org.jacoco.agent.rt.RT
19:21:38 PIT >> INFO : MINION : Failed to set JaCoCo session: org.jacoco.agent.rt.RT
19:21:38 PIT >> INFO : MINION : Failed to dump JaCoCo execution data: org.jacoco.agent.rt.RT
19:21:38 PIT >> INFO : MINION : Failed to set JaCoCo session: org.jacoco.agent.rt.RT
19:21:38 PIT >> INFO : MINION : Failed to dump JaCoCo execution data: org.jacoco.agent.rt.RT
19:21:38 PIT >> INFO : MINION : Failed to set JaCoCo session: org.jacoco.agent.rt.RT
19:21:38 PIT >> INFO : MINION : Failed to dump JaCoCo execution data: org.jacoco.agent.rt.RT
19:21:38 PIT >> INFO : MINION : Failed to set JaCoCo session: org.jacoco.agent.rt.RT
19:21:38 PIT >> INFO : MINION : Failed to dump JaCoCo execution data: org.jacoco.agent.rt.RT
19:21:38 PIT >> INFO : MINION : Failed to set JaCoCo session: org.jacoco.agent.rt.RT
19:21:38 PIT >> INFO : MINION : Failed to dump JaCoCo execution data: org.jacoco.agent.rt.RT
19:21:38 PIT >> INFO : MINION : Failed to set JaCoCo session: org.jacoco.agent.rt.RT
19:21:38 PIT >> INFO : MINION : Failed to dump JaCoCo execution data: org.jacoco.agent.rt.RT
19:21:38 PIT >> INFO : MINION : Failed to set JaCoCo session: org.jacoco.agent.rt.RT
19:21:38 PIT >> INFO : MINION : Failed to dump JaCoCo execution data: org.jacoco.agent.rt.RT
19:21:38 PIT >> INFO : MINION : Failed to set JaCoCo session: org.jacoco.agent.rt.RT
19:21:38 PIT >> INFO : MINION : Failed to dump JaCoCo execution data: org.jacoco.agent.rt.RT
19:21:38 PIT >> INFO : MINION : Failed to set JaCoCo session: org.jacoco.agent.rt.RT
19:21:38 PIT >> INFO : MINION : Failed to dump JaCoCo execution data: org.jacoco.agent.rt.RT
19:21:38 PIT >> INFO : MINION : Failed to set JaCoCo session: org.jacoco.agent.rt.RT
19:21:38 PIT >> INFO : MINION : Failed to dump JaCoCo execution data: org.jacoco.agent.rt.RT
19:21:38 PIT >> INFO : MINION : Failed to set JaCoCo session: org.jacoco.agent.rt.RT
19:21:38 PIT >> INFO : MINION : Failed to dump JaCoCo execution data: org.jacoco.agent.rt.RT
19:21:38 PIT >> INFO : MINION : Failed to set JaCoCo session: org.jacoco.agent.rt.RT
19:21:38 PIT >> INFO : MINION : Failed to dump JaCoCo execution data: org.jacoco.agent.rt.RT
19:21:38 PIT >> INFO : MINION : Failed to set JaCoCo session: org.jacoco.agent.rt.RT
19:21:38 PIT >> INFO : MINION : Failed to dump JaCoCo execution data: org.jacoco.agent.rt.RT
19:21:38 PIT >> INFO : MINION : Failed to set JaCoCo session: org.jacoco.agent.rt.RT
19:21:38 PIT >> INFO : MINION : Failed to dump JaCoCo execution data: org.jacoco.agent.rt.RT
19:21:38 PIT >> INFO : MINION : Failed to set JaCoCo session: org.jacoco.agent.rt.RT
19:21:38 PIT >> INFO : MINION : Failed to dump JaCoCo execution data: org.jacoco.agent.rt.RT
19:21:38 PIT >> INFO : MINION : Failed to set JaCoCo session: org.jacoco.agent.rt.RT
19:21:38 PIT >> INFO : MINION : Failed to dump JaCoCo execution data: org.jacoco.agent.rt.RT
19:21:38 PIT >> INFO : MINION : Failed to set JaCoCo session: org.jacoco.agent.rt.RT
19:21:38 PIT >> INFO : MINION : Failed to dump JaCoCo execution data: org.jacoco.agent.rt.RT
19:21:38 PIT >> INFO : MINION : Failed to set JaCoCo session: org.jacoco.agent.rt.RT
19:21:38 PIT >> INFO : MINION : Failed to dump JaCoCo execution data: org.jacoco.agent.rt.RT
19:21:38 PIT >> INFO : MINION : Failed to set JaCoCo session: org.jacoco.agent.rt.RT
19:21:38 PIT >> INFO : MINION : Failed to dump JaCoCo execution data: org.jacoco.agent.rt.RT
19:21:38 PIT >> INFO : MINION : Failed to set JaCoCo session: org.jacoco.agent.rt.RT
19:21:38 PIT >> INFO : MINION : Failed to dump JaCoCo execution data: org.jacoco.agent.rt.RT
19:21:38 PIT >> INFO : MINION : Failed to set JaCoCo session: org.jacoco.agent.rt.RT
19:21:38 PIT >> INFO : MINION : Failed to dump JaCoCo execution data: org.jacoco.agent.rt.RT
19:21:38 PIT >> INFO : MINION : Failed to set JaCoCo session: org.jacoco.agent.rt.RT
19:21:38 PIT >> INFO : MINION : Failed to dump JaCoCo execution data: org.jacoco.agent.rt.RT
19:21:38 PIT >> INFO : MINION : Failed to set JaCoCo session: org.jacoco.agent.rt.RT
19:21:38 PIT >> INFO : MINION : Failed to dump JaCoCo execution data: org.jacoco.agent.rt.RT
19:21:38 PIT >> SEVERE : Description [testClass=org.springframework.core.annotation.AnnotationUtilsTests, name=[engine:junit-jupiter]/[class:org.springframework.core.annotation.AnnotationUtilsTests]/[method:getDefaultValueFromNonPublicAnnotation()]] did not pass without mutation.
19:21:38 PIT >> SEVERE : Description [testClass=org.springframework.core.annotation.AnnotationUtilsTests, name=[engine:junit-jupiter]/[class:org.springframework.core.annotation.AnnotationUtilsTests]/[method:findClassAnnotationOnSubInheritedAnnotationInterface()]] did not pass without mutation.
19:21:38 PIT >> SEVERE : Description [testClass=org.springframework.core.annotation.AnnotationUtilsTests, name=[engine:junit-jupiter]/[class:org.springframework.core.annotation.AnnotationUtilsTests]/[method:findAnnotationDeclaringClassForAllScenarios()]] did not pass without mutation.
19:21:38 PIT >> SEVERE : Description [testClass=org.springframework.core.annotation.AnnotationUtilsTests, name=[engine:junit-jupiter]/[class:org.springframework.core.annotation.AnnotationUtilsTests]/[method:synthesizeAnnotationFromMapWithoutAttributeAliases()]] did not pass without mutation.
19:21:38 PIT >> SEVERE : Description [testClass=org.springframework.core.annotation.AnnotationUtilsTests, name=[engine:junit-jupiter]/[class:org.springframework.core.annotation.AnnotationUtilsTests]/[method:findAnnotationDeclaringClassForTypesWithSingleCandidateType()]] did not pass without mutation.
19:21:38 PIT >> SEVERE : Description [testClass=org.springframework.core.annotation.AnnotationUtilsTests, name=[engine:junit-jupiter]/[class:org.springframework.core.annotation.AnnotationUtilsTests]/[method:findAnnotationDeclaringClassForTypesWithMultipleCandidateTypes()]] did not pass without mutation.
19:21:38 PIT >> SEVERE : Description [testClass=org.springframework.core.annotation.AnnotationUtilsTests, name=[engine:junit-jupiter]/[class:org.springframework.core.annotation.AnnotationUtilsTests]/[method:findMethodAnnotationWithAnnotationOnMethodInInterface()]] did not pass without mutation.
19:21:38 PIT >> SEVERE : Description [testClass=org.springframework.core.annotation.AnnotationUtilsTests, name=[engine:junit-jupiter]/[class:org.springframework.core.annotation.AnnotationUtilsTests]/[method:findClassAnnotationFavorsMoreLocallyDeclaredComposedAnnotationsOverInheritedComposedAnnotations()]] did not pass without mutation.
19:21:38 PIT >> SEVERE : Description [testClass=org.springframework.core.annotation.AnnotationUtilsTests, name=[engine:junit-jupiter]/[class:org.springframework.core.annotation.AnnotationUtilsTests]/[method:findMethodAnnotationFromGenericInterface()]] did not pass without mutation.
19:21:38 PIT >> SEVERE : Description [testClass=org.springframework.core.annotation.AnnotationUtilsTests, name=[engine:junit-jupiter]/[class:org.springframework.core.annotation.AnnotationUtilsTests]/[method:findMethodAnnotationOnLeaf()]] did not pass without mutation.
19:21:38 PIT >> SEVERE : Description [testClass=org.springframework.core.annotation.AnnotationUtilsTests, name=[engine:junit-jupiter]/[class:org.springframework.core.annotation.AnnotationUtilsTests]/[method:findMethodAnnotationOnRoot()]] did not pass without mutation.
19:21:38 PIT >> SEVERE : Description [testClass=org.springframework.core.annotation.AnnotationUtilsTests, name=[engine:junit-jupiter]/[class:org.springframework.core.annotation.AnnotationUtilsTests]/[method:findAnnotationFindsRepeatableContainerOnComposedAnnotationMetaAnnotatedWithRepeatableAnnotationsOnMethod()]] did not pass without mutation.
19:21:38 PIT >> SEVERE : Description [testClass=org.springframework.core.annotation.AnnotationUtilsTests, name=[engine:junit-jupiter]/[class:org.springframework.core.annotation.AnnotationUtilsTests]/[method:synthesizeAnnotationWithImplicitAliasesWithDuplicateValues()]] did not pass without mutation.
19:21:38 PIT >> SEVERE : Description [testClass=org.springframework.core.annotation.AnnotationUtilsTests, name=[engine:junit-jupiter]/[class:org.springframework.core.annotation.AnnotationUtilsTests]/[method:getValueFromAnnotation()]] did not pass without mutation.
19:21:38 PIT >> SEVERE : Description [testClass=org.springframework.core.annotation.AnnotationUtilsTests, name=[engine:junit-jupiter]/[class:org.springframework.core.annotation.AnnotationUtilsTests]/[method:findMethodAnnotationWithMetaAnnotationOnLeaf()]] did not pass without mutation.
19:21:38 PIT >> SEVERE : Description [testClass=org.springframework.core.annotation.AnnotationUtilsTests, name=[engine:junit-jupiter]/[class:org.springframework.core.annotation.AnnotationUtilsTests]/[method:findMethodAnnotationWithMetaAnnotationOnRoot()]] did not pass without mutation.
19:21:38 PIT >> SEVERE : Description [testClass=org.springframework.core.annotation.AnnotationUtilsTests, name=[engine:junit-jupiter]/[class:org.springframework.core.annotation.AnnotationUtilsTests]/[method:findAnnotationWithRepeatablesElements()]] did not pass without mutation.
19:21:38 PIT >> SEVERE : Description [testClass=org.springframework.core.annotation.AnnotationUtilsTests, name=[engine:junit-jupiter]/[class:org.springframework.core.annotation.AnnotationUtilsTests]/[method:synthesizeAnnotationWithImplicitAliasesWithDifferentDefaultValues()]] did not pass without mutation.
19:21:38 PIT >> SEVERE : Description [testClass=org.springframework.core.annotation.AnnotationUtilsTests, name=[engine:junit-jupiter]/[class:org.springframework.core.annotation.AnnotationUtilsTests]/[method:findClassAnnotationOnMetaMetaAnnotatedClass()]] did not pass without mutation.
19:21:38 PIT >> SEVERE : Description [testClass=org.springframework.core.annotation.AnnotationUtilsTests, name=[engine:junit-jupiter]/[class:org.springframework.core.annotation.AnnotationUtilsTests]/[method:synthesizeAnnotationFromMapWithImplicitAttributeAliases()]] did not pass without mutation.
19:21:38 PIT >> SEVERE : Description [testClass=org.springframework.core.annotation.AnnotationUtilsTests, name=[engine:junit-jupiter]/[class:org.springframework.core.annotation.AnnotationUtilsTests]/[method:getRepeatableAnnotationsDeclaredOnMultipleSuperclasses()]] did not pass without mutation.
19:21:38 PIT >> SEVERE : Description [testClass=org.springframework.core.annotation.AnnotationUtilsTests, name=[engine:junit-jupiter]/[class:org.springframework.core.annotation.AnnotationUtilsTests]/[method:findMethodAnnotationFromInterface()]] did not pass without mutation.
19:21:38 PIT >> INFO : MINION : Failed to set JaCoCo session: org.jacoco.agent.rt.RT
19:21:38 PIT >> INFO : MINION : Failed to dump JaCoCo execution data: org.jacoco.agent.rt.RT
19:21:38 PIT >> INFO : MINION : Failed to set JaCoCo session: org.jacoco.agent.rt.RT
19:21:38 PIT >> INFO : MINION : Failed to dump JaCoCo execution data: org.jacoco.agent.rt.RT
19:21:38 PIT >> INFO : MINION : Failed to set JaCoCo session: org.jacoco.agent.rt.RT
19:21:38 PIT >> INFO : MINION : Failed to dump JaCoCo execution data: org.jacoco.agent.rt.RT
19:21:38 PIT >> INFO : MINION : Failed to set JaCoCo session: org.jacoco.agent.rt.RT
19:21:38 PIT >> INFO : MINION : Failed to dump JaCoCo execution data: org.jacoco.agent.rt.RT
19:21:38 PIT >> INFO : MINION : Failed to set JaCoCo session: org.jacoco.agent.rt.RT
19:21:38 PIT >> INFO : MINION : Failed to dump JaCoCo execution data: org.jacoco.agent.rt.RT
19:21:38 PIT >> INFO : MINION : Failed to set JaCoCo session: org.jacoco.agent.rt.RT
19:21:38 PIT >> INFO : MINION : Failed to dump JaCoCo execution data: org.jacoco.agent.rt.RT
19:21:38 PIT >> INFO : MINION : Failed to set JaCoCo session: org.jacoco.agent.rt.RT
19:21:38 PIT >> INFO : MINION : Failed to dump JaCoCo execution data: org.jacoco.agent.rt.RT
19:21:38 PIT >> INFO : MINION : Failed to set JaCoCo session: org.jacoco.agent.rt.RT
19:21:38 PIT >> INFO : MINION : Failed to dump JaCoCo execution data: org.jacoco.agent.rt.RT
19:21:38 PIT >> INFO : MINION : Failed to set JaCoCo session: org.jacoco.agent.rt.RT
19:21:38 PIT >> INFO : MINION : Failed to dump JaCoCo execution data: org.jacoco.agent.rt.RT
19:21:38 PIT >> INFO : MINION : Failed to set JaCoCo session: org.jacoco.agent.rt.RT
19:21:38 PIT >> INFO : MINION : Failed to dump JaCoCo execution data: org.jacoco.agent.rt.RT
19:21:38 PIT >> INFO : MINION : Failed to set JaCoCo session: org.jacoco.agent.rt.RT
19:21:38 PIT >> INFO : MINION : Failed to dump JaCoCo execution data: org.jacoco.agent.rt.RT
19:21:38 PIT >> INFO : MINION : Failed to set JaCoCo session: org.jacoco.agent.rt.RT
19:21:38 PIT >> INFO : MINION : Failed to dump JaCoCo execution data: org.jacoco.agent.rt.RT
19:21:38 PIT >> INFO : MINION : Failed to set JaCoCo session: org.jacoco.agent.rt.RT
19:21:38 PIT >> INFO : MINION : Failed to dump JaCoCo execution data: org.jacoco.agent.rt.RT
19:21:38 PIT >> INFO : MINION : Failed to set JaCoCo session: org.jacoco.agent.rt.RT
19:21:38 PIT >> INFO : MINION : Failed to dump JaCoCo execution data: org.jacoco.agent.rt.RT
19:21:38 PIT >> INFO : MINION : Failed to set JaCoCo session: org.jacoco.agent.rt.RT
19:21:38 PIT >> INFO : MINION : Failed to dump JaCoCo execution data: org.jacoco.agent.rt.RT
19:21:38 PIT >> INFO : MINION : Failed to set JaCoCo session: org.jacoco.agent.rt.RT
19:21:38 PIT >> INFO : MINION : Failed to dump JaCoCo execution data: org.jacoco.agent.rt.RT
19:21:38 PIT >> INFO : MINION : Failed to set JaCoCo session: org.jacoco.agent.rt.RT
19:21:38 PIT >> INFO : MINION : Failed to dump JaCoCo execution data: org.jacoco.agent.rt.RT
19:21:38 PIT >> INFO : MINION : Failed to set JaCoCo session: org.jacoco.agent.rt.RT
19:21:38 PIT >> INFO : MINION : Failed to dump JaCoCo execution data: org.jacoco.agent.rt.RT
19:21:38 PIT >> INFO : MINION : Failed to set JaCoCo session: org.jacoco.agent.rt.RT
19:21:38 PIT >> INFO : MINION : Failed to dump JaCoCo execution data: org.jacoco.agent.rt.RT
19:21:38 PIT >> INFO : MINION : Failed to set JaCoCo session: org.jacoco.agent.rt.RT
19:21:38 PIT >> INFO : MINION : Failed to dump JaCoCo execution data: org.jacoco.agent.rt.RT
19:21:38 PIT >> INFO : MINION : Failed to set JaCoCo session: org.jacoco.agent.rt.RT
19:21:38 PIT >> INFO : MINION : Failed to dump JaCoCo execution data: org.jacoco.agent.rt.RT
19:21:38 PIT >> INFO : MINION : Failed to set JaCoCo session: org.jacoco.agent.rt.RT
19:21:38 PIT >> INFO : MINION : Failed to dump JaCoCo execution data: org.jacoco.agent.rt.RT
19:21:38 PIT >> INFO : MINION : Failed to set JaCoCo session: org.jacoco.agent.rt.RT
19:21:38 PIT >> INFO : MINION : Failed to dump JaCoCo execution data: org.jacoco.agent.rt.RT
19:21:38 PIT >> INFO : MINION : Failed to set JaCoCo session: org.jacoco.agent.rt.RT
19:21:38 PIT >> INFO : MINION : Failed to dump JaCoCo execution data: org.jacoco.agent.rt.RT
19:21:38 PIT >> SEVERE : Description [testClass=org.springframework.core.annotation.AnnotationUtilsTests, name=[engine:junit-jupiter]/[class:org.springframework.core.annotation.AnnotationUtilsTests]/[method:synthesizeAnnotationFromMapWithAttributeAliasesThatOverrideArraysWithSingleElements()]] did not pass without mutation.
19:21:38 PIT >> SEVERE : Description [testClass=org.springframework.core.annotation.AnnotationUtilsTests, name=[engine:junit-jupiter]/[class:org.springframework.core.annotation.AnnotationUtilsTests]/[method:synthesizeAnnotationFromMapWithNestedMap()]] did not pass without mutation.
19:21:38 PIT >> SEVERE : Description [testClass=org.springframework.core.annotation.AnnotationUtilsTests, name=[engine:junit-jupiter]/[class:org.springframework.core.annotation.AnnotationUtilsTests]/[method:findMethodAnnotationOnBridgedMethod()]] did not pass without mutation.
19:21:38 PIT >> SEVERE : Description [testClass=org.springframework.core.annotation.AnnotationUtilsTests, name=[engine:junit-jupiter]/[class:org.springframework.core.annotation.AnnotationUtilsTests]/[method:findClassAnnotationOnSubSubInheritedAnnotationInterface()]] did not pass without mutation.
19:21:38 PIT >> SEVERE : Description [testClass=org.springframework.core.annotation.AnnotationUtilsTests, name=[engine:junit-jupiter]/[class:org.springframework.core.annotation.AnnotationUtilsTests]/[method:findClassAnnotationOnInheritedAnnotationInterface()]] did not pass without mutation.
19:21:38 PIT >> SEVERE : Description [testClass=org.springframework.core.annotation.AnnotationUtilsTests, name=[engine:junit-jupiter]/[class:org.springframework.core.annotation.AnnotationUtilsTests]/[method:getAnnotationAttributesWithoutAttributeAliases()]] did not pass without mutation.
19:21:38 PIT >> SEVERE : Description [testClass=org.springframework.core.annotation.AnnotationUtilsTests, name=[engine:junit-jupiter]/[class:org.springframework.core.annotation.AnnotationUtilsTests]/[method:findMethodAnnotationFromGenericSuperclass()]] did not pass without mutation.
19:21:38 PIT >> INFO : MINION : Failed to set JaCoCo session: org.jacoco.agent.rt.RT
19:21:38 PIT >> SEVERE : Description [testClass=org.springframework.core.annotation.AnnotationUtilsTests, name=[engine:junit-jupiter]/[class:org.springframework.core.annotation.AnnotationUtilsTests]/[method:findMethodAnnotationFromInterfaceOnSuper()]] did not pass without mutation.
19:21:38 PIT >> SEVERE : Description [testClass=org.springframework.core.annotation.AnnotationUtilsTests, name=[engine:junit-jupiter]/[class:org.springframework.core.annotation.AnnotationUtilsTests]/[method:findMethodAnnotationOnBridgeMethod()]] did not pass without mutation.
19:21:38 PIT >> SEVERE : Description [testClass=org.springframework.core.annotation.AnnotationUtilsTests, name=[engine:junit-jupiter]/[class:org.springframework.core.annotation.AnnotationUtilsTests]/[method:findClassAnnotationOnMetaMetaMetaAnnotatedClass()]] did not pass without mutation.
19:21:38 PIT >> SEVERE : Description [testClass=org.springframework.core.annotation.AnnotationUtilsTests, name=[engine:junit-jupiter]/[class:org.springframework.core.annotation.AnnotationUtilsTests]/[method:findMethodAnnotationFromInterfaceWhenSuperDoesNotImplementMethod()]] did not pass without mutation.
19:21:38 PIT >> INFO : MINION : Failed to dump JaCoCo execution data: org.jacoco.agent.rt.RT
19:21:38 PIT >> SEVERE : Description [testClass=org.springframework.core.annotation.AnnotationUtilsTests, name=[engine:junit-jupiter]/[class:org.springframework.core.annotation.AnnotationUtilsTests]/[method:findClassAnnotationFavorsMoreLocallyDeclaredComposedAnnotationsOverAnnotationsOnInterfaces()]] did not pass without mutation.
19:21:38 PIT >> SEVERE : Description [testClass=org.springframework.core.annotation.AnnotationUtilsTests, name=[engine:junit-jupiter]/[class:org.springframework.core.annotation.AnnotationUtilsTests]/[method:findClassAnnotationOnNonInheritedAnnotationInterface()]] did not pass without mutation.
19:21:38 PIT >> SEVERE : Description [testClass=org.springframework.core.annotation.AnnotationUtilsTests, name=[engine:junit-jupiter]/[class:org.springframework.core.annotation.AnnotationUtilsTests]/[method:findClassAnnotationOnSubSubNonInheritedAnnotationInterface()]] did not pass without mutation.
19:21:38 PIT >> SEVERE : Description [testClass=org.springframework.core.annotation.AnnotationUtilsTests, name=[engine:junit-jupiter]/[class:org.springframework.core.annotation.AnnotationUtilsTests]/[method:synthesizeAnnotationFromDefaultsWithAttributeAliases()]] did not pass without mutation.
19:21:38 PIT >> SEVERE : Description [testClass=org.springframework.core.annotation.AnnotationUtilsTests, name=[engine:junit-jupiter]/[class:org.springframework.core.annotation.AnnotationUtilsTests]/[method:getDefaultValueFromAnnotation()]] did not pass without mutation.
19:21:38 PIT >> INFO : MINION : Failed to set JaCoCo session: org.jacoco.agent.rt.RT
19:21:38 PIT >> INFO : MINION : Failed to dump JaCoCo execution data: org.jacoco.agent.rt.RT
19:21:38 PIT >> INFO : MINION : Failed to set JaCoCo session: org.jacoco.agent.rt.RT
19:21:38 PIT >> INFO : MINION : Failed to dump JaCoCo execution data: org.jacoco.agent.rt.RT
19:21:38 PIT >> INFO : MINION : Failed to set JaCoCo session: org.jacoco.agent.rt.RT
19:21:38 PIT >> INFO : MINION : Failed to dump JaCoCo execution data: org.jacoco.agent.rt.RT
19:21:38 PIT >> INFO : MINION : Failed to set JaCoCo session: org.jacoco.agent.rt.RT
19:21:38 PIT >> INFO : MINION : Failed to dump JaCoCo execution data: org.jacoco.agent.rt.RT
19:21:38 PIT >> INFO : MINION : Failed to set JaCoCo session: org.jacoco.agent.rt.RT
19:21:38 PIT >> INFO : MINION : Failed to dump JaCoCo execution data: org.jacoco.agent.rt.RT
19:21:38 PIT >> INFO : MINION : Failed to set JaCoCo session: org.jacoco.agent.rt.RT
19:21:38 PIT >> INFO : MINION : Failed to dump JaCoCo execution data: org.jacoco.agent.rt.RT
19:21:38 PIT >> INFO : MINION : Failed to set JaCoCo session: org.jacoco.agent.rt.RT
19:21:38 PIT >> INFO : MINION : Failed to dump JaCoCo execution data: org.jacoco.agent.rt.RT
19:21:38 PIT >> INFO : MINION : Failed to set JaCoCo session: org.jacoco.agent.rt.RT
19:21:38 PIT >> INFO : MINION : Failed to dump JaCoCo execution data: org.jacoco.agent.rt.RT
19:21:38 PIT >> INFO : MINION : Failed to set JaCoCo session: org.jacoco.agent.rt.RT
19:21:38 PIT >> INFO : MINION : Failed to dump JaCoCo execution data: org.jacoco.agent.rt.RT
19:21:38 PIT >> INFO : MINION : Failed to set JaCoCo session: org.jacoco.agent.rt.RT
19:21:38 PIT >> INFO : MINION : Failed to dump JaCoCo execution data: org.jacoco.agent.rt.RT
19:21:38 PIT >> INFO : MINION : Failed to set JaCoCo session: org.jacoco.agent.rt.RT
19:21:38 PIT >> INFO : MINION : Failed to dump JaCoCo execution data: org.jacoco.agent.rt.RT
19:21:38 PIT >> INFO : MINION : Failed to set JaCoCo session: org.jacoco.agent.rt.RT
19:21:38 PIT >> INFO : MINION : Failed to dump JaCoCo execution data: org.jacoco.agent.rt.RT
19:21:38 PIT >> INFO : MINION : Failed to set JaCoCo session: org.jacoco.agent.rt.RT
19:21:38 PIT >> INFO : MINION : Failed to dump JaCoCo execution data: org.jacoco.agent.rt.RT
19:21:38 PIT >> INFO : MINION : Failed to set JaCoCo session: org.jacoco.agent.rt.RT
19:21:38 PIT >> INFO : MINION : Failed to dump JaCoCo execution data: org.jacoco.agent.rt.RT
19:21:38 PIT >> INFO : MINION : Failed to set JaCoCo session: org.jacoco.agent.rt.RT
19:21:38 PIT >> INFO : MINION : Failed to dump JaCoCo execution data: org.jacoco.agent.rt.RT
19:21:38 PIT >> INFO : MINION : Failed to set JaCoCo session: org.jacoco.agent.rt.RT
19:21:38 PIT >> INFO : MINION : Failed to dump JaCoCo execution data: org.jacoco.agent.rt.RT
19:21:38 PIT >> INFO : MINION : Failed to set JaCoCo session: org.jacoco.agent.rt.RT
19:21:38 PIT >> INFO : MINION : Failed to dump JaCoCo execution data: org.jacoco.agent.rt.RT
19:21:38 PIT >> INFO : MINION : Failed to set JaCoCo session: org.jacoco.agent.rt.RT
19:21:38 PIT >> INFO : MINION : Failed to dump JaCoCo execution data: org.jacoco.agent.rt.RT
19:21:38 PIT >> INFO : MINION : Failed to set JaCoCo session: org.jacoco.agent.rt.RT
19:21:38 PIT >> INFO : MINION : Failed to dump JaCoCo execution data: org.jacoco.agent.rt.RT
19:21:38 PIT >> INFO : MINION : Failed to set JaCoCo session: org.jacoco.agent.rt.RT
19:21:38 PIT >> INFO : MINION : Failed to dump JaCoCo execution data: org.jacoco.agent.rt.RT
19:21:38 PIT >> INFO : MINION : Failed to set JaCoCo session: org.jacoco.agent.rt.RT
19:21:38 PIT >> INFO : MINION : Failed to dump JaCoCo execution data: org.jacoco.agent.rt.RT
19:21:38 PIT >> INFO : MINION : Failed to set JaCoCo session: org.jacoco.agent.rt.RT
19:21:38 PIT >> INFO : MINION : Failed to dump JaCoCo execution data: org.jacoco.agent.rt.RT
19:21:38 PIT >> INFO : MINION : Failed to set JaCoCo session: org.jacoco.agent.rt.RT
19:21:38 PIT >> INFO : MINION : Failed to dump JaCoCo execution data: org.jacoco.agent.rt.RT
19:21:38 PIT >> INFO : MINION : Failed to set JaCoCo session: org.jacoco.agent.rt.RT
19:21:38 PIT >> INFO : MINION : Failed to dump JaCoCo execution data: org.jacoco.agent.rt.RT
19:21:38 PIT >> INFO : MINION : Failed to set JaCoCo session: org.jacoco.agent.rt.RT
19:21:38 PIT >> INFO : MINION : Failed to dump JaCoCo execution data: org.jacoco.agent.rt.RT
19:21:38 PIT >> INFO : MINION : Failed to set JaCoCo session: org.jacoco.agent.rt.RT
19:21:38 PIT >> INFO : MINION : Failed to dump JaCoCo execution data: org.jacoco.agent.rt.RT
19:21:38 PIT >> INFO : MINION : Failed to set JaCoCo session: org.jacoco.agent.rt.RT
19:21:38 PIT >> INFO : MINION : Failed to dump JaCoCo execution data: org.jacoco.agent.rt.RT
19:21:38 PIT >> INFO : MINION : Failed to set JaCoCo session: org.jacoco.agent.rt.RT
19:21:38 PIT >> INFO : MINION : Failed to dump JaCoCo execution data: org.jacoco.agent.rt.RT
19:21:38 PIT >> INFO : MINION : Failed to set JaCoCo session: org.jacoco.agent.rt.RT
19:21:38 PIT >> INFO : MINION : Failed to dump JaCoCo execution data: org.jacoco.agent.rt.RT
19:21:38 PIT >> INFO : MINION : Failed to set JaCoCo session: org.jacoco.agent.rt.RT
19:21:38 PIT >> INFO : MINION : Failed to dump JaCoCo execution data: org.jacoco.agent.rt.RT
19:21:38 PIT >> INFO : MINION : Failed to set JaCoCo session: org.jacoco.agent.rt.RT
19:21:38 PIT >> INFO : MINION : Failed to dump JaCoCo execution data: org.jacoco.agent.rt.RT
19:21:38 PIT >> INFO : MINION : Failed to set JaCoCo session: org.jacoco.agent.rt.RT
19:21:38 PIT >> INFO : MINION : Failed to dump JaCoCo execution data: org.jacoco.agent.rt.RT
19:21:38 PIT >> INFO : MINION : Failed to set JaCoCo session: org.jacoco.agent.rt.RT
19:21:38 PIT >> INFO : MINION : Failed to dump JaCoCo execution data: org.jacoco.agent.rt.RT
19:21:38 PIT >> INFO : MINION : Failed to set JaCoCo session: org.jacoco.agent.rt.RT
19:21:38 PIT >> INFO : MINION : Failed to dump JaCoCo execution data: org.jacoco.agent.rt.RT
19:21:38 PIT >> INFO : MINION : Failed to set JaCoCo session: org.jacoco.agent.rt.RT
19:21:38 PIT >> INFO : MINION : Failed to dump JaCoCo execution data: org.jacoco.agent.rt.RT
19:21:38 PIT >> INFO : MINION : Failed to set JaCoCo session: org.jacoco.agent.rt.RT
19:21:38 PIT >> INFO : MINION : Failed to dump JaCoCo execution data: org.jacoco.agent.rt.RT
19:21:38 PIT >> INFO : MINION : Failed to set JaCoCo session: org.jacoco.agent.rt.RT
19:21:38 PIT >> INFO : MINION : Failed to dump JaCoCo execution data: org.jacoco.agent.rt.RT
19:21:38 PIT >> INFO : MINION : Failed to set JaCoCo session: org.jacoco.agent.rt.RT
19:21:38 PIT >> INFO : MINION : Failed to dump JaCoCo execution data: org.jacoco.agent.rt.RT
19:21:38 PIT >> INFO : MINION : Failed to set JaCoCo session: org.jacoco.agent.rt.RT
19:21:38 PIT >> INFO : MINION : Failed to dump JaCoCo execution data: org.jacoco.agent.rt.RT
19:21:38 PIT >> INFO : MINION : Failed to set JaCoCo session: org.jacoco.agent.rt.RT
19:21:38 PIT >> INFO : MINION : Failed to dump JaCoCo execution data: org.jacoco.agent.rt.RT
19:21:38 PIT >> INFO : MINION : Failed to set JaCoCo session: org.jacoco.agent.rt.RT
19:21:38 PIT >> INFO : MINION : Failed to dump JaCoCo execution data: org.jacoco.agent.rt.RT
19:21:38 PIT >> INFO : MINION : Failed to set JaCoCo session: org.jacoco.agent.rt.RT
19:21:38 PIT >> INFO : MINION : Failed to dump JaCoCo execution data: org.jacoco.agent.rt.RT
19:21:38 PIT >> INFO : MINION : Failed to set JaCoCo session: org.jacoco.agent.rt.RT
19:21:38 PIT >> INFO : MINION : Failed to dump JaCoCo execution data: org.jacoco.agent.rt.RT
19:21:38 PIT >> INFO : MINION : Failed to set JaCoCo session: org.jacoco.agent.rt.RT
19:21:38 PIT >> INFO : MINION : Failed to dump JaCoCo execution data: org.jacoco.agent.rt.RT
19:21:38 PIT >> INFO : MINION : Failed to set JaCoCo session: org.jacoco.agent.rt.RT
19:21:38 PIT >> INFO : MINION : Failed to dump JaCoCo execution data: org.jacoco.agent.rt.RT
19:21:38 PIT >> INFO : MINION : Failed to set JaCoCo session: org.jacoco.agent.rt.RT
19:21:38 PIT >> INFO : MINION : Failed to dump JaCoCo execution data: org.jacoco.agent.rt.RT
19:21:38 PIT >> INFO : MINION : Failed to set JaCoCo session: org.jacoco.agent.rt.RT
19:21:38 PIT >> INFO : MINION : Failed to dump JaCoCo execution data: org.jacoco.agent.rt.RT
19:21:38 PIT >> INFO : MINION : Failed to set JaCoCo session: org.jacoco.agent.rt.RT
19:21:38 PIT >> INFO : MINION : Failed to dump JaCoCo execution data: org.jacoco.agent.rt.RT
19:21:38 PIT >> INFO : MINION : Failed to set JaCoCo session: org.jacoco.agent.rt.RT
19:21:38 PIT >> INFO : MINION : Failed to dump JaCoCo execution data: org.jacoco.agent.rt.RT
19:21:38 PIT >> INFO : MINION : Failed to set JaCoCo session: org.jacoco.agent.rt.RT
19:21:38 PIT >> INFO : MINION : Failed to dump JaCoCo execution data: org.jacoco.agent.rt.RT
19:21:38 PIT >> INFO : MINION : Failed to set JaCoCo session: org.jacoco.agent.rt.RT
19:21:38 PIT >> INFO : MINION : Failed to dump JaCoCo execution data: org.jacoco.agent.rt.RT
19:21:38 PIT >> INFO : MINION : Failed to set JaCoCo session: org.jacoco.agent.rt.RT
19:21:38 PIT >> INFO : MINION : Failed to dump JaCoCo execution data: org.jacoco.agent.rt.RT
19:21:38 PIT >> INFO : MINION : Failed to set JaCoCo session: org.jacoco.agent.rt.RT
19:21:38 PIT >> INFO : MINION : Failed to dump JaCoCo execution data: org.jacoco.agent.rt.RT
19:21:38 PIT >> INFO : MINION : Failed to set JaCoCo session: org.jacoco.agent.rt.RT
19:21:38 PIT >> INFO : MINION : Failed to dump JaCoCo execution data: org.jacoco.agent.rt.RT
19:21:38 PIT >> INFO : MINION : Failed to set JaCoCo session: org.jacoco.agent.rt.RT
19:21:38 PIT >> INFO : MINION : Failed to dump JaCoCo execution data: org.jacoco.agent.rt.RT
19:21:38 PIT >> INFO : MINION : Failed to set JaCoCo session: org.jacoco.agent.rt.RT
19:21:38 PIT >> INFO : MINION : Failed to dump JaCoCo execution data: org.jacoco.agent.rt.RT
19:21:38 PIT >> INFO : MINION : Failed to set JaCoCo session: org.jacoco.agent.rt.RT
19:21:38 PIT >> INFO : MINION : Failed to dump JaCoCo execution data: org.jacoco.agent.rt.RT
19:21:38 PIT >> INFO : MINION : Failed to set JaCoCo session: org.jacoco.agent.rt.RT
19:21:38 PIT >> INFO : MINION : Failed to dump JaCoCo execution data: org.jacoco.agent.rt.RT
19:21:38 PIT >> INFO : MINION : Failed to set JaCoCo session: org.jacoco.agent.rt.RT
19:21:38 PIT >> INFO : MINION : Failed to dump JaCoCo execution data: org.jacoco.agent.rt.RT
19:21:38 PIT >> INFO : MINION : Failed to set JaCoCo session: org.jacoco.agent.rt.RT
19:21:38 PIT >> INFO : MINION : Failed to dump JaCoCo execution data: org.jacoco.agent.rt.RT
19:21:38 PIT >> INFO : MINION : Failed to set JaCoCo session: org.jacoco.agent.rt.RT
19:21:38 PIT >> INFO : MINION : Failed to dump JaCoCo execution data: org.jacoco.agent.rt.RT
19:21:38 PIT >> INFO : MINION : Failed to set JaCoCo session: org.jacoco.agent.rt.RT
19:21:38 PIT >> INFO : MINION : Failed to dump JaCoCo execution data: org.jacoco.agent.rt.RT
19:21:38 PIT >> INFO : MINION : Failed to set JaCoCo session: org.jacoco.agent.rt.RT
19:21:38 PIT >> INFO : MINION : Failed to dump JaCoCo execution data: org.jacoco.agent.rt.RT
19:21:38 PIT >> INFO : MINION : Failed to set JaCoCo session: org.jacoco.agent.rt.RT
19:21:38 PIT >> INFO : MINION : Failed to dump JaCoCo execution data: org.jacoco.agent.rt.RT
19:21:38 PIT >> INFO : MINION : Failed to set JaCoCo session: org.jacoco.agent.rt.RT
19:21:38 PIT >> INFO : MINION : Failed to dump JaCoCo execution data: org.jacoco.agent.rt.RT
19:21:38 PIT >> INFO : MINION : Failed to set JaCoCo session: org.jacoco.agent.rt.RT
19:21:38 PIT >> INFO : MINION : Failed to dump JaCoCo execution data: org.jacoco.agent.rt.RT
19:21:38 PIT >> INFO : MINION : Failed to set JaCoCo session: org.jacoco.agent.rt.RT
19:21:38 PIT >> INFO : MINION : Failed to dump JaCoCo execution data: org.jacoco.agent.rt.RT
19:21:38 PIT >> INFO : MINION : Failed to set JaCoCo session: org.jacoco.agent.rt.RT
19:21:38 PIT >> INFO : MINION : Failed to dump JaCoCo execution data: org.jacoco.agent.rt.RT
19:21:38 PIT >> INFO : MINION : Failed to set JaCoCo session: org.jacoco.agent.rt.RT
19:21:38 PIT >> INFO : MINION : Failed to dump JaCoCo execution data: org.jacoco.agent.rt.RT
19:21:38 PIT >> INFO : MINION : Failed to set JaCoCo session: org.jacoco.agent.rt.RT
19:21:38 PIT >> INFO : MINION : Failed to dump JaCoCo execution data: org.jacoco.agent.rt.RT
19:21:38 PIT >> INFO : MINION : Failed to set JaCoCo session: org.jacoco.agent.rt.RT
19:21:38 PIT >> INFO : MINION : Failed to dump JaCoCo execution data: org.jacoco.agent.rt.RT
19:21:38 PIT >> INFO : MINION : Failed to set JaCoCo session: org.jacoco.agent.rt.RT
19:21:38 PIT >> INFO : MINION : Failed to dump JaCoCo execution data: org.jacoco.agent.rt.RT
19:21:38 PIT >> INFO : MINION : Failed to set JaCoCo session: org.jacoco.agent.rt.RT
19:21:38 PIT >> INFO : MINION : Failed to dump JaCoCo execution data: org.jacoco.agent.rt.RT
19:21:38 PIT >> INFO : MINION : Failed to set JaCoCo session: org.jacoco.agent.rt.RT
19:21:38 PIT >> INFO : MINION : Failed to dump JaCoCo execution data: org.jacoco.agent.rt.RT
19:21:38 PIT >> INFO : MINION : Failed to set JaCoCo session: org.jacoco.agent.rt.RT
19:21:38 PIT >> INFO : MINION : Failed to dump JaCoCo execution data: org.jacoco.agent.rt.RT
19:21:38 PIT >> INFO : MINION : Failed to set JaCoCo session: org.jacoco.agent.rt.RT
19:21:38 PIT >> INFO : MINION : Failed to dump JaCoCo execution data: org.jacoco.agent.rt.RT
19:21:38 PIT >> INFO : MINION : Failed to set JaCoCo session: org.jacoco.agent.rt.RT
19:21:38 PIT >> INFO : MINION : Failed to dump JaCoCo execution data: org.jacoco.agent.rt.RT
19:21:39 PIT >> INFO : MINION : Failed to set JaCoCo session: org.jacoco.agent.rt.RT
19:21:39 PIT >> INFO : MINION : Failed to dump JaCoCo execution data: org.jacoco.agent.rt.RT
19:21:39 PIT >> INFO : MINION : Failed to set JaCoCo session: org.jacoco.agent.rt.RT
19:21:39 PIT >> INFO : MINION : Failed to dump JaCoCo execution data: org.jacoco.agent.rt.RT
19:21:39 PIT >> INFO : MINION : Failed to set JaCoCo session: org.jacoco.agent.rt.RT
19:21:39 PIT >> INFO : MINION : Failed to dump JaCoCo execution data: org.jacoco.agent.rt.RT
19:21:39 PIT >> INFO : MINION : Failed to set JaCoCo session: org.jacoco.agent.rt.RT
19:21:39 PIT >> INFO : MINION : Failed to dump JaCoCo execution data: org.jacoco.agent.rt.RT
19:21:39 PIT >> INFO : MINION : Failed to set JaCoCo session: org.jacoco.agent.rt.RT
19:21:39 PIT >> INFO : MINION : Failed to dump JaCoCo execution data: org.jacoco.agent.rt.RT
19:21:39 PIT >> INFO : MINION : Failed to set JaCoCo session: org.jacoco.agent.rt.RT
19:21:39 PIT >> INFO : MINION : Failed to dump JaCoCo execution data: org.jacoco.agent.rt.RT
19:21:39 PIT >> INFO : MINION : Failed to set JaCoCo session: org.jacoco.agent.rt.RT
19:21:39 PIT >> INFO : MINION : Failed to dump JaCoCo execution data: org.jacoco.agent.rt.RT
19:21:39 PIT >> INFO : MINION : Failed to set JaCoCo session: org.jacoco.agent.rt.RT
19:21:39 PIT >> INFO : MINION : Failed to dump JaCoCo execution data: org.jacoco.agent.rt.RT
19:21:39 PIT >> INFO : MINION : Failed to set JaCoCo session: org.jacoco.agent.rt.RT
19:21:39 PIT >> INFO : MINION : Failed to dump JaCoCo execution data: org.jacoco.agent.rt.RT
19:21:39 PIT >> INFO : MINION : Failed to set JaCoCo session: org.jacoco.agent.rt.RT
19:21:39 PIT >> INFO : MINION : Failed to dump JaCoCo execution data: org.jacoco.agent.rt.RT
19:21:39 PIT >> INFO : MINION : Failed to set JaCoCo session: org.jacoco.agent.rt.RT
19:21:39 PIT >> INFO : MINION : Failed to dump JaCoCo execution data: org.jacoco.agent.rt.RT
19:21:39 PIT >> INFO : MINION : Failed to set JaCoCo session: org.jacoco.agent.rt.RT
19:21:39 PIT >> INFO : MINION : Failed to dump JaCoCo execution data: org.jacoco.agent.rt.RT
19:21:39 PIT >> INFO : MINION : Failed to set JaCoCo session: org.jacoco.agent.rt.RT
19:21:39 PIT >> INFO : MINION : Failed to dump JaCoCo execution data: org.jacoco.agent.rt.RT
19:21:39 PIT >> INFO : MINION : Failed to set JaCoCo session: org.jacoco.agent.rt.RT
19:21:39 PIT >> INFO : MINION : Failed to dump JaCoCo execution data: org.jacoco.agent.rt.RT
19:21:39 PIT >> INFO : MINION : Failed to set JaCoCo session: org.jacoco.agent.rt.RT
19:21:39 PIT >> INFO : MINION : Failed to dump JaCoCo execution data: org.jacoco.agent.rt.RT
19:21:39 PIT >> INFO : MINION : Failed to set JaCoCo session: org.jacoco.agent.rt.RT
19:21:39 PIT >> INFO : MINION : Failed to dump JaCoCo execution data: org.jacoco.agent.rt.RT
19:21:39 PIT >> SEVERE : Description [testClass=org.springframework.core.annotation.ComposedRepeatableAnnotationsTests, name=[engine:junit-jupiter]/[class:org.springframework.core.annotation.ComposedRepeatableAnnotationsTests]/[method:getComposedRepeatableAnnotationsOnClass()]] did not pass without mutation.
19:21:39 PIT >> SEVERE : Description [testClass=org.springframework.core.annotation.ComposedRepeatableAnnotationsTests, name=[engine:junit-jupiter]/[class:org.springframework.core.annotation.ComposedRepeatableAnnotationsTests]/[method:getRepeatableAnnotationsOnSuperclass()]] did not pass without mutation.
19:21:39 PIT >> SEVERE : Description [testClass=org.springframework.core.annotation.ComposedRepeatableAnnotationsTests, name=[engine:junit-jupiter]/[class:org.springframework.core.annotation.ComposedRepeatableAnnotationsTests]/[method:getComposedContainerForRepeatableAnnotationsOnClass()]] did not pass without mutation.
19:21:39 PIT >> SEVERE : Description [testClass=org.springframework.core.annotation.ComposedRepeatableAnnotationsTests, name=[engine:junit-jupiter]/[class:org.springframework.core.annotation.ComposedRepeatableAnnotationsTests]/[method:getNoninheritedComposedRepeatableAnnotationsOnClass()]] did not pass without mutation.
19:21:39 PIT >> SEVERE : Description [testClass=org.springframework.core.annotation.ComposedRepeatableAnnotationsTests, name=[engine:junit-jupiter]/[class:org.springframework.core.annotation.ComposedRepeatableAnnotationsTests]/[method:findRepeatableAnnotationsOnClass()]] did not pass without mutation.
19:21:39 PIT >> SEVERE : Description [testClass=org.springframework.core.annotation.ComposedRepeatableAnnotationsTests, name=[engine:junit-jupiter]/[class:org.springframework.core.annotation.ComposedRepeatableAnnotationsTests]/[method:getRepeatableAnnotationsOnClass()]] did not pass without mutation.
19:21:39 PIT >> SEVERE : Description [testClass=org.springframework.core.annotation.ComposedRepeatableAnnotationsTests, name=[engine:junit-jupiter]/[class:org.springframework.core.annotation.ComposedRepeatableAnnotationsTests]/[method:findComposedRepeatableAnnotationsMixedWithContainerOnClass()]] did not pass without mutation.
19:21:39 PIT >> SEVERE : Description [testClass=org.springframework.core.annotation.ComposedRepeatableAnnotationsTests, name=[engine:junit-jupiter]/[class:org.springframework.core.annotation.ComposedRepeatableAnnotationsTests]/[method:findComposedContainerForRepeatableAnnotationsOnClass()]] did not pass without mutation.
19:21:39 PIT >> SEVERE : Description [testClass=org.springframework.core.annotation.ComposedRepeatableAnnotationsTests, name=[engine:junit-jupiter]/[class:org.springframework.core.annotation.ComposedRepeatableAnnotationsTests]/[method:findNoninheritedComposedRepeatableAnnotationsOnClass()]] did not pass without mutation.
19:21:39 PIT >> SEVERE : Description [testClass=org.springframework.core.annotation.ComposedRepeatableAnnotationsTests, name=[engine:junit-jupiter]/[class:org.springframework.core.annotation.ComposedRepeatableAnnotationsTests]/[method:findComposedRepeatableAnnotationsOnClass()]] did not pass without mutation.
19:21:39 PIT >> SEVERE : Description [testClass=org.springframework.core.annotation.ComposedRepeatableAnnotationsTests, name=[engine:junit-jupiter]/[class:org.springframework.core.annotation.ComposedRepeatableAnnotationsTests]/[method:getComposedRepeatableAnnotationsMixedWithContainerOnClass()]] did not pass without mutation.
19:21:39 PIT >> SEVERE : Description [testClass=org.springframework.core.annotation.ComposedRepeatableAnnotationsTests, name=[engine:junit-jupiter]/[class:org.springframework.core.annotation.ComposedRepeatableAnnotationsTests]/[method:findRepeatableAnnotationsOnSuperclass()]] did not pass without mutation.
19:21:39 PIT >> SEVERE : Description [testClass=org.springframework.core.annotation.ComposedRepeatableAnnotationsTests, name=[engine:junit-jupiter]/[class:org.springframework.core.annotation.ComposedRepeatableAnnotationsTests]/[method:findNoninheritedComposedRepeatableAnnotationsOnSuperclass()]] did not pass without mutation.
19:21:39 PIT >> INFO : MINION : Failed to set JaCoCo session: org.jacoco.agent.rt.RT
19:21:39 PIT >> INFO : MINION : Failed to dump JaCoCo execution data: org.jacoco.agent.rt.RT
19:21:39 PIT >> INFO : MINION : Failed to set JaCoCo session: org.jacoco.agent.rt.RT
19:21:39 PIT >> INFO : MINION : Failed to dump JaCoCo execution data: org.jacoco.agent.rt.RT
19:21:39 PIT >> INFO : MINION : Failed to set JaCoCo session: org.jacoco.agent.rt.RT
19:21:39 PIT >> INFO : MINION : Failed to dump JaCoCo execution data: org.jacoco.agent.rt.RT
19:21:39 PIT >> INFO : MINION : Failed to set JaCoCo session: org.jacoco.agent.rt.RT
19:21:39 PIT >> INFO : MINION : Failed to dump JaCoCo execution data: org.jacoco.agent.rt.RT
19:21:39 PIT >> INFO : MINION : Failed to set JaCoCo session: org.jacoco.agent.rt.RT
19:21:39 PIT >> INFO : MINION : Failed to dump JaCoCo execution data: org.jacoco.agent.rt.RT
19:21:39 PIT >> INFO : MINION : Failed to set JaCoCo session: org.jacoco.agent.rt.RT
19:21:39 PIT >> INFO : MINION : Failed to dump JaCoCo execution data: org.jacoco.agent.rt.RT
19:21:39 PIT >> INFO : MINION : Failed to set JaCoCo session: org.jacoco.agent.rt.RT
19:21:39 PIT >> INFO : MINION : Failed to dump JaCoCo execution data: org.jacoco.agent.rt.RT
19:21:39 PIT >> INFO : MINION : Failed to set JaCoCo session: org.jacoco.agent.rt.RT
19:21:39 PIT >> INFO : MINION : Failed to dump JaCoCo execution data: org.jacoco.agent.rt.RT
19:21:39 PIT >> INFO : MINION : Failed to set JaCoCo session: org.jacoco.agent.rt.RT
19:21:39 PIT >> INFO : MINION : Failed to dump JaCoCo execution data: org.jacoco.agent.rt.RT
19:21:39 PIT >> INFO : MINION : Failed to set JaCoCo session: org.jacoco.agent.rt.RT
19:21:39 PIT >> INFO : MINION : Failed to dump JaCoCo execution data: org.jacoco.agent.rt.RT
19:21:39 PIT >> INFO : MINION : Failed to set JaCoCo session: org.jacoco.agent.rt.RT
19:21:39 PIT >> INFO : MINION : Failed to dump JaCoCo execution data: org.jacoco.agent.rt.RT
19:21:39 PIT >> INFO : MINION : Failed to set JaCoCo session: org.jacoco.agent.rt.RT
19:21:39 PIT >> INFO : MINION : Failed to dump JaCoCo execution data: org.jacoco.agent.rt.RT
19:21:39 PIT >> INFO : MINION : Failed to set JaCoCo session: org.jacoco.agent.rt.RT
19:21:39 PIT >> INFO : MINION : Failed to dump JaCoCo execution data: org.jacoco.agent.rt.RT
19:21:39 PIT >> INFO : MINION : Failed to set JaCoCo session: org.jacoco.agent.rt.RT
19:21:39 PIT >> INFO : MINION : Failed to dump JaCoCo execution data: org.jacoco.agent.rt.RT
19:21:39 PIT >> INFO : MINION : Failed to set JaCoCo session: org.jacoco.agent.rt.RT
19:21:39 PIT >> INFO : MINION : Failed to dump JaCoCo execution data: org.jacoco.agent.rt.RT
19:21:39 PIT >> INFO : MINION : Failed to set JaCoCo session: org.jacoco.agent.rt.RT
19:21:39 PIT >> INFO : MINION : Failed to dump JaCoCo execution data: org.jacoco.agent.rt.RT
19:21:39 PIT >> INFO : MINION : Failed to set JaCoCo session: org.jacoco.agent.rt.RT
19:21:39 PIT >> INFO : MINION : Failed to dump JaCoCo execution data: org.jacoco.agent.rt.RT
19:21:39 PIT >> INFO : MINION : Failed to set JaCoCo session: org.jacoco.agent.rt.RT
19:21:39 PIT >> INFO : MINION : Failed to dump JaCoCo execution data: org.jacoco.agent.rt.RT
19:21:39 PIT >> INFO : MINION : Failed to set JaCoCo session: org.jacoco.agent.rt.RT
19:21:39 PIT >> INFO : MINION : Failed to dump JaCoCo execution data: org.jacoco.agent.rt.RT
19:21:39 PIT >> INFO : MINION : Failed to set JaCoCo session: org.jacoco.agent.rt.RT
19:21:39 PIT >> INFO : MINION : Failed to dump JaCoCo execution data: org.jacoco.agent.rt.RT
19:21:39 PIT >> INFO : MINION : Failed to set JaCoCo session: org.jacoco.agent.rt.RT
19:21:39 PIT >> INFO : MINION : Failed to dump JaCoCo execution data: org.jacoco.agent.rt.RT
19:21:39 PIT >> INFO : MINION : Failed to set JaCoCo session: org.jacoco.agent.rt.RT
19:21:39 PIT >> INFO : MINION : Failed to dump JaCoCo execution data: org.jacoco.agent.rt.RT
19:21:39 PIT >> INFO : MINION : Failed to set JaCoCo session: org.jacoco.agent.rt.RT
19:21:39 PIT >> INFO : MINION : Failed to dump JaCoCo execution data: org.jacoco.agent.rt.RT
19:21:39 PIT >> INFO : MINION : Failed to set JaCoCo session: org.jacoco.agent.rt.RT
19:21:39 PIT >> INFO : MINION : Failed to dump JaCoCo execution data: org.jacoco.agent.rt.RT
19:21:39 PIT >> SEVERE : Description [testClass=org.springframework.core.annotation.KotlinMergedAnnotationsTests, name=[engine:junit-jupiter]/[class:org.springframework.core.annotation.KotlinMergedAnnotationsTests]/[method:recursiveAnnotationWithoutAlias()]] did not pass without mutation.
19:21:39 PIT >> SEVERE : Description [testClass=org.springframework.core.annotation.KotlinMergedAnnotationsTests, name=[engine:junit-jupiter]/[class:org.springframework.core.annotation.KotlinMergedAnnotationsTests]/[method:recursiveAnnotationWithAlias()]] did not pass without mutation.
19:21:39 PIT >> SEVERE : Description [testClass=org.springframework.core.annotation.KotlinMergedAnnotationsTests, name=[engine:junit-jupiter]/[class:org.springframework.core.annotation.KotlinMergedAnnotationsTests]/[method:recursiveNestedAnnotationWithAlias()]] did not pass without mutation.
19:21:39 PIT >> SEVERE : Description [testClass=org.springframework.core.annotation.MergedAnnotationClassLoaderTests, name=[engine:junit-jupiter]/[class:org.springframework.core.annotation.MergedAnnotationClassLoaderTests]/[method:synthesizedUsesCorrectClassLoader()]] did not pass without mutation.
19:21:39 PIT >> SEVERE : Description [testClass=org.springframework.core.annotation.MergedAnnotationCollectorsTests, name=[engine:junit-jupiter]/[class:org.springframework.core.annotation.MergedAnnotationCollectorsTests]/[method:toAnnotationArrayCollectsAnnotationArrayWithSynthesizedAnnotations()]] did not pass without mutation.
19:21:39 PIT >> SEVERE : Description [testClass=org.springframework.core.annotation.MergedAnnotationCollectorsTests, name=[engine:junit-jupiter]/[class:org.springframework.core.annotation.MergedAnnotationCollectorsTests]/[method:toAnnotationSetCollectsLinkedHashSetWithSynthesizedAnnotations()]] did not pass without mutation.
19:21:39 PIT >> SEVERE : Description [testClass=org.springframework.core.annotation.MergedAnnotationCollectorsTests, name=[engine:junit-jupiter]/[class:org.springframework.core.annotation.MergedAnnotationCollectorsTests]/[method:toFinishedMultiValueMapCollectsMultiValueMap()]] did not pass without mutation.
19:21:39 PIT >> SEVERE : Description [testClass=org.springframework.core.annotation.MergedAnnotationCollectorsTests, name=[engine:junit-jupiter]/[class:org.springframework.core.annotation.MergedAnnotationCollectorsTests]/[method:toSuppliedAnnotationArrayCollectsAnnotationArrayWithSynthesizedAnnotations()]] did not pass without mutation.
19:21:39 PIT >> SEVERE : Description [testClass=org.springframework.core.annotation.MergedAnnotationCollectorsTests, name=[engine:junit-jupiter]/[class:org.springframework.core.annotation.MergedAnnotationCollectorsTests]/[method:toMultiValueMapCollectsMultiValueMap()]] did not pass without mutation.
19:21:39 PIT >> SEVERE : Description [testClass=org.springframework.core.annotation.MergedAnnotationPredicatesTests, name=[engine:junit-jupiter]/[class:org.springframework.core.annotation.MergedAnnotationPredicatesTests]/[method:typeInStringArrayWhenNameDoesNotMatchRejects()]] did not pass without mutation.
19:21:39 PIT >> SEVERE : Description [testClass=org.springframework.core.annotation.MergedAnnotationPredicatesTests, name=[engine:junit-jupiter]/[class:org.springframework.core.annotation.MergedAnnotationPredicatesTests]/[method:firstRunOfAcceptsOnlyFirstRun()]] did not pass without mutation.
19:21:39 PIT >> SEVERE : Description [testClass=org.springframework.core.annotation.MergedAnnotationPredicatesTests, name=[engine:junit-jupiter]/[class:org.springframework.core.annotation.MergedAnnotationPredicatesTests]/[method:typeInCollectionWhenDoesNotMatchAnyRejects()]] did not pass without mutation.
19:21:39 PIT >> SEVERE : Description [testClass=org.springframework.core.annotation.MergedAnnotationPredicatesTests, name=[engine:junit-jupiter]/[class:org.springframework.core.annotation.MergedAnnotationPredicatesTests]/[method:typeInCollectionWhenMatchesClassInCollectionAccepts()]] did not pass without mutation.
19:21:39 PIT >> INFO : MINION : Failed to set JaCoCo session: org.jacoco.agent.rt.RT
19:21:39 PIT >> SEVERE : Description [testClass=org.springframework.core.annotation.MergedAnnotationPredicatesTests, name=[engine:junit-jupiter]/[class:org.springframework.core.annotation.MergedAnnotationPredicatesTests]/[method:typeInClassArrayWhenNameMatchesAccepts()]] did not pass without mutation.
19:21:39 PIT >> SEVERE : Description [testClass=org.springframework.core.annotation.MergedAnnotationPredicatesTests, name=[engine:junit-jupiter]/[class:org.springframework.core.annotation.MergedAnnotationPredicatesTests]/[method:uniqueAcceptsUniquely()]] did not pass without mutation.
19:21:39 PIT >> SEVERE : Description [testClass=org.springframework.core.annotation.MergedAnnotationPredicatesTests, name=[engine:junit-jupiter]/[class:org.springframework.core.annotation.MergedAnnotationPredicatesTests]/[method:typeInStringArrayWhenNameMatchesAccepts()]] did not pass without mutation.
19:21:39 PIT >> SEVERE : Description [testClass=org.springframework.core.annotation.MergedAnnotationPredicatesTests, name=[engine:junit-jupiter]/[class:org.springframework.core.annotation.MergedAnnotationPredicatesTests]/[method:typeInClassArrayWhenNameDoesNotMatchRejects()]] did not pass without mutation.
19:21:39 PIT >> SEVERE : Description [testClass=org.springframework.core.annotation.MergedAnnotationPredicatesTests, name=[engine:junit-jupiter]/[class:org.springframework.core.annotation.MergedAnnotationPredicatesTests]/[method:typeInCollectionWhenMatchesStringInCollectionAccepts()]] did not pass without mutation.
19:21:39 PIT >> SEVERE : Description [testClass=org.springframework.core.annotation.MergedAnnotationsCollectionTests, name=[engine:junit-jupiter]/[class:org.springframework.core.annotation.MergedAnnotationsCollectionTests]/[method:getMetaWhenRootHasNoAttributeValuesShouldAliasAttributes()]] did not pass without mutation.
19:21:39 PIT >> SEVERE : Description [testClass=org.springframework.core.annotation.MergedAnnotationsCollectionTests, name=[engine:junit-jupiter]/[class:org.springframework.core.annotation.MergedAnnotationsCollectionTests]/[method:getWithPredicateReturnsOnlyMatching()]] did not pass without mutation.
19:21:39 PIT >> SEVERE : Description [testClass=org.springframework.core.annotation.MergedAnnotationsCollectionTests, name=[engine:junit-jupiter]/[class:org.springframework.core.annotation.MergedAnnotationsCollectionTests]/[method:getMetaWhenRootHasAttributeValuesShouldAliasAttributes()]] did not pass without mutation.
19:21:39 PIT >> INFO : MINION : Failed to dump JaCoCo execution data: org.jacoco.agent.rt.RT
19:21:39 PIT >> INFO : MINION : Failed to set JaCoCo session: org.jacoco.agent.rt.RT
19:21:39 PIT >> INFO : MINION : Failed to dump JaCoCo execution data: org.jacoco.agent.rt.RT
19:21:39 PIT >> INFO : MINION : Failed to set JaCoCo session: org.jacoco.agent.rt.RT
19:21:39 PIT >> INFO : MINION : Failed to dump JaCoCo execution data: org.jacoco.agent.rt.RT
19:21:39 PIT >> INFO : MINION : Failed to set JaCoCo session: org.jacoco.agent.rt.RT
19:21:39 PIT >> INFO : MINION : Failed to dump JaCoCo execution data: org.jacoco.agent.rt.RT
19:21:39 PIT >> INFO : MINION : Failed to set JaCoCo session: org.jacoco.agent.rt.RT
19:21:39 PIT >> INFO : MINION : Failed to dump JaCoCo execution data: org.jacoco.agent.rt.RT
19:21:39 PIT >> INFO : MINION : Failed to set JaCoCo session: org.jacoco.agent.rt.RT
19:21:39 PIT >> INFO : MINION : Failed to dump JaCoCo execution data: org.jacoco.agent.rt.RT
19:21:39 PIT >> INFO : MINION : Failed to set JaCoCo session: org.jacoco.agent.rt.RT
19:21:39 PIT >> INFO : MINION : Failed to dump JaCoCo execution data: org.jacoco.agent.rt.RT
19:21:39 PIT >> INFO : MINION : Failed to set JaCoCo session: org.jacoco.agent.rt.RT
19:21:39 PIT >> INFO : MINION : Failed to dump JaCoCo execution data: org.jacoco.agent.rt.RT
19:21:39 PIT >> INFO : MINION : Failed to set JaCoCo session: org.jacoco.agent.rt.RT
19:21:39 PIT >> INFO : MINION : Failed to dump JaCoCo execution data: org.jacoco.agent.rt.RT
19:21:39 PIT >> INFO : MINION : Failed to set JaCoCo session: org.jacoco.agent.rt.RT
19:21:39 PIT >> INFO : MINION : Failed to dump JaCoCo execution data: org.jacoco.agent.rt.RT
19:21:39 PIT >> INFO : MINION : Failed to set JaCoCo session: org.jacoco.agent.rt.RT
19:21:39 PIT >> INFO : MINION : Failed to dump JaCoCo execution data: org.jacoco.agent.rt.RT
19:21:39 PIT >> INFO : MINION : Failed to set JaCoCo session: org.jacoco.agent.rt.RT
19:21:39 PIT >> INFO : MINION : Failed to dump JaCoCo execution data: org.jacoco.agent.rt.RT
19:21:39 PIT >> INFO : MINION : Failed to set JaCoCo session: org.jacoco.agent.rt.RT
19:21:39 PIT >> INFO : MINION : Failed to dump JaCoCo execution data: org.jacoco.agent.rt.RT
19:21:39 PIT >> INFO : MINION : Failed to set JaCoCo session: org.jacoco.agent.rt.RT
19:21:39 PIT >> INFO : MINION : Failed to dump JaCoCo execution data: org.jacoco.agent.rt.RT
19:21:39 PIT >> INFO : MINION : Failed to set JaCoCo session: org.jacoco.agent.rt.RT
19:21:39 PIT >> INFO : MINION : Failed to dump JaCoCo execution data: org.jacoco.agent.rt.RT
19:21:39 PIT >> INFO : MINION : Failed to set JaCoCo session: org.jacoco.agent.rt.RT
19:21:39 PIT >> INFO : MINION : Failed to dump JaCoCo execution data: org.jacoco.agent.rt.RT
19:21:39 PIT >> INFO : MINION : Failed to set JaCoCo session: org.jacoco.agent.rt.RT
19:21:39 PIT >> INFO : MINION : Failed to dump JaCoCo execution data: org.jacoco.agent.rt.RT
19:21:39 PIT >> INFO : MINION : Failed to set JaCoCo session: org.jacoco.agent.rt.RT
19:21:39 PIT >> INFO : MINION : Failed to dump JaCoCo execution data: org.jacoco.agent.rt.RT
19:21:39 PIT >> INFO : MINION : Failed to set JaCoCo session: org.jacoco.agent.rt.RT
19:21:39 PIT >> INFO : MINION : Failed to dump JaCoCo execution data: org.jacoco.agent.rt.RT
19:21:39 PIT >> INFO : MINION : Failed to set JaCoCo session: org.jacoco.agent.rt.RT
19:21:39 PIT >> INFO : MINION : Failed to dump JaCoCo execution data: org.jacoco.agent.rt.RT
19:21:39 PIT >> INFO : MINION : Failed to set JaCoCo session: org.jacoco.agent.rt.RT
19:21:39 PIT >> INFO : MINION : Failed to dump JaCoCo execution data: org.jacoco.agent.rt.RT
19:21:39 PIT >> INFO : MINION : Failed to set JaCoCo session: org.jacoco.agent.rt.RT
19:21:39 PIT >> INFO : MINION : Failed to dump JaCoCo execution data: org.jacoco.agent.rt.RT
19:21:39 PIT >> INFO : MINION : Failed to set JaCoCo session: org.jacoco.agent.rt.RT
19:21:39 PIT >> INFO : MINION : Failed to dump JaCoCo execution data: org.jacoco.agent.rt.RT
19:21:39 PIT >> SEVERE : Description [testClass=org.springframework.core.annotation.MergedAnnotationsCollectionTests, name=[engine:junit-jupiter]/[class:org.springframework.core.annotation.MergedAnnotationsCollectionTests]/[method:isPresentWhenMetaPresentReturnsTrue()]] did not pass without mutation.
19:21:39 PIT >> SEVERE : Description [testClass=org.springframework.core.annotation.MergedAnnotationsCollectionTests, name=[engine:junit-jupiter]/[class:org.springframework.core.annotation.MergedAnnotationsCollectionTests]/[method:getWithSelectorReturnsSelected()]] did not pass without mutation.
19:21:39 PIT >> SEVERE : Description [testClass=org.springframework.core.annotation.MergedAnnotationsCollectionTests, name=[engine:junit-jupiter]/[class:org.springframework.core.annotation.MergedAnnotationsCollectionTests]/[method:getWhenNotPresentReturnsMissing()]] did not pass without mutation.
19:21:39 PIT >> SEVERE : Description [testClass=org.springframework.core.annotation.MergedAnnotationsCollectionTests, name=[engine:junit-jupiter]/[class:org.springframework.core.annotation.MergedAnnotationsCollectionTests]/[method:isDirectlyPresentWhenMetaPresentReturnsFalse()]] did not pass without mutation.
19:21:39 PIT >> SEVERE : Description [testClass=org.springframework.core.annotation.MergedAnnotationsCollectionTests, name=[engine:junit-jupiter]/[class:org.springframework.core.annotation.MergedAnnotationsCollectionTests]/[method:streamStreamsInCorrectOrder()]] did not pass without mutation.
19:21:39 PIT >> SEVERE : Description [testClass=org.springframework.core.annotation.MergedAnnotationsCollectionTests, name=[engine:junit-jupiter]/[class:org.springframework.core.annotation.MergedAnnotationsCollectionTests]/[method:isPresentWhenNotPresentReturnsFalse()]] did not pass without mutation.
19:21:39 PIT >> SEVERE : Description [testClass=org.springframework.core.annotation.MergedAnnotationsCollectionTests, name=[engine:junit-jupiter]/[class:org.springframework.core.annotation.MergedAnnotationsCollectionTests]/[method:iterateIteratesInCorrectOrder()]] did not pass without mutation.
19:21:39 PIT >> SEVERE : Description [testClass=org.springframework.core.annotation.MergedAnnotationsCollectionTests, name=[engine:junit-jupiter]/[class:org.springframework.core.annotation.MergedAnnotationsCollectionTests]/[method:getReturnsAppropriateAnnotation()]] did not pass without mutation.
19:21:39 PIT >> SEVERE : Description [testClass=org.springframework.core.annotation.MergedAnnotationsCollectionTests, name=[engine:junit-jupiter]/[class:org.springframework.core.annotation.MergedAnnotationsCollectionTests]/[method:streamWithTypeStreamsInCorrectOrder()]] did not pass without mutation.
19:21:39 PIT >> SEVERE : Description [testClass=org.springframework.core.annotation.MergedAnnotationsCollectionTests, name=[engine:junit-jupiter]/[class:org.springframework.core.annotation.MergedAnnotationsCollectionTests]/[method:isPresentWhenDirectlyPresentReturnsTrue()]] did not pass without mutation.
19:21:39 PIT >> SEVERE : Description [testClass=org.springframework.core.annotation.MergedAnnotationsCollectionTests, name=[engine:junit-jupiter]/[class:org.springframework.core.annotation.MergedAnnotationsCollectionTests]/[method:spliteratorEstimatesSize()]] did not pass without mutation.
19:21:39 PIT >> SEVERE : Description [testClass=org.springframework.core.annotation.MergedAnnotationsCollectionTests, name=[engine:junit-jupiter]/[class:org.springframework.core.annotation.MergedAnnotationsCollectionTests]/[method:isDirectlyPresentWhenDirectlyPresentReturnsTrue()]] did not pass without mutation.
19:21:39 PIT >> SEVERE : Description [testClass=org.springframework.core.annotation.MergedAnnotationsCollectionTests, name=[engine:junit-jupiter]/[class:org.springframework.core.annotation.MergedAnnotationsCollectionTests]/[method:isDirectlyPresentWhenNotPresentReturnsFalse()]] did not pass without mutation.
19:21:39 PIT >> SEVERE : Description [testClass=org.springframework.core.annotation.MergedAnnotationsCollectionTests, name=[engine:junit-jupiter]/[class:org.springframework.core.annotation.MergedAnnotationsCollectionTests]/[method:spliteratorIteratesInCorrectOrder()]] did not pass without mutation.
19:21:39 PIT >> SEVERE : Description [testClass=org.springframework.core.annotation.MergedAnnotationsComposedOnSingleAnnotatedElementTests, name=[engine:junit-jupiter]/[class:org.springframework.core.annotation.MergedAnnotationsComposedOnSingleAnnotatedElementTests]/[method:typeHierarchyStrategyComposedCacheOnInterfaceAndLocalCacheOnClass()]] did not pass without mutation.
19:21:39 PIT >> SEVERE : Description [testClass=org.springframework.core.annotation.MergedAnnotationsComposedOnSingleAnnotatedElementTests, name=[engine:junit-jupiter]/[class:org.springframework.core.annotation.MergedAnnotationsComposedOnSingleAnnotatedElementTests]/[method:typeHierarchyStrategyMultipleInheritedComposedAnnotationsOnSuperclass()]] did not pass without mutation.
19:21:39 PIT >> SEVERE : Description [testClass=org.springframework.core.annotation.MergedAnnotationsComposedOnSingleAnnotatedElementTests, name=[engine:junit-jupiter]/[class:org.springframework.core.annotation.MergedAnnotationsComposedOnSingleAnnotatedElementTests]/[method:inheritedStrategyMultipleInheritedComposedAnnotationsOnSuperclass()]] did not pass without mutation.
19:21:39 PIT >> SEVERE : Description [testClass=org.springframework.core.annotation.MergedAnnotationsComposedOnSingleAnnotatedElementTests, name=[engine:junit-jupiter]/[class:org.springframework.core.annotation.MergedAnnotationsComposedOnSingleAnnotatedElementTests]/[method:typeHierarchyStrategyMultipleComposedAnnotationsOnInterface()]] did not pass without mutation.
19:21:39 PIT >> SEVERE : Description [testClass=org.springframework.core.annotation.MergedAnnotationsComposedOnSingleAnnotatedElementTests, name=[engine:junit-jupiter]/[class:org.springframework.core.annotation.MergedAnnotationsComposedOnSingleAnnotatedElementTests]/[method:typeHierarchyStrategyMultipleNoninheritedComposedAnnotationsOnSuperclass()]] did not pass without mutation.
19:21:39 PIT >> SEVERE : Description [testClass=org.springframework.core.annotation.MergedAnnotationsComposedOnSingleAnnotatedElementTests, name=[engine:junit-jupiter]/[class:org.springframework.core.annotation.MergedAnnotationsComposedOnSingleAnnotatedElementTests]/[method:inheritedStrategyComposedPlusLocalAnnotationsOnMethod()]] did not pass without mutation.
19:21:39 PIT >> INFO : MINION : Failed to set JaCoCo session: org.jacoco.agent.rt.RT
19:21:39 PIT >> INFO : MINION : Failed to dump JaCoCo execution data: org.jacoco.agent.rt.RT
19:21:39 PIT >> INFO : MINION : Failed to set JaCoCo session: org.jacoco.agent.rt.RT
19:21:39 PIT >> INFO : MINION : Failed to dump JaCoCo execution data: org.jacoco.agent.rt.RT
19:21:39 PIT >> INFO : MINION : Failed to set JaCoCo session: org.jacoco.agent.rt.RT
19:21:39 PIT >> INFO : MINION : Failed to dump JaCoCo execution data: org.jacoco.agent.rt.RT
19:21:39 PIT >> INFO : MINION : Failed to set JaCoCo session: org.jacoco.agent.rt.RT
19:21:39 PIT >> INFO : MINION : Failed to dump JaCoCo execution data: org.jacoco.agent.rt.RT
19:21:39 PIT >> INFO : MINION : Failed to set JaCoCo session: org.jacoco.agent.rt.RT
19:21:39 PIT >> INFO : MINION : Failed to dump JaCoCo execution data: org.jacoco.agent.rt.RT
19:21:39 PIT >> INFO : MINION : Failed to set JaCoCo session: org.jacoco.agent.rt.RT
19:21:39 PIT >> INFO : MINION : Failed to dump JaCoCo execution data: org.jacoco.agent.rt.RT
19:21:39 PIT >> INFO : MINION : Failed to set JaCoCo session: org.jacoco.agent.rt.RT
19:21:39 PIT >> INFO : MINION : Failed to dump JaCoCo execution data: org.jacoco.agent.rt.RT
19:21:39 PIT >> INFO : MINION : Failed to set JaCoCo session: org.jacoco.agent.rt.RT
19:21:39 PIT >> INFO : MINION : Failed to dump JaCoCo execution data: org.jacoco.agent.rt.RT
19:21:39 PIT >> INFO : MINION : Failed to set JaCoCo session: org.jacoco.agent.rt.RT
19:21:39 PIT >> INFO : MINION : Failed to dump JaCoCo execution data: org.jacoco.agent.rt.RT
19:21:39 PIT >> INFO : MINION : Failed to set JaCoCo session: org.jacoco.agent.rt.RT
19:21:39 PIT >> INFO : MINION : Failed to dump JaCoCo execution data: org.jacoco.agent.rt.RT
19:21:39 PIT >> INFO : MINION : Failed to set JaCoCo session: org.jacoco.agent.rt.RT
19:21:39 PIT >> INFO : MINION : Failed to dump JaCoCo execution data: org.jacoco.agent.rt.RT
19:21:39 PIT >> INFO : MINION : Failed to set JaCoCo session: org.jacoco.agent.rt.RT
19:21:39 PIT >> INFO : MINION : Failed to dump JaCoCo execution data: org.jacoco.agent.rt.RT
19:21:39 PIT >> INFO : MINION : Failed to set JaCoCo session: org.jacoco.agent.rt.RT
19:21:39 PIT >> INFO : MINION : Failed to dump JaCoCo execution data: org.jacoco.agent.rt.RT
19:21:39 PIT >> INFO : MINION : Failed to set JaCoCo session: org.jacoco.agent.rt.RT
19:21:39 PIT >> INFO : MINION : Failed to dump JaCoCo execution data: org.jacoco.agent.rt.RT
19:21:39 PIT >> INFO : MINION : Failed to set JaCoCo session: org.jacoco.agent.rt.RT
19:21:39 PIT >> INFO : MINION : Failed to dump JaCoCo execution data: org.jacoco.agent.rt.RT
19:21:39 PIT >> INFO : MINION : Failed to set JaCoCo session: org.jacoco.agent.rt.RT
19:21:39 PIT >> INFO : MINION : Failed to dump JaCoCo execution data: org.jacoco.agent.rt.RT
19:21:39 PIT >> INFO : MINION : Failed to set JaCoCo session: org.jacoco.agent.rt.RT
19:21:39 PIT >> INFO : MINION : Failed to dump JaCoCo execution data: org.jacoco.agent.rt.RT
19:21:39 PIT >> INFO : MINION : Failed to set JaCoCo session: org.jacoco.agent.rt.RT
19:21:39 PIT >> INFO : MINION : Failed to dump JaCoCo execution data: org.jacoco.agent.rt.RT
19:21:39 PIT >> INFO : MINION : Failed to set JaCoCo session: org.jacoco.agent.rt.RT
19:21:39 PIT >> INFO : MINION : Failed to dump JaCoCo execution data: org.jacoco.agent.rt.RT
19:21:39 PIT >> INFO : MINION : Failed to set JaCoCo session: org.jacoco.agent.rt.RT
19:21:39 PIT >> INFO : MINION : Failed to dump JaCoCo execution data: org.jacoco.agent.rt.RT
19:21:39 PIT >> INFO : MINION : Failed to set JaCoCo session: org.jacoco.agent.rt.RT
19:21:39 PIT >> INFO : MINION : Failed to dump JaCoCo execution data: org.jacoco.agent.rt.RT
19:21:39 PIT >> SEVERE : Description [testClass=org.springframework.core.annotation.MergedAnnotationsComposedOnSingleAnnotatedElementTests, name=[engine:junit-jupiter]/[class:org.springframework.core.annotation.MergedAnnotationsComposedOnSingleAnnotatedElementTests]/[method:inheritedStrategyMultipleNoninheritedComposedAnnotationsOnClass()]] did not pass without mutation.
19:21:39 PIT >> SEVERE : Description [testClass=org.springframework.core.annotation.MergedAnnotationsComposedOnSingleAnnotatedElementTests, name=[engine:junit-jupiter]/[class:org.springframework.core.annotation.MergedAnnotationsComposedOnSingleAnnotatedElementTests]/[method:typeHierarchyStrategyComposedPlusLocalAnnotationsOnClass()]] did not pass without mutation.
19:21:39 PIT >> SEVERE : Description [testClass=org.springframework.core.annotation.MergedAnnotationsComposedOnSingleAnnotatedElementTests, name=[engine:junit-jupiter]/[class:org.springframework.core.annotation.MergedAnnotationsComposedOnSingleAnnotatedElementTests]/[method:typeHierarchyStrategyMultipleComposedAnnotationsOnMethod()]] did not pass without mutation.
19:21:39 PIT >> SEVERE : Description [testClass=org.springframework.core.annotation.MergedAnnotationsComposedOnSingleAnnotatedElementTests, name=[engine:junit-jupiter]/[class:org.springframework.core.annotation.MergedAnnotationsComposedOnSingleAnnotatedElementTests]/[method:inheritedStrategyComposedPlusLocalAnnotationsOnClass()]] did not pass without mutation.
19:21:39 PIT >> SEVERE : Description [testClass=org.springframework.core.annotation.MergedAnnotationsComposedOnSingleAnnotatedElementTests, name=[engine:junit-jupiter]/[class:org.springframework.core.annotation.MergedAnnotationsComposedOnSingleAnnotatedElementTests]/[method:inheritedStrategyMultipleComposedAnnotationsOnMethod()]] did not pass without mutation.
19:21:39 PIT >> SEVERE : Description [testClass=org.springframework.core.annotation.MergedAnnotationsComposedOnSingleAnnotatedElementTests, name=[engine:junit-jupiter]/[class:org.springframework.core.annotation.MergedAnnotationsComposedOnSingleAnnotatedElementTests]/[method:typeHierarchyStrategyMultipleNoninheritedComposedAnnotationsOnClass()]] did not pass without mutation.
19:21:39 PIT >> SEVERE : Description [testClass=org.springframework.core.annotation.MergedAnnotationsComposedOnSingleAnnotatedElementTests, name=[engine:junit-jupiter]/[class:org.springframework.core.annotation.MergedAnnotationsComposedOnSingleAnnotatedElementTests]/[method:typeHierarchyStrategyMultipleComposedAnnotationsOnClass()]] did not pass without mutation.
19:21:39 PIT >> SEVERE : Description [testClass=org.springframework.core.annotation.MergedAnnotationsComposedOnSingleAnnotatedElementTests, name=[engine:junit-jupiter]/[class:org.springframework.core.annotation.MergedAnnotationsComposedOnSingleAnnotatedElementTests]/[method:inheritedStrategyMultipleComposedAnnotationsOnClass()]] did not pass without mutation.
19:21:39 PIT >> SEVERE : Description [testClass=org.springframework.core.annotation.MergedAnnotationsComposedOnSingleAnnotatedElementTests, name=[engine:junit-jupiter]/[class:org.springframework.core.annotation.MergedAnnotationsComposedOnSingleAnnotatedElementTests]/[method:typeHierarchyStrategyComposedPlusLocalAnnotationsOnMethod()]] did not pass without mutation.
19:21:39 PIT >> SEVERE : Description [testClass=org.springframework.core.annotation.MergedAnnotationsComposedOnSingleAnnotatedElementTests, name=[engine:junit-jupiter]/[class:org.springframework.core.annotation.MergedAnnotationsComposedOnSingleAnnotatedElementTests]/[method:typeHierarchyStrategyMultipleComposedAnnotationsOnBridgeMethod()]] did not pass without mutation.
19:21:39 PIT >> SEVERE : Description [testClass=org.springframework.core.annotation.MergedAnnotationsRepeatableAnnotationTests, name=[engine:junit-jupiter]/[class:org.springframework.core.annotation.MergedAnnotationsRepeatableAnnotationTests]/[method:typeHierarchyWhenOnClassReturnsAnnotations()]] did not pass without mutation.
19:21:39 PIT >> SEVERE : Description [testClass=org.springframework.core.annotation.MergedAnnotationsRepeatableAnnotationTests, name=[engine:junit-jupiter]/[class:org.springframework.core.annotation.MergedAnnotationsRepeatableAnnotationTests]/[method:typeHierarchyWhenOnSuperclassReturnsAnnotations()]] did not pass without mutation.
19:21:39 PIT >> SEVERE : Description [testClass=org.springframework.core.annotation.MergedAnnotationsRepeatableAnnotationTests, name=[engine:junit-jupiter]/[class:org.springframework.core.annotation.MergedAnnotationsRepeatableAnnotationTests]/[method:searchFindsRepeatableContainerAnnotationAndRepeatedAnnotations()]] did not pass without mutation.
19:21:39 PIT >> INFO : MINION : Failed to set JaCoCo session: org.jacoco.agent.rt.RT
19:21:39 PIT >> SEVERE : Description [testClass=org.springframework.core.annotation.MergedAnnotationsRepeatableAnnotationTests, name=[engine:junit-jupiter]/[class:org.springframework.core.annotation.MergedAnnotationsRepeatableAnnotationTests]/[method:inheritedAnnotationsWhenComposedContainerForRepeatableOnClassReturnsAnnotations()]] did not pass without mutation.
19:21:39 PIT >> SEVERE : Description [testClass=org.springframework.core.annotation.MergedAnnotationsRepeatableAnnotationTests, name=[engine:junit-jupiter]/[class:org.springframework.core.annotation.MergedAnnotationsRepeatableAnnotationTests]/[method:inheritedAnnotationsWhenOnClassReturnsAnnotations()]] did not pass without mutation.
19:21:39 PIT >> SEVERE : Description [testClass=org.springframework.core.annotation.MergedAnnotationsRepeatableAnnotationTests, name=[engine:junit-jupiter]/[class:org.springframework.core.annotation.MergedAnnotationsRepeatableAnnotationTests]/[method:typeHierarchyAnnotationsWhenNoninheritedComposedRepeatableOnSuperclassReturnsAnnotations()]] did not pass without mutation.
19:21:39 PIT >> INFO : MINION : Failed to dump JaCoCo execution data: org.jacoco.agent.rt.RT
19:21:39 PIT >> INFO : MINION : Failed to set JaCoCo session: org.jacoco.agent.rt.RT
19:21:39 PIT >> INFO : MINION : Failed to dump JaCoCo execution data: org.jacoco.agent.rt.RT
19:21:39 PIT >> INFO : MINION : Failed to set JaCoCo session: org.jacoco.agent.rt.RT
19:21:39 PIT >> INFO : MINION : Failed to dump JaCoCo execution data: org.jacoco.agent.rt.RT
19:21:39 PIT >> INFO : MINION : Failed to set JaCoCo session: org.jacoco.agent.rt.RT
19:21:39 PIT >> INFO : MINION : Failed to dump JaCoCo execution data: org.jacoco.agent.rt.RT
19:21:39 PIT >> INFO : MINION : Failed to set JaCoCo session: org.jacoco.agent.rt.RT
19:21:39 PIT >> INFO : MINION : Failed to dump JaCoCo execution data: org.jacoco.agent.rt.RT
19:21:39 PIT >> INFO : MINION : Failed to set JaCoCo session: org.jacoco.agent.rt.RT
19:21:39 PIT >> INFO : MINION : Failed to dump JaCoCo execution data: org.jacoco.agent.rt.RT
19:21:39 PIT >> INFO : MINION : Failed to set JaCoCo session: org.jacoco.agent.rt.RT
19:21:39 PIT >> INFO : MINION : Failed to dump JaCoCo execution data: org.jacoco.agent.rt.RT
19:21:39 PIT >> INFO : MINION : Failed to set JaCoCo session: org.jacoco.agent.rt.RT
19:21:39 PIT >> INFO : MINION : Failed to dump JaCoCo execution data: org.jacoco.agent.rt.RT
19:21:39 PIT >> INFO : MINION : Failed to set JaCoCo session: org.jacoco.agent.rt.RT
19:21:39 PIT >> INFO : MINION : Failed to dump JaCoCo execution data: org.jacoco.agent.rt.RT
19:21:39 PIT >> INFO : MINION : Failed to set JaCoCo session: org.jacoco.agent.rt.RT
19:21:39 PIT >> INFO : MINION : Failed to dump JaCoCo execution data: org.jacoco.agent.rt.RT
19:21:39 PIT >> INFO : MINION : Failed to set JaCoCo session: org.jacoco.agent.rt.RT
19:21:39 PIT >> INFO : MINION : Failed to dump JaCoCo execution data: org.jacoco.agent.rt.RT
19:21:39 PIT >> INFO : MINION : Failed to set JaCoCo session: org.jacoco.agent.rt.RT
19:21:39 PIT >> INFO : MINION : Failed to dump JaCoCo execution data: org.jacoco.agent.rt.RT
19:21:39 PIT >> INFO : MINION : Failed to set JaCoCo session: org.jacoco.agent.rt.RT
19:21:39 PIT >> INFO : MINION : Failed to dump JaCoCo execution data: org.jacoco.agent.rt.RT
19:21:39 PIT >> INFO : MINION : Failed to set JaCoCo session: org.jacoco.agent.rt.RT
19:21:39 PIT >> INFO : MINION : Failed to dump JaCoCo execution data: org.jacoco.agent.rt.RT
19:21:39 PIT >> INFO : MINION : Failed to set JaCoCo session: org.jacoco.agent.rt.RT
19:21:39 PIT >> INFO : MINION : Failed to dump JaCoCo execution data: org.jacoco.agent.rt.RT
19:21:39 PIT >> INFO : MINION : Failed to set JaCoCo session: org.jacoco.agent.rt.RT
19:21:39 PIT >> INFO : MINION : Failed to dump JaCoCo execution data: org.jacoco.agent.rt.RT
19:21:39 PIT >> INFO : MINION : Failed to set JaCoCo session: org.jacoco.agent.rt.RT
19:21:39 PIT >> INFO : MINION : Failed to dump JaCoCo execution data: org.jacoco.agent.rt.RT
19:21:39 PIT >> INFO : MINION : Failed to set JaCoCo session: org.jacoco.agent.rt.RT
19:21:39 PIT >> INFO : MINION : Failed to dump JaCoCo execution data: org.jacoco.agent.rt.RT
19:21:39 PIT >> INFO : MINION : Failed to set JaCoCo session: org.jacoco.agent.rt.RT
19:21:39 PIT >> INFO : MINION : Failed to dump JaCoCo execution data: org.jacoco.agent.rt.RT
19:21:39 PIT >> INFO : MINION : Failed to set JaCoCo session: org.jacoco.agent.rt.RT
19:21:39 PIT >> INFO : MINION : Failed to dump JaCoCo execution data: org.jacoco.agent.rt.RT
19:21:39 PIT >> INFO : MINION : Failed to set JaCoCo session: org.jacoco.agent.rt.RT
19:21:39 PIT >> INFO : MINION : Failed to dump JaCoCo execution data: org.jacoco.agent.rt.RT
19:21:39 PIT >> INFO : MINION : Failed to set JaCoCo session: org.jacoco.agent.rt.RT
19:21:39 PIT >> INFO : MINION : Failed to dump JaCoCo execution data: org.jacoco.agent.rt.RT
19:21:39 PIT >> SEVERE : Description [testClass=org.springframework.core.annotation.MergedAnnotationsRepeatableAnnotationTests, name=[engine:junit-jupiter]/[class:org.springframework.core.annotation.MergedAnnotationsRepeatableAnnotationTests]/[method:inheritedAnnotationsWhenNoninheritedComposedRepeatableOnClassReturnsAnnotations()]] did not pass without mutation.
19:21:39 PIT >> SEVERE : Description [testClass=org.springframework.core.annotation.MergedAnnotationsRepeatableAnnotationTests, name=[engine:junit-jupiter]/[class:org.springframework.core.annotation.MergedAnnotationsRepeatableAnnotationTests]/[method:inheritedAnnotationsWhenWhenOnSuperclassReturnsAnnotations()]] did not pass without mutation.
19:21:39 PIT >> SEVERE : Description [testClass=org.springframework.core.annotation.MergedAnnotationsRepeatableAnnotationTests, name=[engine:junit-jupiter]/[class:org.springframework.core.annotation.MergedAnnotationsRepeatableAnnotationTests]/[method:typeHierarchyWhenComposedOnClassReturnsAnnotations()]] did not pass without mutation.
19:21:39 PIT >> SEVERE : Description [testClass=org.springframework.core.annotation.MergedAnnotationsRepeatableAnnotationTests, name=[engine:junit-jupiter]/[class:org.springframework.core.annotation.MergedAnnotationsRepeatableAnnotationTests]/[method:typeHierarchyAnnotationsWhenNoninheritedComposedRepeatableOnClassReturnsAnnotations()]] did not pass without mutation.
19:21:39 PIT >> SEVERE : Description [testClass=org.springframework.core.annotation.MergedAnnotationsRepeatableAnnotationTests, name=[engine:junit-jupiter]/[class:org.springframework.core.annotation.MergedAnnotationsRepeatableAnnotationTests]/[method:inheritedAnnotationsWhenComposedMixedWithContainerOnClassReturnsAnnotations()]] did not pass without mutation.
19:21:39 PIT >> SEVERE : Description [testClass=org.springframework.core.annotation.MergedAnnotationsRepeatableAnnotationTests, name=[engine:junit-jupiter]/[class:org.springframework.core.annotation.MergedAnnotationsRepeatableAnnotationTests]/[method:inheritedAnnotationsWhenComposedOnClassReturnsAnnotations()]] did not pass without mutation.
19:21:39 PIT >> SEVERE : Description [testClass=org.springframework.core.annotation.MergedAnnotationsRepeatableAnnotationTests, name=[engine:junit-jupiter]/[class:org.springframework.core.annotation.MergedAnnotationsRepeatableAnnotationTests]/[method:typeHierarchyAnnotationsWithLocalComposedAnnotationWhoseRepeatableMetaAnnotationsAreFiltered()]] did not pass without mutation.
19:21:39 PIT >> SEVERE : Description [testClass=org.springframework.core.annotation.MergedAnnotationsRepeatableAnnotationTests, name=[engine:junit-jupiter]/[class:org.springframework.core.annotation.MergedAnnotationsRepeatableAnnotationTests]/[method:typeHierarchyWhenComposedMixedWithContainerOnClassReturnsAnnotations()]] did not pass without mutation.
19:21:39 PIT >> SEVERE : Description [testClass=org.springframework.core.annotation.MergedAnnotationsRepeatableAnnotationTests, name=[engine:junit-jupiter]/[class:org.springframework.core.annotation.MergedAnnotationsRepeatableAnnotationTests]/[method:typeHierarchyWhenComposedContainerForRepeatableOnClassReturnsAnnotations()]] did not pass without mutation.
19:21:39 PIT >> SEVERE : Description [testClass=org.springframework.core.annotation.MergedAnnotationsTests, name=[engine:junit-jupiter]/[class:org.springframework.core.annotation.MergedAnnotationsTests]/[method:synthesizeWhenAliasForHasDuplicateAttributeDeclaration()]] did not pass without mutation.
19:21:39 PIT >> SEVERE : Description [testClass=org.springframework.core.annotation.MergedAnnotationsTests, name=[engine:junit-jupiter]/[class:org.springframework.core.annotation.MergedAnnotationsTests]/[method:getWithTypeHierarchyFromInheritedAnnotationInterface()]] did not pass without mutation.
19:21:39 PIT >> SEVERE : Description [testClass=org.springframework.core.annotation.MergedAnnotationsTests, name=[engine:junit-jupiter]/[class:org.springframework.core.annotation.MergedAnnotationsTests]/[method:getDirectWithAttributeAliasesWithDifferentValues()]] did not pass without mutation.
19:21:39 PIT >> SEVERE : Description [testClass=org.springframework.core.annotation.MergedAnnotationsTests, name=[engine:junit-jupiter]/[class:org.springframework.core.annotation.MergedAnnotationsTests]/[method:synthesizeWithImplicitAliasesWithDuplicateValues()]] did not pass without mutation.
19:21:39 PIT >> SEVERE : Description [testClass=org.springframework.core.annotation.MergedAnnotationsTests, name=[engine:junit-jupiter]/[class:org.springframework.core.annotation.MergedAnnotationsTests]/[method:getFromMethodWithInterfaceOnSuper()]] did not pass without mutation.
19:21:39 PIT >> INFO : MINION : Failed to set JaCoCo session: org.jacoco.agent.rt.RT
19:21:39 PIT >> SEVERE : Description [testClass=org.springframework.core.annotation.MergedAnnotationsTests, name=[engine:junit-jupiter]/[class:org.springframework.core.annotation.MergedAnnotationsTests]/[method:getWithInheritedAnnotationsFromClassWithLocalAnnotationThatShadowsAnnotationFromSuperclass()]] did not pass without mutation.
19:21:39 PIT >> INFO : MINION : Failed to dump JaCoCo execution data: org.jacoco.agent.rt.RT
19:21:39 PIT >> INFO : MINION : Failed to set JaCoCo session: org.jacoco.agent.rt.RT
19:21:39 PIT >> INFO : MINION : Failed to dump JaCoCo execution data: org.jacoco.agent.rt.RT
19:21:39 PIT >> INFO : MINION : Failed to set JaCoCo session: org.jacoco.agent.rt.RT
19:21:39 PIT >> INFO : MINION : Failed to dump JaCoCo execution data: org.jacoco.agent.rt.RT
19:21:39 PIT >> INFO : MINION : Failed to set JaCoCo session: org.jacoco.agent.rt.RT
19:21:39 PIT >> INFO : MINION : Failed to dump JaCoCo execution data: org.jacoco.agent.rt.RT
19:21:39 PIT >> INFO : MINION : Failed to set JaCoCo session: org.jacoco.agent.rt.RT
19:21:39 PIT >> INFO : MINION : Failed to dump JaCoCo execution data: org.jacoco.agent.rt.RT
19:21:39 PIT >> INFO : MINION : Failed to set JaCoCo session: org.jacoco.agent.rt.RT
19:21:39 PIT >> INFO : MINION : Failed to dump JaCoCo execution data: org.jacoco.agent.rt.RT
19:21:39 PIT >> INFO : MINION : Failed to set JaCoCo session: org.jacoco.agent.rt.RT
19:21:39 PIT >> INFO : MINION : Failed to dump JaCoCo execution data: org.jacoco.agent.rt.RT
19:21:39 PIT >> INFO : MINION : Failed to set JaCoCo session: org.jacoco.agent.rt.RT
19:21:39 PIT >> INFO : MINION : Failed to dump JaCoCo execution data: org.jacoco.agent.rt.RT
19:21:39 PIT >> INFO : MINION : Failed to set JaCoCo session: org.jacoco.agent.rt.RT
19:21:39 PIT >> INFO : MINION : Failed to dump JaCoCo execution data: org.jacoco.agent.rt.RT
19:21:39 PIT >> INFO : MINION : Failed to set JaCoCo session: org.jacoco.agent.rt.RT
19:21:39 PIT >> INFO : MINION : Failed to dump JaCoCo execution data: org.jacoco.agent.rt.RT
19:21:39 PIT >> INFO : MINION : Failed to set JaCoCo session: org.jacoco.agent.rt.RT
19:21:39 PIT >> INFO : MINION : Failed to dump JaCoCo execution data: org.jacoco.agent.rt.RT
19:21:39 PIT >> INFO : MINION : Failed to set JaCoCo session: org.jacoco.agent.rt.RT
19:21:39 PIT >> INFO : MINION : Failed to dump JaCoCo execution data: org.jacoco.agent.rt.RT
19:21:39 PIT >> INFO : MINION : Failed to set JaCoCo session: org.jacoco.agent.rt.RT
19:21:39 PIT >> INFO : MINION : Failed to dump JaCoCo execution data: org.jacoco.agent.rt.RT
19:21:39 PIT >> INFO : MINION : Failed to set JaCoCo session: org.jacoco.agent.rt.RT
19:21:39 PIT >> INFO : MINION : Failed to dump JaCoCo execution data: org.jacoco.agent.rt.RT
19:21:39 PIT >> INFO : MINION : Failed to set JaCoCo session: org.jacoco.agent.rt.RT
19:21:39 PIT >> INFO : MINION : Failed to dump JaCoCo execution data: org.jacoco.agent.rt.RT
19:21:39 PIT >> INFO : MINION : Failed to set JaCoCo session: org.jacoco.agent.rt.RT
19:21:39 PIT >> INFO : MINION : Failed to dump JaCoCo execution data: org.jacoco.agent.rt.RT
19:21:39 PIT >> INFO : MINION : Failed to set JaCoCo session: org.jacoco.agent.rt.RT
19:21:39 PIT >> INFO : MINION : Failed to dump JaCoCo execution data: org.jacoco.agent.rt.RT
19:21:39 PIT >> INFO : MINION : Failed to set JaCoCo session: org.jacoco.agent.rt.RT
19:21:39 PIT >> INFO : MINION : Failed to dump JaCoCo execution data: org.jacoco.agent.rt.RT
19:21:39 PIT >> INFO : MINION : Failed to set JaCoCo session: org.jacoco.agent.rt.RT
19:21:39 PIT >> INFO : MINION : Failed to dump JaCoCo execution data: org.jacoco.agent.rt.RT
19:21:39 PIT >> INFO : MINION : Failed to set JaCoCo session: org.jacoco.agent.rt.RT
19:21:39 PIT >> INFO : MINION : Failed to dump JaCoCo execution data: org.jacoco.agent.rt.RT
19:21:39 PIT >> INFO : MINION : Failed to set JaCoCo session: org.jacoco.agent.rt.RT
19:21:39 PIT >> INFO : MINION : Failed to dump JaCoCo execution data: org.jacoco.agent.rt.RT
19:21:39 PIT >> INFO : MINION : Failed to set JaCoCo session: org.jacoco.agent.rt.RT
19:21:39 PIT >> INFO : MINION : Failed to dump JaCoCo execution data: org.jacoco.agent.rt.RT
19:21:39 PIT >> INFO : MINION : Failed to set JaCoCo session: org.jacoco.agent.rt.RT
19:21:39 PIT >> INFO : MINION : Failed to dump JaCoCo execution data: org.jacoco.agent.rt.RT
19:21:39 PIT >> INFO : MINION : Failed to set JaCoCo session: org.jacoco.agent.rt.RT
19:21:39 PIT >> INFO : MINION : Failed to dump JaCoCo execution data: org.jacoco.agent.rt.RT
19:21:39 PIT >> SEVERE : Description [testClass=org.springframework.core.annotation.MergedAnnotationsTests, name=[engine:junit-jupiter]/[class:org.springframework.core.annotation.MergedAnnotationsTests]/[method:getWithTypeHierarchyFromBridgeMethod()]] did not pass without mutation.
19:21:39 PIT >> SEVERE : Description [testClass=org.springframework.core.annotation.MergedAnnotationsTests, name=[engine:junit-jupiter]/[class:org.springframework.core.annotation.MergedAnnotationsTests]/[method:getWithInheritedAnnotationsFromNonInheritedAnnotationInterface()]] did not pass without mutation.
19:21:39 PIT >> SEVERE : Description [testClass=org.springframework.core.annotation.MergedAnnotationsTests, name=[engine:junit-jupiter]/[class:org.springframework.core.annotation.MergedAnnotationsTests]/[method:synthesizeWithImplicitAliases()]] did not pass without mutation.
19:21:39 PIT >> SEVERE : Description [testClass=org.springframework.core.annotation.MergedAnnotationsTests, name=[engine:junit-jupiter]/[class:org.springframework.core.annotation.MergedAnnotationsTests]/[method:getWithInheritedAnnotationsFavorsInheritedAnnotationsOverMoreLocallyDeclaredComposedAnnotations()]] did not pass without mutation.
19:21:39 PIT >> SEVERE : Description [testClass=org.springframework.core.annotation.MergedAnnotationsTests, name=[engine:junit-jupiter]/[class:org.springframework.core.annotation.MergedAnnotationsTests]/[method:getWithInheritedAnnotationsFromClassWithLocalAnnotation()]] did not pass without mutation.
19:21:39 PIT >> SEVERE : Description [testClass=org.springframework.core.annotation.MergedAnnotationsTests, name=[engine:junit-jupiter]/[class:org.springframework.core.annotation.MergedAnnotationsTests]/[method:getWithTypeHierarchyFromClassWithMetaAndLocalTxConfig()]] did not pass without mutation.
19:21:39 PIT >> SEVERE : Description [testClass=org.springframework.core.annotation.MergedAnnotationsTests, name=[engine:junit-jupiter]/[class:org.springframework.core.annotation.MergedAnnotationsTests]/[method:asAnnotationAttributesReturnsPopulatedAnnotationAttributes()]] did not pass without mutation.
19:21:39 PIT >> SEVERE : Description [testClass=org.springframework.core.annotation.MergedAnnotationsTests, name=[engine:junit-jupiter]/[class:org.springframework.core.annotation.MergedAnnotationsTests]/[method:getDirectFromClassWithMetaCycleAnnotatedClassWithMissingTargetMetaAnnotation()]] did not pass without mutation.
19:21:39 PIT >> SEVERE : Description [testClass=org.springframework.core.annotation.MergedAnnotationsTests, name=[engine:junit-jupiter]/[class:org.springframework.core.annotation.MergedAnnotationsTests]/[method:getFromMethodWithBridgedMethod()]] did not pass without mutation.
19:21:39 PIT >> SEVERE : Description [testClass=org.springframework.core.annotation.MergedAnnotationsTests, name=[engine:junit-jupiter]/[class:org.springframework.core.annotation.MergedAnnotationsTests]/[method:synthesizeWithTransitiveImplicitAliases()]] did not pass without mutation.
19:21:39 PIT >> SEVERE : Description [testClass=org.springframework.core.annotation.MergedAnnotationsTests, name=[engine:junit-jupiter]/[class:org.springframework.core.annotation.MergedAnnotationsTests]/[method:getWithAnnotationOnRoot()]] did not pass without mutation.
19:21:39 PIT >> SEVERE : Description [testClass=org.springframework.core.annotation.MergedAnnotationsTests, name=[engine:junit-jupiter]/[class:org.springframework.core.annotation.MergedAnnotationsTests]/[method:synthesizeFromMapWithoutAttributeAliases()]] did not pass without mutation.
19:21:39 PIT >> SEVERE : Description [testClass=org.springframework.core.annotation.MergedAnnotationsTests, name=[engine:junit-jupiter]/[class:org.springframework.core.annotation.MergedAnnotationsTests]/[method:streamRepeatableDeclaredOnClass()]] did not pass without mutation.
19:21:39 PIT >> SEVERE : Description [testClass=org.springframework.core.annotation.MergedAnnotationsTests, name=[engine:junit-jupiter]/[class:org.springframework.core.annotation.MergedAnnotationsTests]/[method:synthesizeShouldNotSynthesizeNonsynthesizableAnnotations()]] did not pass without mutation.
19:21:39 PIT >> SEVERE : Description [testClass=org.springframework.core.annotation.MergedAnnotationsTests, name=[engine:junit-jupiter]/[class:org.springframework.core.annotation.MergedAnnotationsTests]/[method:getWithTypeHierarchyInheritedFromBridgedMethod()]] did not pass without mutation.
19:21:39 PIT >> SEVERE : Description [testClass=org.springframework.core.annotation.MergedAnnotationsTests, name=[engine:junit-jupiter]/[class:org.springframework.core.annotation.MergedAnnotationsTests]/[method:getFromMethodWithInterface()]] did not pass without mutation.
19:21:39 PIT >> SEVERE : Description [testClass=org.springframework.core.annotation.MergedAnnotationsTests, name=[engine:junit-jupiter]/[class:org.springframework.core.annotation.MergedAnnotationsTests]/[method:getDirectWithJavaxAnnotationType()]] did not pass without mutation.
19:21:39 PIT >> SEVERE : Description [testClass=org.springframework.core.annotation.MergedAnnotationsTests, name=[engine:junit-jupiter]/[class:org.springframework.core.annotation.MergedAnnotationsTests]/[method:synthesizeWhenAttributeAliasForWithMissingDefaultValues()]] did not pass without mutation.
19:21:39 PIT >> SEVERE : Description [testClass=org.springframework.core.annotation.MergedAnnotationsTests, name=[engine:junit-jupiter]/[class:org.springframework.core.annotation.MergedAnnotationsTests]/[method:synthesizeAlreadySynthesized()]] did not pass without mutation.
19:21:39 PIT >> SEVERE : Description [testClass=org.springframework.core.annotation.MergedAnnotationsTests, name=[engine:junit-jupiter]/[class:org.springframework.core.annotation.MergedAnnotationsTests]/[method:synthesizeFromMapWithMissingAttributeValue()]] did not pass without mutation.
19:21:39 PIT >> SEVERE : Description [testClass=org.springframework.core.annotation.MergedAnnotationsTests, name=[engine:junit-jupiter]/[class:org.springframework.core.annotation.MergedAnnotationsTests]/[method:synthesizeWhenAttributeAliasForNonexistentAttribute()]] did not pass without mutation.
19:21:39 PIT >> SEVERE : Description [testClass=org.springframework.core.annotation.MergedAnnotationsTests, name=[engine:junit-jupiter]/[class:org.springframework.core.annotation.MergedAnnotationsTests]/[method:getWithInheritedAnnotationsFromTransitiveImplicitAliasesWithSkippedLevelWithSingleElementOverridingAnArrayViaAliasFor()]] did not pass without mutation.
19:21:39 PIT >> INFO : MINION : Failed to set JaCoCo session: org.jacoco.agent.rt.RT
19:21:39 PIT >> INFO : MINION : Failed to dump JaCoCo execution data: org.jacoco.agent.rt.RT
19:21:39 PIT >> INFO : MINION : Failed to set JaCoCo session: org.jacoco.agent.rt.RT
19:21:39 PIT >> INFO : MINION : Failed to dump JaCoCo execution data: org.jacoco.agent.rt.RT
19:21:39 PIT >> INFO : MINION : Failed to set JaCoCo session: org.jacoco.agent.rt.RT
19:21:39 PIT >> INFO : MINION : Failed to dump JaCoCo execution data: org.jacoco.agent.rt.RT
19:21:39 PIT >> INFO : MINION : Failed to set JaCoCo session: org.jacoco.agent.rt.RT
19:21:39 PIT >> INFO : MINION : Failed to dump JaCoCo execution data: org.jacoco.agent.rt.RT
19:21:39 PIT >> INFO : MINION : Failed to set JaCoCo session: org.jacoco.agent.rt.RT
19:21:39 PIT >> INFO : MINION : Failed to dump JaCoCo execution data: org.jacoco.agent.rt.RT
19:21:39 PIT >> INFO : MINION : Failed to set JaCoCo session: org.jacoco.agent.rt.RT
19:21:39 PIT >> INFO : MINION : Failed to dump JaCoCo execution data: org.jacoco.agent.rt.RT
19:21:39 PIT >> INFO : MINION : Failed to set JaCoCo session: org.jacoco.agent.rt.RT
19:21:39 PIT >> INFO : MINION : Failed to dump JaCoCo execution data: org.jacoco.agent.rt.RT
19:21:39 PIT >> INFO : MINION : Failed to set JaCoCo session: org.jacoco.agent.rt.RT
19:21:39 PIT >> INFO : MINION : Failed to dump JaCoCo execution data: org.jacoco.agent.rt.RT
19:21:39 PIT >> INFO : MINION : Failed to set JaCoCo session: org.jacoco.agent.rt.RT
19:21:39 PIT >> INFO : MINION : Failed to dump JaCoCo execution data: org.jacoco.agent.rt.RT
19:21:39 PIT >> INFO : MINION : Failed to set JaCoCo session: org.jacoco.agent.rt.RT
19:21:39 PIT >> INFO : MINION : Failed to dump JaCoCo execution data: org.jacoco.agent.rt.RT
19:21:39 PIT >> INFO : MINION : Failed to set JaCoCo session: org.jacoco.agent.rt.RT
19:21:39 PIT >> INFO : MINION : Failed to dump JaCoCo execution data: org.jacoco.agent.rt.RT
19:21:39 PIT >> INFO : MINION : Failed to set JaCoCo session: org.jacoco.agent.rt.RT
19:21:39 PIT >> INFO : MINION : Failed to dump JaCoCo execution data: org.jacoco.agent.rt.RT
19:21:39 PIT >> INFO : MINION : Failed to set JaCoCo session: org.jacoco.agent.rt.RT
19:21:39 PIT >> INFO : MINION : Failed to dump JaCoCo execution data: org.jacoco.agent.rt.RT
19:21:39 PIT >> INFO : MINION : Failed to set JaCoCo session: org.jacoco.agent.rt.RT
19:21:39 PIT >> INFO : MINION : Failed to dump JaCoCo execution data: org.jacoco.agent.rt.RT
19:21:39 PIT >> INFO : MINION : Failed to set JaCoCo session: org.jacoco.agent.rt.RT
19:21:39 PIT >> INFO : MINION : Failed to dump JaCoCo execution data: org.jacoco.agent.rt.RT
19:21:39 PIT >> INFO : MINION : Failed to set JaCoCo session: org.jacoco.agent.rt.RT
19:21:39 PIT >> INFO : MINION : Failed to dump JaCoCo execution data: org.jacoco.agent.rt.RT
19:21:39 PIT >> INFO : MINION : Failed to set JaCoCo session: org.jacoco.agent.rt.RT
19:21:39 PIT >> INFO : MINION : Failed to dump JaCoCo execution data: org.jacoco.agent.rt.RT
19:21:39 PIT >> INFO : MINION : Failed to set JaCoCo session: org.jacoco.agent.rt.RT
19:21:39 PIT >> INFO : MINION : Failed to dump JaCoCo execution data: org.jacoco.agent.rt.RT
19:21:39 PIT >> INFO : MINION : Failed to set JaCoCo session: org.jacoco.agent.rt.RT
19:21:39 PIT >> INFO : MINION : Failed to dump JaCoCo execution data: org.jacoco.agent.rt.RT
19:21:39 PIT >> INFO : MINION : Failed to set JaCoCo session: org.jacoco.agent.rt.RT
19:21:39 PIT >> INFO : MINION : Failed to dump JaCoCo execution data: org.jacoco.agent.rt.RT
19:21:39 PIT >> INFO : MINION : Failed to set JaCoCo session: org.jacoco.agent.rt.RT
19:21:39 PIT >> INFO : MINION : Failed to dump JaCoCo execution data: org.jacoco.agent.rt.RT
19:21:39 PIT >> INFO : MINION : Failed to set JaCoCo session: org.jacoco.agent.rt.RT
19:21:39 PIT >> INFO : MINION : Failed to dump JaCoCo execution data: org.jacoco.agent.rt.RT
19:21:39 PIT >> INFO : MINION : Failed to set JaCoCo session: org.jacoco.agent.rt.RT
19:21:39 PIT >> INFO : MINION : Failed to dump JaCoCo execution data: org.jacoco.agent.rt.RT
19:21:39 PIT >> INFO : MINION : Failed to set JaCoCo session: org.jacoco.agent.rt.RT
19:21:39 PIT >> INFO : MINION : Failed to dump JaCoCo execution data: org.jacoco.agent.rt.RT
19:21:39 PIT >> SEVERE : Description [testClass=org.springframework.core.annotation.MergedAnnotationsTests, name=[engine:junit-jupiter]/[class:org.springframework.core.annotation.MergedAnnotationsTests]/[method:collectMultiValueMapFavorsInheritedComposedAnnotationsOverMoreLocallyDeclaredComposedAnnotations()]] did not pass without mutation.
19:21:39 PIT >> SEVERE : Description [testClass=org.springframework.core.annotation.MergedAnnotationsTests, name=[engine:junit-jupiter]/[class:org.springframework.core.annotation.MergedAnnotationsTests]/[method:synthesizeFromAnnotationAttributesWithoutAttributeAliases()]] did not pass without mutation.
19:21:39 PIT >> SEVERE : Description [testClass=org.springframework.core.annotation.MergedAnnotationsTests, name=[engine:junit-jupiter]/[class:org.springframework.core.annotation.MergedAnnotationsTests]/[method:getWithTypeHierarchyWhenMultipleMetaAnnotationsHaveClashingAttributeNames()]] did not pass without mutation.
19:21:39 PIT >> SEVERE : Description [testClass=org.springframework.core.annotation.MergedAnnotationsTests, name=[engine:junit-jupiter]/[class:org.springframework.core.annotation.MergedAnnotationsTests]/[method:getDirectFromClassWithSubInheritedAnnotationInterface()]] did not pass without mutation.
19:21:39 PIT >> SEVERE : Description [testClass=org.springframework.core.annotation.MergedAnnotationsTests, name=[engine:junit-jupiter]/[class:org.springframework.core.annotation.MergedAnnotationsTests]/[method:getWithTypeHierarchyFromClassWithComposedMetaTransactionalAnnotation()]] did not pass without mutation.
19:21:39 PIT >> SEVERE : Description [testClass=org.springframework.core.annotation.MergedAnnotationsTests, name=[engine:junit-jupiter]/[class:org.springframework.core.annotation.MergedAnnotationsTests]/[method:synthesizeFromMapWithNestedMap()]] did not pass without mutation.
19:21:39 PIT >> SEVERE : Description [testClass=org.springframework.core.annotation.MergedAnnotationsTests, name=[engine:junit-jupiter]/[class:org.springframework.core.annotation.MergedAnnotationsTests]/[method:getMetaTypes()]] did not pass without mutation.
19:21:39 PIT >> SEVERE : Description [testClass=org.springframework.core.annotation.MergedAnnotationsTests, name=[engine:junit-jupiter]/[class:org.springframework.core.annotation.MergedAnnotationsTests]/[method:collectMultiValueMapFromClassWithMultipleComposedAnnotations()]] did not pass without mutation.
19:21:39 PIT >> SEVERE : Description [testClass=org.springframework.core.annotation.MergedAnnotationsTests, name=[engine:junit-jupiter]/[class:org.springframework.core.annotation.MergedAnnotationsTests]/[method:getWithTypeHierarchyFromSubNonInheritedAnnotationInterface()]] did not pass without mutation.
19:21:39 PIT >> SEVERE : Description [testClass=org.springframework.core.annotation.MergedAnnotationsTests, name=[engine:junit-jupiter]/[class:org.springframework.core.annotation.MergedAnnotationsTests]/[method:streamRepeatableDeclaredOnSuperclass()]] did not pass without mutation.
19:21:39 PIT >> SEVERE : Description [testClass=org.springframework.core.annotation.MergedAnnotationsTests, name=[engine:junit-jupiter]/[class:org.springframework.core.annotation.MergedAnnotationsTests]/[method:getWithInheritedAnnotationsFromTransitiveImplicitAliases()]] did not pass without mutation.
19:21:39 PIT >> SEVERE : Description [testClass=org.springframework.core.annotation.MergedAnnotationsTests, name=[engine:junit-jupiter]/[class:org.springframework.core.annotation.MergedAnnotationsTests]/[method:withInheritedAnnotationsFromAliasedValueComposedAnnotation()]] did not pass without mutation.
19:21:39 PIT >> SEVERE : Description [testClass=org.springframework.core.annotation.MergedAnnotationsTests, name=[engine:junit-jupiter]/[class:org.springframework.core.annotation.MergedAnnotationsTests]/[method:synthesizeWhenAttributeAliasForMetaAnnotationThatIsNotMetaPresent()]] did not pass without mutation.
19:21:39 PIT >> SEVERE : Description [testClass=org.springframework.core.annotation.MergedAnnotationsTests, name=[engine:junit-jupiter]/[class:org.springframework.core.annotation.MergedAnnotationsTests]/[method:getValueWhenHasDefaultOverrideWithExplicitAlias()]] did not pass without mutation.
19:21:39 PIT >> SEVERE : Description [testClass=org.springframework.core.annotation.MergedAnnotationsTests, name=[engine:junit-jupiter]/[class:org.springframework.core.annotation.MergedAnnotationsTests]/[method:getFromMethodWithGenericSuperclass()]] did not pass without mutation.
19:21:39 PIT >> SEVERE : Description [testClass=org.springframework.core.annotation.MergedAnnotationsTests, name=[engine:junit-jupiter]/[class:org.springframework.core.annotation.MergedAnnotationsTests]/[method:synthesizeFromMapWithImplicitAttributeAliases()]] did not pass without mutation.
19:21:39 PIT >> INFO : MINION : Failed to set JaCoCo session: org.jacoco.agent.rt.RT
19:21:39 PIT >> SEVERE : Description [testClass=org.springframework.core.annotation.MergedAnnotationsTests, name=[engine:junit-jupiter]/[class:org.springframework.core.annotation.MergedAnnotationsTests]/[method:getWithInheritedAnnotationsFromImplicitAliasesInMetaAnnotationOnComposedAnnotation()]] did not pass without mutation.
19:21:39 PIT >> SEVERE : Description [testClass=org.springframework.core.annotation.MergedAnnotationsTests, name=[engine:junit-jupiter]/[class:org.springframework.core.annotation.MergedAnnotationsTests]/[method:synthesizeWithArrayOfChars()]] did not pass without mutation.
19:21:39 PIT >> SEVERE : Description [testClass=org.springframework.core.annotation.MergedAnnotationsTests, name=[engine:junit-jupiter]/[class:org.springframework.core.annotation.MergedAnnotationsTests]/[method:getDefaultValueFromAnnotationType()]] did not pass without mutation.
19:21:39 PIT >> SEVERE : Description [testClass=org.springframework.core.annotation.MergedAnnotationsTests, name=[engine:junit-jupiter]/[class:org.springframework.core.annotation.MergedAnnotationsTests]/[method:getWithTypeHierarchyFromClassWithBothAttributesOfAnAliasPairDeclared()]] did not pass without mutation.
19:21:39 PIT >> SEVERE : Description [testClass=org.springframework.core.annotation.MergedAnnotationsTests, name=[engine:junit-jupiter]/[class:org.springframework.core.annotation.MergedAnnotationsTests]/[method:streamRepeatableDeclaredOnClassAndSuperclass()]] did not pass without mutation.
19:21:39 PIT >> SEVERE : Description [testClass=org.springframework.core.annotation.MergedAnnotationsTests, name=[engine:junit-jupiter]/[class:org.springframework.core.annotation.MergedAnnotationsTests]/[method:getWithTypeHierarchyInheritedFromAbstractMethod()]] did not pass without mutation.
19:21:39 PIT >> SEVERE : Description [testClass=org.springframework.core.annotation.MergedAnnotationsTests, name=[engine:junit-jupiter]/[class:org.springframework.core.annotation.MergedAnnotationsTests]/[method:synthesizeWhenAliasForIsMissingAttributeDeclaration()]] did not pass without mutation.
19:21:39 PIT >> INFO : MINION : Failed to dump JaCoCo execution data: org.jacoco.agent.rt.RT
19:21:39 PIT >> INFO : MINION : Failed to set JaCoCo session: org.jacoco.agent.rt.RT
19:21:39 PIT >> INFO : MINION : Failed to dump JaCoCo execution data: org.jacoco.agent.rt.RT
19:21:39 PIT >> INFO : MINION : Failed to set JaCoCo session: org.jacoco.agent.rt.RT
19:21:39 PIT >> INFO : MINION : Failed to dump JaCoCo execution data: org.jacoco.agent.rt.RT
19:21:39 PIT >> INFO : MINION : Failed to set JaCoCo session: org.jacoco.agent.rt.RT
19:21:39 PIT >> INFO : MINION : Failed to dump JaCoCo execution data: org.jacoco.agent.rt.RT
19:21:39 PIT >> INFO : MINION : Failed to set JaCoCo session: org.jacoco.agent.rt.RT
19:21:39 PIT >> INFO : MINION : Failed to dump JaCoCo execution data: org.jacoco.agent.rt.RT
19:21:39 PIT >> INFO : MINION : Failed to set JaCoCo session: org.jacoco.agent.rt.RT
19:21:39 PIT >> INFO : MINION : Failed to dump JaCoCo execution data: org.jacoco.agent.rt.RT
19:21:39 PIT >> INFO : MINION : Failed to set JaCoCo session: org.jacoco.agent.rt.RT
19:21:39 PIT >> INFO : MINION : Failed to dump JaCoCo execution data: org.jacoco.agent.rt.RT
19:21:39 PIT >> INFO : MINION : Failed to set JaCoCo session: org.jacoco.agent.rt.RT
19:21:39 PIT >> INFO : MINION : Failed to dump JaCoCo execution data: org.jacoco.agent.rt.RT
19:21:39 PIT >> INFO : MINION : Failed to set JaCoCo session: org.jacoco.agent.rt.RT
19:21:39 PIT >> INFO : MINION : Failed to dump JaCoCo execution data: org.jacoco.agent.rt.RT
19:21:39 PIT >> INFO : MINION : Failed to set JaCoCo session: org.jacoco.agent.rt.RT
19:21:39 PIT >> INFO : MINION : Failed to dump JaCoCo execution data: org.jacoco.agent.rt.RT
19:21:39 PIT >> INFO : MINION : Failed to set JaCoCo session: org.jacoco.agent.rt.RT
19:21:39 PIT >> INFO : MINION : Failed to dump JaCoCo execution data: org.jacoco.agent.rt.RT
19:21:39 PIT >> INFO : MINION : Failed to set JaCoCo session: org.jacoco.agent.rt.RT
19:21:39 PIT >> INFO : MINION : Failed to dump JaCoCo execution data: org.jacoco.agent.rt.RT
19:21:39 PIT >> INFO : MINION : Failed to set JaCoCo session: org.jacoco.agent.rt.RT
19:21:39 PIT >> INFO : MINION : Failed to dump JaCoCo execution data: org.jacoco.agent.rt.RT
19:21:39 PIT >> INFO : MINION : Failed to set JaCoCo session: org.jacoco.agent.rt.RT
19:21:39 PIT >> INFO : MINION : Failed to dump JaCoCo execution data: org.jacoco.agent.rt.RT
19:21:39 PIT >> INFO : MINION : Failed to set JaCoCo session: org.jacoco.agent.rt.RT
19:21:39 PIT >> INFO : MINION : Failed to dump JaCoCo execution data: org.jacoco.agent.rt.RT
19:21:39 PIT >> INFO : MINION : Failed to set JaCoCo session: org.jacoco.agent.rt.RT
19:21:39 PIT >> INFO : MINION : Failed to dump JaCoCo execution data: org.jacoco.agent.rt.RT
19:21:39 PIT >> INFO : MINION : Failed to set JaCoCo session: org.jacoco.agent.rt.RT
19:21:39 PIT >> INFO : MINION : Failed to dump JaCoCo execution data: org.jacoco.agent.rt.RT
19:21:39 PIT >> INFO : MINION : Failed to set JaCoCo session: org.jacoco.agent.rt.RT
19:21:39 PIT >> INFO : MINION : Failed to dump JaCoCo execution data: org.jacoco.agent.rt.RT
19:21:39 PIT >> INFO : MINION : Failed to set JaCoCo session: org.jacoco.agent.rt.RT
19:21:39 PIT >> INFO : MINION : Failed to dump JaCoCo execution data: org.jacoco.agent.rt.RT
19:21:39 PIT >> INFO : MINION : Failed to set JaCoCo session: org.jacoco.agent.rt.RT
19:21:39 PIT >> INFO : MINION : Failed to dump JaCoCo execution data: org.jacoco.agent.rt.RT
19:21:39 PIT >> INFO : MINION : Failed to set JaCoCo session: org.jacoco.agent.rt.RT
19:21:39 PIT >> INFO : MINION : Failed to dump JaCoCo execution data: org.jacoco.agent.rt.RT
19:21:39 PIT >> INFO : MINION : Failed to set JaCoCo session: org.jacoco.agent.rt.RT
19:21:39 PIT >> INFO : MINION : Failed to dump JaCoCo execution data: org.jacoco.agent.rt.RT
19:21:39 PIT >> INFO : MINION : Failed to set JaCoCo session: org.jacoco.agent.rt.RT
19:21:39 PIT >> INFO : MINION : Failed to dump JaCoCo execution data: org.jacoco.agent.rt.RT
19:21:39 PIT >> INFO : MINION : Failed to set JaCoCo session: org.jacoco.agent.rt.RT
19:21:39 PIT >> INFO : MINION : Failed to dump JaCoCo execution data: org.jacoco.agent.rt.RT
19:21:39 PIT >> INFO : MINION : Failed to set JaCoCo session: org.jacoco.agent.rt.RT
19:21:39 PIT >> INFO : MINION : Failed to dump JaCoCo execution data: org.jacoco.agent.rt.RT
19:21:39 PIT >> SEVERE : Description [testClass=org.springframework.core.annotation.MergedAnnotationsTests, name=[engine:junit-jupiter]/[class:org.springframework.core.annotation.MergedAnnotationsTests]/[method:getFromMethodWithBridgeMethod()]] did not pass without mutation.
19:21:39 PIT >> SEVERE : Description [testClass=org.springframework.core.annotation.MergedAnnotationsTests, name=[engine:junit-jupiter]/[class:org.springframework.core.annotation.MergedAnnotationsTests]/[method:getDefaultValueFromNonPublicAnnotation()]] did not pass without mutation.
19:21:39 PIT >> SEVERE : Description [testClass=org.springframework.core.annotation.MergedAnnotationsTests, name=[engine:junit-jupiter]/[class:org.springframework.core.annotation.MergedAnnotationsTests]/[method:synthesizeFromMapWithNestedArrayOfMaps()]] did not pass without mutation.
19:21:39 PIT >> SEVERE : Description [testClass=org.springframework.core.annotation.MergedAnnotationsTests, name=[engine:junit-jupiter]/[class:org.springframework.core.annotation.MergedAnnotationsTests]/[method:getDirectFromClassFavorsMoreLocallyDeclaredComposedAnnotationsOverInheritedAnnotations()]] did not pass without mutation.
19:21:39 PIT >> SEVERE : Description [testClass=org.springframework.core.annotation.MergedAnnotationsTests, name=[engine:junit-jupiter]/[class:org.springframework.core.annotation.MergedAnnotationsTests]/[method:getFromMethodWithMethodAnnotationOnLeaf()]] did not pass without mutation.
19:21:39 PIT >> SEVERE : Description [testClass=org.springframework.core.annotation.MergedAnnotationsTests, name=[engine:junit-jupiter]/[class:org.springframework.core.annotation.MergedAnnotationsTests]/[method:synthesizeWhenAttributeAliasForAttributeWithDifferentDefaultValue()]] did not pass without mutation.
19:21:39 PIT >> SEVERE : Description [testClass=org.springframework.core.annotation.MergedAnnotationsTests, name=[engine:junit-jupiter]/[class:org.springframework.core.annotation.MergedAnnotationsTests]/[method:getRootWhenNotDirect()]] did not pass without mutation.
19:21:39 PIT >> SEVERE : Description [testClass=org.springframework.core.annotation.MergedAnnotationsTests, name=[engine:junit-jupiter]/[class:org.springframework.core.annotation.MergedAnnotationsTests]/[method:synthesizeWhenAttributeAliasesWithDifferentValues()]] did not pass without mutation.
19:21:39 PIT >> SEVERE : Description [testClass=org.springframework.core.annotation.MergedAnnotationsTests, name=[engine:junit-jupiter]/[class:org.springframework.core.annotation.MergedAnnotationsTests]/[method:getWithInheritedAnnotationsFromImplicitAliasesForSameAttributeInComposedAnnotation()]] did not pass without mutation.
19:21:39 PIT >> SEVERE : Description [testClass=org.springframework.core.annotation.MergedAnnotationsTests, name=[engine:junit-jupiter]/[class:org.springframework.core.annotation.MergedAnnotationsTests]/[method:getValueFromNonPublicAnnotation()]] did not pass without mutation.
19:21:39 PIT >> SEVERE : Description [testClass=org.springframework.core.annotation.MergedAnnotationsTests, name=[engine:junit-jupiter]/[class:org.springframework.core.annotation.MergedAnnotationsTests]/[method:streamRepeatableDeclaredOnMultipleSuperclasses()]] did not pass without mutation.
19:21:39 PIT >> SEVERE : Description [testClass=org.springframework.core.annotation.MergedAnnotationsTests, name=[engine:junit-jupiter]/[class:org.springframework.core.annotation.MergedAnnotationsTests]/[method:getSuperClassSourceForTypesWithMultipleCandidateTypes()]] did not pass without mutation.
19:21:39 PIT >> SEVERE : Description [testClass=org.springframework.core.annotation.MergedAnnotationsTests, name=[engine:junit-jupiter]/[class:org.springframework.core.annotation.MergedAnnotationsTests]/[method:getDirectFromClassWithSubSubInheritedAnnotationInterface()]] did not pass without mutation.
19:21:39 PIT >> SEVERE : Description [testClass=org.springframework.core.annotation.MergedAnnotationsTests, name=[engine:junit-jupiter]/[class:org.springframework.core.annotation.MergedAnnotationsTests]/[method:getFromMethodWithOnRootButOverridden()]] did not pass without mutation.
19:21:39 PIT >> SEVERE : Description [testClass=org.springframework.core.annotation.MergedAnnotationsTests, name=[engine:junit-jupiter]/[class:org.springframework.core.annotation.MergedAnnotationsTests]/[method:getValueWhenHasDefaultOverride()]] did not pass without mutation.
19:21:39 PIT >> INFO : MINION : Failed to set JaCoCo session: org.jacoco.agent.rt.RT
19:21:39 PIT >> SEVERE : Description [testClass=org.springframework.core.annotation.MergedAnnotationsTests, name=[engine:junit-jupiter]/[class:org.springframework.core.annotation.MergedAnnotationsTests]/[method:synthesizeWithImplicitAliasesWithDifferentDefaultValues()]] did not pass without mutation.
19:21:39 PIT >> SEVERE : Description [testClass=org.springframework.core.annotation.MergedAnnotationsTests, name=[engine:junit-jupiter]/[class:org.springframework.core.annotation.MergedAnnotationsTests]/[method:getWithTypeHierarchyFromNonInheritedAnnotationInterface()]] did not pass without mutation.
19:21:39 PIT >> SEVERE : Description [testClass=org.springframework.core.annotation.MergedAnnotationsTests, name=[engine:junit-jupiter]/[class:org.springframework.core.annotation.MergedAnnotationsTests]/[method:getValueFromAnnotation()]] did not pass without mutation.
19:21:39 PIT >> SEVERE : Description [testClass=org.springframework.core.annotation.MergedAnnotationsTests, name=[engine:junit-jupiter]/[class:org.springframework.core.annotation.MergedAnnotationsTests]/[method:getSuperClassSourceForTypesWithSingleCandidateType()]] did not pass without mutation.
19:21:39 PIT >> SEVERE : Description [testClass=org.springframework.core.annotation.MergedAnnotationsTests, name=[engine:junit-jupiter]/[class:org.springframework.core.annotation.MergedAnnotationsTests]/[method:getWithTypeHierarchyFromClassWithAttributeAliasInComposedAnnotationAndNestedAnnotationsInTargetAnnotation()]] did not pass without mutation.
19:21:39 PIT >> SEVERE : Description [testClass=org.springframework.core.annotation.MergedAnnotationsTests, name=[engine:junit-jupiter]/[class:org.springframework.core.annotation.MergedAnnotationsTests]/[method:streamWithTypeHierarchyInheritedFromSuperInterfaceMethod()]] did not pass without mutation.
19:21:39 PIT >> SEVERE : Description [testClass=org.springframework.core.annotation.MergedAnnotationsTests, name=[engine:junit-jupiter]/[class:org.springframework.core.annotation.MergedAnnotationsTests]/[method:getFromMethodWhenInterfaceWhenSuperDoesNotImplementMethod()]] did not pass without mutation.
19:21:39 PIT >> SEVERE : Description [testClass=org.springframework.core.annotation.MergedAnnotationsTests, name=[engine:junit-jupiter]/[class:org.springframework.core.annotation.MergedAnnotationsTests]/[method:synthesizeWithImplicitAliasesForAliasPair()]] did not pass without mutation.
19:21:39 PIT >> SEVERE : Description [testClass=org.springframework.core.annotation.MergedAnnotationsTests, name=[engine:junit-jupiter]/[class:org.springframework.core.annotation.MergedAnnotationsTests]/[method:collectMultiValueMapFromClassWithLocalAnnotationThatShadowsAnnotationFromSuperclass()]] did not pass without mutation.
19:21:39 PIT >> INFO : MINION : Failed to dump JaCoCo execution data: org.jacoco.agent.rt.RT
19:21:39 PIT >> INFO : MINION : Failed to set JaCoCo session: org.jacoco.agent.rt.RT
19:21:39 PIT >> INFO : MINION : Failed to dump JaCoCo execution data: org.jacoco.agent.rt.RT
19:21:39 PIT >> INFO : MINION : Failed to set JaCoCo session: org.jacoco.agent.rt.RT
19:21:39 PIT >> INFO : MINION : Failed to dump JaCoCo execution data: org.jacoco.agent.rt.RT
19:21:39 PIT >> INFO : MINION : Failed to set JaCoCo session: org.jacoco.agent.rt.RT
19:21:39 PIT >> INFO : MINION : Failed to dump JaCoCo execution data: org.jacoco.agent.rt.RT
19:21:39 PIT >> INFO : MINION : Failed to set JaCoCo session: org.jacoco.agent.rt.RT
19:21:39 PIT >> INFO : MINION : Failed to dump JaCoCo execution data: org.jacoco.agent.rt.RT
19:21:39 PIT >> INFO : MINION : Failed to set JaCoCo session: org.jacoco.agent.rt.RT
19:21:39 PIT >> INFO : MINION : Failed to dump JaCoCo execution data: org.jacoco.agent.rt.RT
19:21:39 PIT >> INFO : MINION : Failed to set JaCoCo session: org.jacoco.agent.rt.RT
19:21:39 PIT >> INFO : MINION : Failed to dump JaCoCo execution data: org.jacoco.agent.rt.RT
19:21:39 PIT >> INFO : MINION : Failed to set JaCoCo session: org.jacoco.agent.rt.RT
19:21:39 PIT >> INFO : MINION : Failed to dump JaCoCo execution data: org.jacoco.agent.rt.RT
19:21:39 PIT >> INFO : MINION : Failed to set JaCoCo session: org.jacoco.agent.rt.RT
19:21:39 PIT >> INFO : MINION : Failed to dump JaCoCo execution data: org.jacoco.agent.rt.RT
19:21:39 PIT >> INFO : MINION : Failed to set JaCoCo session: org.jacoco.agent.rt.RT
19:21:39 PIT >> INFO : MINION : Failed to dump JaCoCo execution data: org.jacoco.agent.rt.RT
19:21:39 PIT >> INFO : MINION : Failed to set JaCoCo session: org.jacoco.agent.rt.RT
19:21:39 PIT >> INFO : MINION : Failed to dump JaCoCo execution data: org.jacoco.agent.rt.RT
19:21:39 PIT >> INFO : MINION : Failed to set JaCoCo session: org.jacoco.agent.rt.RT
19:21:39 PIT >> INFO : MINION : Failed to dump JaCoCo execution data: org.jacoco.agent.rt.RT
19:21:39 PIT >> INFO : MINION : Failed to set JaCoCo session: org.jacoco.agent.rt.RT
19:21:39 PIT >> INFO : MINION : Failed to dump JaCoCo execution data: org.jacoco.agent.rt.RT
19:21:39 PIT >> INFO : MINION : Failed to set JaCoCo session: org.jacoco.agent.rt.RT
19:21:39 PIT >> INFO : MINION : Failed to dump JaCoCo execution data: org.jacoco.agent.rt.RT
19:21:39 PIT >> INFO : MINION : Failed to set JaCoCo session: org.jacoco.agent.rt.RT
19:21:39 PIT >> INFO : MINION : Failed to dump JaCoCo execution data: org.jacoco.agent.rt.RT
19:21:39 PIT >> INFO : MINION : Failed to set JaCoCo session: org.jacoco.agent.rt.RT
19:21:39 PIT >> INFO : MINION : Failed to dump JaCoCo execution data: org.jacoco.agent.rt.RT
19:21:39 PIT >> INFO : MINION : Failed to set JaCoCo session: org.jacoco.agent.rt.RT
19:21:39 PIT >> INFO : MINION : Failed to dump JaCoCo execution data: org.jacoco.agent.rt.RT
19:21:39 PIT >> INFO : MINION : Failed to set JaCoCo session: org.jacoco.agent.rt.RT
19:21:39 PIT >> INFO : MINION : Failed to dump JaCoCo execution data: org.jacoco.agent.rt.RT
19:21:39 PIT >> INFO : MINION : Failed to set JaCoCo session: org.jacoco.agent.rt.RT
19:21:39 PIT >> INFO : MINION : Failed to dump JaCoCo execution data: org.jacoco.agent.rt.RT
19:21:39 PIT >> INFO : MINION : Failed to set JaCoCo session: org.jacoco.agent.rt.RT
19:21:39 PIT >> INFO : MINION : Failed to dump JaCoCo execution data: org.jacoco.agent.rt.RT
19:21:39 PIT >> INFO : MINION : Failed to set JaCoCo session: org.jacoco.agent.rt.RT
19:21:39 PIT >> INFO : MINION : Failed to dump JaCoCo execution data: org.jacoco.agent.rt.RT
19:21:39 PIT >> INFO : MINION : Failed to set JaCoCo session: org.jacoco.agent.rt.RT
19:21:39 PIT >> INFO : MINION : Failed to dump JaCoCo execution data: org.jacoco.agent.rt.RT
19:21:39 PIT >> INFO : MINION : Failed to set JaCoCo session: org.jacoco.agent.rt.RT
19:21:39 PIT >> INFO : MINION : Failed to dump JaCoCo execution data: org.jacoco.agent.rt.RT
19:21:39 PIT >> INFO : MINION : Failed to set JaCoCo session: org.jacoco.agent.rt.RT
19:21:39 PIT >> INFO : MINION : Failed to dump JaCoCo execution data: org.jacoco.agent.rt.RT
19:21:39 PIT >> SEVERE : Description [testClass=org.springframework.core.annotation.MergedAnnotationsTests, name=[engine:junit-jupiter]/[class:org.springframework.core.annotation.MergedAnnotationsTests]/[method:synthesizeFromMapWithMinimalAttributesWithAttributeAliases()]] did not pass without mutation.
19:21:39 PIT >> SEVERE : Description [testClass=org.springframework.core.annotation.MergedAnnotationsTests, name=[engine:junit-jupiter]/[class:org.springframework.core.annotation.MergedAnnotationsTests]/[method:synthesizeShouldNotSynthesizeNonsynthesizableAnnotationsWhenUsingMergedAnnotationsFromApi()]] did not pass without mutation.
19:21:39 PIT >> SEVERE : Description [testClass=org.springframework.core.annotation.MergedAnnotationsTests, name=[engine:junit-jupiter]/[class:org.springframework.core.annotation.MergedAnnotationsTests]/[method:synthesizeWithImplicitAliasesWithMissingDefaultValues()]] did not pass without mutation.
19:21:39 PIT >> SEVERE : Description [testClass=org.springframework.core.annotation.MergedAnnotationsTests, name=[engine:junit-jupiter]/[class:org.springframework.core.annotation.MergedAnnotationsTests]/[method:streamWhenFromClassWithMetaDepth1()]] did not pass without mutation.
19:21:39 PIT >> SEVERE : Description [testClass=org.springframework.core.annotation.MergedAnnotationsTests, name=[engine:junit-jupiter]/[class:org.springframework.core.annotation.MergedAnnotationsTests]/[method:streamWhenFromClassWithMetaDepth2()]] did not pass without mutation.
19:21:39 PIT >> SEVERE : Description [testClass=org.springframework.core.annotation.MergedAnnotationsTests, name=[engine:junit-jupiter]/[class:org.springframework.core.annotation.MergedAnnotationsTests]/[method:synthesizeWhenAttributeAliasForAttributeOfDifferentType()]] did not pass without mutation.
19:21:39 PIT >> SEVERE : Description [testClass=org.springframework.core.annotation.MergedAnnotationsTests, name=[engine:junit-jupiter]/[class:org.springframework.core.annotation.MergedAnnotationsTests]/[method:getFromMethodWithMetaAnnotationOnLeaf()]] did not pass without mutation.
19:21:39 PIT >> SEVERE : Description [testClass=org.springframework.core.annotation.MergedAnnotationsTests, name=[engine:junit-jupiter]/[class:org.springframework.core.annotation.MergedAnnotationsTests]/[method:getFromMethodWithMetaAnnotationOnRoot()]] did not pass without mutation.
19:21:39 PIT >> SEVERE : Description [testClass=org.springframework.core.annotation.MergedAnnotationsTests, name=[engine:junit-jupiter]/[class:org.springframework.core.annotation.MergedAnnotationsTests]/[method:getDirectWithoutAttributeAliases()]] did not pass without mutation.
19:21:39 PIT >> SEVERE : Description [testClass=org.springframework.core.annotation.MergedAnnotationsTests, name=[engine:junit-jupiter]/[class:org.springframework.core.annotation.MergedAnnotationsTests]/[method:getWithInheritedAnnotationsFromInheritedAnnotationInterface()]] did not pass without mutation.
19:21:39 PIT >> SEVERE : Description [testClass=org.springframework.core.annotation.MergedAnnotationsTests, name=[engine:junit-jupiter]/[class:org.springframework.core.annotation.MergedAnnotationsTests]/[method:getDirectFromClassWithMetaMetaMetaAnnotatedClass()]] did not pass without mutation.
19:21:39 PIT >> SEVERE : Description [testClass=org.springframework.core.annotation.MergedAnnotationsTests, name=[engine:junit-jupiter]/[class:org.springframework.core.annotation.MergedAnnotationsTests]/[method:getWithTypeHierarchyInheritedFromInterfaceMethod()]] did not pass without mutation.
19:21:39 PIT >> SEVERE : Description [testClass=org.springframework.core.annotation.MergedAnnotationsTests, name=[engine:junit-jupiter]/[class:org.springframework.core.annotation.MergedAnnotationsTests]/[method:synthesizeWhenUsingMergedAnnotationsFromApi()]] did not pass without mutation.
19:21:39 PIT >> SEVERE : Description [testClass=org.springframework.core.annotation.MergedAnnotationsTests, name=[engine:junit-jupiter]/[class:org.springframework.core.annotation.MergedAnnotationsTests]/[method:getDirectFromClassWithSubSubNonInheritedAnnotationInterface()]] did not pass without mutation.
19:21:39 PIT >> SEVERE : Description [testClass=org.springframework.core.annotation.MergedAnnotationsTests, name=[engine:junit-jupiter]/[class:org.springframework.core.annotation.MergedAnnotationsTests]/[method:getWithInheritedAnnotationsFromMetaCycleAnnotatedClassWithMissingTargetMetaAnnotation()]] did not pass without mutation.
19:21:39 PIT >> SEVERE : Description [testClass=org.springframework.core.annotation.MergedAnnotationsTests, name=[engine:junit-jupiter]/[class:org.springframework.core.annotation.MergedAnnotationsTests]/[method:getWithInheritedAnnotationsFromAliasedValueComposedAnnotation()]] did not pass without mutation.
19:21:39 PIT >> SEVERE : Description [testClass=org.springframework.core.annotation.MergedAnnotationsTests, name=[engine:junit-jupiter]/[class:org.springframework.core.annotation.MergedAnnotationsTests]/[method:getFromMethodWithGenericInterface()]] did not pass without mutation.
19:21:39 PIT >> SEVERE : Description [testClass=org.springframework.core.annotation.MergedAnnotationsTests, name=[engine:junit-jupiter]/[class:org.springframework.core.annotation.MergedAnnotationsTests]/[method:getParent()]] did not pass without mutation.
19:21:39 PIT >> SEVERE : Description [testClass=org.springframework.core.annotation.MergedAnnotationsTests, name=[engine:junit-jupiter]/[class:org.springframework.core.annotation.MergedAnnotationsTests]/[method:getDirectFromClassFavorsMoreLocallyDeclaredComposedAnnotationsOverAnnotationsOnInterfaces()]] did not pass without mutation.
19:21:39 PIT >> SEVERE : Description [testClass=org.springframework.core.annotation.MergedAnnotationsTests, name=[engine:junit-jupiter]/[class:org.springframework.core.annotation.MergedAnnotationsTests]/[method:getDirectFromClassgetDirectFromClassMetaMetaAnnotatedClass()]] did not pass without mutation.
19:21:39 PIT >> SEVERE : Description [testClass=org.springframework.core.annotation.MergedAnnotationsTests, name=[engine:junit-jupiter]/[class:org.springframework.core.annotation.MergedAnnotationsTests]/[method:getRootWhenDirect()]] did not pass without mutation.
19:21:39 PIT >> SEVERE : Description [testClass=org.springframework.core.annotation.MergedAnnotationsTests, name=[engine:junit-jupiter]/[class:org.springframework.core.annotation.MergedAnnotationsTests]/[method:synthesizeShouldNotResynthesizeAlreadySynthesizedAnnotations()]] did not pass without mutation.
19:21:39 PIT >> SEVERE : Description [testClass=org.springframework.core.annotation.MergedAnnotationsTests, name=[engine:junit-jupiter]/[class:org.springframework.core.annotation.MergedAnnotationsTests]/[method:getWithInheritedAnnotationsFavorsLocalComposedAnnotationOverInheritedAnnotation()]] did not pass without mutation.
19:21:39 PIT >> INFO : MINION : Failed to set JaCoCo session: org.jacoco.agent.rt.RT
19:21:39 PIT >> INFO : MINION : Failed to dump JaCoCo execution data: org.jacoco.agent.rt.RT
19:21:39 PIT >> INFO : MINION : Failed to set JaCoCo session: org.jacoco.agent.rt.RT
19:21:39 PIT >> INFO : MINION : Failed to dump JaCoCo execution data: org.jacoco.agent.rt.RT
19:21:39 PIT >> INFO : MINION : Failed to set JaCoCo session: org.jacoco.agent.rt.RT
19:21:39 PIT >> INFO : MINION : Failed to dump JaCoCo execution data: org.jacoco.agent.rt.RT
19:21:39 PIT >> INFO : MINION : Failed to set JaCoCo session: org.jacoco.agent.rt.RT
19:21:39 PIT >> INFO : MINION : Failed to dump JaCoCo execution data: org.jacoco.agent.rt.RT
19:21:39 PIT >> INFO : MINION : Failed to set JaCoCo session: org.jacoco.agent.rt.RT
19:21:39 PIT >> INFO : MINION : Failed to dump JaCoCo execution data: org.jacoco.agent.rt.RT
19:21:39 PIT >> INFO : MINION : Failed to set JaCoCo session: org.jacoco.agent.rt.RT
19:21:39 PIT >> INFO : MINION : Failed to dump JaCoCo execution data: org.jacoco.agent.rt.RT
19:21:39 PIT >> INFO : MINION : Failed to set JaCoCo session: org.jacoco.agent.rt.RT
19:21:39 PIT >> INFO : MINION : Failed to dump JaCoCo execution data: org.jacoco.agent.rt.RT
19:21:39 PIT >> INFO : MINION : Failed to set JaCoCo session: org.jacoco.agent.rt.RT
19:21:39 PIT >> INFO : MINION : Failed to dump JaCoCo execution data: org.jacoco.agent.rt.RT
19:21:39 PIT >> INFO : MINION : Failed to set JaCoCo session: org.jacoco.agent.rt.RT
19:21:39 PIT >> INFO : MINION : Failed to dump JaCoCo execution data: org.jacoco.agent.rt.RT
19:21:39 PIT >> INFO : MINION : Failed to set JaCoCo session: org.jacoco.agent.rt.RT
19:21:39 PIT >> INFO : MINION : Failed to dump JaCoCo execution data: org.jacoco.agent.rt.RT
19:21:39 PIT >> INFO : MINION : Failed to set JaCoCo session: org.jacoco.agent.rt.RT
19:21:39 PIT >> INFO : MINION : Failed to dump JaCoCo execution data: org.jacoco.agent.rt.RT
19:21:39 PIT >> INFO : MINION : Failed to set JaCoCo session: org.jacoco.agent.rt.RT
19:21:39 PIT >> INFO : MINION : Failed to dump JaCoCo execution data: org.jacoco.agent.rt.RT
19:21:39 PIT >> INFO : MINION : Failed to set JaCoCo session: org.jacoco.agent.rt.RT
19:21:39 PIT >> INFO : MINION : Failed to dump JaCoCo execution data: org.jacoco.agent.rt.RT
19:21:39 PIT >> INFO : MINION : Failed to set JaCoCo session: org.jacoco.agent.rt.RT
19:21:39 PIT >> INFO : MINION : Failed to dump JaCoCo execution data: org.jacoco.agent.rt.RT
19:21:39 PIT >> INFO : MINION : Failed to set JaCoCo session: org.jacoco.agent.rt.RT
19:21:39 PIT >> INFO : MINION : Failed to dump JaCoCo execution data: org.jacoco.agent.rt.RT
19:21:39 PIT >> INFO : MINION : Failed to set JaCoCo session: org.jacoco.agent.rt.RT
19:21:39 PIT >> INFO : MINION : Failed to dump JaCoCo execution data: org.jacoco.agent.rt.RT
19:21:39 PIT >> INFO : MINION : Failed to set JaCoCo session: org.jacoco.agent.rt.RT
19:21:39 PIT >> INFO : MINION : Failed to dump JaCoCo execution data: org.jacoco.agent.rt.RT
19:21:39 PIT >> INFO : MINION : Failed to set JaCoCo session: org.jacoco.agent.rt.RT
19:21:39 PIT >> INFO : MINION : Failed to dump JaCoCo execution data: org.jacoco.agent.rt.RT
19:21:39 PIT >> INFO : MINION : Failed to set JaCoCo session: org.jacoco.agent.rt.RT
19:21:39 PIT >> INFO : MINION : Failed to dump JaCoCo execution data: org.jacoco.agent.rt.RT
19:21:39 PIT >> INFO : MINION : Failed to set JaCoCo session: org.jacoco.agent.rt.RT
19:21:39 PIT >> INFO : MINION : Failed to dump JaCoCo execution data: org.jacoco.agent.rt.RT
19:21:39 PIT >> INFO : MINION : Failed to set JaCoCo session: org.jacoco.agent.rt.RT
19:21:39 PIT >> INFO : MINION : Failed to dump JaCoCo execution data: org.jacoco.agent.rt.RT
19:21:39 PIT >> INFO : MINION : Failed to set JaCoCo session: org.jacoco.agent.rt.RT
19:21:39 PIT >> INFO : MINION : Failed to dump JaCoCo execution data: org.jacoco.agent.rt.RT
19:21:39 PIT >> INFO : MINION : Failed to set JaCoCo session: org.jacoco.agent.rt.RT
19:21:39 PIT >> INFO : MINION : Failed to dump JaCoCo execution data: org.jacoco.agent.rt.RT
19:21:39 PIT >> INFO : MINION : Failed to set JaCoCo session: org.jacoco.agent.rt.RT
19:21:39 PIT >> INFO : MINION : Failed to dump JaCoCo execution data: org.jacoco.agent.rt.RT
19:21:39 PIT >> INFO : MINION : Failed to set JaCoCo session: org.jacoco.agent.rt.RT
19:21:39 PIT >> INFO : MINION : Failed to dump JaCoCo execution data: org.jacoco.agent.rt.RT
19:21:39 PIT >> SEVERE : Description [testClass=org.springframework.core.annotation.MergedAnnotationsTests, name=[engine:junit-jupiter]/[class:org.springframework.core.annotation.MergedAnnotationsTests]/[method:getWithTypeHierarchyOnMethodWithSingleElementOverridingAnArrayViaAliasFor()]] did not pass without mutation.
19:21:39 PIT >> SEVERE : Description [testClass=org.springframework.core.annotation.MergedAnnotationsTests, name=[engine:junit-jupiter]/[class:org.springframework.core.annotation.MergedAnnotationsTests]/[method:collectMultiValueMapFromClassWithLocalAnnotation()]] did not pass without mutation.
19:21:39 PIT >> SEVERE : Description [testClass=org.springframework.core.annotation.MergedAnnotationsTests, name=[engine:junit-jupiter]/[class:org.springframework.core.annotation.MergedAnnotationsTests]/[method:equalsForSynthesizedAnnotations()]] did not pass without mutation.
19:21:39 PIT >> SEVERE : Description [testClass=org.springframework.core.annotation.MergedAnnotationsTests, name=[engine:junit-jupiter]/[class:org.springframework.core.annotation.MergedAnnotationsTests]/[method:getValueWhenHasDefaultOverrideWithImplicitAlias()]] did not pass without mutation.
19:21:39 PIT >> SEVERE : Description [testClass=org.springframework.core.annotation.MergedAnnotationsTests, name=[engine:junit-jupiter]/[class:org.springframework.core.annotation.MergedAnnotationsTests]/[method:toStringForSynthesizedAnnotations()]] did not pass without mutation.
19:21:39 PIT >> SEVERE : Description [testClass=org.springframework.core.annotation.MergedAnnotationsTests, name=[engine:junit-jupiter]/[class:org.springframework.core.annotation.MergedAnnotationsTests]/[method:getDirectFromClassWithNonInheritedAnnotationInterface()]] did not pass without mutation.
19:21:39 PIT >> SEVERE : Description [testClass=org.springframework.core.annotation.MergedAnnotationsTests, name=[engine:junit-jupiter]/[class:org.springframework.core.annotation.MergedAnnotationsTests]/[method:getWithInheritedAnnotationsFromShadowedAliasComposedAnnotation()]] did not pass without mutation.
19:21:39 PIT >> SEVERE : Description [testClass=org.springframework.core.annotation.MergedAnnotationsTests, name=[engine:junit-jupiter]/[class:org.springframework.core.annotation.MergedAnnotationsTests]/[method:getValueWhenThreeDeepMetaWithValue()]] did not pass without mutation.
19:21:39 PIT >> SEVERE : Description [testClass=org.springframework.core.annotation.MergedAnnotationsTests, name=[engine:junit-jupiter]/[class:org.springframework.core.annotation.MergedAnnotationsTests]/[method:synthesizeWithArrayOfAnnotations()]] did not pass without mutation.
19:21:39 PIT >> SEVERE : Description [testClass=org.springframework.core.annotation.MergedAnnotationsTests, name=[engine:junit-jupiter]/[class:org.springframework.core.annotation.MergedAnnotationsTests]/[method:streamRepeatableDeclaredOnClassWithAttributeAliases()]] did not pass without mutation.
19:21:39 PIT >> SEVERE : Description [testClass=org.springframework.core.annotation.MergedAnnotationsTests, name=[engine:junit-jupiter]/[class:org.springframework.core.annotation.MergedAnnotationsTests]/[method:collectMultiValueMapFromClassWithLocalComposedAnnotationAndInheritedAnnotation()]] did not pass without mutation.
19:21:39 PIT >> SEVERE : Description [testClass=org.springframework.core.annotation.MergedAnnotationsTests, name=[engine:junit-jupiter]/[class:org.springframework.core.annotation.MergedAnnotationsTests]/[method:hashCodeForSynthesizedAnnotations()]] did not pass without mutation.
19:21:39 PIT >> INFO : MINION : Failed to set JaCoCo session: org.jacoco.agent.rt.RT
19:21:39 PIT >> SEVERE : Description [testClass=org.springframework.core.annotation.MergedAnnotationsTests, name=[engine:junit-jupiter]/[class:org.springframework.core.annotation.MergedAnnotationsTests]/[method:getDirectFromClassWithInheritedAnnotationInterface()]] did not pass without mutation.
19:21:39 PIT >> SEVERE : Description [testClass=org.springframework.core.annotation.MergedAnnotationsTests, name=[engine:junit-jupiter]/[class:org.springframework.core.annotation.MergedAnnotationsTests]/[method:getWithTypeHierarchyFromSubSubInheritedAnnotationInterface()]] did not pass without mutation.
19:21:39 PIT >> SEVERE : Description [testClass=org.springframework.core.annotation.MergedAnnotationsTests, name=[engine:junit-jupiter]/[class:org.springframework.core.annotation.MergedAnnotationsTests]/[method:getWithTypeHierarchyWithSingleElementOverridingAnArrayViaAliasFor()]] did not pass without mutation.
19:21:39 PIT >> SEVERE : Description [testClass=org.springframework.core.annotation.MergedAnnotationsTests, name=[engine:junit-jupiter]/[class:org.springframework.core.annotation.MergedAnnotationsTests]/[method:getWithInheritedAnnotationsFavorsInheritedComposedAnnotationsOverMoreLocallyDeclaredComposedAnnotations()]] did not pass without mutation.
19:21:39 PIT >> SEVERE : Description [testClass=org.springframework.core.annotation.MergedAnnotationsTests, name=[engine:junit-jupiter]/[class:org.springframework.core.annotation.MergedAnnotationsTests]/[method:streamRepeatableDeclaredOnMethod()]] did not pass without mutation.
19:21:39 PIT >> SEVERE : Description [testClass=org.springframework.core.annotation.MergedAnnotationsTests, name=[engine:junit-jupiter]/[class:org.springframework.core.annotation.MergedAnnotationsTests]/[method:synthesizeWithTransitiveImplicitAliasesForAliasPair()]] did not pass without mutation.
19:21:39 PIT >> SEVERE : Description [testClass=org.springframework.core.annotation.MergedAnnotationsTests, name=[engine:junit-jupiter]/[class:org.springframework.core.annotation.MergedAnnotationsTests]/[method:getWithInheritedAnnotationsFromTransitiveImplicitAliasesWithSkippedLevel()]] did not pass without mutation.
19:21:39 PIT >> SEVERE : Description [testClass=org.springframework.core.annotation.MergedAnnotationsTests, name=[engine:junit-jupiter]/[class:org.springframework.core.annotation.MergedAnnotationsTests]/[method:synthesizeFromDefaultsWithAttributeAliases()]] did not pass without mutation.
19:21:39 PIT >> SEVERE : Description [testClass=org.springframework.core.annotation.MergedAnnotationsTests, name=[engine:junit-jupiter]/[class:org.springframework.core.annotation.MergedAnnotationsTests]/[method:getWithTypeHierarchyFromSubSubNonInheritedAnnotationInterface()]] did not pass without mutation.
19:21:39 PIT >> SEVERE : Description [testClass=org.springframework.core.annotation.MergedAnnotationsTests, name=[engine:junit-jupiter]/[class:org.springframework.core.annotation.MergedAnnotationsTests]/[method:isPresentWhenFromAnnotationClassWithMetaDepth0()]] did not pass without mutation.
19:21:39 PIT >> SEVERE : Description [testClass=org.springframework.core.annotation.MergedAnnotationsTests, name=[engine:junit-jupiter]/[class:org.springframework.core.annotation.MergedAnnotationsTests]/[method:isPresentWhenFromAnnotationClassWithMetaDepth1()]] did not pass without mutation.
19:21:39 PIT >> INFO : MINION : Failed to dump JaCoCo execution data: org.jacoco.agent.rt.RT
19:21:39 PIT >> INFO : MINION : Failed to set JaCoCo session: org.jacoco.agent.rt.RT
19:21:39 PIT >> INFO : MINION : Failed to dump JaCoCo execution data: org.jacoco.agent.rt.RT
19:21:39 PIT >> INFO : MINION : Failed to set JaCoCo session: org.jacoco.agent.rt.RT
19:21:39 PIT >> INFO : MINION : Failed to dump JaCoCo execution data: org.jacoco.agent.rt.RT
19:21:39 PIT >> INFO : MINION : Failed to set JaCoCo session: org.jacoco.agent.rt.RT
19:21:39 PIT >> INFO : MINION : Failed to dump JaCoCo execution data: org.jacoco.agent.rt.RT
19:21:39 PIT >> INFO : MINION : Failed to set JaCoCo session: org.jacoco.agent.rt.RT
19:21:39 PIT >> INFO : MINION : Failed to dump JaCoCo execution data: org.jacoco.agent.rt.RT
19:21:39 PIT >> INFO : MINION : Failed to set JaCoCo session: org.jacoco.agent.rt.RT
19:21:39 PIT >> INFO : MINION : Failed to dump JaCoCo execution data: org.jacoco.agent.rt.RT
19:21:39 PIT >> INFO : MINION : Failed to set JaCoCo session: org.jacoco.agent.rt.RT
19:21:39 PIT >> INFO : MINION : Failed to dump JaCoCo execution data: org.jacoco.agent.rt.RT
19:21:39 PIT >> INFO : MINION : Failed to set JaCoCo session: org.jacoco.agent.rt.RT
19:21:39 PIT >> INFO : MINION : Failed to dump JaCoCo execution data: org.jacoco.agent.rt.RT
19:21:39 PIT >> INFO : MINION : Failed to set JaCoCo session: org.jacoco.agent.rt.RT
19:21:39 PIT >> INFO : MINION : Failed to dump JaCoCo execution data: org.jacoco.agent.rt.RT
19:21:39 PIT >> INFO : MINION : Failed to set JaCoCo session: org.jacoco.agent.rt.RT
19:21:39 PIT >> INFO : MINION : Failed to dump JaCoCo execution data: org.jacoco.agent.rt.RT
19:21:39 PIT >> INFO : MINION : Failed to set JaCoCo session: org.jacoco.agent.rt.RT
19:21:39 PIT >> INFO : MINION : Failed to dump JaCoCo execution data: org.jacoco.agent.rt.RT
19:21:39 PIT >> INFO : MINION : Failed to set JaCoCo session: org.jacoco.agent.rt.RT
19:21:39 PIT >> INFO : MINION : Failed to dump JaCoCo execution data: org.jacoco.agent.rt.RT
19:21:39 PIT >> INFO : MINION : Failed to set JaCoCo session: org.jacoco.agent.rt.RT
19:21:39 PIT >> INFO : MINION : Failed to dump JaCoCo execution data: org.jacoco.agent.rt.RT
19:21:39 PIT >> INFO : MINION : Failed to set JaCoCo session: org.jacoco.agent.rt.RT
19:21:39 PIT >> INFO : MINION : Failed to dump JaCoCo execution data: org.jacoco.agent.rt.RT
19:21:39 PIT >> INFO : MINION : Failed to set JaCoCo session: org.jacoco.agent.rt.RT
19:21:39 PIT >> INFO : MINION : Failed to dump JaCoCo execution data: org.jacoco.agent.rt.RT
19:21:39 PIT >> INFO : MINION : Failed to set JaCoCo session: org.jacoco.agent.rt.RT
19:21:39 PIT >> INFO : MINION : Failed to dump JaCoCo execution data: org.jacoco.agent.rt.RT
19:21:39 PIT >> INFO : MINION : Failed to set JaCoCo session: org.jacoco.agent.rt.RT
19:21:39 PIT >> INFO : MINION : Failed to dump JaCoCo execution data: org.jacoco.agent.rt.RT
19:21:39 PIT >> INFO : MINION : Failed to set JaCoCo session: org.jacoco.agent.rt.RT
19:21:39 PIT >> INFO : MINION : Failed to dump JaCoCo execution data: org.jacoco.agent.rt.RT
19:21:39 PIT >> INFO : MINION : Failed to set JaCoCo session: org.jacoco.agent.rt.RT
19:21:39 PIT >> INFO : MINION : Failed to dump JaCoCo execution data: org.jacoco.agent.rt.RT
19:21:39 PIT >> INFO : MINION : Failed to set JaCoCo session: org.jacoco.agent.rt.RT
19:21:39 PIT >> INFO : MINION : Failed to dump JaCoCo execution data: org.jacoco.agent.rt.RT
19:21:39 PIT >> INFO : MINION : Failed to set JaCoCo session: org.jacoco.agent.rt.RT
19:21:39 PIT >> INFO : MINION : Failed to dump JaCoCo execution data: org.jacoco.agent.rt.RT
19:21:39 PIT >> INFO : MINION : Failed to set JaCoCo session: org.jacoco.agent.rt.RT
19:21:39 PIT >> INFO : MINION : Failed to dump JaCoCo execution data: org.jacoco.agent.rt.RT
19:21:39 PIT >> INFO : MINION : Failed to set JaCoCo session: org.jacoco.agent.rt.RT
19:21:39 PIT >> INFO : MINION : Failed to dump JaCoCo execution data: org.jacoco.agent.rt.RT
19:21:39 PIT >> INFO : MINION : Failed to set JaCoCo session: org.jacoco.agent.rt.RT
19:21:39 PIT >> INFO : MINION : Failed to dump JaCoCo execution data: org.jacoco.agent.rt.RT
19:21:39 PIT >> INFO : MINION : Failed to set JaCoCo session: org.jacoco.agent.rt.RT
19:21:39 PIT >> INFO : MINION : Failed to dump JaCoCo execution data: org.jacoco.agent.rt.RT
19:21:39 PIT >> SEVERE : Description [testClass=org.springframework.core.annotation.MergedAnnotationsTests, name=[engine:junit-jupiter]/[class:org.springframework.core.annotation.MergedAnnotationsTests]/[method:isPresentWhenFromAnnotationClassWithMetaDepth2()]] did not pass without mutation.
19:21:39 PIT >> SEVERE : Description [testClass=org.springframework.core.annotation.MergedAnnotationsTests, name=[engine:junit-jupiter]/[class:org.springframework.core.annotation.MergedAnnotationsTests]/[method:synthesizeFromMapWithAttributeAliasesThatOverrideArraysWithSingleElements()]] did not pass without mutation.
19:21:39 PIT >> SEVERE : Description [testClass=org.springframework.core.annotation.MergedAnnotationsTests, name=[engine:junit-jupiter]/[class:org.springframework.core.annotation.MergedAnnotationsTests]/[method:synthesizeFromMapWithNullAttributeValue()]] did not pass without mutation.
19:21:39 PIT >> SEVERE : Description [testClass=org.springframework.core.annotation.MergedAnnotationsTests, name=[engine:junit-jupiter]/[class:org.springframework.core.annotation.MergedAnnotationsTests]/[method:synthesizeFromDefaultsWithoutAttributeAliases()]] did not pass without mutation.
19:21:39 PIT >> SEVERE : Description [testClass=org.springframework.core.annotation.MergedAnnotationsTests, name=[engine:junit-jupiter]/[class:org.springframework.core.annotation.MergedAnnotationsTests]/[method:getDirectWithAttributeAliases1()]] did not pass without mutation.
19:21:39 PIT >> SEVERE : Description [testClass=org.springframework.core.annotation.MergedAnnotationsTests, name=[engine:junit-jupiter]/[class:org.springframework.core.annotation.MergedAnnotationsTests]/[method:getDirectWithAttributeAliases2()]] did not pass without mutation.
19:21:39 PIT >> SEVERE : Description [testClass=org.springframework.core.annotation.MergedAnnotationsTests, name=[engine:junit-jupiter]/[class:org.springframework.core.annotation.MergedAnnotationsTests]/[method:synthesizeWithoutAttributeAliases()]] did not pass without mutation.
19:21:39 PIT >> SEVERE : Description [testClass=org.springframework.core.annotation.MergedAnnotationsTests, name=[engine:junit-jupiter]/[class:org.springframework.core.annotation.MergedAnnotationsTests]/[method:isPresentWhenFromClassWithMetaDepth1()]] did not pass without mutation.
19:21:39 PIT >> SEVERE : Description [testClass=org.springframework.core.annotation.MergedAnnotationsTests, name=[engine:junit-jupiter]/[class:org.springframework.core.annotation.MergedAnnotationsTests]/[method:isPresentWhenFromClassWithMetaDepth2()]] did not pass without mutation.
19:21:39 PIT >> SEVERE : Description [testClass=org.springframework.core.annotation.MergedAnnotationsTests, name=[engine:junit-jupiter]/[class:org.springframework.core.annotation.MergedAnnotationsTests]/[method:getSuperClassForAllScenarios()]] did not pass without mutation.
19:21:39 PIT >> SEVERE : Description [testClass=org.springframework.core.annotation.MergedAnnotationsTests, name=[engine:junit-jupiter]/[class:org.springframework.core.annotation.MergedAnnotationsTests]/[method:synthesizeWhenAttributeAliasWithMirroredAliasForWrongAttribute()]] did not pass without mutation.
19:21:39 PIT >> SEVERE : Description [testClass=org.springframework.core.annotation.MergedAnnotationsTests, name=[engine:junit-jupiter]/[class:org.springframework.core.annotation.MergedAnnotationsTests]/[method:getAggregateIndexForAllScenarios()]] did not pass without mutation.
19:21:39 PIT >> SEVERE : Description [testClass=org.springframework.core.annotation.MergedAnnotationsTests, name=[engine:junit-jupiter]/[class:org.springframework.core.annotation.MergedAnnotationsTests]/[method:streamTypeHierarchyFromClassWithInterface()]] did not pass without mutation.
19:21:39 PIT >> SEVERE : Description [testClass=org.springframework.core.annotation.MergedAnnotationsTests, name=[engine:junit-jupiter]/[class:org.springframework.core.annotation.MergedAnnotationsTests]/[method:getDirectFromClassFavorsMoreLocallyDeclaredComposedAnnotationsOverInheritedComposedAnnotations()]] did not pass without mutation.
19:21:39 PIT >> SEVERE : Description [testClass=org.springframework.core.annotation.MergedAnnotationsTests, name=[engine:junit-jupiter]/[class:org.springframework.core.annotation.MergedAnnotationsTests]/[method:getWithTypeHierarchyFromClassWithAttributeAliasesInTargetAnnotation()]] did not pass without mutation.
19:21:39 PIT >> SEVERE : Description [testClass=org.springframework.core.annotation.MergedAnnotationsTests, name=[engine:junit-jupiter]/[class:org.springframework.core.annotation.MergedAnnotationsTests]/[method:synthesizeWithImplicitAliasesWithImpliedAliasNamesOmitted()]] did not pass without mutation.
19:21:39 PIT >> INFO : MINION : Failed to set JaCoCo session: org.jacoco.agent.rt.RT
19:21:39 PIT >> SEVERE : Description [testClass=org.springframework.core.annotation.MergedAnnotationsTests, name=[engine:junit-jupiter]/[class:org.springframework.core.annotation.MergedAnnotationsTests]/[method:synthesizeNonPublicWithAttributeAliasesFromDifferentPackage()]] did not pass without mutation.
19:21:39 PIT >> SEVERE : Description [testClass=org.springframework.core.annotation.MergedAnnotationsTests, name=[engine:junit-jupiter]/[class:org.springframework.core.annotation.MergedAnnotationsTests]/[method:getWithTypeHierarchyFromClassWithMetaMetaAliasedTransactional()]] did not pass without mutation.
19:21:39 PIT >> SEVERE : Description [testClass=org.springframework.core.annotation.MergedAnnotationsTests, name=[engine:junit-jupiter]/[class:org.springframework.core.annotation.MergedAnnotationsTests]/[method:collectMultiValueMapFavorsInheritedAnnotationsOverMoreLocallyDeclaredComposedAnnotations()]] did not pass without mutation.
19:21:39 PIT >> SEVERE : Description [testClass=org.springframework.core.annotation.MergedAnnotationsTests, name=[engine:junit-jupiter]/[class:org.springframework.core.annotation.MergedAnnotationsTests]/[method:synthesizeFromMapWithAttributeOfIncorrectType()]] did not pass without mutation.
19:21:39 PIT >> SEVERE : Description [testClass=org.springframework.core.annotation.MergedAnnotationsTests, name=[engine:junit-jupiter]/[class:org.springframework.core.annotation.MergedAnnotationsTests]/[method:getWithInheritedAnnotationsFromTransitiveImplicitAliasesWithSingleElementOverridingAnArrayViaAliasFor()]] did not pass without mutation.
19:21:39 PIT >> SEVERE : Description [testClass=org.springframework.core.annotation.MergedAnnotationsTests, name=[engine:junit-jupiter]/[class:org.springframework.core.annotation.MergedAnnotationsTests]/[method:getDefaultValueFromAnnotation()]] did not pass without mutation.
19:21:39 PIT >> SEVERE : Description [testClass=org.springframework.core.annotation.MergedAnnotationsTests, name=[engine:junit-jupiter]/[class:org.springframework.core.annotation.MergedAnnotationsTests]/[method:getFromMethodWithMetaMetaAnnotationOnLeaf()]] did not pass without mutation.
19:21:39 PIT >> INFO : MINION : Failed to dump JaCoCo execution data: org.jacoco.agent.rt.RT
19:21:39 PIT >> INFO : MINION : Failed to set JaCoCo session: org.jacoco.agent.rt.RT
19:21:39 PIT >> INFO : MINION : Failed to dump JaCoCo execution data: org.jacoco.agent.rt.RT
19:21:39 PIT >> INFO : MINION : Failed to set JaCoCo session: org.jacoco.agent.rt.RT
19:21:39 PIT >> INFO : MINION : Failed to dump JaCoCo execution data: org.jacoco.agent.rt.RT
19:21:39 PIT >> INFO : MINION : Failed to set JaCoCo session: org.jacoco.agent.rt.RT
19:21:39 PIT >> INFO : MINION : Failed to dump JaCoCo execution data: org.jacoco.agent.rt.RT
19:21:39 PIT >> INFO : MINION : Failed to set JaCoCo session: org.jacoco.agent.rt.RT
19:21:39 PIT >> INFO : MINION : Failed to dump JaCoCo execution data: org.jacoco.agent.rt.RT
19:21:39 PIT >> INFO : MINION : Failed to set JaCoCo session: org.jacoco.agent.rt.RT
19:21:39 PIT >> INFO : MINION : Failed to dump JaCoCo execution data: org.jacoco.agent.rt.RT
19:21:39 PIT >> INFO : MINION : Failed to set JaCoCo session: org.jacoco.agent.rt.RT
19:21:39 PIT >> INFO : MINION : Failed to dump JaCoCo execution data: org.jacoco.agent.rt.RT
19:21:39 PIT >> INFO : MINION : Failed to set JaCoCo session: org.jacoco.agent.rt.RT
19:21:39 PIT >> INFO : MINION : Failed to dump JaCoCo execution data: org.jacoco.agent.rt.RT
19:21:39 PIT >> INFO : MINION : Failed to set JaCoCo session: org.jacoco.agent.rt.RT
19:21:39 PIT >> INFO : MINION : Failed to dump JaCoCo execution data: org.jacoco.agent.rt.RT
19:21:39 PIT >> INFO : MINION : Failed to set JaCoCo session: org.jacoco.agent.rt.RT
19:21:39 PIT >> INFO : MINION : Failed to dump JaCoCo execution data: org.jacoco.agent.rt.RT
19:21:39 PIT >> INFO : MINION : Failed to set JaCoCo session: org.jacoco.agent.rt.RT
19:21:39 PIT >> INFO : MINION : Failed to dump JaCoCo execution data: org.jacoco.agent.rt.RT
19:21:39 PIT >> INFO : MINION : Failed to set JaCoCo session: org.jacoco.agent.rt.RT
19:21:39 PIT >> INFO : MINION : Failed to dump JaCoCo execution data: org.jacoco.agent.rt.RT
19:21:39 PIT >> INFO : MINION : Failed to set JaCoCo session: org.jacoco.agent.rt.RT
19:21:39 PIT >> INFO : MINION : Failed to dump JaCoCo execution data: org.jacoco.agent.rt.RT
19:21:39 PIT >> INFO : MINION : Failed to set JaCoCo session: org.jacoco.agent.rt.RT
19:21:39 PIT >> INFO : MINION : Failed to dump JaCoCo execution data: org.jacoco.agent.rt.RT
19:21:39 PIT >> INFO : MINION : Failed to set JaCoCo session: org.jacoco.agent.rt.RT
19:21:39 PIT >> INFO : MINION : Failed to dump JaCoCo execution data: org.jacoco.agent.rt.RT
19:21:39 PIT >> INFO : MINION : Failed to set JaCoCo session: org.jacoco.agent.rt.RT
19:21:39 PIT >> INFO : MINION : Failed to dump JaCoCo execution data: org.jacoco.agent.rt.RT
19:21:39 PIT >> INFO : MINION : Failed to set JaCoCo session: org.jacoco.agent.rt.RT
19:21:39 PIT >> INFO : MINION : Failed to dump JaCoCo execution data: org.jacoco.agent.rt.RT
19:21:39 PIT >> INFO : MINION : Failed to set JaCoCo session: org.jacoco.agent.rt.RT
19:21:39 PIT >> INFO : MINION : Failed to dump JaCoCo execution data: org.jacoco.agent.rt.RT
19:21:39 PIT >> INFO : MINION : Failed to set JaCoCo session: org.jacoco.agent.rt.RT
19:21:39 PIT >> INFO : MINION : Failed to dump JaCoCo execution data: org.jacoco.agent.rt.RT
19:21:39 PIT >> INFO : MINION : Failed to set JaCoCo session: org.jacoco.agent.rt.RT
19:21:39 PIT >> INFO : MINION : Failed to dump JaCoCo execution data: org.jacoco.agent.rt.RT
19:21:39 PIT >> INFO : MINION : Failed to set JaCoCo session: org.jacoco.agent.rt.RT
19:21:39 PIT >> INFO : MINION : Failed to dump JaCoCo execution data: org.jacoco.agent.rt.RT
19:21:39 PIT >> INFO : MINION : Failed to set JaCoCo session: org.jacoco.agent.rt.RT
19:21:39 PIT >> INFO : MINION : Failed to dump JaCoCo execution data: org.jacoco.agent.rt.RT
19:21:39 PIT >> SEVERE : Description [testClass=org.springframework.core.annotation.MergedAnnotationsTests, name=[engine:junit-jupiter]/[class:org.springframework.core.annotation.MergedAnnotationsTests]/[method:getDirectFromClassWithAnnotatedClassWithMissingTargetMetaAnnotation()]] did not pass without mutation.
19:21:39 PIT >> SEVERE : Description [testClass=org.springframework.core.annotation.MergedAnnotationsTests, name=[engine:junit-jupiter]/[class:org.springframework.core.annotation.MergedAnnotationsTests]/[method:getDirectFromClassWithSubNonInheritedAnnotationInterface()]] did not pass without mutation.
19:21:39 PIT >> SEVERE : Description [testClass=org.springframework.core.annotation.MergedAnnotationsTests, name=[engine:junit-jupiter]/[class:org.springframework.core.annotation.MergedAnnotationsTests]/[method:isDirectlyPresentForAllScenarios()]] did not pass without mutation.
19:21:39 PIT >> SEVERE : Description [testClass=org.springframework.core.annotation.MergedAnnotationsTests, name=[engine:junit-jupiter]/[class:org.springframework.core.annotation.MergedAnnotationsTests]/[method:getWithTypeHierarchyFromSubInheritedAnnotationInterface()]] did not pass without mutation.
19:21:39 PIT >> SEVERE : Description [testClass=org.springframework.core.annotation.MergedAnnotationsTests, name=[engine:junit-jupiter]/[class:org.springframework.core.annotation.MergedAnnotationsTests]/[method:withInheritedAnnotationsFromAliasedComposedAnnotation()]] did not pass without mutation.
19:21:39 PIT >> SEVERE : Description [testClass=org.springframework.core.annotation.MergedAnnotationsTests, name=[engine:junit-jupiter]/[class:org.springframework.core.annotation.MergedAnnotationsTests]/[method:getFromMethodWithAnnotationOnMethodInInterface()]] did not pass without mutation.
19:21:39 PIT >> SEVERE : Description [testClass=org.springframework.core.annotation.MergedAnnotationsTests, name=[engine:junit-jupiter]/[class:org.springframework.core.annotation.MergedAnnotationsTests]/[method:synthesizedAnnotationShouldReuseJdkProxyClass()]] did not pass without mutation.
19:21:39 PIT >> SEVERE : Description [testClass=org.springframework.core.annotation.MergedAnnotationsTests, name=[engine:junit-jupiter]/[class:org.springframework.core.annotation.MergedAnnotationsTests]/[method:getDirectWithNestedAnnotations()]] did not pass without mutation.
19:21:39 PIT >> SEVERE : Description [testClass=org.springframework.core.annotation.MergedAnnotationsTests, name=[engine:junit-jupiter]/[class:org.springframework.core.annotation.MergedAnnotationsTests]/[method:streamDirectRepeatablesDeclaredOnClass()]] did not pass without mutation.
19:21:39 PIT >> SEVERE : Description [testClass=org.springframework.core.annotation.MergedAnnotationsTests, name=[engine:junit-jupiter]/[class:org.springframework.core.annotation.MergedAnnotationsTests]/[nested-class:ConventionBasedAnnotationAttributeOverrideTests]/[method:getWithInheritedAnnotationsFromInvalidConventionBasedComposedAnnotation()]] did not pass without mutation.
19:21:39 PIT >> SEVERE : Description [testClass=org.springframework.core.annotation.MergedAnnotationsTests, name=[engine:junit-jupiter]/[class:org.springframework.core.annotation.MergedAnnotationsTests]/[nested-class:ConventionBasedAnnotationAttributeOverrideTests]/[method:getWithInheritedAnnotationsFromHalfConventionBasedAndHalfAliasedComposedAnnotation1()]] did not pass without mutation.
19:21:39 PIT >> SEVERE : Description [testClass=org.springframework.core.annotation.MergedAnnotationsTests, name=[engine:junit-jupiter]/[class:org.springframework.core.annotation.MergedAnnotationsTests]/[nested-class:ConventionBasedAnnotationAttributeOverrideTests]/[method:getWithInheritedAnnotationsFromHalfConventionBasedAndHalfAliasedComposedAnnotation2()]] did not pass without mutation.
19:21:39 PIT >> SEVERE : Description [testClass=org.springframework.core.annotation.MergedAnnotationsTests, name=[engine:junit-jupiter]/[class:org.springframework.core.annotation.MergedAnnotationsTests]/[nested-class:ConventionBasedAnnotationAttributeOverrideTests]/[method:getWithTypeHierarchyWithSingleElementOverridingAnArrayViaConvention()]] did not pass without mutation.
19:21:39 PIT >> SEVERE : Description [testClass=org.springframework.core.annotation.MergedAnnotationsTests, name=[engine:junit-jupiter]/[class:org.springframework.core.annotation.MergedAnnotationsTests]/[nested-class:ConventionBasedAnnotationAttributeOverrideTests]/[method:getWithInheritedAnnotationsAttributesWithConventionBasedComposedAnnotation()]] did not pass without mutation.
19:21:39 PIT >> SEVERE : Description [testClass=org.springframework.core.annotation.MergedAnnotationsTests, name=[engine:junit-jupiter]/[class:org.springframework.core.annotation.MergedAnnotationsTests]/[nested-class:ConventionBasedAnnotationAttributeOverrideTests]/[method:getWithTypeHierarchyOnMethodWithSingleElementOverridingAnArrayViaConvention()]] did not pass without mutation.
19:21:39 PIT >> SEVERE : Description [testClass=org.springframework.core.annotation.MergedAnnotationsTests, name=[engine:junit-jupiter]/[class:org.springframework.core.annotation.MergedAnnotationsTests]/[nested-class:ConventionBasedAnnotationAttributeOverrideTests]/[method:getWithTypeHierarchyWithLocalAliasesThatConflictWithAttributesInMetaAnnotationByConvention()]] did not pass without mutation.
19:21:39 PIT >> SEVERE : Description [testClass=org.springframework.core.annotation.MergedAnnotationsTests, name=[engine:junit-jupiter]/[class:org.springframework.core.annotation.MergedAnnotationsTests]/[nested-class:FluentSearchApiTests]/[method:searchFromClassWithDefaultAnnotationFilterAndDefaultRepeatableContainers()]] did not pass without mutation.
19:21:39 PIT >> SEVERE : Description [testClass=org.springframework.core.annotation.MergedAnnotationsTests, name=[engine:junit-jupiter]/[class:org.springframework.core.annotation.MergedAnnotationsTests]/[nested-class:FluentSearchApiTests]/[method:searchFromNonAnnotatedInnerClassWithAnnotatedEnclosingClassWithEnclosingClassPredicates()]] did not pass without mutation.
19:21:39 PIT >> SEVERE : Description [testClass=org.springframework.core.annotation.MergedAnnotationsTests, name=[engine:junit-jupiter]/[class:org.springframework.core.annotation.MergedAnnotationsTests]/[nested-class:FluentSearchApiTests]/[method:searchFromNonAnnotatedStaticNestedClassWithAnnotatedEnclosingClassWithEnclosingClassPredicates()]] did not pass without mutation.
19:21:39 PIT >> SEVERE : Description [testClass=org.springframework.core.annotation.MergedAnnotationsTests, name=[engine:junit-jupiter]/[class:org.springframework.core.annotation.MergedAnnotationsTests]/[nested-class:FluentSearchApiTests]/[method:searchFromClassWithCustomAnnotationFilter()]] did not pass without mutation.
19:21:39 PIT >> SEVERE : Description [testClass=org.springframework.core.annotation.MergedAnnotationsTests, name=[engine:junit-jupiter]/[class:org.springframework.core.annotation.MergedAnnotationsTests]/[nested-class:FluentSearchApiTests]/[method:searchFromClassWithCustomRepeatableContainers()]] did not pass without mutation.
19:21:39 PIT >> INFO : MINION : Failed to set JaCoCo session: org.jacoco.agent.rt.RT
19:21:39 PIT >> INFO : MINION : Failed to dump JaCoCo execution data: org.jacoco.agent.rt.RT
19:21:39 PIT >> INFO : MINION : Failed to set JaCoCo session: org.jacoco.agent.rt.RT
19:21:39 PIT >> INFO : MINION : Failed to dump JaCoCo execution data: org.jacoco.agent.rt.RT
19:21:39 PIT >> INFO : MINION : Failed to set JaCoCo session: org.jacoco.agent.rt.RT
19:21:39 PIT >> INFO : MINION : Failed to dump JaCoCo execution data: org.jacoco.agent.rt.RT
19:21:39 PIT >> INFO : MINION : Failed to set JaCoCo session: org.jacoco.agent.rt.RT
19:21:39 PIT >> INFO : MINION : Failed to dump JaCoCo execution data: org.jacoco.agent.rt.RT
19:21:39 PIT >> INFO : MINION : Failed to set JaCoCo session: org.jacoco.agent.rt.RT
19:21:39 PIT >> INFO : MINION : Failed to dump JaCoCo execution data: org.jacoco.agent.rt.RT
19:21:39 PIT >> INFO : MINION : Failed to set JaCoCo session: org.jacoco.agent.rt.RT
19:21:39 PIT >> INFO : MINION : Failed to dump JaCoCo execution data: org.jacoco.agent.rt.RT
19:21:39 PIT >> INFO : MINION : Failed to set JaCoCo session: org.jacoco.agent.rt.RT
19:21:39 PIT >> INFO : MINION : Failed to dump JaCoCo execution data: org.jacoco.agent.rt.RT
19:21:39 PIT >> INFO : MINION : Failed to set JaCoCo session: org.jacoco.agent.rt.RT
19:21:39 PIT >> INFO : MINION : Failed to dump JaCoCo execution data: org.jacoco.agent.rt.RT
19:21:39 PIT >> INFO : MINION : Failed to set JaCoCo session: org.jacoco.agent.rt.RT
19:21:39 PIT >> INFO : MINION : Failed to dump JaCoCo execution data: org.jacoco.agent.rt.RT
19:21:39 PIT >> INFO : MINION : Failed to set JaCoCo session: org.jacoco.agent.rt.RT
19:21:39 PIT >> INFO : MINION : Failed to dump JaCoCo execution data: org.jacoco.agent.rt.RT
19:21:39 PIT >> INFO : MINION : Failed to set JaCoCo session: org.jacoco.agent.rt.RT
19:21:39 PIT >> INFO : MINION : Failed to dump JaCoCo execution data: org.jacoco.agent.rt.RT
19:21:39 PIT >> INFO : MINION : Failed to set JaCoCo session: org.jacoco.agent.rt.RT
19:21:39 PIT >> INFO : MINION : Failed to dump JaCoCo execution data: org.jacoco.agent.rt.RT
19:21:39 PIT >> INFO : MINION : Failed to set JaCoCo session: org.jacoco.agent.rt.RT
19:21:39 PIT >> INFO : MINION : Failed to dump JaCoCo execution data: org.jacoco.agent.rt.RT
19:21:39 PIT >> INFO : MINION : Failed to set JaCoCo session: org.jacoco.agent.rt.RT
19:21:39 PIT >> INFO : MINION : Failed to dump JaCoCo execution data: org.jacoco.agent.rt.RT
19:21:39 PIT >> INFO : MINION : Failed to set JaCoCo session: org.jacoco.agent.rt.RT
19:21:39 PIT >> INFO : MINION : Failed to dump JaCoCo execution data: org.jacoco.agent.rt.RT
19:21:39 PIT >> INFO : MINION : Failed to set JaCoCo session: org.jacoco.agent.rt.RT
19:21:39 PIT >> INFO : MINION : Failed to dump JaCoCo execution data: org.jacoco.agent.rt.RT
19:21:39 PIT >> INFO : MINION : Failed to set JaCoCo session: org.jacoco.agent.rt.RT
19:21:39 PIT >> INFO : MINION : Failed to dump JaCoCo execution data: org.jacoco.agent.rt.RT
19:21:39 PIT >> INFO : MINION : Failed to set JaCoCo session: org.jacoco.agent.rt.RT
19:21:39 PIT >> INFO : MINION : Failed to dump JaCoCo execution data: org.jacoco.agent.rt.RT
19:21:39 PIT >> INFO : MINION : Failed to set JaCoCo session: org.jacoco.agent.rt.RT
19:21:39 PIT >> INFO : MINION : Failed to dump JaCoCo execution data: org.jacoco.agent.rt.RT
19:21:39 PIT >> INFO : MINION : Failed to set JaCoCo session: org.jacoco.agent.rt.RT
19:21:39 PIT >> INFO : MINION : Failed to dump JaCoCo execution data: org.jacoco.agent.rt.RT
19:21:39 PIT >> INFO : MINION : Failed to set JaCoCo session: org.jacoco.agent.rt.RT
19:21:39 PIT >> INFO : MINION : Failed to dump JaCoCo execution data: org.jacoco.agent.rt.RT
19:21:39 PIT >> INFO : MINION : Failed to set JaCoCo session: org.jacoco.agent.rt.RT
19:21:39 PIT >> INFO : MINION : Failed to dump JaCoCo execution data: org.jacoco.agent.rt.RT
19:21:39 PIT >> INFO : MINION : Failed to set JaCoCo session: org.jacoco.agent.rt.RT
19:21:39 PIT >> INFO : MINION : Failed to dump JaCoCo execution data: org.jacoco.agent.rt.RT
19:21:39 PIT >> INFO : MINION : Failed to set JaCoCo session: org.jacoco.agent.rt.RT
19:21:39 PIT >> INFO : MINION : Failed to dump JaCoCo execution data: org.jacoco.agent.rt.RT
19:21:39 PIT >> INFO : MINION : Failed to set JaCoCo session: org.jacoco.agent.rt.RT
19:21:39 PIT >> INFO : MINION : Failed to dump JaCoCo execution data: org.jacoco.agent.rt.RT
19:21:39 PIT >> INFO : MINION : Failed to set JaCoCo session: org.jacoco.agent.rt.RT
19:21:39 PIT >> INFO : MINION : Failed to dump JaCoCo execution data: org.jacoco.agent.rt.RT
19:21:39 PIT >> INFO : MINION : Failed to set JaCoCo session: org.jacoco.agent.rt.RT
19:21:39 PIT >> INFO : MINION : Failed to dump JaCoCo execution data: org.jacoco.agent.rt.RT
19:21:39 PIT >> INFO : MINION : Failed to set JaCoCo session: org.jacoco.agent.rt.RT
19:21:39 PIT >> INFO : MINION : Failed to dump JaCoCo execution data: org.jacoco.agent.rt.RT
19:21:39 PIT >> INFO : MINION : Failed to set JaCoCo session: org.jacoco.agent.rt.RT
19:21:39 PIT >> INFO : MINION : Failed to dump JaCoCo execution data: org.jacoco.agent.rt.RT
19:21:39 PIT >> INFO : MINION : Failed to set JaCoCo session: org.jacoco.agent.rt.RT
19:21:39 PIT >> INFO : MINION : Failed to dump JaCoCo execution data: org.jacoco.agent.rt.RT
19:21:39 PIT >> INFO : MINION : Failed to set JaCoCo session: org.jacoco.agent.rt.RT
19:21:39 PIT >> INFO : MINION : Failed to dump JaCoCo execution data: org.jacoco.agent.rt.RT
19:21:39 PIT >> INFO : MINION : Failed to set JaCoCo session: org.jacoco.agent.rt.RT
19:21:39 PIT >> INFO : MINION : Failed to dump JaCoCo execution data: org.jacoco.agent.rt.RT
19:21:39 PIT >> INFO : MINION : Failed to set JaCoCo session: org.jacoco.agent.rt.RT
19:21:39 PIT >> INFO : MINION : Failed to dump JaCoCo execution data: org.jacoco.agent.rt.RT
19:21:39 PIT >> INFO : MINION : Failed to set JaCoCo session: org.jacoco.agent.rt.RT
19:21:39 PIT >> INFO : MINION : Failed to dump JaCoCo execution data: org.jacoco.agent.rt.RT
19:21:39 PIT >> INFO : MINION : Failed to set JaCoCo session: org.jacoco.agent.rt.RT
19:21:39 PIT >> INFO : MINION : Failed to dump JaCoCo execution data: org.jacoco.agent.rt.RT
19:21:39 PIT >> INFO : MINION : Failed to set JaCoCo session: org.jacoco.agent.rt.RT
19:21:39 PIT >> INFO : MINION : Failed to dump JaCoCo execution data: org.jacoco.agent.rt.RT
19:21:39 PIT >> INFO : MINION : Failed to set JaCoCo session: org.jacoco.agent.rt.RT
19:21:39 PIT >> INFO : MINION : Failed to dump JaCoCo execution data: org.jacoco.agent.rt.RT
19:21:39 PIT >> INFO : MINION : Failed to set JaCoCo session: org.jacoco.agent.rt.RT
19:21:39 PIT >> INFO : MINION : Failed to dump JaCoCo execution data: org.jacoco.agent.rt.RT
19:21:39 PIT >> INFO : MINION : Failed to set JaCoCo session: org.jacoco.agent.rt.RT
19:21:39 PIT >> INFO : MINION : Failed to dump JaCoCo execution data: org.jacoco.agent.rt.RT
19:21:39 PIT >> INFO : MINION : Failed to set JaCoCo session: org.jacoco.agent.rt.RT
19:21:39 PIT >> INFO : MINION : Failed to dump JaCoCo execution data: org.jacoco.agent.rt.RT
19:21:39 PIT >> INFO : MINION : Failed to set JaCoCo session: org.jacoco.agent.rt.RT
19:21:39 PIT >> INFO : MINION : Failed to dump JaCoCo execution data: org.jacoco.agent.rt.RT
19:21:39 PIT >> INFO : MINION : Failed to set JaCoCo session: org.jacoco.agent.rt.RT
19:21:39 PIT >> INFO : MINION : Failed to dump JaCoCo execution data: org.jacoco.agent.rt.RT
19:21:39 PIT >> INFO : MINION : Failed to set JaCoCo session: org.jacoco.agent.rt.RT
19:21:39 PIT >> INFO : MINION : Failed to dump JaCoCo execution data: org.jacoco.agent.rt.RT
19:21:39 PIT >> INFO : MINION : Failed to set JaCoCo session: org.jacoco.agent.rt.RT
19:21:39 PIT >> INFO : MINION : Failed to dump JaCoCo execution data: org.jacoco.agent.rt.RT
19:21:39 PIT >> INFO : MINION : Failed to set JaCoCo session: org.jacoco.agent.rt.RT
19:21:39 PIT >> INFO : MINION : Failed to dump JaCoCo execution data: org.jacoco.agent.rt.RT
19:21:39 PIT >> INFO : MINION : Failed to set JaCoCo session: org.jacoco.agent.rt.RT
19:21:39 PIT >> INFO : MINION : Failed to dump JaCoCo execution data: org.jacoco.agent.rt.RT
19:21:39 PIT >> INFO : MINION : Failed to set JaCoCo session: org.jacoco.agent.rt.RT
19:21:39 PIT >> INFO : MINION : Failed to dump JaCoCo execution data: org.jacoco.agent.rt.RT
19:21:39 PIT >> INFO : MINION : Failed to set JaCoCo session: org.jacoco.agent.rt.RT
19:21:39 PIT >> INFO : MINION : Failed to dump JaCoCo execution data: org.jacoco.agent.rt.RT
19:21:39 PIT >> INFO : MINION : Failed to set JaCoCo session: org.jacoco.agent.rt.RT
19:21:39 PIT >> INFO : MINION : Failed to dump JaCoCo execution data: org.jacoco.agent.rt.RT
19:21:39 PIT >> SEVERE : Description [testClass=org.springframework.core.annotation.MultipleComposedAnnotationsOnSingleAnnotatedElementTests, name=[engine:junit-jupiter]/[class:org.springframework.core.annotation.MultipleComposedAnnotationsOnSingleAnnotatedElementTests]/[method:findMultipleNoninheritedComposedAnnotationsOnClass()]] did not pass without mutation.
19:21:39 PIT >> SEVERE : Description [testClass=org.springframework.core.annotation.MultipleComposedAnnotationsOnSingleAnnotatedElementTests, name=[engine:junit-jupiter]/[class:org.springframework.core.annotation.MultipleComposedAnnotationsOnSingleAnnotatedElementTests]/[method:getMultipleNoninheritedComposedAnnotationsOnClass()]] did not pass without mutation.
19:21:39 PIT >> SEVERE : Description [testClass=org.springframework.core.annotation.MultipleComposedAnnotationsOnSingleAnnotatedElementTests, name=[engine:junit-jupiter]/[class:org.springframework.core.annotation.MultipleComposedAnnotationsOnSingleAnnotatedElementTests]/[method:findMultipleInheritedComposedAnnotationsOnSuperclass()]] did not pass without mutation.
19:21:39 PIT >> SEVERE : Description [testClass=org.springframework.core.annotation.MultipleComposedAnnotationsOnSingleAnnotatedElementTests, name=[engine:junit-jupiter]/[class:org.springframework.core.annotation.MultipleComposedAnnotationsOnSingleAnnotatedElementTests]/[method:findMultipleComposedAnnotationsOnClass()]] did not pass without mutation.
19:21:39 PIT >> INFO : MINION : Failed to set JaCoCo session: org.jacoco.agent.rt.RT
19:21:39 PIT >> INFO : MINION : Failed to dump JaCoCo execution data: org.jacoco.agent.rt.RT
19:21:39 PIT >> INFO : MINION : Failed to set JaCoCo session: org.jacoco.agent.rt.RT
19:21:39 PIT >> INFO : MINION : Failed to dump JaCoCo execution data: org.jacoco.agent.rt.RT
19:21:39 PIT >> INFO : MINION : Failed to set JaCoCo session: org.jacoco.agent.rt.RT
19:21:39 PIT >> INFO : MINION : Failed to dump JaCoCo execution data: org.jacoco.agent.rt.RT
19:21:39 PIT >> INFO : MINION : Failed to set JaCoCo session: org.jacoco.agent.rt.RT
19:21:39 PIT >> INFO : MINION : Failed to dump JaCoCo execution data: org.jacoco.agent.rt.RT
19:21:39 PIT >> INFO : MINION : Failed to set JaCoCo session: org.jacoco.agent.rt.RT
19:21:39 PIT >> INFO : MINION : Failed to dump JaCoCo execution data: org.jacoco.agent.rt.RT
19:21:39 PIT >> INFO : MINION : Failed to set JaCoCo session: org.jacoco.agent.rt.RT
19:21:39 PIT >> INFO : MINION : Failed to dump JaCoCo execution data: org.jacoco.agent.rt.RT
19:21:39 PIT >> INFO : MINION : Failed to set JaCoCo session: org.jacoco.agent.rt.RT
19:21:39 PIT >> INFO : MINION : Failed to dump JaCoCo execution data: org.jacoco.agent.rt.RT
19:21:39 PIT >> INFO : MINION : Failed to set JaCoCo session: org.jacoco.agent.rt.RT
19:21:39 PIT >> INFO : MINION : Failed to dump JaCoCo execution data: org.jacoco.agent.rt.RT
19:21:39 PIT >> INFO : MINION : Failed to set JaCoCo session: org.jacoco.agent.rt.RT
19:21:39 PIT >> INFO : MINION : Failed to dump JaCoCo execution data: org.jacoco.agent.rt.RT
19:21:39 PIT >> INFO : MINION : Failed to set JaCoCo session: org.jacoco.agent.rt.RT
19:21:39 PIT >> INFO : MINION : Failed to dump JaCoCo execution data: org.jacoco.agent.rt.RT
19:21:39 PIT >> INFO : MINION : Failed to set JaCoCo session: org.jacoco.agent.rt.RT
19:21:39 PIT >> INFO : MINION : Failed to dump JaCoCo execution data: org.jacoco.agent.rt.RT
19:21:39 PIT >> INFO : MINION : Failed to set JaCoCo session: org.jacoco.agent.rt.RT
19:21:39 PIT >> INFO : MINION : Failed to dump JaCoCo execution data: org.jacoco.agent.rt.RT
19:21:39 PIT >> INFO : MINION : Failed to set JaCoCo session: org.jacoco.agent.rt.RT
19:21:39 PIT >> INFO : MINION : Failed to dump JaCoCo execution data: org.jacoco.agent.rt.RT
19:21:39 PIT >> INFO : MINION : Failed to set JaCoCo session: org.jacoco.agent.rt.RT
19:21:39 PIT >> INFO : MINION : Failed to dump JaCoCo execution data: org.jacoco.agent.rt.RT
19:21:39 PIT >> INFO : MINION : Failed to set JaCoCo session: org.jacoco.agent.rt.RT
19:21:39 PIT >> INFO : MINION : Failed to dump JaCoCo execution data: org.jacoco.agent.rt.RT
19:21:39 PIT >> INFO : MINION : Failed to set JaCoCo session: org.jacoco.agent.rt.RT
19:21:39 PIT >> INFO : MINION : Failed to dump JaCoCo execution data: org.jacoco.agent.rt.RT
19:21:39 PIT >> INFO : MINION : Failed to set JaCoCo session: org.jacoco.agent.rt.RT
19:21:39 PIT >> INFO : MINION : Failed to dump JaCoCo execution data: org.jacoco.agent.rt.RT
19:21:39 PIT >> INFO : MINION : Failed to set JaCoCo session: org.jacoco.agent.rt.RT
19:21:39 PIT >> INFO : MINION : Failed to dump JaCoCo execution data: org.jacoco.agent.rt.RT
19:21:39 PIT >> INFO : MINION : Failed to set JaCoCo session: org.jacoco.agent.rt.RT
19:21:39 PIT >> INFO : MINION : Failed to dump JaCoCo execution data: org.jacoco.agent.rt.RT
19:21:39 PIT >> INFO : MINION : Failed to set JaCoCo session: org.jacoco.agent.rt.RT
19:21:39 PIT >> INFO : MINION : Failed to dump JaCoCo execution data: org.jacoco.agent.rt.RT
19:21:39 PIT >> SEVERE : Description [testClass=org.springframework.core.annotation.MultipleComposedAnnotationsOnSingleAnnotatedElementTests, name=[engine:junit-jupiter]/[class:org.springframework.core.annotation.MultipleComposedAnnotationsOnSingleAnnotatedElementTests]/[method:findComposedPlusLocalAnnotationsOnMethod()]] did not pass without mutation.
19:21:39 PIT >> SEVERE : Description [testClass=org.springframework.core.annotation.MultipleComposedAnnotationsOnSingleAnnotatedElementTests, name=[engine:junit-jupiter]/[class:org.springframework.core.annotation.MultipleComposedAnnotationsOnSingleAnnotatedElementTests]/[method:findMultipleComposedAnnotationsOnInterface()]] did not pass without mutation.
19:21:39 PIT >> SEVERE : Description [testClass=org.springframework.core.annotation.MultipleComposedAnnotationsOnSingleAnnotatedElementTests, name=[engine:junit-jupiter]/[class:org.springframework.core.annotation.MultipleComposedAnnotationsOnSingleAnnotatedElementTests]/[method:getComposedPlusLocalAnnotationsOnClass()]] did not pass without mutation.
19:21:39 PIT >> SEVERE : Description [testClass=org.springframework.core.annotation.MultipleComposedAnnotationsOnSingleAnnotatedElementTests, name=[engine:junit-jupiter]/[class:org.springframework.core.annotation.MultipleComposedAnnotationsOnSingleAnnotatedElementTests]/[method:getMultipleComposedAnnotationsOnMethod()]] did not pass without mutation.
19:21:39 PIT >> SEVERE : Description [testClass=org.springframework.core.annotation.MultipleComposedAnnotationsOnSingleAnnotatedElementTests, name=[engine:junit-jupiter]/[class:org.springframework.core.annotation.MultipleComposedAnnotationsOnSingleAnnotatedElementTests]/[method:getMultipleComposedAnnotationsOnClass()]] did not pass without mutation.
19:21:39 PIT >> SEVERE : Description [testClass=org.springframework.core.annotation.MultipleComposedAnnotationsOnSingleAnnotatedElementTests, name=[engine:junit-jupiter]/[class:org.springframework.core.annotation.MultipleComposedAnnotationsOnSingleAnnotatedElementTests]/[method:findMultipleNoninheritedComposedAnnotationsOnSuperclass()]] did not pass without mutation.
19:21:39 PIT >> SEVERE : Description [testClass=org.springframework.core.annotation.MultipleComposedAnnotationsOnSingleAnnotatedElementTests, name=[engine:junit-jupiter]/[class:org.springframework.core.annotation.MultipleComposedAnnotationsOnSingleAnnotatedElementTests]/[method:getMultipleInheritedComposedAnnotationsOnSuperclass()]] did not pass without mutation.
19:21:39 PIT >> SEVERE : Description [testClass=org.springframework.core.annotation.MultipleComposedAnnotationsOnSingleAnnotatedElementTests, name=[engine:junit-jupiter]/[class:org.springframework.core.annotation.MultipleComposedAnnotationsOnSingleAnnotatedElementTests]/[method:findComposedPlusLocalAnnotationsOnClass()]] did not pass without mutation.
19:21:39 PIT >> SEVERE : Description [testClass=org.springframework.core.annotation.MultipleComposedAnnotationsOnSingleAnnotatedElementTests, name=[engine:junit-jupiter]/[class:org.springframework.core.annotation.MultipleComposedAnnotationsOnSingleAnnotatedElementTests]/[method:findMultipleComposedAnnotationsOnMethod()]] did not pass without mutation.
19:21:39 PIT >> SEVERE : Description [testClass=org.springframework.core.annotation.MultipleComposedAnnotationsOnSingleAnnotatedElementTests, name=[engine:junit-jupiter]/[class:org.springframework.core.annotation.MultipleComposedAnnotationsOnSingleAnnotatedElementTests]/[method:findComposedCacheOnInterfaceAndLocalCacheOnClass()]] did not pass without mutation.
19:21:39 PIT >> SEVERE : Description [testClass=org.springframework.core.annotation.MultipleComposedAnnotationsOnSingleAnnotatedElementTests, name=[engine:junit-jupiter]/[class:org.springframework.core.annotation.MultipleComposedAnnotationsOnSingleAnnotatedElementTests]/[method:findMultipleComposedAnnotationsOnBridgeMethod()]] did not pass without mutation.
19:21:39 PIT >> SEVERE : Description [testClass=org.springframework.core.annotation.MultipleComposedAnnotationsOnSingleAnnotatedElementTests, name=[engine:junit-jupiter]/[class:org.springframework.core.annotation.MultipleComposedAnnotationsOnSingleAnnotatedElementTests]/[method:getComposedPlusLocalAnnotationsOnMethod()]] did not pass without mutation.
19:21:39 PIT >> SEVERE : Description [testClass=org.springframework.core.annotation.NestedRepeatableAnnotationsTests, name=[engine:junit-jupiter]/[class:org.springframework.core.annotation.NestedRepeatableAnnotationsTests]/[nested-class:MultipleRepeatableAnnotationsTests]/[method:findMergedRepeatableAnnotationsWithExplicitContainer_AnnotatedElementUtils()]] did not pass without mutation.
19:21:39 PIT >> SEVERE : Description [testClass=org.springframework.core.annotation.NestedRepeatableAnnotationsTests, name=[engine:junit-jupiter]/[class:org.springframework.core.annotation.NestedRepeatableAnnotationsTests]/[nested-class:MultipleRepeatableAnnotationsTests]/[method:streamRepeatableAnnotationsWithExplicitRepeatables_MergedAnnotationsApi()]] did not pass without mutation.
19:21:39 PIT >> SEVERE : Description [testClass=org.springframework.core.annotation.NestedRepeatableAnnotationsTests, name=[engine:junit-jupiter]/[class:org.springframework.core.annotation.NestedRepeatableAnnotationsTests]/[nested-class:MultipleRepeatableAnnotationsTests]/[method:getMergedRepeatableAnnotationsWithStandardRepeatables_AnnotatedElementUtils()]] did not pass without mutation.
19:21:39 PIT >> SEVERE : Description [testClass=org.springframework.core.annotation.NestedRepeatableAnnotationsTests, name=[engine:junit-jupiter]/[class:org.springframework.core.annotation.NestedRepeatableAnnotationsTests]/[nested-class:MultipleRepeatableAnnotationsTests]/[method:getMergedRepeatableAnnotationsWithExplicitContainer_AnnotatedElementUtils()]] did not pass without mutation.
19:21:39 PIT >> SEVERE : Description [testClass=org.springframework.core.annotation.NestedRepeatableAnnotationsTests, name=[engine:junit-jupiter]/[class:org.springframework.core.annotation.NestedRepeatableAnnotationsTests]/[nested-class:MultipleRepeatableAnnotationsTests]/[method:streamRepeatableAnnotationsWithStandardRepeatables_MergedAnnotationsApi()]] did not pass without mutation.
19:21:39 PIT >> SEVERE : Description [testClass=org.springframework.core.annotation.NestedRepeatableAnnotationsTests, name=[engine:junit-jupiter]/[class:org.springframework.core.annotation.NestedRepeatableAnnotationsTests]/[nested-class:MultipleRepeatableAnnotationsTests]/[method:getRepeatableAnnotations_AnnotationUtils()]] did not pass without mutation.
19:21:39 PIT >> INFO : MINION : Failed to set JaCoCo session: org.jacoco.agent.rt.RT
19:21:39 PIT >> INFO : MINION : Failed to dump JaCoCo execution data: org.jacoco.agent.rt.RT
19:21:39 PIT >> INFO : MINION : Failed to set JaCoCo session: org.jacoco.agent.rt.RT
19:21:39 PIT >> INFO : MINION : Failed to dump JaCoCo execution data: org.jacoco.agent.rt.RT
19:21:39 PIT >> INFO : MINION : Failed to set JaCoCo session: org.jacoco.agent.rt.RT
19:21:39 PIT >> INFO : MINION : Failed to dump JaCoCo execution data: org.jacoco.agent.rt.RT
19:21:39 PIT >> INFO : MINION : Failed to set JaCoCo session: org.jacoco.agent.rt.RT
19:21:39 PIT >> INFO : MINION : Failed to dump JaCoCo execution data: org.jacoco.agent.rt.RT
19:21:39 PIT >> INFO : MINION : Failed to set JaCoCo session: org.jacoco.agent.rt.RT
19:21:39 PIT >> INFO : MINION : Failed to dump JaCoCo execution data: org.jacoco.agent.rt.RT
19:21:39 PIT >> INFO : MINION : Failed to set JaCoCo session: org.jacoco.agent.rt.RT
19:21:39 PIT >> INFO : MINION : Failed to dump JaCoCo execution data: org.jacoco.agent.rt.RT
19:21:39 PIT >> INFO : MINION : Failed to set JaCoCo session: org.jacoco.agent.rt.RT
19:21:39 PIT >> INFO : MINION : Failed to dump JaCoCo execution data: org.jacoco.agent.rt.RT
19:21:39 PIT >> INFO : MINION : Failed to set JaCoCo session: org.jacoco.agent.rt.RT
19:21:39 PIT >> INFO : MINION : Failed to dump JaCoCo execution data: org.jacoco.agent.rt.RT
19:21:39 PIT >> INFO : MINION : Failed to set JaCoCo session: org.jacoco.agent.rt.RT
19:21:39 PIT >> INFO : MINION : Failed to dump JaCoCo execution data: org.jacoco.agent.rt.RT
19:21:39 PIT >> INFO : MINION : Failed to set JaCoCo session: org.jacoco.agent.rt.RT
19:21:39 PIT >> INFO : MINION : Failed to dump JaCoCo execution data: org.jacoco.agent.rt.RT
19:21:39 PIT >> INFO : MINION : Failed to set JaCoCo session: org.jacoco.agent.rt.RT
19:21:39 PIT >> INFO : MINION : Failed to dump JaCoCo execution data: org.jacoco.agent.rt.RT
19:21:39 PIT >> INFO : MINION : Failed to set JaCoCo session: org.jacoco.agent.rt.RT
19:21:39 PIT >> INFO : MINION : Failed to dump JaCoCo execution data: org.jacoco.agent.rt.RT
19:21:39 PIT >> INFO : MINION : Failed to set JaCoCo session: org.jacoco.agent.rt.RT
19:21:39 PIT >> INFO : MINION : Failed to dump JaCoCo execution data: org.jacoco.agent.rt.RT
19:21:39 PIT >> INFO : MINION : Failed to set JaCoCo session: org.jacoco.agent.rt.RT
19:21:39 PIT >> INFO : MINION : Failed to dump JaCoCo execution data: org.jacoco.agent.rt.RT
19:21:39 PIT >> INFO : MINION : Failed to set JaCoCo session: org.jacoco.agent.rt.RT
19:21:39 PIT >> INFO : MINION : Failed to dump JaCoCo execution data: org.jacoco.agent.rt.RT
19:21:39 PIT >> INFO : MINION : Failed to set JaCoCo session: org.jacoco.agent.rt.RT
19:21:39 PIT >> INFO : MINION : Failed to dump JaCoCo execution data: org.jacoco.agent.rt.RT
19:21:39 PIT >> INFO : MINION : Failed to set JaCoCo session: org.jacoco.agent.rt.RT
19:21:39 PIT >> INFO : MINION : Failed to dump JaCoCo execution data: org.jacoco.agent.rt.RT
19:21:39 PIT >> INFO : MINION : Failed to set JaCoCo session: org.jacoco.agent.rt.RT
19:21:39 PIT >> INFO : MINION : Failed to dump JaCoCo execution data: org.jacoco.agent.rt.RT
19:21:39 PIT >> INFO : MINION : Failed to set JaCoCo session: org.jacoco.agent.rt.RT
19:21:39 PIT >> INFO : MINION : Failed to dump JaCoCo execution data: org.jacoco.agent.rt.RT
19:21:39 PIT >> INFO : MINION : Failed to set JaCoCo session: org.jacoco.agent.rt.RT
19:21:39 PIT >> INFO : MINION : Failed to dump JaCoCo execution data: org.jacoco.agent.rt.RT
19:21:39 PIT >> INFO : MINION : Failed to set JaCoCo session: org.jacoco.agent.rt.RT
19:21:39 PIT >> INFO : MINION : Failed to dump JaCoCo execution data: org.jacoco.agent.rt.RT
19:21:39 PIT >> INFO : MINION : Failed to set JaCoCo session: org.jacoco.agent.rt.RT
19:21:39 PIT >> INFO : MINION : Failed to dump JaCoCo execution data: org.jacoco.agent.rt.RT
19:21:39 PIT >> INFO : MINION : Failed to set JaCoCo session: org.jacoco.agent.rt.RT
19:21:39 PIT >> INFO : MINION : Failed to dump JaCoCo execution data: org.jacoco.agent.rt.RT
19:21:39 PIT >> INFO : MINION : Failed to set JaCoCo session: org.jacoco.agent.rt.RT
19:21:39 PIT >> INFO : MINION : Failed to dump JaCoCo execution data: org.jacoco.agent.rt.RT
19:21:39 PIT >> INFO : MINION : Failed to set JaCoCo session: org.jacoco.agent.rt.RT
19:21:39 PIT >> INFO : MINION : Failed to dump JaCoCo execution data: org.jacoco.agent.rt.RT
19:21:39 PIT >> SEVERE : Description [testClass=org.springframework.core.annotation.NestedRepeatableAnnotationsTests, name=[engine:junit-jupiter]/[class:org.springframework.core.annotation.NestedRepeatableAnnotationsTests]/[nested-class:MultipleRepeatableAnnotationsTests]/[method:findMergedRepeatableAnnotationsWithStandardRepeatables_AnnotatedElementUtils()]] did not pass without mutation.
19:21:39 PIT >> SEVERE : Description [testClass=org.springframework.core.annotation.NestedRepeatableAnnotationsTests, name=[engine:junit-jupiter]/[class:org.springframework.core.annotation.NestedRepeatableAnnotationsTests]/[nested-class:SingleRepeatableAnnotationTests]/[method:findMergedRepeatableAnnotations_AnnotatedElementUtils()]] did not pass without mutation.
19:21:39 PIT >> SEVERE : Description [testClass=org.springframework.core.annotation.NestedRepeatableAnnotationsTests, name=[engine:junit-jupiter]/[class:org.springframework.core.annotation.NestedRepeatableAnnotationsTests]/[nested-class:SingleRepeatableAnnotationTests]/[method:streamRepeatableAnnotations_MergedAnnotationsApi()]] did not pass without mutation.
19:21:39 PIT >> SEVERE : Description [testClass=org.springframework.core.annotation.NestedRepeatableAnnotationsTests, name=[engine:junit-jupiter]/[class:org.springframework.core.annotation.NestedRepeatableAnnotationsTests]/[nested-class:SingleRepeatableAnnotationTests]/[method:getMergedRepeatableAnnotationsWithStandardRepeatables_AnnotatedElementUtils()]] did not pass without mutation.
19:21:39 PIT >> SEVERE : Description [testClass=org.springframework.core.annotation.NestedRepeatableAnnotationsTests, name=[engine:junit-jupiter]/[class:org.springframework.core.annotation.NestedRepeatableAnnotationsTests]/[nested-class:SingleRepeatableAnnotationTests]/[method:getMergedRepeatableAnnotationsWithExplicitContainer_AnnotatedElementUtils()]] did not pass without mutation.
19:21:39 PIT >> SEVERE : Description [testClass=org.springframework.core.annotation.NestedRepeatableAnnotationsTests, name=[engine:junit-jupiter]/[class:org.springframework.core.annotation.NestedRepeatableAnnotationsTests]/[nested-class:SingleRepeatableAnnotationTests]/[method:getRepeatableAnnotations_AnnotationUtils()]] did not pass without mutation.
19:21:39 PIT >> SEVERE : Description [testClass=org.springframework.core.annotation.OrderSourceProviderTests, name=[engine:junit-jupiter]/[class:org.springframework.core.annotation.OrderSourceProviderTests]/[method:arrayFactoryMethodOverridesStaticOrder()]] did not pass without mutation.
19:21:39 PIT >> SEVERE : Description [testClass=org.springframework.core.annotation.OrderSourceProviderTests, name=[engine:junit-jupiter]/[class:org.springframework.core.annotation.OrderSourceProviderTests]/[method:listNoFactoryMethod()]] did not pass without mutation.
19:21:39 PIT >> SEVERE : Description [testClass=org.springframework.core.annotation.OrderSourceProviderTests, name=[engine:junit-jupiter]/[class:org.springframework.core.annotation.OrderSourceProviderTests]/[method:arrayNoFactoryMethod()]] did not pass without mutation.
19:21:39 PIT >> SEVERE : Description [testClass=org.springframework.core.annotation.OrderSourceProviderTests, name=[engine:junit-jupiter]/[class:org.springframework.core.annotation.OrderSourceProviderTests]/[method:listFactoryMethodOverridesStaticOrder()]] did not pass without mutation.
19:21:39 PIT >> SEVERE : Description [testClass=org.springframework.core.annotation.OrderUtilsTests, name=[engine:junit-jupiter]/[class:org.springframework.core.annotation.OrderUtilsTests]/[method:getSimpleOrder()]] did not pass without mutation.
19:21:39 PIT >> SEVERE : Description [testClass=org.springframework.core.annotation.OrderUtilsTests, name=[engine:junit-jupiter]/[class:org.springframework.core.annotation.OrderUtilsTests]/[method:getPriorityOrder()]] did not pass without mutation.
19:21:39 PIT >> SEVERE : Description [testClass=org.springframework.core.annotation.OrderUtilsTests, name=[engine:junit-jupiter]/[class:org.springframework.core.annotation.OrderUtilsTests]/[method:getPriorityValue()]] did not pass without mutation.
19:21:39 PIT >> SEVERE : Description [testClass=org.springframework.core.annotation.OrderUtilsTests, name=[engine:junit-jupiter]/[class:org.springframework.core.annotation.OrderUtilsTests]/[method:getOrderWithBoth()]] did not pass without mutation.
19:21:39 PIT >> SEVERE : Description [testClass=org.springframework.core.annotation.OrderUtilsTests, name=[engine:junit-jupiter]/[class:org.springframework.core.annotation.OrderUtilsTests]/[method:getPriorityValueNoAnnotation()]] did not pass without mutation.
19:21:39 PIT >> INFO : MINION : Failed to set JaCoCo session: org.jacoco.agent.rt.RT
19:21:39 PIT >> INFO : MINION : Failed to dump JaCoCo execution data: org.jacoco.agent.rt.RT
19:21:39 PIT >> INFO : MINION : Failed to set JaCoCo session: org.jacoco.agent.rt.RT
19:21:39 PIT >> INFO : MINION : Failed to dump JaCoCo execution data: org.jacoco.agent.rt.RT
19:21:39 PIT >> INFO : MINION : Failed to set JaCoCo session: org.jacoco.agent.rt.RT
19:21:39 PIT >> INFO : MINION : Failed to dump JaCoCo execution data: org.jacoco.agent.rt.RT
19:21:39 PIT >> INFO : MINION : Failed to set JaCoCo session: org.jacoco.agent.rt.RT
19:21:39 PIT >> INFO : MINION : Failed to dump JaCoCo execution data: org.jacoco.agent.rt.RT
19:21:39 PIT >> INFO : MINION : Failed to set JaCoCo session: org.jacoco.agent.rt.RT
19:21:39 PIT >> INFO : MINION : Failed to dump JaCoCo execution data: org.jacoco.agent.rt.RT
19:21:39 PIT >> INFO : MINION : Failed to set JaCoCo session: org.jacoco.agent.rt.RT
19:21:39 PIT >> INFO : MINION : Failed to dump JaCoCo execution data: org.jacoco.agent.rt.RT
19:21:39 PIT >> INFO : MINION : Failed to set JaCoCo session: org.jacoco.agent.rt.RT
19:21:39 PIT >> INFO : MINION : Failed to dump JaCoCo execution data: org.jacoco.agent.rt.RT
19:21:39 PIT >> INFO : MINION : Failed to set JaCoCo session: org.jacoco.agent.rt.RT
19:21:39 PIT >> INFO : MINION : Failed to dump JaCoCo execution data: org.jacoco.agent.rt.RT
19:21:39 PIT >> INFO : MINION : Failed to set JaCoCo session: org.jacoco.agent.rt.RT
19:21:39 PIT >> INFO : MINION : Failed to dump JaCoCo execution data: org.jacoco.agent.rt.RT
19:21:39 PIT >> INFO : MINION : Failed to set JaCoCo session: org.jacoco.agent.rt.RT
19:21:39 PIT >> INFO : MINION : Failed to dump JaCoCo execution data: org.jacoco.agent.rt.RT
19:21:39 PIT >> INFO : MINION : Failed to set JaCoCo session: org.jacoco.agent.rt.RT
19:21:39 PIT >> INFO : MINION : Failed to dump JaCoCo execution data: org.jacoco.agent.rt.RT
19:21:39 PIT >> INFO : MINION : Failed to set JaCoCo session: org.jacoco.agent.rt.RT
19:21:39 PIT >> INFO : MINION : Failed to dump JaCoCo execution data: org.jacoco.agent.rt.RT
19:21:39 PIT >> INFO : MINION : Failed to set JaCoCo session: org.jacoco.agent.rt.RT
19:21:39 PIT >> INFO : MINION : Failed to dump JaCoCo execution data: org.jacoco.agent.rt.RT
19:21:39 PIT >> INFO : MINION : Failed to set JaCoCo session: org.jacoco.agent.rt.RT
19:21:39 PIT >> INFO : MINION : Failed to dump JaCoCo execution data: org.jacoco.agent.rt.RT
19:21:39 PIT >> INFO : MINION : Failed to set JaCoCo session: org.jacoco.agent.rt.RT
19:21:39 PIT >> INFO : MINION : Failed to dump JaCoCo execution data: org.jacoco.agent.rt.RT
19:21:39 PIT >> INFO : MINION : Failed to set JaCoCo session: org.jacoco.agent.rt.RT
19:21:39 PIT >> INFO : MINION : Failed to dump JaCoCo execution data: org.jacoco.agent.rt.RT
19:21:39 PIT >> INFO : MINION : Failed to set JaCoCo session: org.jacoco.agent.rt.RT
19:21:39 PIT >> INFO : MINION : Failed to dump JaCoCo execution data: org.jacoco.agent.rt.RT
19:21:39 PIT >> INFO : MINION : Failed to set JaCoCo session: org.jacoco.agent.rt.RT
19:21:39 PIT >> INFO : MINION : Failed to dump JaCoCo execution data: org.jacoco.agent.rt.RT
19:21:39 PIT >> INFO : MINION : Failed to set JaCoCo session: org.jacoco.agent.rt.RT
19:21:39 PIT >> INFO : MINION : Failed to dump JaCoCo execution data: org.jacoco.agent.rt.RT
19:21:39 PIT >> INFO : MINION : Failed to set JaCoCo session: org.jacoco.agent.rt.RT
19:21:39 PIT >> INFO : MINION : Failed to dump JaCoCo execution data: org.jacoco.agent.rt.RT
19:21:39 PIT >> INFO : MINION : Failed to set JaCoCo session: org.jacoco.agent.rt.RT
19:21:39 PIT >> INFO : MINION : Failed to dump JaCoCo execution data: org.jacoco.agent.rt.RT
19:21:39 PIT >> INFO : MINION : Failed to set JaCoCo session: org.jacoco.agent.rt.RT
19:21:39 PIT >> INFO : MINION : Failed to dump JaCoCo execution data: org.jacoco.agent.rt.RT
19:21:39 PIT >> INFO : MINION : Failed to set JaCoCo session: org.jacoco.agent.rt.RT
19:21:39 PIT >> INFO : MINION : Failed to dump JaCoCo execution data: org.jacoco.agent.rt.RT
19:21:39 PIT >> SEVERE : Description [testClass=org.springframework.core.annotation.TypeMappedAnnotationTests, name=[engine:junit-jupiter]/[class:org.springframework.core.annotation.TypeMappedAnnotationTests]/[method:mappingExplicitAliasToMetaAnnotationReturnsMappedValues()]] did not pass without mutation.
19:21:39 PIT >> INFO : MINION : Failed to set JaCoCo session: org.jacoco.agent.rt.RT
19:21:39 PIT >> INFO : MINION : Failed to dump JaCoCo execution data: org.jacoco.agent.rt.RT
19:21:39 PIT >> INFO : MINION : Failed to set JaCoCo session: org.jacoco.agent.rt.RT
19:21:39 PIT >> INFO : MINION : Failed to dump JaCoCo execution data: org.jacoco.agent.rt.RT
19:21:39 PIT >> INFO : MINION : Failed to set JaCoCo session: org.jacoco.agent.rt.RT
19:21:39 PIT >> INFO : MINION : Failed to dump JaCoCo execution data: org.jacoco.agent.rt.RT
19:21:39 PIT >> INFO : MINION : Failed to set JaCoCo session: org.jacoco.agent.rt.RT
19:21:39 PIT >> INFO : MINION : Failed to dump JaCoCo execution data: org.jacoco.agent.rt.RT
19:21:39 PIT >> INFO : MINION : Failed to set JaCoCo session: org.jacoco.agent.rt.RT
19:21:39 PIT >> INFO : MINION : Failed to dump JaCoCo execution data: org.jacoco.agent.rt.RT
19:21:39 PIT >> SEVERE : Description [testClass=org.springframework.core.annotation.TypeMappedAnnotationTests, name=[engine:junit-jupiter]/[class:org.springframework.core.annotation.TypeMappedAnnotationTests]/[method:mappingWhenMirroredReturnsMirroredValues()]] did not pass without mutation.
19:21:39 PIT >> SEVERE : Description [testClass=org.springframework.core.annotation.TypeMappedAnnotationTests, name=[engine:junit-jupiter]/[class:org.springframework.core.annotation.TypeMappedAnnotationTests]/[method:adaptFromNestedMergedAnnotation()]] did not pass without mutation.
19:21:39 PIT >> SEVERE : Description [testClass=org.springframework.core.annotation.TypeMappedAnnotationTests, name=[engine:junit-jupiter]/[class:org.springframework.core.annotation.TypeMappedAnnotationTests]/[method:mappingConventionAliasToMetaAnnotationReturnsMappedValues()]] did not pass without mutation.
19:21:39 PIT >> SEVERE : Description [testClass=org.springframework.core.annotation.TypeMappedAnnotationTests, name=[engine:junit-jupiter]/[class:org.springframework.core.annotation.TypeMappedAnnotationTests]/[method:adaptFromStringArrayToClassArray()]] did not pass without mutation.
19:21:39 PIT >> SEVERE : Description [testClass=org.springframework.core.annotation.TypeMappedAnnotationTests, name=[engine:junit-jupiter]/[class:org.springframework.core.annotation.TypeMappedAnnotationTests]/[method:adaptFromEmptyArrayToAnyComponentType()]] did not pass without mutation.
19:21:39 PIT >> SEVERE : Description [testClass=org.springframework.core.annotation.TypeMappedAnnotationTests, name=[engine:junit-jupiter]/[class:org.springframework.core.annotation.TypeMappedAnnotationTests]/[method:adaptFromStringToClass()]] did not pass without mutation.
19:21:39 PIT >> SEVERE : Coverage generator Minion exited abnormally due to UNKNOWN_ERROR
Exception in thread "main" org.pitest.util.PitError: Coverage generation minion exited abnormally! (UNKNOWN_ERROR)

Please copy and paste the information and the complete stacktrace below when reporting an issue
VM : OpenJDK 64-Bit Server VM
Vendor : SAP SE
Version : 21.0.12.1+1-LTS
Uptime : 15573
Input -> 
 1 : -XX:ActiveProcessorCount=1
BootClassPathSupported : false


Please copy and paste the information and the complete stacktrace below when reporting an issue
VM : OpenJDK 64-Bit Server VM
Vendor : SAP SE
Version : 21.0.12.1+1-LTS
Uptime : 15574
Input -> 
 1 : -XX:ActiveProcessorCount=1
BootClassPathSupported : false

	at org.pitest.util.Unchecked.translateCheckedException(Unchecked.java:20)
	at org.pitest.coverage.execute.DefaultCoverageGenerator.calculateCoverage(DefaultCoverageGenerator.java:118)
	at org.pitest.coverage.execute.DefaultCoverageGenerator.calculateCoverage(DefaultCoverageGenerator.java:53)
	at org.pitest.mutationtest.tooling.MutationCoverage.runAnalysis(MutationCoverage.java:158)
	at org.pitest.mutationtest.tooling.MutationCoverage.runReport(MutationCoverage.java:145)
	at org.pitest.mutationtest.tooling.EntryPoint.execute(EntryPoint.java:138)
	at org.pitest.mutationtest.tooling.EntryPoint.execute(EntryPoint.java:64)
	at org.pitest.mutationtest.commandline.MutationCoverageReport.runReport(MutationCoverageReport.java:98)
	at org.pitest.mutationtest.commandline.MutationCoverageReport.main(MutationCoverageReport.java:45)
Caused by: org.pitest.util.PitError: Coverage generation minion exited abnormally! (UNKNOWN_ERROR)

Please copy and paste the information and the complete stacktrace below when reporting an issue
VM : OpenJDK 64-Bit Server VM
Vendor : SAP SE
Version : 21.0.12.1+1-LTS
Uptime : 15573
Input -> 
 1 : -XX:ActiveProcessorCount=1
BootClassPathSupported : false

	at org.pitest.coverage.execute.DefaultCoverageGenerator.gatherCoverageData(DefaultCoverageGenerator.java:157)
	at org.pitest.coverage.execute.DefaultCoverageGenerator.calculateCoverage(DefaultCoverageGenerator.java:101)
	... 7 more
