18:50:14 PIT >> INFO : Verbose logging is disabled. If you encounter a problem, please enable it before reporting an issue.
18:50:14 PIT >> INFO : Created 1 mutation test units in pre scan
18:50:15 PIT >> INFO : Sending 195 test classes to minion
18:50:15 PIT >> INFO : Sent tests to minion
18:50:15 PIT >> INFO : MINION : Failed to set JaCoCo session: org.jacoco.agent.rt.RT
18:50:15 PIT >> INFO : MINION : Jul 14, 2026 6:50:15 PM org.junit.jupiter.engine.extension.TempDirectory$CloseablePath close
18:50:15 PIT >> INFO : MINION : INFO: Skipping cleanup of temp dir /var/folders/b_/kfwtjnkn3b786hkqn6dxb56m0000gn/T/junit8131082668897551052 due to cleanup mode configuration.
18:50:15 PIT >> INFO : MINION : Failed to dump JaCoCo execution data: org.jacoco.agent.rt.RT
18:50:15 PIT >> INFO : MINION : Failed to set JaCoCo session: org.jacoco.agent.rt.RT
18:50:15 PIT >> INFO : MINION : Failed to dump JaCoCo execution data: org.jacoco.agent.rt.RT
18:50:15 PIT >> INFO : MINION : Failed to set JaCoCo session: org.jacoco.agent.rt.RT
18:50:15 PIT >> INFO : MINION : Failed to dump JaCoCo execution data: org.jacoco.agent.rt.RT
18:50:15 PIT >> INFO : MINION : Failed to set JaCoCo session: org.jacoco.agent.rt.RT
18:50:15 PIT >> INFO : MINION : Failed to dump JaCoCo execution data: org.jacoco.agent.rt.RT
18:50:15 PIT >> INFO : MINION : Failed to set JaCoCo session: org.jacoco.agent.rt.RT
18:50:15 PIT >> INFO : MINION : Failed to dump JaCoCo execution data: org.jacoco.agent.rt.RT
18:50:15 PIT >> INFO : MINION : Failed to set JaCoCo session: org.jacoco.agent.rt.RT
18:50:15 PIT >> INFO : MINION : Failed to dump JaCoCo execution data: org.jacoco.agent.rt.RT
18:50:15 PIT >> INFO : MINION : Failed to set JaCoCo session: org.jacoco.agent.rt.RT
18:50:15 PIT >> INFO : MINION : Failed to dump JaCoCo execution data: org.jacoco.agent.rt.RT
18:50:15 PIT >> INFO : MINION : Failed to set JaCoCo session: org.jacoco.agent.rt.RT
18:50:15 PIT >> INFO : MINION : Failed to dump JaCoCo execution data: org.jacoco.agent.rt.RT
18:50:15 PIT >> INFO : MINION : Failed to set JaCoCo session: org.jacoco.agent.rt.RT
18:50:15 PIT >> INFO : MINION : Failed to dump JaCoCo execution data: org.jacoco.agent.rt.RT
18:50:15 PIT >> INFO : MINION : Failed to set JaCoCo session: org.jacoco.agent.rt.RT
18:50:15 PIT >> INFO : MINION : Failed to dump JaCoCo execution data: org.jacoco.agent.rt.RT
18:50:15 PIT >> INFO : MINION : Failed to set JaCoCo session: org.jacoco.agent.rt.RT
18:50:15 PIT >> INFO : MINION : Failed to dump JaCoCo execution data: org.jacoco.agent.rt.RT
18:50:15 PIT >> INFO : MINION : Failed to set JaCoCo session: org.jacoco.agent.rt.RT
18:50:15 PIT >> INFO : MINION : Failed to dump JaCoCo execution data: org.jacoco.agent.rt.RT
18:50:15 PIT >> INFO : MINION : Failed to set JaCoCo session: org.jacoco.agent.rt.RT
18:50:15 PIT >> INFO : MINION : Failed to dump JaCoCo execution data: org.jacoco.agent.rt.RT
18:50:15 PIT >> INFO : MINION : Failed to set JaCoCo session: org.jacoco.agent.rt.RT
18:50:15 PIT >> INFO : MINION : Failed to dump JaCoCo execution data: org.jacoco.agent.rt.RT
18:50:15 PIT >> INFO : MINION : Failed to set JaCoCo session: org.jacoco.agent.rt.RT
18:50:15 PIT >> INFO : MINION : Failed to dump JaCoCo execution data: org.jacoco.agent.rt.RT
18:50:15 PIT >> INFO : MINION : Failed to set JaCoCo session: org.jacoco.agent.rt.RT
18:50:15 PIT >> INFO : MINION : Failed to dump JaCoCo execution data: org.jacoco.agent.rt.RT
18:50:15 PIT >> INFO : MINION : Failed to set JaCoCo session: org.jacoco.agent.rt.RT
18:50:15 PIT >> INFO : MINION : Failed to dump JaCoCo execution data: org.jacoco.agent.rt.RT
18:50:15 PIT >> INFO : MINION : Failed to set JaCoCo session: org.jacoco.agent.rt.RT
18:50:15 PIT >> INFO : MINION : Failed to dump JaCoCo execution data: org.jacoco.agent.rt.RT
18:50:15 PIT >> INFO : MINION : Failed to set JaCoCo session: org.jacoco.agent.rt.RT
18:50:15 PIT >> INFO : MINION : Failed to dump JaCoCo execution data: org.jacoco.agent.rt.RT
18:50:15 PIT >> INFO : MINION : Failed to set JaCoCo session: org.jacoco.agent.rt.RT
18:50:15 PIT >> INFO : MINION : Failed to dump JaCoCo execution data: org.jacoco.agent.rt.RT
18:50:15 PIT >> INFO : MINION : Failed to set JaCoCo session: org.jacoco.agent.rt.RT
18:50:15 PIT >> INFO : MINION : Failed to dump JaCoCo execution data: org.jacoco.agent.rt.RT
18:50:15 PIT >> INFO : MINION : Failed to set JaCoCo session: org.jacoco.agent.rt.RT
18:50:15 PIT >> INFO : MINION : Failed to dump JaCoCo execution data: org.jacoco.agent.rt.RT
18:50:15 PIT >> INFO : MINION : Failed to set JaCoCo session: org.jacoco.agent.rt.RT
18:50:15 PIT >> INFO : MINION : Failed to dump JaCoCo execution data: org.jacoco.agent.rt.RT
18:50:15 PIT >> INFO : MINION : Failed to set JaCoCo session: org.jacoco.agent.rt.RT
18:50:15 PIT >> INFO : MINION : Failed to dump JaCoCo execution data: org.jacoco.agent.rt.RT
18:50:15 PIT >> INFO : MINION : Failed to set JaCoCo session: org.jacoco.agent.rt.RT
18:50:15 PIT >> INFO : MINION : Failed to dump JaCoCo execution data: org.jacoco.agent.rt.RT
18:50:15 PIT >> INFO : MINION : Failed to set JaCoCo session: org.jacoco.agent.rt.RT
18:50:15 PIT >> INFO : MINION : Failed to dump JaCoCo execution data: org.jacoco.agent.rt.RT
18:50:15 PIT >> INFO : MINION : Failed to set JaCoCo session: org.jacoco.agent.rt.RT
18:50:15 PIT >> INFO : MINION : Failed to dump JaCoCo execution data: org.jacoco.agent.rt.RT
18:50:15 PIT >> INFO : MINION : Failed to set JaCoCo session: org.jacoco.agent.rt.RT
18:50:15 PIT >> INFO : MINION : Failed to dump JaCoCo execution data: org.jacoco.agent.rt.RT
18:50:15 PIT >> INFO : MINION : Failed to set JaCoCo session: org.jacoco.agent.rt.RT
18:50:16 PIT >> INFO : MINION : Failed to dump JaCoCo execution data: org.jacoco.agent.rt.RT
18:50:16 PIT >> INFO : MINION : Failed to set JaCoCo session: org.jacoco.agent.rt.RT
18:50:16 PIT >> INFO : MINION : Failed to dump JaCoCo execution data: org.jacoco.agent.rt.RT
18:50:16 PIT >> INFO : MINION : Failed to set JaCoCo session: org.jacoco.agent.rt.RT
18:50:16 PIT >> INFO : MINION : Failed to dump JaCoCo execution data: org.jacoco.agent.rt.RT
18:50:16 PIT >> INFO : MINION : Failed to set JaCoCo session: org.jacoco.agent.rt.RT
18:50:16 PIT >> INFO : MINION : Failed to dump JaCoCo execution data: org.jacoco.agent.rt.RT
18:50:16 PIT >> INFO : MINION : Failed to set JaCoCo session: org.jacoco.agent.rt.RT
18:50:16 PIT >> INFO : MINION : Failed to dump JaCoCo execution data: org.jacoco.agent.rt.RT
18:50:16 PIT >> INFO : MINION : Failed to set JaCoCo session: org.jacoco.agent.rt.RT
18:50:16 PIT >> INFO : MINION : Failed to dump JaCoCo execution data: org.jacoco.agent.rt.RT
18:50:16 PIT >> INFO : MINION : Failed to set JaCoCo session: org.jacoco.agent.rt.RT
18:50:16 PIT >> INFO : MINION : Failed to dump JaCoCo execution data: org.jacoco.agent.rt.RT
18:50:16 PIT >> INFO : MINION : Failed to set JaCoCo session: org.jacoco.agent.rt.RT
18:50:16 PIT >> INFO : MINION : Failed to dump JaCoCo execution data: org.jacoco.agent.rt.RT
18:50:16 PIT >> INFO : MINION : Failed to set JaCoCo session: org.jacoco.agent.rt.RT
18:50:16 PIT >> INFO : MINION : Failed to dump JaCoCo execution data: org.jacoco.agent.rt.RT
18:50:16 PIT >> INFO : MINION : Failed to set JaCoCo session: org.jacoco.agent.rt.RT
18:50:16 PIT >> INFO : MINION : Failed to dump JaCoCo execution data: org.jacoco.agent.rt.RT
18:50:16 PIT >> INFO : MINION : Failed to set JaCoCo session: org.jacoco.agent.rt.RT
18:50:16 PIT >> INFO : MINION : Failed to dump JaCoCo execution data: org.jacoco.agent.rt.RT
18:50:16 PIT >> INFO : MINION : Failed to set JaCoCo session: org.jacoco.agent.rt.RT
18:50:16 PIT >> INFO : MINION : Failed to dump JaCoCo execution data: org.jacoco.agent.rt.RT
18:50:16 PIT >> INFO : MINION : Failed to set JaCoCo session: org.jacoco.agent.rt.RT
18:50:16 PIT >> INFO : MINION : Failed to dump JaCoCo execution data: org.jacoco.agent.rt.RT
18:50:16 PIT >> INFO : MINION : Failed to set JaCoCo session: org.jacoco.agent.rt.RT
18:50:16 PIT >> INFO : MINION : Failed to dump JaCoCo execution data: org.jacoco.agent.rt.RT
18:50:16 PIT >> INFO : MINION : Failed to set JaCoCo session: org.jacoco.agent.rt.RT
18:50:16 PIT >> INFO : MINION : Failed to dump JaCoCo execution data: org.jacoco.agent.rt.RT
18:50:16 PIT >> INFO : MINION : Failed to set JaCoCo session: org.jacoco.agent.rt.RT
18:50:16 PIT >> INFO : MINION : Failed to dump JaCoCo execution data: org.jacoco.agent.rt.RT
18:50:16 PIT >> INFO : MINION : Failed to set JaCoCo session: org.jacoco.agent.rt.RT
18:50:16 PIT >> INFO : MINION : Failed to dump JaCoCo execution data: org.jacoco.agent.rt.RT
18:50:16 PIT >> INFO : MINION : Failed to set JaCoCo session: org.jacoco.agent.rt.RT
18:50:16 PIT >> INFO : MINION : Failed to dump JaCoCo execution data: org.jacoco.agent.rt.RT
18:50:16 PIT >> INFO : MINION : Failed to set JaCoCo session: org.jacoco.agent.rt.RT
18:50:16 PIT >> INFO : MINION : Failed to dump JaCoCo execution data: org.jacoco.agent.rt.RT
18:50:16 PIT >> INFO : MINION : Failed to set JaCoCo session: org.jacoco.agent.rt.RT
18:50:16 PIT >> INFO : MINION : Failed to dump JaCoCo execution data: org.jacoco.agent.rt.RT
18:50:16 PIT >> INFO : MINION : Failed to set JaCoCo session: org.jacoco.agent.rt.RT
18:50:16 PIT >> SEVERE : Description [testClass=org.springframework.core.io.PathResourceTests, name=[engine:junit-jupiter]/[class:org.springframework.core.io.PathResourceTests]/[method:dirExists()]] did not pass without mutation.
18:50:16 PIT >> SEVERE : Description [testClass=org.springframework.core.io.PathResourceTests, name=[engine:junit-jupiter]/[class:org.springframework.core.io.PathResourceTests]/[method:fileIsWritable()]] did not pass without mutation.
18:50:16 PIT >> SEVERE : Description [testClass=org.springframework.core.io.PathResourceTests, name=[engine:junit-jupiter]/[class:org.springframework.core.io.PathResourceTests]/[method:getInputStream()]] did not pass without mutation.
18:50:16 PIT >> INFO : MINION : Failed to dump JaCoCo execution data: org.jacoco.agent.rt.RT
18:50:16 PIT >> SEVERE : Description [testClass=org.springframework.core.io.PathResourceTests, name=[engine:junit-jupiter]/[class:org.springframework.core.io.PathResourceTests]/[method:contentLength()]] did not pass without mutation.
18:50:16 PIT >> SEVERE : Description [testClass=org.springframework.core.io.PathResourceTests, name=[engine:junit-jupiter]/[class:org.springframework.core.io.PathResourceTests]/[method:fileIsReadable()]] did not pass without mutation.
18:50:16 PIT >> INFO : MINION : Failed to set JaCoCo session: org.jacoco.agent.rt.RT
18:50:16 PIT >> SEVERE : Description [testClass=org.springframework.core.io.PathResourceTests, name=[engine:junit-jupiter]/[class:org.springframework.core.io.PathResourceTests]/[method:getOutputStreamForDirectory()]] did not pass without mutation.
18:50:16 PIT >> SEVERE : Description [testClass=org.springframework.core.io.PathResourceTests, name=[engine:junit-jupiter]/[class:org.springframework.core.io.PathResourceTests]/[method:getReadableByteChannel()]] did not pass without mutation.
18:50:16 PIT >> INFO : MINION : Failed to dump JaCoCo execution data: org.jacoco.agent.rt.RT
18:50:16 PIT >> INFO : MINION : Failed to set JaCoCo session: org.jacoco.agent.rt.RT
18:50:16 PIT >> INFO : MINION : Failed to dump JaCoCo execution data: org.jacoco.agent.rt.RT
18:50:16 PIT >> INFO : MINION : Failed to set JaCoCo session: org.jacoco.agent.rt.RT
18:50:16 PIT >> INFO : MINION : Failed to dump JaCoCo execution data: org.jacoco.agent.rt.RT
18:50:16 PIT >> INFO : MINION : Failed to set JaCoCo session: org.jacoco.agent.rt.RT
18:50:16 PIT >> INFO : MINION : Failed to dump JaCoCo execution data: org.jacoco.agent.rt.RT
18:50:16 PIT >> INFO : MINION : Failed to set JaCoCo session: org.jacoco.agent.rt.RT
18:50:16 PIT >> INFO : MINION : Failed to dump JaCoCo execution data: org.jacoco.agent.rt.RT
18:50:16 PIT >> INFO : MINION : Failed to set JaCoCo session: org.jacoco.agent.rt.RT
18:50:16 PIT >> INFO : MINION : Failed to dump JaCoCo execution data: org.jacoco.agent.rt.RT
18:50:16 PIT >> INFO : MINION : Failed to set JaCoCo session: org.jacoco.agent.rt.RT
18:50:16 PIT >> INFO : MINION : Failed to dump JaCoCo execution data: org.jacoco.agent.rt.RT
18:50:16 PIT >> INFO : MINION : Failed to set JaCoCo session: org.jacoco.agent.rt.RT
18:50:16 PIT >> INFO : MINION : Failed to dump JaCoCo execution data: org.jacoco.agent.rt.RT
18:50:16 PIT >> INFO : MINION : Failed to set JaCoCo session: org.jacoco.agent.rt.RT
18:50:16 PIT >> INFO : MINION : Failed to dump JaCoCo execution data: org.jacoco.agent.rt.RT
18:50:16 PIT >> INFO : MINION : Failed to set JaCoCo session: org.jacoco.agent.rt.RT
18:50:16 PIT >> INFO : MINION : Failed to dump JaCoCo execution data: org.jacoco.agent.rt.RT
18:50:16 PIT >> INFO : MINION : Failed to set JaCoCo session: org.jacoco.agent.rt.RT
18:50:16 PIT >> INFO : MINION : WARNING: A Java agent has been loaded dynamically (/Users/D061177/.gradle/caches/modules-2/files-2.1/net.bytebuddy/byte-buddy-agent/1.14.15/b4cc9d88d5de562bf75b3a54ab436ad01b3f72d/byte-buddy-agent-1.14.15.jar)
18:50:16 PIT >> INFO : MINION : WARNING: If a serviceability tool is in use, please run with -XX:+EnableDynamicAgentLoading to hide this warning
18:50:16 PIT >> INFO : MINION : WARNING: If a serviceability tool is not in use, please run with -Djdk.instrument.traceUsage for more information
18:50:16 PIT >> INFO : MINION : WARNING: Dynamic loading of agents will be disallowed by default in a future release
18:50:16 PIT >> INFO : MINION : Failed to dump JaCoCo execution data: org.jacoco.agent.rt.RT
18:50:16 PIT >> INFO : MINION : Failed to set JaCoCo session: org.jacoco.agent.rt.RT
18:50:16 PIT >> INFO : MINION : Failed to dump JaCoCo execution data: org.jacoco.agent.rt.RT
18:50:16 PIT >> INFO : MINION : Failed to set JaCoCo session: org.jacoco.agent.rt.RT
18:50:16 PIT >> INFO : MINION : Failed to dump JaCoCo execution data: org.jacoco.agent.rt.RT
18:50:16 PIT >> INFO : MINION : Failed to set JaCoCo session: org.jacoco.agent.rt.RT
18:50:16 PIT >> INFO : MINION : Failed to dump JaCoCo execution data: org.jacoco.agent.rt.RT
18:50:16 PIT >> INFO : MINION : Failed to set JaCoCo session: org.jacoco.agent.rt.RT
18:50:16 PIT >> INFO : MINION : Failed to dump JaCoCo execution data: org.jacoco.agent.rt.RT
18:50:16 PIT >> INFO : MINION : Failed to set JaCoCo session: org.jacoco.agent.rt.RT
18:50:16 PIT >> INFO : MINION : Failed to dump JaCoCo execution data: org.jacoco.agent.rt.RT
18:50:16 PIT >> INFO : MINION : Failed to set JaCoCo session: org.jacoco.agent.rt.RT
18:50:16 PIT >> INFO : MINION : Failed to dump JaCoCo execution data: org.jacoco.agent.rt.RT
18:50:16 PIT >> INFO : MINION : Failed to set JaCoCo session: org.jacoco.agent.rt.RT
18:50:16 PIT >> INFO : MINION : Failed to dump JaCoCo execution data: org.jacoco.agent.rt.RT
18:50:16 PIT >> INFO : MINION : Failed to set JaCoCo session: org.jacoco.agent.rt.RT
18:50:16 PIT >> INFO : MINION : Failed to dump JaCoCo execution data: org.jacoco.agent.rt.RT
18:50:16 PIT >> INFO : MINION : Failed to set JaCoCo session: org.jacoco.agent.rt.RT
18:50:16 PIT >> INFO : MINION : Failed to dump JaCoCo execution data: org.jacoco.agent.rt.RT
18:50:16 PIT >> INFO : MINION : Failed to set JaCoCo session: org.jacoco.agent.rt.RT
18:50:16 PIT >> INFO : MINION : Failed to dump JaCoCo execution data: org.jacoco.agent.rt.RT
18:50:16 PIT >> INFO : MINION : Failed to set JaCoCo session: org.jacoco.agent.rt.RT
18:50:16 PIT >> INFO : MINION : Failed to dump JaCoCo execution data: org.jacoco.agent.rt.RT
18:50:16 PIT >> INFO : MINION : Failed to set JaCoCo session: org.jacoco.agent.rt.RT
18:50:16 PIT >> INFO : MINION : Failed to dump JaCoCo execution data: org.jacoco.agent.rt.RT
18:50:16 PIT >> INFO : MINION : Failed to set JaCoCo session: org.jacoco.agent.rt.RT
18:50:16 PIT >> INFO : MINION : Failed to dump JaCoCo execution data: org.jacoco.agent.rt.RT
18:50:16 PIT >> INFO : MINION : Failed to set JaCoCo session: org.jacoco.agent.rt.RT
18:50:16 PIT >> INFO : MINION : Failed to dump JaCoCo execution data: org.jacoco.agent.rt.RT
18:50:16 PIT >> INFO : MINION : Failed to set JaCoCo session: org.jacoco.agent.rt.RT
18:50:16 PIT >> INFO : MINION : Failed to dump JaCoCo execution data: org.jacoco.agent.rt.RT
18:50:16 PIT >> SEVERE : Description [testClass=org.springframework.core.io.PathResourceTests, name=[engine:junit-jupiter]/[class:org.springframework.core.io.PathResourceTests]/[method:contentLengthForDirectory()]] did not pass without mutation.
18:50:16 PIT >> SEVERE : Description [testClass=org.springframework.core.io.PathResourceTests, name=[engine:junit-jupiter]/[class:org.springframework.core.io.PathResourceTests]/[method:getReadableByteChannelForDir()]] did not pass without mutation.
18:50:16 PIT >> INFO : MINION : Failed to set JaCoCo session: org.jacoco.agent.rt.RT
18:50:16 PIT >> SEVERE : Description [testClass=org.springframework.core.io.PathResourceTests, name=[engine:junit-jupiter]/[class:org.springframework.core.io.PathResourceTests]/[method:fileExists()]] did not pass without mutation.
18:50:16 PIT >> SEVERE : Description [testClass=org.springframework.core.io.PathResourceTests, name=[engine:junit-jupiter]/[class:org.springframework.core.io.PathResourceTests]/[method:lastModified()]] did not pass without mutation.
18:50:16 PIT >> INFO : MINION : Failed to dump JaCoCo execution data: org.jacoco.agent.rt.RT
18:50:16 PIT >> INFO : MINION : Failed to set JaCoCo session: org.jacoco.agent.rt.RT
18:50:16 PIT >> INFO : MINION : Failed to dump JaCoCo execution data: org.jacoco.agent.rt.RT
18:50:16 PIT >> INFO : MINION : Failed to set JaCoCo session: org.jacoco.agent.rt.RT
18:50:16 PIT >> INFO : MINION : Failed to dump JaCoCo execution data: org.jacoco.agent.rt.RT
18:50:16 PIT >> INFO : MINION : Failed to set JaCoCo session: org.jacoco.agent.rt.RT
18:50:16 PIT >> INFO : MINION : Failed to dump JaCoCo execution data: org.jacoco.agent.rt.RT
18:50:16 PIT >> INFO : MINION : Failed to set JaCoCo session: org.jacoco.agent.rt.RT
18:50:16 PIT >> INFO : MINION : Failed to dump JaCoCo execution data: org.jacoco.agent.rt.RT
18:50:16 PIT >> INFO : MINION : Failed to set JaCoCo session: org.jacoco.agent.rt.RT
18:50:16 PIT >> INFO : MINION : Failed to dump JaCoCo execution data: org.jacoco.agent.rt.RT
18:50:16 PIT >> INFO : MINION : Failed to set JaCoCo session: org.jacoco.agent.rt.RT
18:50:16 PIT >> INFO : MINION : Failed to dump JaCoCo execution data: org.jacoco.agent.rt.RT
18:50:16 PIT >> INFO : MINION : Failed to set JaCoCo session: org.jacoco.agent.rt.RT
18:50:16 PIT >> INFO : MINION : Failed to dump JaCoCo execution data: org.jacoco.agent.rt.RT
18:50:16 PIT >> INFO : MINION : Failed to set JaCoCo session: org.jacoco.agent.rt.RT
18:50:16 PIT >> INFO : MINION : Failed to dump JaCoCo execution data: org.jacoco.agent.rt.RT
18:50:16 PIT >> INFO : MINION : Failed to set JaCoCo session: org.jacoco.agent.rt.RT
18:50:16 PIT >> INFO : MINION : Failed to dump JaCoCo execution data: org.jacoco.agent.rt.RT
18:50:16 PIT >> INFO : MINION : Failed to set JaCoCo session: org.jacoco.agent.rt.RT
18:50:16 PIT >> INFO : MINION : Failed to dump JaCoCo execution data: org.jacoco.agent.rt.RT
18:50:16 PIT >> INFO : MINION : Failed to set JaCoCo session: org.jacoco.agent.rt.RT
18:50:16 PIT >> INFO : MINION : Failed to dump JaCoCo execution data: org.jacoco.agent.rt.RT
18:50:16 PIT >> INFO : MINION : Failed to set JaCoCo session: org.jacoco.agent.rt.RT
18:50:16 PIT >> INFO : MINION : Failed to dump JaCoCo execution data: org.jacoco.agent.rt.RT
18:50:16 PIT >> INFO : MINION : Failed to set JaCoCo session: org.jacoco.agent.rt.RT
18:50:16 PIT >> INFO : MINION : Failed to dump JaCoCo execution data: org.jacoco.agent.rt.RT
18:50:16 PIT >> INFO : MINION : Failed to set JaCoCo session: org.jacoco.agent.rt.RT
18:50:16 PIT >> INFO : MINION : Failed to dump JaCoCo execution data: org.jacoco.agent.rt.RT
18:50:16 PIT >> INFO : MINION : Failed to set JaCoCo session: org.jacoco.agent.rt.RT
18:50:16 PIT >> INFO : MINION : Failed to dump JaCoCo execution data: org.jacoco.agent.rt.RT
18:50:16 PIT >> INFO : MINION : Failed to set JaCoCo session: org.jacoco.agent.rt.RT
18:50:16 PIT >> INFO : MINION : Failed to dump JaCoCo execution data: org.jacoco.agent.rt.RT
18:50:16 PIT >> INFO : MINION : Failed to set JaCoCo session: org.jacoco.agent.rt.RT
18:50:16 PIT >> INFO : MINION : Failed to dump JaCoCo execution data: org.jacoco.agent.rt.RT
18:50:16 PIT >> INFO : MINION : Failed to set JaCoCo session: org.jacoco.agent.rt.RT
18:50:16 PIT >> INFO : MINION : Failed to dump JaCoCo execution data: org.jacoco.agent.rt.RT
18:50:16 PIT >> INFO : MINION : Failed to set JaCoCo session: org.jacoco.agent.rt.RT
18:50:16 PIT >> INFO : MINION : Failed to dump JaCoCo execution data: org.jacoco.agent.rt.RT
18:50:16 PIT >> INFO : MINION : Failed to set JaCoCo session: org.jacoco.agent.rt.RT
18:50:16 PIT >> INFO : MINION : Failed to dump JaCoCo execution data: org.jacoco.agent.rt.RT
18:50:16 PIT >> INFO : MINION : Failed to set JaCoCo session: org.jacoco.agent.rt.RT
18:50:16 PIT >> INFO : MINION : Failed to dump JaCoCo execution data: org.jacoco.agent.rt.RT
18:50:16 PIT >> INFO : MINION : Failed to set JaCoCo session: org.jacoco.agent.rt.RT
18:50:16 PIT >> INFO : MINION : Failed to dump JaCoCo execution data: org.jacoco.agent.rt.RT
18:50:16 PIT >> INFO : MINION : Failed to set JaCoCo session: org.jacoco.agent.rt.RT
18:50:16 PIT >> INFO : MINION : Failed to dump JaCoCo execution data: org.jacoco.agent.rt.RT
18:50:16 PIT >> INFO : MINION : Failed to set JaCoCo session: org.jacoco.agent.rt.RT
18:50:16 PIT >> INFO : MINION : Failed to dump JaCoCo execution data: org.jacoco.agent.rt.RT
18:50:16 PIT >> INFO : MINION : Failed to set JaCoCo session: org.jacoco.agent.rt.RT
18:50:16 PIT >> INFO : MINION : Failed to dump JaCoCo execution data: org.jacoco.agent.rt.RT
18:50:16 PIT >> INFO : MINION : Failed to set JaCoCo session: org.jacoco.agent.rt.RT
18:50:16 PIT >> INFO : MINION : Failed to dump JaCoCo execution data: org.jacoco.agent.rt.RT
18:50:16 PIT >> INFO : MINION : Failed to set JaCoCo session: org.jacoco.agent.rt.RT
18:50:16 PIT >> INFO : MINION : Failed to dump JaCoCo execution data: org.jacoco.agent.rt.RT
18:50:16 PIT >> INFO : MINION : Failed to set JaCoCo session: org.jacoco.agent.rt.RT
18:50:16 PIT >> INFO : MINION : Failed to dump JaCoCo execution data: org.jacoco.agent.rt.RT
18:50:16 PIT >> INFO : MINION : Failed to set JaCoCo session: org.jacoco.agent.rt.RT
18:50:16 PIT >> INFO : MINION : Failed to dump JaCoCo execution data: org.jacoco.agent.rt.RT
18:50:16 PIT >> INFO : MINION : Failed to set JaCoCo session: org.jacoco.agent.rt.RT
18:50:16 PIT >> INFO : MINION : Failed to dump JaCoCo execution data: org.jacoco.agent.rt.RT
18:50:16 PIT >> INFO : MINION : Failed to set JaCoCo session: org.jacoco.agent.rt.RT
18:50:16 PIT >> INFO : MINION : Jul 14, 2026 6:50:16 PM okhttp3.mockwebserver.MockWebServer$3 execute
18:50:16 PIT >> INFO : MINION : INFO: MockWebServer[51989] starting to accept connections
18:50:16 PIT >> INFO : MINION : Jul 14, 2026 6:50:16 PM okhttp3.mockwebserver.MockWebServer$4 processOneRequest
18:50:16 PIT >> INFO : MINION : INFO: MockWebServer[51989] received request: HEAD /resource HTTP/1.1 and responded: HTTP/1.1 200 OK
18:50:16 PIT >> INFO : MINION : Jul 14, 2026 6:50:16 PM okhttp3.mockwebserver.MockWebServer$3 acceptConnections
18:50:16 PIT >> INFO : MINION : INFO: MockWebServer[51989] done accepting connections: Socket closed
18:50:16 PIT >> INFO : MINION : Failed to dump JaCoCo execution data: org.jacoco.agent.rt.RT
18:50:16 PIT >> INFO : MINION : Failed to set JaCoCo session: org.jacoco.agent.rt.RT
18:50:16 PIT >> INFO : MINION : Jul 14, 2026 6:50:16 PM okhttp3.mockwebserver.MockWebServer$3 execute
18:50:16 PIT >> INFO : MINION : INFO: MockWebServer[51991] starting to accept connections
18:50:16 PIT >> INFO : MINION : Jul 14, 2026 6:50:16 PM okhttp3.mockwebserver.MockWebServer$4 processOneRequest
18:50:16 PIT >> INFO : MINION : INFO: MockWebServer[51991] received request: HEAD /missing HTTP/1.1 and responded: HTTP/1.1 404 Client Error
18:50:16 PIT >> INFO : MINION : Jul 14, 2026 6:50:16 PM okhttp3.mockwebserver.MockWebServer$3 acceptConnections
18:50:16 PIT >> INFO : MINION : INFO: MockWebServer[51991] done accepting connections: Socket closed
18:50:16 PIT >> INFO : MINION : Failed to dump JaCoCo execution data: org.jacoco.agent.rt.RT
18:50:16 PIT >> INFO : MINION : Failed to set JaCoCo session: org.jacoco.agent.rt.RT
18:50:16 PIT >> INFO : MINION : Jul 14, 2026 6:50:16 PM okhttp3.mockwebserver.MockWebServer$3 execute
18:50:16 PIT >> INFO : MINION : INFO: MockWebServer[51993] starting to accept connections
18:50:16 PIT >> INFO : MINION : Jul 14, 2026 6:50:16 PM okhttp3.mockwebserver.MockWebServer$4 processOneRequest
18:50:16 PIT >> INFO : MINION : INFO: MockWebServer[51993] received request: GET /resource HTTP/1.1 and responded: HTTP/1.1 200 OK
18:50:16 PIT >> INFO : MINION : Jul 14, 2026 6:50:16 PM okhttp3.mockwebserver.MockWebServer$3 acceptConnections
18:50:16 PIT >> INFO : MINION : INFO: MockWebServer[51993] done accepting connections: Socket closed
18:50:16 PIT >> INFO : MINION : Failed to dump JaCoCo execution data: org.jacoco.agent.rt.RT
18:50:16 PIT >> INFO : MINION : Failed to set JaCoCo session: org.jacoco.agent.rt.RT
18:50:16 PIT >> INFO : MINION : Failed to dump JaCoCo execution data: org.jacoco.agent.rt.RT
18:50:16 PIT >> INFO : MINION : Failed to set JaCoCo session: org.jacoco.agent.rt.RT
18:50:16 PIT >> INFO : MINION : Failed to dump JaCoCo execution data: org.jacoco.agent.rt.RT
18:50:16 PIT >> INFO : MINION : Failed to set JaCoCo session: org.jacoco.agent.rt.RT
18:50:16 PIT >> INFO : MINION : Jul 14, 2026 6:50:16 PM okhttp3.mockwebserver.MockWebServer$3 execute
18:50:16 PIT >> INFO : MINION : INFO: MockWebServer[51995] starting to accept connections
18:50:16 PIT >> INFO : MINION : Jul 14, 2026 6:50:16 PM okhttp3.mockwebserver.MockWebServer$4 processOneRequest
18:50:16 PIT >> INFO : MINION : INFO: MockWebServer[51995] received request: GET /resource HTTP/1.1 and responded: HTTP/1.1 200 OK
18:50:16 PIT >> INFO : MINION : Jul 14, 2026 6:50:16 PM okhttp3.mockwebserver.MockWebServer$3 acceptConnections
18:50:16 PIT >> INFO : MINION : INFO: MockWebServer[51995] done accepting connections: Socket closed
18:50:16 PIT >> INFO : MINION : Failed to dump JaCoCo execution data: org.jacoco.agent.rt.RT
18:50:16 PIT >> INFO : MINION : Failed to set JaCoCo session: org.jacoco.agent.rt.RT
18:50:16 PIT >> INFO : MINION : Jul 14, 2026 6:50:16 PM okhttp3.mockwebserver.MockWebServer$3 execute
18:50:16 PIT >> INFO : MINION : INFO: MockWebServer[51997] starting to accept connections
18:50:16 PIT >> INFO : MINION : Jul 14, 2026 6:50:16 PM okhttp3.mockwebserver.MockWebServer$4 processOneRequest
18:50:16 PIT >> INFO : MINION : INFO: MockWebServer[51997] received request: HEAD /resource HTTP/1.1 and responded: HTTP/1.1 200 OK
18:50:16 PIT >> INFO : MINION : Jul 14, 2026 6:50:16 PM okhttp3.mockwebserver.MockWebServer$4 processOneRequest
18:50:16 PIT >> INFO : MINION : INFO: MockWebServer[51997] received request: HEAD /resource HTTP/1.1 and responded: HTTP/1.1 200 OK
18:50:16 PIT >> INFO : MINION : Jul 14, 2026 6:50:16 PM okhttp3.mockwebserver.MockWebServer$3 acceptConnections
18:50:16 PIT >> INFO : MINION : INFO: MockWebServer[51997] done accepting connections: Socket closed
18:50:16 PIT >> INFO : MINION : Failed to dump JaCoCo execution data: org.jacoco.agent.rt.RT
18:50:16 PIT >> INFO : MINION : Failed to set JaCoCo session: org.jacoco.agent.rt.RT
18:50:16 PIT >> INFO : MINION : Failed to dump JaCoCo execution data: org.jacoco.agent.rt.RT
18:50:16 PIT >> INFO : MINION : Failed to set JaCoCo session: org.jacoco.agent.rt.RT
18:50:16 PIT >> INFO : MINION : Failed to dump JaCoCo execution data: org.jacoco.agent.rt.RT
18:50:16 PIT >> INFO : MINION : Failed to set JaCoCo session: org.jacoco.agent.rt.RT
18:50:16 PIT >> INFO : MINION : Failed to dump JaCoCo execution data: org.jacoco.agent.rt.RT
18:50:16 PIT >> INFO : MINION : Failed to set JaCoCo session: org.jacoco.agent.rt.RT
18:50:16 PIT >> INFO : MINION : Failed to dump JaCoCo execution data: org.jacoco.agent.rt.RT
18:50:16 PIT >> INFO : MINION : Failed to set JaCoCo session: org.jacoco.agent.rt.RT
18:50:16 PIT >> INFO : MINION : Failed to dump JaCoCo execution data: org.jacoco.agent.rt.RT
18:50:16 PIT >> INFO : MINION : Failed to set JaCoCo session: org.jacoco.agent.rt.RT
18:50:16 PIT >> INFO : MINION : Failed to dump JaCoCo execution data: org.jacoco.agent.rt.RT
18:50:16 PIT >> INFO : MINION : Failed to set JaCoCo session: org.jacoco.agent.rt.RT
18:50:16 PIT >> INFO : MINION : Failed to dump JaCoCo execution data: org.jacoco.agent.rt.RT
18:50:16 PIT >> INFO : MINION : Failed to set JaCoCo session: org.jacoco.agent.rt.RT
18:50:16 PIT >> INFO : MINION : Failed to dump JaCoCo execution data: org.jacoco.agent.rt.RT
18:50:16 PIT >> INFO : MINION : Failed to set JaCoCo session: org.jacoco.agent.rt.RT
18:50:16 PIT >> INFO : MINION : Failed to dump JaCoCo execution data: org.jacoco.agent.rt.RT
18:50:16 PIT >> INFO : MINION : Failed to set JaCoCo session: org.jacoco.agent.rt.RT
18:50:16 PIT >> INFO : MINION : Failed to dump JaCoCo execution data: org.jacoco.agent.rt.RT
18:50:16 PIT >> INFO : MINION : Failed to set JaCoCo session: org.jacoco.agent.rt.RT
18:50:16 PIT >> INFO : MINION : Failed to dump JaCoCo execution data: org.jacoco.agent.rt.RT
18:50:16 PIT >> INFO : MINION : Failed to set JaCoCo session: org.jacoco.agent.rt.RT
18:50:16 PIT >> INFO : MINION : Failed to dump JaCoCo execution data: org.jacoco.agent.rt.RT
18:50:16 PIT >> INFO : MINION : Failed to set JaCoCo session: org.jacoco.agent.rt.RT
18:50:16 PIT >> INFO : MINION : Failed to dump JaCoCo execution data: org.jacoco.agent.rt.RT
18:50:16 PIT >> INFO : MINION : Failed to set JaCoCo session: org.jacoco.agent.rt.RT
18:50:16 PIT >> INFO : MINION : Failed to dump JaCoCo execution data: org.jacoco.agent.rt.RT
18:50:16 PIT >> INFO : MINION : Failed to set JaCoCo session: org.jacoco.agent.rt.RT
18:50:16 PIT >> INFO : MINION : Failed to dump JaCoCo execution data: org.jacoco.agent.rt.RT
18:50:16 PIT >> INFO : MINION : Failed to set JaCoCo session: org.jacoco.agent.rt.RT
18:50:16 PIT >> INFO : MINION : Failed to dump JaCoCo execution data: org.jacoco.agent.rt.RT
18:50:16 PIT >> INFO : MINION : Failed to set JaCoCo session: org.jacoco.agent.rt.RT
18:50:16 PIT >> INFO : MINION : Failed to dump JaCoCo execution data: org.jacoco.agent.rt.RT
18:50:16 PIT >> INFO : MINION : Failed to set JaCoCo session: org.jacoco.agent.rt.RT
18:50:16 PIT >> INFO : MINION : Failed to dump JaCoCo execution data: org.jacoco.agent.rt.RT
18:50:16 PIT >> INFO : MINION : Failed to set JaCoCo session: org.jacoco.agent.rt.RT
18:50:16 PIT >> INFO : MINION : Failed to dump JaCoCo execution data: org.jacoco.agent.rt.RT
18:50:16 PIT >> INFO : MINION : Failed to set JaCoCo session: org.jacoco.agent.rt.RT
18:50:16 PIT >> INFO : MINION : Failed to dump JaCoCo execution data: org.jacoco.agent.rt.RT
18:50:16 PIT >> INFO : MINION : Failed to set JaCoCo session: org.jacoco.agent.rt.RT
18:50:16 PIT >> INFO : MINION : Failed to dump JaCoCo execution data: org.jacoco.agent.rt.RT
18:50:16 PIT >> INFO : MINION : Failed to set JaCoCo session: org.jacoco.agent.rt.RT
18:50:16 PIT >> INFO : MINION : Failed to dump JaCoCo execution data: org.jacoco.agent.rt.RT
18:50:16 PIT >> INFO : MINION : Failed to set JaCoCo session: org.jacoco.agent.rt.RT
18:50:16 PIT >> INFO : MINION : Failed to dump JaCoCo execution data: org.jacoco.agent.rt.RT
18:50:16 PIT >> INFO : MINION : Failed to set JaCoCo session: org.jacoco.agent.rt.RT
18:50:16 PIT >> INFO : MINION : Failed to dump JaCoCo execution data: org.jacoco.agent.rt.RT
18:50:16 PIT >> INFO : MINION : Failed to set JaCoCo session: org.jacoco.agent.rt.RT
18:50:16 PIT >> INFO : MINION : Failed to dump JaCoCo execution data: org.jacoco.agent.rt.RT
18:50:16 PIT >> INFO : MINION : Failed to set JaCoCo session: org.jacoco.agent.rt.RT
18:50:16 PIT >> INFO : MINION : Failed to dump JaCoCo execution data: org.jacoco.agent.rt.RT
18:50:16 PIT >> INFO : MINION : Failed to set JaCoCo session: org.jacoco.agent.rt.RT
18:50:16 PIT >> INFO : MINION : Failed to dump JaCoCo execution data: org.jacoco.agent.rt.RT
18:50:16 PIT >> INFO : MINION : Failed to set JaCoCo session: org.jacoco.agent.rt.RT
18:50:16 PIT >> INFO : MINION : Failed to dump JaCoCo execution data: org.jacoco.agent.rt.RT
18:50:16 PIT >> INFO : MINION : Failed to set JaCoCo session: org.jacoco.agent.rt.RT
18:50:16 PIT >> INFO : MINION : Failed to dump JaCoCo execution data: org.jacoco.agent.rt.RT
18:50:16 PIT >> INFO : MINION : Failed to set JaCoCo session: org.jacoco.agent.rt.RT
18:50:16 PIT >> INFO : MINION : Failed to dump JaCoCo execution data: org.jacoco.agent.rt.RT
18:50:16 PIT >> INFO : MINION : Failed to set JaCoCo session: org.jacoco.agent.rt.RT
18:50:16 PIT >> INFO : MINION : Failed to dump JaCoCo execution data: org.jacoco.agent.rt.RT
18:50:16 PIT >> INFO : MINION : Failed to set JaCoCo session: org.jacoco.agent.rt.RT
18:50:16 PIT >> INFO : MINION : Failed to dump JaCoCo execution data: org.jacoco.agent.rt.RT
18:50:16 PIT >> INFO : MINION : Failed to set JaCoCo session: org.jacoco.agent.rt.RT
18:50:16 PIT >> INFO : MINION : Failed to dump JaCoCo execution data: org.jacoco.agent.rt.RT
18:50:16 PIT >> INFO : MINION : Failed to set JaCoCo session: org.jacoco.agent.rt.RT
18:50:16 PIT >> INFO : MINION : Failed to dump JaCoCo execution data: org.jacoco.agent.rt.RT
18:50:16 PIT >> INFO : MINION : Failed to set JaCoCo session: org.jacoco.agent.rt.RT
18:50:16 PIT >> INFO : MINION : Failed to dump JaCoCo execution data: org.jacoco.agent.rt.RT
18:50:16 PIT >> INFO : MINION : Failed to set JaCoCo session: org.jacoco.agent.rt.RT
18:50:16 PIT >> INFO : MINION : Failed to dump JaCoCo execution data: org.jacoco.agent.rt.RT
18:50:16 PIT >> INFO : MINION : Failed to set JaCoCo session: org.jacoco.agent.rt.RT
18:50:16 PIT >> INFO : MINION : Failed to dump JaCoCo execution data: org.jacoco.agent.rt.RT
18:50:16 PIT >> INFO : MINION : Failed to set JaCoCo session: org.jacoco.agent.rt.RT
18:50:16 PIT >> INFO : MINION : Failed to dump JaCoCo execution data: org.jacoco.agent.rt.RT
18:50:16 PIT >> INFO : MINION : Failed to set JaCoCo session: org.jacoco.agent.rt.RT
18:50:16 PIT >> INFO : MINION : Failed to dump JaCoCo execution data: org.jacoco.agent.rt.RT
18:50:16 PIT >> INFO : MINION : Failed to set JaCoCo session: org.jacoco.agent.rt.RT
18:50:16 PIT >> INFO : MINION : Failed to dump JaCoCo execution data: org.jacoco.agent.rt.RT
18:50:16 PIT >> INFO : MINION : Failed to set JaCoCo session: org.jacoco.agent.rt.RT
18:50:16 PIT >> INFO : MINION : Failed to dump JaCoCo execution data: org.jacoco.agent.rt.RT
18:50:16 PIT >> INFO : MINION : Failed to set JaCoCo session: org.jacoco.agent.rt.RT
18:50:16 PIT >> INFO : MINION : Failed to dump JaCoCo execution data: org.jacoco.agent.rt.RT
18:50:16 PIT >> INFO : MINION : Failed to set JaCoCo session: org.jacoco.agent.rt.RT
18:50:16 PIT >> INFO : MINION : Failed to dump JaCoCo execution data: org.jacoco.agent.rt.RT
18:50:16 PIT >> INFO : MINION : Failed to set JaCoCo session: org.jacoco.agent.rt.RT
18:50:16 PIT >> INFO : MINION : Failed to dump JaCoCo execution data: org.jacoco.agent.rt.RT
18:50:16 PIT >> INFO : MINION : Failed to set JaCoCo session: org.jacoco.agent.rt.RT
18:50:16 PIT >> INFO : MINION : Failed to dump JaCoCo execution data: org.jacoco.agent.rt.RT
18:50:16 PIT >> INFO : MINION : Failed to set JaCoCo session: org.jacoco.agent.rt.RT
18:50:16 PIT >> INFO : MINION : Failed to dump JaCoCo execution data: org.jacoco.agent.rt.RT
18:50:16 PIT >> INFO : MINION : Failed to set JaCoCo session: org.jacoco.agent.rt.RT
18:50:16 PIT >> INFO : MINION : Failed to dump JaCoCo execution data: org.jacoco.agent.rt.RT
18:50:16 PIT >> INFO : MINION : Failed to set JaCoCo session: org.jacoco.agent.rt.RT
18:50:16 PIT >> INFO : MINION : Failed to dump JaCoCo execution data: org.jacoco.agent.rt.RT
18:50:16 PIT >> INFO : MINION : Failed to set JaCoCo session: org.jacoco.agent.rt.RT
18:50:16 PIT >> INFO : MINION : Failed to dump JaCoCo execution data: org.jacoco.agent.rt.RT
18:50:16 PIT >> INFO : MINION : Failed to set JaCoCo session: org.jacoco.agent.rt.RT
18:50:16 PIT >> INFO : MINION : Failed to dump JaCoCo execution data: org.jacoco.agent.rt.RT
18:50:16 PIT >> INFO : MINION : Failed to set JaCoCo session: org.jacoco.agent.rt.RT
18:50:16 PIT >> INFO : MINION : Failed to dump JaCoCo execution data: org.jacoco.agent.rt.RT
18:50:16 PIT >> INFO : MINION : Failed to set JaCoCo session: org.jacoco.agent.rt.RT
18:50:16 PIT >> INFO : MINION : Failed to dump JaCoCo execution data: org.jacoco.agent.rt.RT
18:50:16 PIT >> INFO : MINION : Failed to set JaCoCo session: org.jacoco.agent.rt.RT
18:50:16 PIT >> INFO : MINION : Failed to dump JaCoCo execution data: org.jacoco.agent.rt.RT
18:50:16 PIT >> INFO : MINION : Failed to set JaCoCo session: org.jacoco.agent.rt.RT
18:50:16 PIT >> INFO : MINION : Failed to dump JaCoCo execution data: org.jacoco.agent.rt.RT
18:50:16 PIT >> INFO : MINION : Failed to set JaCoCo session: org.jacoco.agent.rt.RT
18:50:16 PIT >> INFO : MINION : Failed to dump JaCoCo execution data: org.jacoco.agent.rt.RT
18:50:16 PIT >> INFO : MINION : Failed to set JaCoCo session: org.jacoco.agent.rt.RT
18:50:16 PIT >> INFO : MINION : Failed to dump JaCoCo execution data: org.jacoco.agent.rt.RT
18:50:16 PIT >> INFO : MINION : Failed to set JaCoCo session: org.jacoco.agent.rt.RT
18:50:16 PIT >> INFO : MINION : Failed to dump JaCoCo execution data: org.jacoco.agent.rt.RT
18:50:16 PIT >> INFO : MINION : Failed to set JaCoCo session: org.jacoco.agent.rt.RT
18:50:16 PIT >> INFO : MINION : Failed to dump JaCoCo execution data: org.jacoco.agent.rt.RT
18:50:16 PIT >> INFO : MINION : Failed to set JaCoCo session: org.jacoco.agent.rt.RT
18:50:16 PIT >> INFO : MINION : Failed to dump JaCoCo execution data: org.jacoco.agent.rt.RT
18:50:16 PIT >> INFO : MINION : Failed to set JaCoCo session: org.jacoco.agent.rt.RT
18:50:16 PIT >> INFO : MINION : Failed to dump JaCoCo execution data: org.jacoco.agent.rt.RT
18:50:16 PIT >> INFO : MINION : Failed to set JaCoCo session: org.jacoco.agent.rt.RT
18:50:16 PIT >> INFO : MINION : Failed to dump JaCoCo execution data: org.jacoco.agent.rt.RT
18:50:16 PIT >> INFO : MINION : Failed to set JaCoCo session: org.jacoco.agent.rt.RT
18:50:16 PIT >> INFO : MINION : Failed to dump JaCoCo execution data: org.jacoco.agent.rt.RT
18:50:16 PIT >> INFO : MINION : Failed to set JaCoCo session: org.jacoco.agent.rt.RT
18:50:16 PIT >> INFO : MINION : Failed to dump JaCoCo execution data: org.jacoco.agent.rt.RT
18:50:16 PIT >> INFO : MINION : Failed to set JaCoCo session: org.jacoco.agent.rt.RT
18:50:16 PIT >> INFO : MINION : Failed to dump JaCoCo execution data: org.jacoco.agent.rt.RT
18:50:16 PIT >> INFO : MINION : Failed to set JaCoCo session: org.jacoco.agent.rt.RT
18:50:16 PIT >> INFO : MINION : Failed to dump JaCoCo execution data: org.jacoco.agent.rt.RT
18:50:16 PIT >> INFO : MINION : Failed to set JaCoCo session: org.jacoco.agent.rt.RT
18:50:16 PIT >> INFO : MINION : Failed to dump JaCoCo execution data: org.jacoco.agent.rt.RT
18:50:16 PIT >> INFO : MINION : Failed to set JaCoCo session: org.jacoco.agent.rt.RT
18:50:16 PIT >> INFO : MINION : Failed to dump JaCoCo execution data: org.jacoco.agent.rt.RT
18:50:16 PIT >> INFO : MINION : Failed to set JaCoCo session: org.jacoco.agent.rt.RT
18:50:16 PIT >> INFO : MINION : Failed to dump JaCoCo execution data: org.jacoco.agent.rt.RT
18:50:16 PIT >> INFO : MINION : Failed to set JaCoCo session: org.jacoco.agent.rt.RT
18:50:16 PIT >> INFO : MINION : Failed to dump JaCoCo execution data: org.jacoco.agent.rt.RT
18:50:16 PIT >> INFO : MINION : Failed to set JaCoCo session: org.jacoco.agent.rt.RT
18:50:16 PIT >> INFO : MINION : Failed to dump JaCoCo execution data: org.jacoco.agent.rt.RT
18:50:16 PIT >> INFO : MINION : Failed to set JaCoCo session: org.jacoco.agent.rt.RT
18:50:17 PIT >> INFO : MINION : Failed to dump JaCoCo execution data: org.jacoco.agent.rt.RT
18:50:17 PIT >> INFO : MINION : Failed to set JaCoCo session: org.jacoco.agent.rt.RT
18:50:17 PIT >> INFO : MINION : Failed to dump JaCoCo execution data: org.jacoco.agent.rt.RT
18:50:17 PIT >> INFO : MINION : Failed to set JaCoCo session: org.jacoco.agent.rt.RT
18:50:17 PIT >> INFO : MINION : Failed to dump JaCoCo execution data: org.jacoco.agent.rt.RT
18:50:17 PIT >> INFO : MINION : Failed to set JaCoCo session: org.jacoco.agent.rt.RT
18:50:17 PIT >> INFO : MINION : Failed to dump JaCoCo execution data: org.jacoco.agent.rt.RT
18:50:17 PIT >> INFO : MINION : Failed to set JaCoCo session: org.jacoco.agent.rt.RT
18:50:17 PIT >> INFO : MINION : Failed to dump JaCoCo execution data: org.jacoco.agent.rt.RT
18:50:17 PIT >> INFO : MINION : Failed to set JaCoCo session: org.jacoco.agent.rt.RT
18:50:17 PIT >> INFO : MINION : Failed to dump JaCoCo execution data: org.jacoco.agent.rt.RT
18:50:17 PIT >> INFO : MINION : Failed to set JaCoCo session: org.jacoco.agent.rt.RT
18:50:17 PIT >> INFO : MINION : Failed to dump JaCoCo execution data: org.jacoco.agent.rt.RT
18:50:17 PIT >> INFO : MINION : Failed to set JaCoCo session: org.jacoco.agent.rt.RT
18:50:17 PIT >> INFO : MINION : Failed to dump JaCoCo execution data: org.jacoco.agent.rt.RT
18:50:17 PIT >> INFO : MINION : Failed to set JaCoCo session: org.jacoco.agent.rt.RT
18:50:17 PIT >> INFO : MINION : Failed to dump JaCoCo execution data: org.jacoco.agent.rt.RT
18:50:17 PIT >> INFO : MINION : Failed to set JaCoCo session: org.jacoco.agent.rt.RT
18:50:17 PIT >> INFO : MINION : Failed to dump JaCoCo execution data: org.jacoco.agent.rt.RT
18:50:17 PIT >> INFO : MINION : Failed to set JaCoCo session: org.jacoco.agent.rt.RT
18:50:17 PIT >> INFO : MINION : Failed to dump JaCoCo execution data: org.jacoco.agent.rt.RT
18:50:17 PIT >> INFO : MINION : Failed to set JaCoCo session: org.jacoco.agent.rt.RT
18:50:17 PIT >> INFO : MINION : Failed to dump JaCoCo execution data: org.jacoco.agent.rt.RT
18:50:17 PIT >> INFO : MINION : Failed to set JaCoCo session: org.jacoco.agent.rt.RT
18:50:17 PIT >> INFO : MINION : Failed to dump JaCoCo execution data: org.jacoco.agent.rt.RT
18:50:17 PIT >> INFO : MINION : Failed to set JaCoCo session: org.jacoco.agent.rt.RT
18:50:17 PIT >> INFO : MINION : Failed to dump JaCoCo execution data: org.jacoco.agent.rt.RT
18:50:17 PIT >> INFO : MINION : Failed to set JaCoCo session: org.jacoco.agent.rt.RT
18:50:17 PIT >> INFO : MINION : Failed to dump JaCoCo execution data: org.jacoco.agent.rt.RT
18:50:17 PIT >> INFO : MINION : Failed to set JaCoCo session: org.jacoco.agent.rt.RT
18:50:17 PIT >> INFO : MINION : Failed to dump JaCoCo execution data: org.jacoco.agent.rt.RT
18:50:17 PIT >> INFO : MINION : Failed to set JaCoCo session: org.jacoco.agent.rt.RT
18:50:17 PIT >> INFO : MINION : Failed to dump JaCoCo execution data: org.jacoco.agent.rt.RT
18:50:17 PIT >> INFO : MINION : Failed to set JaCoCo session: org.jacoco.agent.rt.RT
18:50:17 PIT >> INFO : MINION : Failed to dump JaCoCo execution data: org.jacoco.agent.rt.RT
18:50:17 PIT >> INFO : MINION : Failed to set JaCoCo session: org.jacoco.agent.rt.RT
18:50:17 PIT >> INFO : MINION : Failed to dump JaCoCo execution data: org.jacoco.agent.rt.RT
18:50:17 PIT >> INFO : MINION : Failed to set JaCoCo session: org.jacoco.agent.rt.RT
18:50:17 PIT >> INFO : MINION : Failed to dump JaCoCo execution data: org.jacoco.agent.rt.RT
18:50:17 PIT >> INFO : MINION : Failed to set JaCoCo session: org.jacoco.agent.rt.RT
18:50:17 PIT >> INFO : MINION : Failed to dump JaCoCo execution data: org.jacoco.agent.rt.RT
18:50:17 PIT >> INFO : MINION : Failed to set JaCoCo session: org.jacoco.agent.rt.RT
18:50:17 PIT >> INFO : MINION : Failed to dump JaCoCo execution data: org.jacoco.agent.rt.RT
18:50:17 PIT >> INFO : MINION : Failed to set JaCoCo session: org.jacoco.agent.rt.RT
18:50:17 PIT >> INFO : MINION : Failed to dump JaCoCo execution data: org.jacoco.agent.rt.RT
18:50:17 PIT >> INFO : MINION : Failed to set JaCoCo session: org.jacoco.agent.rt.RT
18:50:17 PIT >> INFO : MINION : Failed to dump JaCoCo execution data: org.jacoco.agent.rt.RT
18:50:17 PIT >> INFO : MINION : Failed to set JaCoCo session: org.jacoco.agent.rt.RT
18:50:17 PIT >> INFO : MINION : Failed to dump JaCoCo execution data: org.jacoco.agent.rt.RT
18:50:17 PIT >> INFO : MINION : Failed to set JaCoCo session: org.jacoco.agent.rt.RT
18:50:17 PIT >> INFO : MINION : Failed to dump JaCoCo execution data: org.jacoco.agent.rt.RT
18:50:17 PIT >> INFO : MINION : Failed to set JaCoCo session: org.jacoco.agent.rt.RT
18:50:17 PIT >> INFO : MINION : Failed to dump JaCoCo execution data: org.jacoco.agent.rt.RT
18:50:17 PIT >> INFO : MINION : Failed to set JaCoCo session: org.jacoco.agent.rt.RT
18:50:17 PIT >> INFO : MINION : Failed to dump JaCoCo execution data: org.jacoco.agent.rt.RT
18:50:17 PIT >> INFO : MINION : Failed to set JaCoCo session: org.jacoco.agent.rt.RT
18:50:17 PIT >> INFO : MINION : Failed to dump JaCoCo execution data: org.jacoco.agent.rt.RT
18:50:17 PIT >> INFO : MINION : Failed to set JaCoCo session: org.jacoco.agent.rt.RT
18:50:17 PIT >> INFO : MINION : Failed to dump JaCoCo execution data: org.jacoco.agent.rt.RT
18:50:17 PIT >> INFO : MINION : Failed to set JaCoCo session: org.jacoco.agent.rt.RT
18:50:17 PIT >> INFO : MINION : Failed to dump JaCoCo execution data: org.jacoco.agent.rt.RT
18:50:17 PIT >> INFO : MINION : Failed to set JaCoCo session: org.jacoco.agent.rt.RT
18:50:17 PIT >> INFO : MINION : Failed to dump JaCoCo execution data: org.jacoco.agent.rt.RT
18:50:17 PIT >> INFO : MINION : Failed to set JaCoCo session: org.jacoco.agent.rt.RT
18:50:17 PIT >> INFO : MINION : Failed to dump JaCoCo execution data: org.jacoco.agent.rt.RT
18:50:17 PIT >> INFO : MINION : Failed to set JaCoCo session: org.jacoco.agent.rt.RT
18:50:17 PIT >> INFO : MINION : Failed to dump JaCoCo execution data: org.jacoco.agent.rt.RT
18:50:17 PIT >> INFO : MINION : Failed to set JaCoCo session: org.jacoco.agent.rt.RT
18:50:17 PIT >> INFO : MINION : Failed to dump JaCoCo execution data: org.jacoco.agent.rt.RT
18:50:17 PIT >> INFO : MINION : Failed to set JaCoCo session: org.jacoco.agent.rt.RT
18:50:17 PIT >> INFO : MINION : Failed to dump JaCoCo execution data: org.jacoco.agent.rt.RT
18:50:17 PIT >> INFO : MINION : Failed to set JaCoCo session: org.jacoco.agent.rt.RT
18:50:17 PIT >> INFO : MINION : Failed to dump JaCoCo execution data: org.jacoco.agent.rt.RT
18:50:17 PIT >> INFO : MINION : Failed to set JaCoCo session: org.jacoco.agent.rt.RT
18:50:17 PIT >> INFO : MINION : Failed to dump JaCoCo execution data: org.jacoco.agent.rt.RT
18:50:17 PIT >> INFO : MINION : Failed to set JaCoCo session: org.jacoco.agent.rt.RT
18:50:17 PIT >> INFO : MINION : Failed to dump JaCoCo execution data: org.jacoco.agent.rt.RT
18:50:17 PIT >> INFO : MINION : Failed to set JaCoCo session: org.jacoco.agent.rt.RT
18:50:17 PIT >> INFO : MINION : Failed to dump JaCoCo execution data: org.jacoco.agent.rt.RT
18:50:17 PIT >> INFO : MINION : Failed to set JaCoCo session: org.jacoco.agent.rt.RT
18:50:17 PIT >> INFO : MINION : Failed to dump JaCoCo execution data: org.jacoco.agent.rt.RT
18:50:17 PIT >> INFO : MINION : Failed to set JaCoCo session: org.jacoco.agent.rt.RT
18:50:17 PIT >> INFO : MINION : Failed to dump JaCoCo execution data: org.jacoco.agent.rt.RT
18:50:17 PIT >> INFO : MINION : Failed to set JaCoCo session: org.jacoco.agent.rt.RT
18:50:17 PIT >> INFO : MINION : Failed to dump JaCoCo execution data: org.jacoco.agent.rt.RT
18:50:17 PIT >> INFO : MINION : Failed to set JaCoCo session: org.jacoco.agent.rt.RT
18:50:17 PIT >> INFO : MINION : Failed to dump JaCoCo execution data: org.jacoco.agent.rt.RT
18:50:17 PIT >> INFO : MINION : Failed to set JaCoCo session: org.jacoco.agent.rt.RT
18:50:17 PIT >> INFO : MINION : Failed to dump JaCoCo execution data: org.jacoco.agent.rt.RT
18:50:17 PIT >> INFO : MINION : Failed to set JaCoCo session: org.jacoco.agent.rt.RT
18:50:17 PIT >> INFO : MINION : Failed to dump JaCoCo execution data: org.jacoco.agent.rt.RT
18:50:17 PIT >> INFO : MINION : Failed to set JaCoCo session: org.jacoco.agent.rt.RT
18:50:17 PIT >> INFO : MINION : Failed to dump JaCoCo execution data: org.jacoco.agent.rt.RT
18:50:17 PIT >> INFO : MINION : Failed to set JaCoCo session: org.jacoco.agent.rt.RT
18:50:17 PIT >> INFO : MINION : Failed to dump JaCoCo execution data: org.jacoco.agent.rt.RT
18:50:17 PIT >> INFO : MINION : Failed to set JaCoCo session: org.jacoco.agent.rt.RT
18:50:17 PIT >> INFO : MINION : Failed to dump JaCoCo execution data: org.jacoco.agent.rt.RT
18:50:17 PIT >> INFO : MINION : Failed to set JaCoCo session: org.jacoco.agent.rt.RT
18:50:17 PIT >> INFO : MINION : Failed to dump JaCoCo execution data: org.jacoco.agent.rt.RT
18:50:17 PIT >> INFO : MINION : Failed to set JaCoCo session: org.jacoco.agent.rt.RT
18:50:17 PIT >> INFO : MINION : Failed to dump JaCoCo execution data: org.jacoco.agent.rt.RT
18:50:17 PIT >> INFO : MINION : Failed to set JaCoCo session: org.jacoco.agent.rt.RT
18:50:17 PIT >> INFO : MINION : Failed to dump JaCoCo execution data: org.jacoco.agent.rt.RT
18:50:17 PIT >> INFO : MINION : Failed to set JaCoCo session: org.jacoco.agent.rt.RT
18:50:17 PIT >> INFO : MINION : Failed to dump JaCoCo execution data: org.jacoco.agent.rt.RT
18:50:17 PIT >> INFO : MINION : Failed to set JaCoCo session: org.jacoco.agent.rt.RT
18:50:17 PIT >> INFO : MINION : Failed to dump JaCoCo execution data: org.jacoco.agent.rt.RT
18:50:17 PIT >> INFO : MINION : Failed to set JaCoCo session: org.jacoco.agent.rt.RT
18:50:17 PIT >> INFO : MINION : Failed to dump JaCoCo execution data: org.jacoco.agent.rt.RT
18:50:17 PIT >> INFO : MINION : Failed to set JaCoCo session: org.jacoco.agent.rt.RT
18:50:17 PIT >> INFO : MINION : Failed to dump JaCoCo execution data: org.jacoco.agent.rt.RT
18:50:17 PIT >> INFO : MINION : Failed to set JaCoCo session: org.jacoco.agent.rt.RT
18:50:17 PIT >> INFO : MINION : Failed to dump JaCoCo execution data: org.jacoco.agent.rt.RT
18:50:17 PIT >> INFO : MINION : Failed to set JaCoCo session: org.jacoco.agent.rt.RT
18:50:17 PIT >> INFO : MINION : Failed to dump JaCoCo execution data: org.jacoco.agent.rt.RT
18:50:17 PIT >> INFO : MINION : Failed to set JaCoCo session: org.jacoco.agent.rt.RT
18:50:17 PIT >> INFO : MINION : Failed to dump JaCoCo execution data: org.jacoco.agent.rt.RT
18:50:17 PIT >> INFO : MINION : Failed to set JaCoCo session: org.jacoco.agent.rt.RT
18:50:17 PIT >> INFO : MINION : Failed to dump JaCoCo execution data: org.jacoco.agent.rt.RT
18:50:17 PIT >> INFO : MINION : Failed to set JaCoCo session: org.jacoco.agent.rt.RT
18:50:17 PIT >> INFO : MINION : Failed to dump JaCoCo execution data: org.jacoco.agent.rt.RT
18:50:17 PIT >> INFO : MINION : Failed to set JaCoCo session: org.jacoco.agent.rt.RT
18:50:17 PIT >> INFO : MINION : Failed to dump JaCoCo execution data: org.jacoco.agent.rt.RT
18:50:17 PIT >> INFO : MINION : Failed to set JaCoCo session: org.jacoco.agent.rt.RT
18:50:17 PIT >> INFO : MINION : Failed to dump JaCoCo execution data: org.jacoco.agent.rt.RT
18:50:17 PIT >> INFO : MINION : Failed to set JaCoCo session: org.jacoco.agent.rt.RT
18:50:17 PIT >> INFO : MINION : Failed to dump JaCoCo execution data: org.jacoco.agent.rt.RT
18:50:17 PIT >> INFO : MINION : Failed to set JaCoCo session: org.jacoco.agent.rt.RT
18:50:17 PIT >> INFO : MINION : Failed to dump JaCoCo execution data: org.jacoco.agent.rt.RT
18:50:17 PIT >> INFO : MINION : Failed to set JaCoCo session: org.jacoco.agent.rt.RT
18:50:17 PIT >> INFO : MINION : Failed to dump JaCoCo execution data: org.jacoco.agent.rt.RT
18:50:17 PIT >> INFO : MINION : Failed to set JaCoCo session: org.jacoco.agent.rt.RT
18:50:17 PIT >> INFO : MINION : Failed to dump JaCoCo execution data: org.jacoco.agent.rt.RT
18:50:17 PIT >> INFO : MINION : Failed to set JaCoCo session: org.jacoco.agent.rt.RT
18:50:17 PIT >> INFO : MINION : Failed to dump JaCoCo execution data: org.jacoco.agent.rt.RT
18:50:17 PIT >> INFO : MINION : Failed to set JaCoCo session: org.jacoco.agent.rt.RT
18:50:17 PIT >> INFO : MINION : Failed to dump JaCoCo execution data: org.jacoco.agent.rt.RT
18:50:17 PIT >> INFO : MINION : Failed to set JaCoCo session: org.jacoco.agent.rt.RT
18:50:17 PIT >> INFO : MINION : Failed to dump JaCoCo execution data: org.jacoco.agent.rt.RT
18:50:17 PIT >> INFO : MINION : Failed to set JaCoCo session: org.jacoco.agent.rt.RT
18:50:17 PIT >> INFO : MINION : Failed to dump JaCoCo execution data: org.jacoco.agent.rt.RT
18:50:17 PIT >> INFO : MINION : Failed to set JaCoCo session: org.jacoco.agent.rt.RT
18:50:17 PIT >> INFO : MINION : Failed to dump JaCoCo execution data: org.jacoco.agent.rt.RT
18:50:17 PIT >> INFO : MINION : Failed to set JaCoCo session: org.jacoco.agent.rt.RT
18:50:17 PIT >> INFO : MINION : Failed to dump JaCoCo execution data: org.jacoco.agent.rt.RT
18:50:17 PIT >> INFO : MINION : Failed to set JaCoCo session: org.jacoco.agent.rt.RT
18:50:17 PIT >> INFO : MINION : Failed to dump JaCoCo execution data: org.jacoco.agent.rt.RT
18:50:17 PIT >> INFO : MINION : Failed to set JaCoCo session: org.jacoco.agent.rt.RT
18:50:17 PIT >> INFO : MINION : Failed to dump JaCoCo execution data: org.jacoco.agent.rt.RT
18:50:17 PIT >> INFO : MINION : Failed to set JaCoCo session: org.jacoco.agent.rt.RT
18:50:17 PIT >> INFO : MINION : Failed to dump JaCoCo execution data: org.jacoco.agent.rt.RT
18:50:17 PIT >> INFO : MINION : Failed to set JaCoCo session: org.jacoco.agent.rt.RT
18:50:17 PIT >> INFO : MINION : Failed to dump JaCoCo execution data: org.jacoco.agent.rt.RT
18:50:17 PIT >> INFO : MINION : Failed to set JaCoCo session: org.jacoco.agent.rt.RT
18:50:17 PIT >> INFO : MINION : Failed to dump JaCoCo execution data: org.jacoco.agent.rt.RT
18:50:17 PIT >> INFO : MINION : Failed to set JaCoCo session: org.jacoco.agent.rt.RT
18:50:17 PIT >> INFO : MINION : Failed to dump JaCoCo execution data: org.jacoco.agent.rt.RT
18:50:17 PIT >> INFO : MINION : Failed to set JaCoCo session: org.jacoco.agent.rt.RT
18:50:17 PIT >> INFO : MINION : Failed to dump JaCoCo execution data: org.jacoco.agent.rt.RT
18:50:17 PIT >> INFO : MINION : Failed to set JaCoCo session: org.jacoco.agent.rt.RT
18:50:17 PIT >> INFO : MINION : Failed to dump JaCoCo execution data: org.jacoco.agent.rt.RT
18:50:17 PIT >> INFO : MINION : Failed to set JaCoCo session: org.jacoco.agent.rt.RT
18:50:17 PIT >> INFO : MINION : Failed to dump JaCoCo execution data: org.jacoco.agent.rt.RT
18:50:17 PIT >> INFO : MINION : Failed to set JaCoCo session: org.jacoco.agent.rt.RT
18:50:17 PIT >> INFO : MINION : Failed to dump JaCoCo execution data: org.jacoco.agent.rt.RT
18:50:17 PIT >> INFO : MINION : Failed to set JaCoCo session: org.jacoco.agent.rt.RT
18:50:17 PIT >> INFO : MINION : Failed to dump JaCoCo execution data: org.jacoco.agent.rt.RT
18:50:17 PIT >> INFO : MINION : Failed to set JaCoCo session: org.jacoco.agent.rt.RT
18:50:17 PIT >> INFO : MINION : Failed to dump JaCoCo execution data: org.jacoco.agent.rt.RT
18:50:17 PIT >> INFO : MINION : Failed to set JaCoCo session: org.jacoco.agent.rt.RT
18:50:17 PIT >> INFO : MINION : Failed to dump JaCoCo execution data: org.jacoco.agent.rt.RT
18:50:17 PIT >> INFO : MINION : Failed to set JaCoCo session: org.jacoco.agent.rt.RT
18:50:17 PIT >> INFO : MINION : Failed to dump JaCoCo execution data: org.jacoco.agent.rt.RT
18:50:17 PIT >> INFO : MINION : Failed to set JaCoCo session: org.jacoco.agent.rt.RT
18:50:17 PIT >> INFO : MINION : Failed to dump JaCoCo execution data: org.jacoco.agent.rt.RT
18:50:17 PIT >> INFO : MINION : Failed to set JaCoCo session: org.jacoco.agent.rt.RT
18:50:17 PIT >> INFO : MINION : Failed to dump JaCoCo execution data: org.jacoco.agent.rt.RT
18:50:17 PIT >> INFO : MINION : Failed to set JaCoCo session: org.jacoco.agent.rt.RT
18:50:17 PIT >> INFO : MINION : Failed to dump JaCoCo execution data: org.jacoco.agent.rt.RT
18:50:17 PIT >> INFO : MINION : Failed to set JaCoCo session: org.jacoco.agent.rt.RT
18:50:17 PIT >> INFO : MINION : Failed to dump JaCoCo execution data: org.jacoco.agent.rt.RT
18:50:17 PIT >> INFO : MINION : Failed to set JaCoCo session: org.jacoco.agent.rt.RT
18:50:17 PIT >> INFO : MINION : Failed to dump JaCoCo execution data: org.jacoco.agent.rt.RT
18:50:17 PIT >> INFO : MINION : Failed to set JaCoCo session: org.jacoco.agent.rt.RT
18:50:17 PIT >> INFO : MINION : Failed to dump JaCoCo execution data: org.jacoco.agent.rt.RT
18:50:17 PIT >> INFO : MINION : Failed to set JaCoCo session: org.jacoco.agent.rt.RT
18:50:17 PIT >> INFO : MINION : Failed to dump JaCoCo execution data: org.jacoco.agent.rt.RT
18:50:17 PIT >> INFO : MINION : Failed to set JaCoCo session: org.jacoco.agent.rt.RT
18:50:17 PIT >> INFO : MINION : Failed to dump JaCoCo execution data: org.jacoco.agent.rt.RT
18:50:17 PIT >> INFO : MINION : Failed to set JaCoCo session: org.jacoco.agent.rt.RT
18:50:17 PIT >> INFO : MINION : Failed to dump JaCoCo execution data: org.jacoco.agent.rt.RT
18:50:17 PIT >> INFO : MINION : Failed to set JaCoCo session: org.jacoco.agent.rt.RT
18:50:17 PIT >> INFO : MINION : Failed to dump JaCoCo execution data: org.jacoco.agent.rt.RT
18:50:17 PIT >> INFO : MINION : Failed to set JaCoCo session: org.jacoco.agent.rt.RT
18:50:17 PIT >> INFO : MINION : Failed to dump JaCoCo execution data: org.jacoco.agent.rt.RT
18:50:17 PIT >> INFO : MINION : Failed to set JaCoCo session: org.jacoco.agent.rt.RT
18:50:17 PIT >> INFO : MINION : Failed to dump JaCoCo execution data: org.jacoco.agent.rt.RT
18:50:17 PIT >> INFO : MINION : Failed to set JaCoCo session: org.jacoco.agent.rt.RT
18:50:17 PIT >> INFO : MINION : Failed to dump JaCoCo execution data: org.jacoco.agent.rt.RT
18:50:17 PIT >> INFO : MINION : Failed to set JaCoCo session: org.jacoco.agent.rt.RT
18:50:17 PIT >> INFO : MINION : Failed to dump JaCoCo execution data: org.jacoco.agent.rt.RT
18:50:17 PIT >> INFO : MINION : Failed to set JaCoCo session: org.jacoco.agent.rt.RT
18:50:17 PIT >> INFO : MINION : Failed to dump JaCoCo execution data: org.jacoco.agent.rt.RT
18:50:17 PIT >> INFO : MINION : Failed to set JaCoCo session: org.jacoco.agent.rt.RT
18:50:17 PIT >> INFO : MINION : Failed to dump JaCoCo execution data: org.jacoco.agent.rt.RT
18:50:17 PIT >> INFO : MINION : Failed to set JaCoCo session: org.jacoco.agent.rt.RT
18:50:17 PIT >> INFO : MINION : Failed to dump JaCoCo execution data: org.jacoco.agent.rt.RT
18:50:17 PIT >> INFO : MINION : Failed to set JaCoCo session: org.jacoco.agent.rt.RT
18:50:17 PIT >> INFO : MINION : Failed to dump JaCoCo execution data: org.jacoco.agent.rt.RT
18:50:17 PIT >> INFO : MINION : Failed to set JaCoCo session: org.jacoco.agent.rt.RT
18:50:17 PIT >> INFO : MINION : Failed to dump JaCoCo execution data: org.jacoco.agent.rt.RT
18:50:17 PIT >> INFO : MINION : Failed to set JaCoCo session: org.jacoco.agent.rt.RT
18:50:17 PIT >> INFO : MINION : Failed to dump JaCoCo execution data: org.jacoco.agent.rt.RT
18:50:17 PIT >> INFO : MINION : Failed to set JaCoCo session: org.jacoco.agent.rt.RT
18:50:17 PIT >> INFO : MINION : Failed to dump JaCoCo execution data: org.jacoco.agent.rt.RT
18:50:17 PIT >> INFO : MINION : Failed to set JaCoCo session: org.jacoco.agent.rt.RT
18:50:17 PIT >> INFO : MINION : Failed to dump JaCoCo execution data: org.jacoco.agent.rt.RT
18:50:17 PIT >> INFO : MINION : Failed to set JaCoCo session: org.jacoco.agent.rt.RT
18:50:17 PIT >> INFO : MINION : Failed to dump JaCoCo execution data: org.jacoco.agent.rt.RT
18:50:17 PIT >> INFO : MINION : Failed to set JaCoCo session: org.jacoco.agent.rt.RT
18:50:17 PIT >> INFO : MINION : Failed to dump JaCoCo execution data: org.jacoco.agent.rt.RT
18:50:17 PIT >> INFO : MINION : Failed to set JaCoCo session: org.jacoco.agent.rt.RT
18:50:17 PIT >> INFO : MINION : Failed to dump JaCoCo execution data: org.jacoco.agent.rt.RT
18:50:17 PIT >> INFO : MINION : Failed to set JaCoCo session: org.jacoco.agent.rt.RT
18:50:17 PIT >> INFO : MINION : Failed to dump JaCoCo execution data: org.jacoco.agent.rt.RT
18:50:17 PIT >> INFO : MINION : Failed to set JaCoCo session: org.jacoco.agent.rt.RT
18:50:17 PIT >> INFO : MINION : Failed to dump JaCoCo execution data: org.jacoco.agent.rt.RT
18:50:17 PIT >> INFO : MINION : Failed to set JaCoCo session: org.jacoco.agent.rt.RT
18:50:17 PIT >> INFO : MINION : Failed to dump JaCoCo execution data: org.jacoco.agent.rt.RT
18:50:17 PIT >> INFO : MINION : Failed to set JaCoCo session: org.jacoco.agent.rt.RT
18:50:17 PIT >> INFO : MINION : Failed to dump JaCoCo execution data: org.jacoco.agent.rt.RT
18:50:17 PIT >> INFO : MINION : Failed to set JaCoCo session: org.jacoco.agent.rt.RT
18:50:17 PIT >> INFO : MINION : Failed to dump JaCoCo execution data: org.jacoco.agent.rt.RT
18:50:17 PIT >> INFO : MINION : Failed to set JaCoCo session: org.jacoco.agent.rt.RT
18:50:17 PIT >> INFO : MINION : Failed to dump JaCoCo execution data: org.jacoco.agent.rt.RT
18:50:17 PIT >> INFO : MINION : Failed to set JaCoCo session: org.jacoco.agent.rt.RT
18:50:17 PIT >> INFO : MINION : Failed to dump JaCoCo execution data: org.jacoco.agent.rt.RT
18:50:17 PIT >> INFO : MINION : Failed to set JaCoCo session: org.jacoco.agent.rt.RT
18:50:17 PIT >> INFO : MINION : Failed to dump JaCoCo execution data: org.jacoco.agent.rt.RT
18:50:17 PIT >> INFO : MINION : Failed to set JaCoCo session: org.jacoco.agent.rt.RT
18:50:17 PIT >> INFO : MINION : Failed to dump JaCoCo execution data: org.jacoco.agent.rt.RT
18:50:17 PIT >> INFO : MINION : Failed to set JaCoCo session: org.jacoco.agent.rt.RT
18:50:17 PIT >> INFO : MINION : Failed to dump JaCoCo execution data: org.jacoco.agent.rt.RT
18:50:17 PIT >> INFO : MINION : Failed to set JaCoCo session: org.jacoco.agent.rt.RT
18:50:17 PIT >> INFO : MINION : Failed to dump JaCoCo execution data: org.jacoco.agent.rt.RT
18:50:17 PIT >> INFO : MINION : Failed to set JaCoCo session: org.jacoco.agent.rt.RT
18:50:17 PIT >> INFO : MINION : Failed to dump JaCoCo execution data: org.jacoco.agent.rt.RT
18:50:17 PIT >> INFO : MINION : Failed to set JaCoCo session: org.jacoco.agent.rt.RT
18:50:17 PIT >> INFO : MINION : Failed to dump JaCoCo execution data: org.jacoco.agent.rt.RT
18:50:17 PIT >> INFO : MINION : Failed to set JaCoCo session: org.jacoco.agent.rt.RT
18:50:17 PIT >> INFO : MINION : Failed to dump JaCoCo execution data: org.jacoco.agent.rt.RT
18:50:17 PIT >> INFO : MINION : Failed to set JaCoCo session: org.jacoco.agent.rt.RT
18:50:17 PIT >> INFO : MINION : Failed to dump JaCoCo execution data: org.jacoco.agent.rt.RT
18:50:17 PIT >> INFO : MINION : Failed to set JaCoCo session: org.jacoco.agent.rt.RT
18:50:17 PIT >> INFO : MINION : Failed to dump JaCoCo execution data: org.jacoco.agent.rt.RT
18:50:17 PIT >> INFO : MINION : Failed to set JaCoCo session: org.jacoco.agent.rt.RT
18:50:17 PIT >> INFO : MINION : Failed to dump JaCoCo execution data: org.jacoco.agent.rt.RT
18:50:17 PIT >> INFO : MINION : Failed to set JaCoCo session: org.jacoco.agent.rt.RT
18:50:17 PIT >> INFO : MINION : Failed to dump JaCoCo execution data: org.jacoco.agent.rt.RT
18:50:17 PIT >> INFO : MINION : Failed to set JaCoCo session: org.jacoco.agent.rt.RT
18:50:17 PIT >> INFO : MINION : Failed to dump JaCoCo execution data: org.jacoco.agent.rt.RT
18:50:17 PIT >> INFO : MINION : Failed to set JaCoCo session: org.jacoco.agent.rt.RT
18:50:17 PIT >> INFO : MINION : Failed to dump JaCoCo execution data: org.jacoco.agent.rt.RT
18:50:17 PIT >> INFO : MINION : Failed to set JaCoCo session: org.jacoco.agent.rt.RT
18:50:17 PIT >> INFO : MINION : Failed to dump JaCoCo execution data: org.jacoco.agent.rt.RT
18:50:17 PIT >> INFO : MINION : Failed to set JaCoCo session: org.jacoco.agent.rt.RT
18:50:17 PIT >> INFO : MINION : Failed to dump JaCoCo execution data: org.jacoco.agent.rt.RT
18:50:17 PIT >> INFO : MINION : Failed to set JaCoCo session: org.jacoco.agent.rt.RT
18:50:17 PIT >> INFO : MINION : Failed to dump JaCoCo execution data: org.jacoco.agent.rt.RT
18:50:17 PIT >> INFO : MINION : Failed to set JaCoCo session: org.jacoco.agent.rt.RT
18:50:17 PIT >> INFO : MINION : Failed to dump JaCoCo execution data: org.jacoco.agent.rt.RT
18:50:17 PIT >> INFO : MINION : Failed to set JaCoCo session: org.jacoco.agent.rt.RT
18:50:17 PIT >> INFO : MINION : Failed to dump JaCoCo execution data: org.jacoco.agent.rt.RT
18:50:17 PIT >> INFO : MINION : Failed to set JaCoCo session: org.jacoco.agent.rt.RT
18:50:17 PIT >> INFO : MINION : Failed to dump JaCoCo execution data: org.jacoco.agent.rt.RT
18:50:17 PIT >> INFO : MINION : Failed to set JaCoCo session: org.jacoco.agent.rt.RT
18:50:17 PIT >> INFO : MINION : Failed to dump JaCoCo execution data: org.jacoco.agent.rt.RT
18:50:17 PIT >> INFO : MINION : Failed to set JaCoCo session: org.jacoco.agent.rt.RT
18:50:17 PIT >> INFO : MINION : Failed to dump JaCoCo execution data: org.jacoco.agent.rt.RT
18:50:17 PIT >> INFO : MINION : Failed to set JaCoCo session: org.jacoco.agent.rt.RT
18:50:17 PIT >> INFO : MINION : Failed to dump JaCoCo execution data: org.jacoco.agent.rt.RT
18:50:17 PIT >> INFO : MINION : Failed to set JaCoCo session: org.jacoco.agent.rt.RT
18:50:17 PIT >> INFO : MINION : Failed to dump JaCoCo execution data: org.jacoco.agent.rt.RT
18:50:17 PIT >> INFO : MINION : Failed to set JaCoCo session: org.jacoco.agent.rt.RT
18:50:17 PIT >> INFO : MINION : Failed to dump JaCoCo execution data: org.jacoco.agent.rt.RT
18:50:17 PIT >> INFO : MINION : Failed to set JaCoCo session: org.jacoco.agent.rt.RT
18:50:17 PIT >> INFO : MINION : Failed to dump JaCoCo execution data: org.jacoco.agent.rt.RT
18:50:17 PIT >> INFO : MINION : Failed to set JaCoCo session: org.jacoco.agent.rt.RT
18:50:17 PIT >> INFO : MINION : Failed to dump JaCoCo execution data: org.jacoco.agent.rt.RT
18:50:17 PIT >> INFO : MINION : Failed to set JaCoCo session: org.jacoco.agent.rt.RT
18:50:17 PIT >> INFO : MINION : Failed to dump JaCoCo execution data: org.jacoco.agent.rt.RT
18:50:17 PIT >> INFO : MINION : Failed to set JaCoCo session: org.jacoco.agent.rt.RT
18:50:17 PIT >> INFO : MINION : Failed to dump JaCoCo execution data: org.jacoco.agent.rt.RT
18:50:17 PIT >> INFO : MINION : Failed to set JaCoCo session: org.jacoco.agent.rt.RT
18:50:17 PIT >> INFO : MINION : Failed to dump JaCoCo execution data: org.jacoco.agent.rt.RT
18:50:17 PIT >> INFO : MINION : Failed to set JaCoCo session: org.jacoco.agent.rt.RT
18:50:17 PIT >> INFO : MINION : Failed to dump JaCoCo execution data: org.jacoco.agent.rt.RT
18:50:17 PIT >> INFO : MINION : Failed to set JaCoCo session: org.jacoco.agent.rt.RT
18:50:17 PIT >> INFO : MINION : Failed to dump JaCoCo execution data: org.jacoco.agent.rt.RT
18:50:17 PIT >> INFO : MINION : Failed to set JaCoCo session: org.jacoco.agent.rt.RT
18:50:17 PIT >> INFO : MINION : Failed to dump JaCoCo execution data: org.jacoco.agent.rt.RT
18:50:17 PIT >> INFO : MINION : Failed to set JaCoCo session: org.jacoco.agent.rt.RT
18:50:17 PIT >> INFO : MINION : Failed to dump JaCoCo execution data: org.jacoco.agent.rt.RT
18:50:17 PIT >> INFO : MINION : Failed to set JaCoCo session: org.jacoco.agent.rt.RT
18:50:17 PIT >> INFO : MINION : Failed to dump JaCoCo execution data: org.jacoco.agent.rt.RT
18:50:17 PIT >> INFO : MINION : Failed to set JaCoCo session: org.jacoco.agent.rt.RT
18:50:17 PIT >> INFO : MINION : Failed to dump JaCoCo execution data: org.jacoco.agent.rt.RT
18:50:17 PIT >> INFO : MINION : Failed to set JaCoCo session: org.jacoco.agent.rt.RT
18:50:17 PIT >> INFO : MINION : Failed to dump JaCoCo execution data: org.jacoco.agent.rt.RT
18:50:17 PIT >> INFO : MINION : Failed to set JaCoCo session: org.jacoco.agent.rt.RT
18:50:17 PIT >> INFO : MINION : Failed to dump JaCoCo execution data: org.jacoco.agent.rt.RT
18:50:17 PIT >> INFO : MINION : Failed to set JaCoCo session: org.jacoco.agent.rt.RT
18:50:17 PIT >> INFO : MINION : Failed to dump JaCoCo execution data: org.jacoco.agent.rt.RT
18:50:17 PIT >> INFO : MINION : Failed to set JaCoCo session: org.jacoco.agent.rt.RT
18:50:17 PIT >> INFO : MINION : Failed to dump JaCoCo execution data: org.jacoco.agent.rt.RT
18:50:17 PIT >> INFO : MINION : Failed to set JaCoCo session: org.jacoco.agent.rt.RT
18:50:17 PIT >> INFO : MINION : Failed to dump JaCoCo execution data: org.jacoco.agent.rt.RT
18:50:17 PIT >> INFO : MINION : Failed to set JaCoCo session: org.jacoco.agent.rt.RT
18:50:17 PIT >> INFO : MINION : Failed to dump JaCoCo execution data: org.jacoco.agent.rt.RT
18:50:17 PIT >> INFO : MINION : Failed to set JaCoCo session: org.jacoco.agent.rt.RT
18:50:17 PIT >> INFO : MINION : Failed to dump JaCoCo execution data: org.jacoco.agent.rt.RT
18:50:17 PIT >> INFO : MINION : Failed to set JaCoCo session: org.jacoco.agent.rt.RT
18:50:17 PIT >> INFO : MINION : Failed to dump JaCoCo execution data: org.jacoco.agent.rt.RT
18:50:17 PIT >> INFO : MINION : Failed to set JaCoCo session: org.jacoco.agent.rt.RT
18:50:17 PIT >> INFO : MINION : Failed to dump JaCoCo execution data: org.jacoco.agent.rt.RT
18:50:17 PIT >> INFO : MINION : Failed to set JaCoCo session: org.jacoco.agent.rt.RT
18:50:17 PIT >> INFO : MINION : Failed to dump JaCoCo execution data: org.jacoco.agent.rt.RT
18:50:17 PIT >> INFO : MINION : Failed to set JaCoCo session: org.jacoco.agent.rt.RT
18:50:17 PIT >> INFO : MINION : Failed to dump JaCoCo execution data: org.jacoco.agent.rt.RT
18:50:17 PIT >> INFO : MINION : Failed to set JaCoCo session: org.jacoco.agent.rt.RT
18:50:17 PIT >> INFO : MINION : Failed to dump JaCoCo execution data: org.jacoco.agent.rt.RT
18:50:17 PIT >> INFO : MINION : Failed to set JaCoCo session: org.jacoco.agent.rt.RT
18:50:17 PIT >> INFO : MINION : Failed to dump JaCoCo execution data: org.jacoco.agent.rt.RT
18:50:17 PIT >> INFO : MINION : Failed to set JaCoCo session: org.jacoco.agent.rt.RT
18:50:17 PIT >> INFO : MINION : Failed to dump JaCoCo execution data: org.jacoco.agent.rt.RT
18:50:17 PIT >> INFO : MINION : Failed to set JaCoCo session: org.jacoco.agent.rt.RT
18:50:17 PIT >> INFO : MINION : Failed to dump JaCoCo execution data: org.jacoco.agent.rt.RT
18:50:17 PIT >> INFO : MINION : Failed to set JaCoCo session: org.jacoco.agent.rt.RT
18:50:17 PIT >> INFO : MINION : Failed to dump JaCoCo execution data: org.jacoco.agent.rt.RT
18:50:17 PIT >> INFO : MINION : Failed to set JaCoCo session: org.jacoco.agent.rt.RT
18:50:17 PIT >> INFO : MINION : Failed to dump JaCoCo execution data: org.jacoco.agent.rt.RT
18:50:17 PIT >> INFO : MINION : Failed to set JaCoCo session: org.jacoco.agent.rt.RT
18:50:17 PIT >> INFO : MINION : Failed to dump JaCoCo execution data: org.jacoco.agent.rt.RT
18:50:17 PIT >> INFO : MINION : Failed to set JaCoCo session: org.jacoco.agent.rt.RT
18:50:17 PIT >> INFO : MINION : Failed to dump JaCoCo execution data: org.jacoco.agent.rt.RT
18:50:17 PIT >> INFO : MINION : Failed to set JaCoCo session: org.jacoco.agent.rt.RT
18:50:17 PIT >> INFO : MINION : Failed to dump JaCoCo execution data: org.jacoco.agent.rt.RT
18:50:17 PIT >> INFO : MINION : Failed to set JaCoCo session: org.jacoco.agent.rt.RT
18:50:17 PIT >> INFO : MINION : Failed to dump JaCoCo execution data: org.jacoco.agent.rt.RT
18:50:17 PIT >> INFO : MINION : Failed to set JaCoCo session: org.jacoco.agent.rt.RT
18:50:17 PIT >> INFO : MINION : Failed to dump JaCoCo execution data: org.jacoco.agent.rt.RT
18:50:17 PIT >> INFO : MINION : Failed to set JaCoCo session: org.jacoco.agent.rt.RT
18:50:17 PIT >> INFO : MINION : Failed to dump JaCoCo execution data: org.jacoco.agent.rt.RT
18:50:17 PIT >> INFO : MINION : Failed to set JaCoCo session: org.jacoco.agent.rt.RT
18:50:17 PIT >> INFO : MINION : Failed to dump JaCoCo execution data: org.jacoco.agent.rt.RT
18:50:17 PIT >> INFO : MINION : Failed to set JaCoCo session: org.jacoco.agent.rt.RT
18:50:17 PIT >> INFO : MINION : Failed to dump JaCoCo execution data: org.jacoco.agent.rt.RT
18:50:17 PIT >> INFO : MINION : Failed to set JaCoCo session: org.jacoco.agent.rt.RT
18:50:17 PIT >> INFO : MINION : Failed to dump JaCoCo execution data: org.jacoco.agent.rt.RT
18:50:17 PIT >> INFO : MINION : Failed to set JaCoCo session: org.jacoco.agent.rt.RT
18:50:17 PIT >> INFO : MINION : Failed to dump JaCoCo execution data: org.jacoco.agent.rt.RT
18:50:17 PIT >> INFO : MINION : Failed to set JaCoCo session: org.jacoco.agent.rt.RT
18:50:17 PIT >> INFO : MINION : Failed to dump JaCoCo execution data: org.jacoco.agent.rt.RT
18:50:17 PIT >> INFO : MINION : Failed to set JaCoCo session: org.jacoco.agent.rt.RT
18:50:17 PIT >> INFO : MINION : Failed to dump JaCoCo execution data: org.jacoco.agent.rt.RT
18:50:17 PIT >> INFO : MINION : Failed to set JaCoCo session: org.jacoco.agent.rt.RT
18:50:17 PIT >> INFO : MINION : Failed to dump JaCoCo execution data: org.jacoco.agent.rt.RT
18:50:17 PIT >> INFO : MINION : Failed to set JaCoCo session: org.jacoco.agent.rt.RT
18:50:17 PIT >> INFO : MINION : Failed to dump JaCoCo execution data: org.jacoco.agent.rt.RT
18:50:17 PIT >> INFO : MINION : Failed to set JaCoCo session: org.jacoco.agent.rt.RT
18:50:17 PIT >> INFO : MINION : Failed to dump JaCoCo execution data: org.jacoco.agent.rt.RT
18:50:17 PIT >> INFO : MINION : Failed to set JaCoCo session: org.jacoco.agent.rt.RT
18:50:17 PIT >> INFO : MINION : Failed to dump JaCoCo execution data: org.jacoco.agent.rt.RT
18:50:17 PIT >> INFO : MINION : Failed to set JaCoCo session: org.jacoco.agent.rt.RT
18:50:17 PIT >> INFO : MINION : Failed to dump JaCoCo execution data: org.jacoco.agent.rt.RT
18:50:17 PIT >> INFO : MINION : Failed to set JaCoCo session: org.jacoco.agent.rt.RT
18:50:17 PIT >> INFO : MINION : Failed to dump JaCoCo execution data: org.jacoco.agent.rt.RT
18:50:17 PIT >> INFO : MINION : Failed to set JaCoCo session: org.jacoco.agent.rt.RT
18:50:17 PIT >> INFO : MINION : Failed to dump JaCoCo execution data: org.jacoco.agent.rt.RT
18:50:17 PIT >> INFO : MINION : Failed to set JaCoCo session: org.jacoco.agent.rt.RT
18:50:17 PIT >> INFO : MINION : Failed to dump JaCoCo execution data: org.jacoco.agent.rt.RT
18:50:17 PIT >> INFO : MINION : Failed to set JaCoCo session: org.jacoco.agent.rt.RT
18:50:17 PIT >> INFO : MINION : Failed to dump JaCoCo execution data: org.jacoco.agent.rt.RT
18:50:17 PIT >> INFO : MINION : Failed to set JaCoCo session: org.jacoco.agent.rt.RT
18:50:17 PIT >> INFO : MINION : Failed to dump JaCoCo execution data: org.jacoco.agent.rt.RT
18:50:17 PIT >> INFO : MINION : Failed to set JaCoCo session: org.jacoco.agent.rt.RT
18:50:17 PIT >> INFO : MINION : Failed to dump JaCoCo execution data: org.jacoco.agent.rt.RT
18:50:17 PIT >> INFO : MINION : Failed to set JaCoCo session: org.jacoco.agent.rt.RT
18:50:17 PIT >> INFO : MINION : Failed to dump JaCoCo execution data: org.jacoco.agent.rt.RT
18:50:17 PIT >> INFO : MINION : Failed to set JaCoCo session: org.jacoco.agent.rt.RT
18:50:17 PIT >> INFO : MINION : Failed to dump JaCoCo execution data: org.jacoco.agent.rt.RT
18:50:17 PIT >> INFO : MINION : Failed to set JaCoCo session: org.jacoco.agent.rt.RT
18:50:17 PIT >> INFO : MINION : Failed to dump JaCoCo execution data: org.jacoco.agent.rt.RT
18:50:17 PIT >> INFO : MINION : Failed to set JaCoCo session: org.jacoco.agent.rt.RT
18:50:17 PIT >> INFO : MINION : Failed to dump JaCoCo execution data: org.jacoco.agent.rt.RT
18:50:17 PIT >> INFO : MINION : Failed to set JaCoCo session: org.jacoco.agent.rt.RT
18:50:17 PIT >> INFO : MINION : Failed to dump JaCoCo execution data: org.jacoco.agent.rt.RT
18:50:17 PIT >> INFO : MINION : Failed to set JaCoCo session: org.jacoco.agent.rt.RT
18:50:17 PIT >> INFO : MINION : Failed to dump JaCoCo execution data: org.jacoco.agent.rt.RT
18:50:17 PIT >> INFO : MINION : Failed to set JaCoCo session: org.jacoco.agent.rt.RT
18:50:17 PIT >> INFO : MINION : Failed to dump JaCoCo execution data: org.jacoco.agent.rt.RT
18:50:17 PIT >> INFO : MINION : Failed to set JaCoCo session: org.jacoco.agent.rt.RT
18:50:17 PIT >> INFO : MINION : Failed to dump JaCoCo execution data: org.jacoco.agent.rt.RT
18:50:17 PIT >> INFO : MINION : Failed to set JaCoCo session: org.jacoco.agent.rt.RT
18:50:17 PIT >> INFO : MINION : Failed to dump JaCoCo execution data: org.jacoco.agent.rt.RT
18:50:17 PIT >> INFO : MINION : Failed to set JaCoCo session: org.jacoco.agent.rt.RT
18:50:17 PIT >> INFO : MINION : Failed to dump JaCoCo execution data: org.jacoco.agent.rt.RT
18:50:17 PIT >> INFO : MINION : Failed to set JaCoCo session: org.jacoco.agent.rt.RT
18:50:17 PIT >> INFO : MINION : Failed to dump JaCoCo execution data: org.jacoco.agent.rt.RT
18:50:17 PIT >> INFO : MINION : Failed to set JaCoCo session: org.jacoco.agent.rt.RT
18:50:17 PIT >> INFO : MINION : Failed to dump JaCoCo execution data: org.jacoco.agent.rt.RT
18:50:17 PIT >> INFO : MINION : Failed to set JaCoCo session: org.jacoco.agent.rt.RT
18:50:17 PIT >> INFO : MINION : Failed to dump JaCoCo execution data: org.jacoco.agent.rt.RT
18:50:17 PIT >> INFO : MINION : Failed to set JaCoCo session: org.jacoco.agent.rt.RT
18:50:17 PIT >> INFO : MINION : Failed to dump JaCoCo execution data: org.jacoco.agent.rt.RT
18:50:17 PIT >> INFO : MINION : Failed to set JaCoCo session: org.jacoco.agent.rt.RT
18:50:17 PIT >> INFO : MINION : Failed to dump JaCoCo execution data: org.jacoco.agent.rt.RT
18:50:17 PIT >> INFO : MINION : Failed to set JaCoCo session: org.jacoco.agent.rt.RT
18:50:17 PIT >> INFO : MINION : Failed to dump JaCoCo execution data: org.jacoco.agent.rt.RT
18:50:17 PIT >> INFO : MINION : Failed to set JaCoCo session: org.jacoco.agent.rt.RT
18:50:17 PIT >> INFO : MINION : Failed to dump JaCoCo execution data: org.jacoco.agent.rt.RT
18:50:17 PIT >> INFO : MINION : Failed to set JaCoCo session: org.jacoco.agent.rt.RT
18:50:17 PIT >> INFO : MINION : Failed to dump JaCoCo execution data: org.jacoco.agent.rt.RT
18:50:17 PIT >> INFO : MINION : Failed to set JaCoCo session: org.jacoco.agent.rt.RT
18:50:17 PIT >> INFO : MINION : Failed to dump JaCoCo execution data: org.jacoco.agent.rt.RT
18:50:17 PIT >> INFO : MINION : Failed to set JaCoCo session: org.jacoco.agent.rt.RT
18:50:17 PIT >> INFO : MINION : Failed to dump JaCoCo execution data: org.jacoco.agent.rt.RT
18:50:17 PIT >> INFO : MINION : Failed to set JaCoCo session: org.jacoco.agent.rt.RT
18:50:17 PIT >> INFO : MINION : Failed to dump JaCoCo execution data: org.jacoco.agent.rt.RT
18:50:17 PIT >> INFO : MINION : Failed to set JaCoCo session: org.jacoco.agent.rt.RT
18:50:17 PIT >> INFO : MINION : Failed to dump JaCoCo execution data: org.jacoco.agent.rt.RT
18:50:17 PIT >> INFO : MINION : Failed to set JaCoCo session: org.jacoco.agent.rt.RT
18:50:17 PIT >> INFO : MINION : Failed to dump JaCoCo execution data: org.jacoco.agent.rt.RT
18:50:17 PIT >> INFO : MINION : Failed to set JaCoCo session: org.jacoco.agent.rt.RT
18:50:17 PIT >> INFO : MINION : Failed to dump JaCoCo execution data: org.jacoco.agent.rt.RT
18:50:17 PIT >> INFO : MINION : Failed to set JaCoCo session: org.jacoco.agent.rt.RT
18:50:17 PIT >> INFO : MINION : Failed to dump JaCoCo execution data: org.jacoco.agent.rt.RT
18:50:17 PIT >> INFO : MINION : Failed to set JaCoCo session: org.jacoco.agent.rt.RT
18:50:17 PIT >> INFO : MINION : Failed to dump JaCoCo execution data: org.jacoco.agent.rt.RT
18:50:17 PIT >> INFO : MINION : Failed to set JaCoCo session: org.jacoco.agent.rt.RT
18:50:17 PIT >> INFO : MINION : Failed to dump JaCoCo execution data: org.jacoco.agent.rt.RT
18:50:17 PIT >> INFO : MINION : Failed to set JaCoCo session: org.jacoco.agent.rt.RT
18:50:17 PIT >> INFO : MINION : Failed to dump JaCoCo execution data: org.jacoco.agent.rt.RT
18:50:17 PIT >> INFO : MINION : Failed to set JaCoCo session: org.jacoco.agent.rt.RT
18:50:17 PIT >> INFO : MINION : Failed to dump JaCoCo execution data: org.jacoco.agent.rt.RT
18:50:17 PIT >> INFO : MINION : Failed to set JaCoCo session: org.jacoco.agent.rt.RT
18:50:17 PIT >> INFO : MINION : Failed to dump JaCoCo execution data: org.jacoco.agent.rt.RT
18:50:17 PIT >> INFO : MINION : Failed to set JaCoCo session: org.jacoco.agent.rt.RT
18:50:17 PIT >> INFO : MINION : Failed to dump JaCoCo execution data: org.jacoco.agent.rt.RT
18:50:17 PIT >> INFO : MINION : Failed to set JaCoCo session: org.jacoco.agent.rt.RT
18:50:17 PIT >> INFO : MINION : Failed to dump JaCoCo execution data: org.jacoco.agent.rt.RT
18:50:17 PIT >> INFO : MINION : Failed to set JaCoCo session: org.jacoco.agent.rt.RT
18:50:17 PIT >> INFO : MINION : Failed to dump JaCoCo execution data: org.jacoco.agent.rt.RT
18:50:17 PIT >> INFO : MINION : Failed to set JaCoCo session: org.jacoco.agent.rt.RT
18:50:17 PIT >> INFO : MINION : Failed to dump JaCoCo execution data: org.jacoco.agent.rt.RT
18:50:17 PIT >> INFO : MINION : Failed to set JaCoCo session: org.jacoco.agent.rt.RT
18:50:17 PIT >> INFO : MINION : Failed to dump JaCoCo execution data: org.jacoco.agent.rt.RT
18:50:17 PIT >> INFO : MINION : Failed to set JaCoCo session: org.jacoco.agent.rt.RT
18:50:17 PIT >> INFO : MINION : Failed to dump JaCoCo execution data: org.jacoco.agent.rt.RT
18:50:17 PIT >> INFO : MINION : Failed to set JaCoCo session: org.jacoco.agent.rt.RT
18:50:17 PIT >> INFO : MINION : Failed to dump JaCoCo execution data: org.jacoco.agent.rt.RT
18:50:17 PIT >> INFO : MINION : Failed to set JaCoCo session: org.jacoco.agent.rt.RT
18:50:17 PIT >> INFO : MINION : Failed to dump JaCoCo execution data: org.jacoco.agent.rt.RT
18:50:17 PIT >> INFO : MINION : Failed to set JaCoCo session: org.jacoco.agent.rt.RT
18:50:17 PIT >> INFO : MINION : Failed to dump JaCoCo execution data: org.jacoco.agent.rt.RT
18:50:17 PIT >> INFO : MINION : Failed to set JaCoCo session: org.jacoco.agent.rt.RT
18:50:17 PIT >> INFO : MINION : Failed to dump JaCoCo execution data: org.jacoco.agent.rt.RT
18:50:17 PIT >> INFO : MINION : Failed to set JaCoCo session: org.jacoco.agent.rt.RT
18:50:17 PIT >> INFO : MINION : Failed to dump JaCoCo execution data: org.jacoco.agent.rt.RT
18:50:17 PIT >> INFO : MINION : Failed to set JaCoCo session: org.jacoco.agent.rt.RT
18:50:17 PIT >> INFO : MINION : Failed to dump JaCoCo execution data: org.jacoco.agent.rt.RT
18:50:17 PIT >> INFO : MINION : Failed to set JaCoCo session: org.jacoco.agent.rt.RT
18:50:17 PIT >> INFO : MINION : Failed to dump JaCoCo execution data: org.jacoco.agent.rt.RT
18:50:17 PIT >> INFO : MINION : Failed to set JaCoCo session: org.jacoco.agent.rt.RT
18:50:17 PIT >> INFO : MINION : Failed to dump JaCoCo execution data: org.jacoco.agent.rt.RT
18:50:17 PIT >> INFO : MINION : Failed to set JaCoCo session: org.jacoco.agent.rt.RT
18:50:17 PIT >> INFO : MINION : Failed to dump JaCoCo execution data: org.jacoco.agent.rt.RT
18:50:17 PIT >> INFO : MINION : Failed to set JaCoCo session: org.jacoco.agent.rt.RT
18:50:17 PIT >> INFO : MINION : Failed to dump JaCoCo execution data: org.jacoco.agent.rt.RT
18:50:17 PIT >> INFO : MINION : Failed to set JaCoCo session: org.jacoco.agent.rt.RT
18:50:17 PIT >> INFO : MINION : Failed to dump JaCoCo execution data: org.jacoco.agent.rt.RT
18:50:17 PIT >> INFO : MINION : Failed to set JaCoCo session: org.jacoco.agent.rt.RT
18:50:17 PIT >> INFO : MINION : Failed to dump JaCoCo execution data: org.jacoco.agent.rt.RT
18:50:17 PIT >> INFO : MINION : Failed to set JaCoCo session: org.jacoco.agent.rt.RT
18:50:17 PIT >> INFO : MINION : Failed to dump JaCoCo execution data: org.jacoco.agent.rt.RT
18:50:17 PIT >> INFO : MINION : Failed to set JaCoCo session: org.jacoco.agent.rt.RT
18:50:17 PIT >> INFO : MINION : Failed to dump JaCoCo execution data: org.jacoco.agent.rt.RT
18:50:17 PIT >> INFO : MINION : Failed to set JaCoCo session: org.jacoco.agent.rt.RT
18:50:17 PIT >> INFO : MINION : Failed to dump JaCoCo execution data: org.jacoco.agent.rt.RT
18:50:17 PIT >> INFO : MINION : Failed to set JaCoCo session: org.jacoco.agent.rt.RT
18:50:17 PIT >> INFO : MINION : Failed to dump JaCoCo execution data: org.jacoco.agent.rt.RT
18:50:17 PIT >> INFO : MINION : Failed to set JaCoCo session: org.jacoco.agent.rt.RT
18:50:17 PIT >> INFO : MINION : Failed to dump JaCoCo execution data: org.jacoco.agent.rt.RT
18:50:17 PIT >> INFO : MINION : Failed to set JaCoCo session: org.jacoco.agent.rt.RT
18:50:17 PIT >> INFO : MINION : Failed to dump JaCoCo execution data: org.jacoco.agent.rt.RT
18:50:17 PIT >> INFO : MINION : Failed to set JaCoCo session: org.jacoco.agent.rt.RT
18:50:17 PIT >> INFO : MINION : Failed to dump JaCoCo execution data: org.jacoco.agent.rt.RT
18:50:17 PIT >> INFO : MINION : Failed to set JaCoCo session: org.jacoco.agent.rt.RT
18:50:17 PIT >> INFO : MINION : Failed to dump JaCoCo execution data: org.jacoco.agent.rt.RT
18:50:17 PIT >> INFO : MINION : Failed to set JaCoCo session: org.jacoco.agent.rt.RT
18:50:17 PIT >> INFO : MINION : Failed to dump JaCoCo execution data: org.jacoco.agent.rt.RT
18:50:17 PIT >> INFO : MINION : Failed to set JaCoCo session: org.jacoco.agent.rt.RT
18:50:17 PIT >> INFO : MINION : Failed to dump JaCoCo execution data: org.jacoco.agent.rt.RT
18:50:17 PIT >> INFO : MINION : Failed to set JaCoCo session: org.jacoco.agent.rt.RT
18:50:17 PIT >> INFO : MINION : Failed to dump JaCoCo execution data: org.jacoco.agent.rt.RT
18:50:17 PIT >> INFO : MINION : Failed to set JaCoCo session: org.jacoco.agent.rt.RT
18:50:17 PIT >> INFO : MINION : Failed to dump JaCoCo execution data: org.jacoco.agent.rt.RT
18:50:17 PIT >> INFO : MINION : Failed to set JaCoCo session: org.jacoco.agent.rt.RT
18:50:17 PIT >> INFO : MINION : Failed to dump JaCoCo execution data: org.jacoco.agent.rt.RT
18:50:17 PIT >> INFO : MINION : Failed to set JaCoCo session: org.jacoco.agent.rt.RT
18:50:17 PIT >> INFO : MINION : Failed to dump JaCoCo execution data: org.jacoco.agent.rt.RT
18:50:17 PIT >> INFO : MINION : Failed to set JaCoCo session: org.jacoco.agent.rt.RT
18:50:17 PIT >> INFO : MINION : Failed to dump JaCoCo execution data: org.jacoco.agent.rt.RT
18:50:17 PIT >> INFO : MINION : Failed to set JaCoCo session: org.jacoco.agent.rt.RT
18:50:17 PIT >> INFO : MINION : Failed to dump JaCoCo execution data: org.jacoco.agent.rt.RT
18:50:17 PIT >> INFO : MINION : Failed to set JaCoCo session: org.jacoco.agent.rt.RT
18:50:17 PIT >> INFO : MINION : Failed to dump JaCoCo execution data: org.jacoco.agent.rt.RT
18:50:17 PIT >> INFO : MINION : Failed to set JaCoCo session: org.jacoco.agent.rt.RT
18:50:17 PIT >> INFO : MINION : Failed to dump JaCoCo execution data: org.jacoco.agent.rt.RT
18:50:17 PIT >> INFO : MINION : Failed to set JaCoCo session: org.jacoco.agent.rt.RT
18:50:17 PIT >> INFO : MINION : Failed to dump JaCoCo execution data: org.jacoco.agent.rt.RT
18:50:17 PIT >> INFO : MINION : Failed to set JaCoCo session: org.jacoco.agent.rt.RT
18:50:17 PIT >> INFO : MINION : Failed to dump JaCoCo execution data: org.jacoco.agent.rt.RT
18:50:17 PIT >> INFO : MINION : Failed to set JaCoCo session: org.jacoco.agent.rt.RT
18:50:17 PIT >> INFO : MINION : Failed to dump JaCoCo execution data: org.jacoco.agent.rt.RT
18:50:17 PIT >> INFO : MINION : Failed to set JaCoCo session: org.jacoco.agent.rt.RT
18:50:17 PIT >> INFO : MINION : Failed to dump JaCoCo execution data: org.jacoco.agent.rt.RT
18:50:17 PIT >> INFO : MINION : Failed to set JaCoCo session: org.jacoco.agent.rt.RT
18:50:17 PIT >> INFO : MINION : Failed to dump JaCoCo execution data: org.jacoco.agent.rt.RT
18:50:17 PIT >> INFO : MINION : Failed to set JaCoCo session: org.jacoco.agent.rt.RT
18:50:17 PIT >> INFO : MINION : Failed to dump JaCoCo execution data: org.jacoco.agent.rt.RT
18:50:17 PIT >> INFO : MINION : Failed to set JaCoCo session: org.jacoco.agent.rt.RT
18:50:17 PIT >> INFO : MINION : Failed to dump JaCoCo execution data: org.jacoco.agent.rt.RT
18:50:17 PIT >> INFO : MINION : Failed to set JaCoCo session: org.jacoco.agent.rt.RT
18:50:17 PIT >> INFO : MINION : Failed to dump JaCoCo execution data: org.jacoco.agent.rt.RT
18:50:17 PIT >> INFO : MINION : Failed to set JaCoCo session: org.jacoco.agent.rt.RT
18:50:17 PIT >> INFO : MINION : Failed to dump JaCoCo execution data: org.jacoco.agent.rt.RT
18:50:17 PIT >> INFO : MINION : Failed to set JaCoCo session: org.jacoco.agent.rt.RT
18:50:17 PIT >> INFO : MINION : Failed to dump JaCoCo execution data: org.jacoco.agent.rt.RT
18:50:17 PIT >> INFO : MINION : Failed to set JaCoCo session: org.jacoco.agent.rt.RT
18:50:17 PIT >> INFO : MINION : Failed to dump JaCoCo execution data: org.jacoco.agent.rt.RT
18:50:17 PIT >> INFO : MINION : Failed to set JaCoCo session: org.jacoco.agent.rt.RT
18:50:17 PIT >> INFO : MINION : Failed to dump JaCoCo execution data: org.jacoco.agent.rt.RT
18:50:17 PIT >> INFO : MINION : Failed to set JaCoCo session: org.jacoco.agent.rt.RT
18:50:17 PIT >> INFO : MINION : Failed to dump JaCoCo execution data: org.jacoco.agent.rt.RT
18:50:17 PIT >> INFO : MINION : Failed to set JaCoCo session: org.jacoco.agent.rt.RT
18:50:17 PIT >> INFO : MINION : Failed to dump JaCoCo execution data: org.jacoco.agent.rt.RT
18:50:17 PIT >> INFO : MINION : Failed to set JaCoCo session: org.jacoco.agent.rt.RT
18:50:17 PIT >> INFO : MINION : Failed to dump JaCoCo execution data: org.jacoco.agent.rt.RT
18:50:17 PIT >> INFO : MINION : Failed to set JaCoCo session: org.jacoco.agent.rt.RT
18:50:17 PIT >> INFO : MINION : Failed to dump JaCoCo execution data: org.jacoco.agent.rt.RT
18:50:17 PIT >> INFO : MINION : Failed to set JaCoCo session: org.jacoco.agent.rt.RT
18:50:17 PIT >> INFO : MINION : Failed to dump JaCoCo execution data: org.jacoco.agent.rt.RT
18:50:17 PIT >> INFO : MINION : Failed to set JaCoCo session: org.jacoco.agent.rt.RT
18:50:17 PIT >> INFO : MINION : Failed to dump JaCoCo execution data: org.jacoco.agent.rt.RT
18:50:17 PIT >> INFO : MINION : Failed to set JaCoCo session: org.jacoco.agent.rt.RT
18:50:17 PIT >> INFO : MINION : Failed to dump JaCoCo execution data: org.jacoco.agent.rt.RT
18:50:17 PIT >> INFO : MINION : Failed to set JaCoCo session: org.jacoco.agent.rt.RT
18:50:17 PIT >> INFO : MINION : Failed to dump JaCoCo execution data: org.jacoco.agent.rt.RT
18:50:17 PIT >> INFO : MINION : Failed to set JaCoCo session: org.jacoco.agent.rt.RT
18:50:17 PIT >> INFO : MINION : Failed to dump JaCoCo execution data: org.jacoco.agent.rt.RT
18:50:17 PIT >> INFO : MINION : Failed to set JaCoCo session: org.jacoco.agent.rt.RT
18:50:17 PIT >> INFO : MINION : Failed to dump JaCoCo execution data: org.jacoco.agent.rt.RT
18:50:17 PIT >> INFO : MINION : Failed to set JaCoCo session: org.jacoco.agent.rt.RT
18:50:17 PIT >> INFO : MINION : Failed to dump JaCoCo execution data: org.jacoco.agent.rt.RT
18:50:17 PIT >> INFO : MINION : Failed to set JaCoCo session: org.jacoco.agent.rt.RT
18:50:17 PIT >> INFO : MINION : Failed to dump JaCoCo execution data: org.jacoco.agent.rt.RT
18:50:17 PIT >> INFO : MINION : Failed to set JaCoCo session: org.jacoco.agent.rt.RT
18:50:17 PIT >> INFO : MINION : Failed to dump JaCoCo execution data: org.jacoco.agent.rt.RT
18:50:17 PIT >> INFO : MINION : Failed to set JaCoCo session: org.jacoco.agent.rt.RT
18:50:17 PIT >> INFO : MINION : Failed to dump JaCoCo execution data: org.jacoco.agent.rt.RT
18:50:17 PIT >> INFO : MINION : Failed to set JaCoCo session: org.jacoco.agent.rt.RT
18:50:17 PIT >> INFO : MINION : Failed to dump JaCoCo execution data: org.jacoco.agent.rt.RT
18:50:17 PIT >> INFO : MINION : Failed to set JaCoCo session: org.jacoco.agent.rt.RT
18:50:17 PIT >> INFO : MINION : Failed to dump JaCoCo execution data: org.jacoco.agent.rt.RT
18:50:17 PIT >> INFO : MINION : Failed to set JaCoCo session: org.jacoco.agent.rt.RT
18:50:17 PIT >> INFO : MINION : Failed to dump JaCoCo execution data: org.jacoco.agent.rt.RT
18:50:17 PIT >> INFO : MINION : Failed to set JaCoCo session: org.jacoco.agent.rt.RT
18:50:17 PIT >> INFO : MINION : Failed to dump JaCoCo execution data: org.jacoco.agent.rt.RT
18:50:17 PIT >> INFO : MINION : Failed to set JaCoCo session: org.jacoco.agent.rt.RT
18:50:17 PIT >> INFO : MINION : Failed to dump JaCoCo execution data: org.jacoco.agent.rt.RT
18:50:17 PIT >> INFO : MINION : Failed to set JaCoCo session: org.jacoco.agent.rt.RT
18:50:17 PIT >> INFO : MINION : Failed to dump JaCoCo execution data: org.jacoco.agent.rt.RT
18:50:17 PIT >> INFO : MINION : Failed to set JaCoCo session: org.jacoco.agent.rt.RT
18:50:17 PIT >> INFO : MINION : Failed to dump JaCoCo execution data: org.jacoco.agent.rt.RT
18:50:17 PIT >> INFO : MINION : Failed to set JaCoCo session: org.jacoco.agent.rt.RT
18:50:17 PIT >> INFO : MINION : Failed to dump JaCoCo execution data: org.jacoco.agent.rt.RT
18:50:17 PIT >> INFO : MINION : Failed to set JaCoCo session: org.jacoco.agent.rt.RT
18:50:17 PIT >> INFO : MINION : Failed to dump JaCoCo execution data: org.jacoco.agent.rt.RT
18:50:17 PIT >> INFO : MINION : Failed to set JaCoCo session: org.jacoco.agent.rt.RT
18:50:17 PIT >> INFO : MINION : Failed to dump JaCoCo execution data: org.jacoco.agent.rt.RT
18:50:17 PIT >> INFO : MINION : Failed to set JaCoCo session: org.jacoco.agent.rt.RT
18:50:17 PIT >> INFO : MINION : Failed to dump JaCoCo execution data: org.jacoco.agent.rt.RT
18:50:17 PIT >> INFO : MINION : Failed to set JaCoCo session: org.jacoco.agent.rt.RT
18:50:17 PIT >> INFO : MINION : Failed to dump JaCoCo execution data: org.jacoco.agent.rt.RT
18:50:17 PIT >> INFO : MINION : Failed to set JaCoCo session: org.jacoco.agent.rt.RT
18:50:17 PIT >> INFO : MINION : Failed to dump JaCoCo execution data: org.jacoco.agent.rt.RT
18:50:17 PIT >> INFO : MINION : Failed to set JaCoCo session: org.jacoco.agent.rt.RT
18:50:17 PIT >> INFO : MINION : Failed to dump JaCoCo execution data: org.jacoco.agent.rt.RT
18:50:17 PIT >> INFO : MINION : Failed to set JaCoCo session: org.jacoco.agent.rt.RT
18:50:17 PIT >> INFO : MINION : Failed to dump JaCoCo execution data: org.jacoco.agent.rt.RT
18:50:17 PIT >> INFO : MINION : Failed to set JaCoCo session: org.jacoco.agent.rt.RT
18:50:17 PIT >> INFO : MINION : Failed to dump JaCoCo execution data: org.jacoco.agent.rt.RT
18:50:17 PIT >> INFO : MINION : Failed to set JaCoCo session: org.jacoco.agent.rt.RT
18:50:17 PIT >> INFO : MINION : Failed to dump JaCoCo execution data: org.jacoco.agent.rt.RT
18:50:17 PIT >> INFO : MINION : Failed to set JaCoCo session: org.jacoco.agent.rt.RT
18:50:17 PIT >> INFO : MINION : Failed to dump JaCoCo execution data: org.jacoco.agent.rt.RT
18:50:17 PIT >> INFO : MINION : Failed to set JaCoCo session: org.jacoco.agent.rt.RT
18:50:17 PIT >> INFO : MINION : Failed to dump JaCoCo execution data: org.jacoco.agent.rt.RT
18:50:17 PIT >> INFO : MINION : Failed to set JaCoCo session: org.jacoco.agent.rt.RT
18:50:17 PIT >> INFO : MINION : Failed to dump JaCoCo execution data: org.jacoco.agent.rt.RT
18:50:17 PIT >> INFO : MINION : Failed to set JaCoCo session: org.jacoco.agent.rt.RT
18:50:17 PIT >> INFO : MINION : Failed to dump JaCoCo execution data: org.jacoco.agent.rt.RT
18:50:17 PIT >> INFO : MINION : Failed to set JaCoCo session: org.jacoco.agent.rt.RT
18:50:17 PIT >> INFO : MINION : Failed to dump JaCoCo execution data: org.jacoco.agent.rt.RT
18:50:17 PIT >> INFO : MINION : Failed to set JaCoCo session: org.jacoco.agent.rt.RT
18:50:17 PIT >> INFO : MINION : Failed to dump JaCoCo execution data: org.jacoco.agent.rt.RT
18:50:17 PIT >> INFO : MINION : Failed to set JaCoCo session: org.jacoco.agent.rt.RT
18:50:17 PIT >> INFO : MINION : Failed to dump JaCoCo execution data: org.jacoco.agent.rt.RT
18:50:17 PIT >> INFO : MINION : Failed to set JaCoCo session: org.jacoco.agent.rt.RT
18:50:17 PIT >> INFO : MINION : Failed to dump JaCoCo execution data: org.jacoco.agent.rt.RT
18:50:17 PIT >> INFO : MINION : Failed to set JaCoCo session: org.jacoco.agent.rt.RT
18:50:17 PIT >> INFO : MINION : Failed to dump JaCoCo execution data: org.jacoco.agent.rt.RT
18:50:17 PIT >> INFO : MINION : Failed to set JaCoCo session: org.jacoco.agent.rt.RT
18:50:17 PIT >> INFO : MINION : Failed to dump JaCoCo execution data: org.jacoco.agent.rt.RT
18:50:17 PIT >> INFO : MINION : Failed to set JaCoCo session: org.jacoco.agent.rt.RT
18:50:17 PIT >> INFO : MINION : Failed to dump JaCoCo execution data: org.jacoco.agent.rt.RT
18:50:17 PIT >> INFO : MINION : Failed to set JaCoCo session: org.jacoco.agent.rt.RT
18:50:17 PIT >> INFO : MINION : Failed to dump JaCoCo execution data: org.jacoco.agent.rt.RT
18:50:17 PIT >> INFO : MINION : Failed to set JaCoCo session: org.jacoco.agent.rt.RT
18:50:17 PIT >> INFO : MINION : Failed to dump JaCoCo execution data: org.jacoco.agent.rt.RT
18:50:17 PIT >> INFO : MINION : Failed to set JaCoCo session: org.jacoco.agent.rt.RT
18:50:17 PIT >> INFO : MINION : Failed to dump JaCoCo execution data: org.jacoco.agent.rt.RT
18:50:17 PIT >> INFO : MINION : Failed to set JaCoCo session: org.jacoco.agent.rt.RT
18:50:17 PIT >> INFO : MINION : Failed to dump JaCoCo execution data: org.jacoco.agent.rt.RT
18:50:17 PIT >> INFO : MINION : Failed to set JaCoCo session: org.jacoco.agent.rt.RT
18:50:17 PIT >> INFO : MINION : Failed to dump JaCoCo execution data: org.jacoco.agent.rt.RT
18:50:17 PIT >> INFO : MINION : Failed to set JaCoCo session: org.jacoco.agent.rt.RT
18:50:17 PIT >> INFO : MINION : Failed to dump JaCoCo execution data: org.jacoco.agent.rt.RT
18:50:17 PIT >> INFO : MINION : Failed to set JaCoCo session: org.jacoco.agent.rt.RT
18:50:17 PIT >> INFO : MINION : Failed to dump JaCoCo execution data: org.jacoco.agent.rt.RT
18:50:17 PIT >> INFO : MINION : Failed to set JaCoCo session: org.jacoco.agent.rt.RT
18:50:17 PIT >> INFO : MINION : Failed to dump JaCoCo execution data: org.jacoco.agent.rt.RT
18:50:17 PIT >> INFO : MINION : Failed to set JaCoCo session: org.jacoco.agent.rt.RT
18:50:17 PIT >> INFO : MINION : Failed to dump JaCoCo execution data: org.jacoco.agent.rt.RT
18:50:17 PIT >> INFO : MINION : Failed to set JaCoCo session: org.jacoco.agent.rt.RT
18:50:17 PIT >> INFO : MINION : Failed to dump JaCoCo execution data: org.jacoco.agent.rt.RT
18:50:17 PIT >> INFO : MINION : Failed to set JaCoCo session: org.jacoco.agent.rt.RT
18:50:17 PIT >> INFO : MINION : Failed to dump JaCoCo execution data: org.jacoco.agent.rt.RT
18:50:17 PIT >> INFO : MINION : Failed to set JaCoCo session: org.jacoco.agent.rt.RT
18:50:17 PIT >> INFO : MINION : Failed to dump JaCoCo execution data: org.jacoco.agent.rt.RT
18:50:17 PIT >> INFO : MINION : Failed to set JaCoCo session: org.jacoco.agent.rt.RT
18:50:17 PIT >> INFO : MINION : Failed to dump JaCoCo execution data: org.jacoco.agent.rt.RT
18:50:17 PIT >> INFO : MINION : Failed to set JaCoCo session: org.jacoco.agent.rt.RT
18:50:17 PIT >> INFO : MINION : Failed to dump JaCoCo execution data: org.jacoco.agent.rt.RT
18:50:17 PIT >> INFO : MINION : Failed to set JaCoCo session: org.jacoco.agent.rt.RT
18:50:17 PIT >> INFO : MINION : Failed to dump JaCoCo execution data: org.jacoco.agent.rt.RT
18:50:17 PIT >> INFO : MINION : Failed to set JaCoCo session: org.jacoco.agent.rt.RT
18:50:17 PIT >> INFO : MINION : Failed to dump JaCoCo execution data: org.jacoco.agent.rt.RT
18:50:17 PIT >> INFO : MINION : Failed to set JaCoCo session: org.jacoco.agent.rt.RT
18:50:17 PIT >> INFO : MINION : Failed to dump JaCoCo execution data: org.jacoco.agent.rt.RT
18:50:17 PIT >> INFO : MINION : Failed to set JaCoCo session: org.jacoco.agent.rt.RT
18:50:17 PIT >> INFO : MINION : Failed to dump JaCoCo execution data: org.jacoco.agent.rt.RT
18:50:17 PIT >> INFO : MINION : Failed to set JaCoCo session: org.jacoco.agent.rt.RT
18:50:17 PIT >> INFO : MINION : Failed to dump JaCoCo execution data: org.jacoco.agent.rt.RT
18:50:17 PIT >> INFO : MINION : Failed to set JaCoCo session: org.jacoco.agent.rt.RT
18:50:17 PIT >> INFO : MINION : Failed to dump JaCoCo execution data: org.jacoco.agent.rt.RT
18:50:17 PIT >> INFO : MINION : Failed to set JaCoCo session: org.jacoco.agent.rt.RT
18:50:17 PIT >> INFO : MINION : Failed to dump JaCoCo execution data: org.jacoco.agent.rt.RT
18:50:17 PIT >> INFO : MINION : Failed to set JaCoCo session: org.jacoco.agent.rt.RT
18:50:17 PIT >> INFO : MINION : Failed to dump JaCoCo execution data: org.jacoco.agent.rt.RT
18:50:17 PIT >> INFO : MINION : Failed to set JaCoCo session: org.jacoco.agent.rt.RT
18:50:17 PIT >> INFO : MINION : Failed to dump JaCoCo execution data: org.jacoco.agent.rt.RT
18:50:17 PIT >> INFO : MINION : Failed to set JaCoCo session: org.jacoco.agent.rt.RT
18:50:17 PIT >> INFO : MINION : Failed to dump JaCoCo execution data: org.jacoco.agent.rt.RT
18:50:17 PIT >> INFO : MINION : Failed to set JaCoCo session: org.jacoco.agent.rt.RT
18:50:17 PIT >> INFO : MINION : Failed to dump JaCoCo execution data: org.jacoco.agent.rt.RT
18:50:17 PIT >> INFO : MINION : Failed to set JaCoCo session: org.jacoco.agent.rt.RT
18:50:17 PIT >> INFO : MINION : Failed to dump JaCoCo execution data: org.jacoco.agent.rt.RT
18:50:17 PIT >> INFO : MINION : Failed to set JaCoCo session: org.jacoco.agent.rt.RT
18:50:17 PIT >> INFO : MINION : Failed to dump JaCoCo execution data: org.jacoco.agent.rt.RT
18:50:17 PIT >> INFO : MINION : Failed to set JaCoCo session: org.jacoco.agent.rt.RT
18:50:17 PIT >> INFO : MINION : Failed to dump JaCoCo execution data: org.jacoco.agent.rt.RT
18:50:17 PIT >> INFO : MINION : Failed to set JaCoCo session: org.jacoco.agent.rt.RT
18:50:17 PIT >> INFO : MINION : Failed to dump JaCoCo execution data: org.jacoco.agent.rt.RT
18:50:17 PIT >> INFO : MINION : Failed to set JaCoCo session: org.jacoco.agent.rt.RT
18:50:17 PIT >> INFO : MINION : Failed to dump JaCoCo execution data: org.jacoco.agent.rt.RT
18:50:17 PIT >> INFO : MINION : Failed to set JaCoCo session: org.jacoco.agent.rt.RT
18:50:17 PIT >> INFO : MINION : Failed to dump JaCoCo execution data: org.jacoco.agent.rt.RT
18:50:17 PIT >> INFO : MINION : Failed to set JaCoCo session: org.jacoco.agent.rt.RT
18:50:17 PIT >> INFO : MINION : Failed to dump JaCoCo execution data: org.jacoco.agent.rt.RT
18:50:17 PIT >> INFO : MINION : Failed to set JaCoCo session: org.jacoco.agent.rt.RT
18:50:17 PIT >> INFO : MINION : Failed to dump JaCoCo execution data: org.jacoco.agent.rt.RT
18:50:17 PIT >> INFO : MINION : Failed to set JaCoCo session: org.jacoco.agent.rt.RT
18:50:17 PIT >> INFO : MINION : Failed to dump JaCoCo execution data: org.jacoco.agent.rt.RT
18:50:17 PIT >> INFO : MINION : Failed to set JaCoCo session: org.jacoco.agent.rt.RT
18:50:17 PIT >> INFO : MINION : Failed to dump JaCoCo execution data: org.jacoco.agent.rt.RT
18:50:17 PIT >> INFO : MINION : Failed to set JaCoCo session: org.jacoco.agent.rt.RT
18:50:17 PIT >> INFO : MINION : Failed to dump JaCoCo execution data: org.jacoco.agent.rt.RT
18:50:17 PIT >> INFO : MINION : Failed to set JaCoCo session: org.jacoco.agent.rt.RT
18:50:17 PIT >> INFO : MINION : Failed to dump JaCoCo execution data: org.jacoco.agent.rt.RT
18:50:17 PIT >> INFO : MINION : Failed to set JaCoCo session: org.jacoco.agent.rt.RT
18:50:17 PIT >> INFO : MINION : Failed to dump JaCoCo execution data: org.jacoco.agent.rt.RT
18:50:17 PIT >> INFO : MINION : Failed to set JaCoCo session: org.jacoco.agent.rt.RT
18:50:17 PIT >> INFO : MINION : Failed to dump JaCoCo execution data: org.jacoco.agent.rt.RT
18:50:17 PIT >> INFO : MINION : Failed to set JaCoCo session: org.jacoco.agent.rt.RT
18:50:17 PIT >> INFO : MINION : Failed to dump JaCoCo execution data: org.jacoco.agent.rt.RT
18:50:17 PIT >> INFO : MINION : Failed to set JaCoCo session: org.jacoco.agent.rt.RT
18:50:17 PIT >> INFO : MINION : Failed to dump JaCoCo execution data: org.jacoco.agent.rt.RT
18:50:17 PIT >> INFO : MINION : Failed to set JaCoCo session: org.jacoco.agent.rt.RT
18:50:17 PIT >> INFO : MINION : Failed to dump JaCoCo execution data: org.jacoco.agent.rt.RT
18:50:17 PIT >> INFO : MINION : Failed to set JaCoCo session: org.jacoco.agent.rt.RT
18:50:17 PIT >> INFO : MINION : Failed to dump JaCoCo execution data: org.jacoco.agent.rt.RT
18:50:17 PIT >> INFO : MINION : Failed to set JaCoCo session: org.jacoco.agent.rt.RT
18:50:17 PIT >> INFO : MINION : Failed to dump JaCoCo execution data: org.jacoco.agent.rt.RT
18:50:17 PIT >> INFO : MINION : Failed to set JaCoCo session: org.jacoco.agent.rt.RT
18:50:17 PIT >> INFO : MINION : Failed to dump JaCoCo execution data: org.jacoco.agent.rt.RT
18:50:17 PIT >> INFO : MINION : Failed to set JaCoCo session: org.jacoco.agent.rt.RT
18:50:17 PIT >> INFO : MINION : Failed to dump JaCoCo execution data: org.jacoco.agent.rt.RT
18:50:17 PIT >> INFO : MINION : Failed to set JaCoCo session: org.jacoco.agent.rt.RT
18:50:17 PIT >> INFO : MINION : Failed to dump JaCoCo execution data: org.jacoco.agent.rt.RT
18:50:17 PIT >> INFO : MINION : Failed to set JaCoCo session: org.jacoco.agent.rt.RT
18:50:17 PIT >> INFO : MINION : Failed to dump JaCoCo execution data: org.jacoco.agent.rt.RT
18:50:17 PIT >> INFO : MINION : Failed to set JaCoCo session: org.jacoco.agent.rt.RT
18:50:17 PIT >> INFO : MINION : Failed to dump JaCoCo execution data: org.jacoco.agent.rt.RT
18:50:17 PIT >> INFO : MINION : Failed to set JaCoCo session: org.jacoco.agent.rt.RT
18:50:17 PIT >> INFO : MINION : Failed to dump JaCoCo execution data: org.jacoco.agent.rt.RT
18:50:17 PIT >> INFO : MINION : Failed to set JaCoCo session: org.jacoco.agent.rt.RT
18:50:17 PIT >> INFO : MINION : Failed to dump JaCoCo execution data: org.jacoco.agent.rt.RT
18:50:17 PIT >> INFO : MINION : Failed to set JaCoCo session: org.jacoco.agent.rt.RT
18:50:17 PIT >> INFO : MINION : Failed to dump JaCoCo execution data: org.jacoco.agent.rt.RT
18:50:17 PIT >> INFO : MINION : Failed to set JaCoCo session: org.jacoco.agent.rt.RT
18:50:17 PIT >> INFO : MINION : Failed to dump JaCoCo execution data: org.jacoco.agent.rt.RT
18:50:17 PIT >> INFO : MINION : Failed to set JaCoCo session: org.jacoco.agent.rt.RT
18:50:17 PIT >> INFO : MINION : Failed to dump JaCoCo execution data: org.jacoco.agent.rt.RT
18:50:17 PIT >> INFO : MINION : Failed to set JaCoCo session: org.jacoco.agent.rt.RT
18:50:17 PIT >> INFO : MINION : Failed to dump JaCoCo execution data: org.jacoco.agent.rt.RT
18:50:17 PIT >> INFO : MINION : Failed to set JaCoCo session: org.jacoco.agent.rt.RT
18:50:17 PIT >> INFO : MINION : Failed to dump JaCoCo execution data: org.jacoco.agent.rt.RT
18:50:17 PIT >> INFO : MINION : Failed to set JaCoCo session: org.jacoco.agent.rt.RT
18:50:17 PIT >> INFO : MINION : Failed to dump JaCoCo execution data: org.jacoco.agent.rt.RT
18:50:17 PIT >> INFO : MINION : Failed to set JaCoCo session: org.jacoco.agent.rt.RT
18:50:17 PIT >> INFO : MINION : Failed to dump JaCoCo execution data: org.jacoco.agent.rt.RT
18:50:17 PIT >> INFO : MINION : Failed to set JaCoCo session: org.jacoco.agent.rt.RT
18:50:17 PIT >> INFO : MINION : Failed to dump JaCoCo execution data: org.jacoco.agent.rt.RT
18:50:17 PIT >> INFO : MINION : Failed to set JaCoCo session: org.jacoco.agent.rt.RT
18:50:17 PIT >> INFO : MINION : Failed to dump JaCoCo execution data: org.jacoco.agent.rt.RT
18:50:17 PIT >> INFO : MINION : Failed to set JaCoCo session: org.jacoco.agent.rt.RT
18:50:17 PIT >> INFO : MINION : Failed to dump JaCoCo execution data: org.jacoco.agent.rt.RT
18:50:17 PIT >> INFO : MINION : Failed to set JaCoCo session: org.jacoco.agent.rt.RT
18:50:17 PIT >> INFO : MINION : Failed to dump JaCoCo execution data: org.jacoco.agent.rt.RT
18:50:17 PIT >> INFO : MINION : Failed to set JaCoCo session: org.jacoco.agent.rt.RT
18:50:17 PIT >> INFO : MINION : Failed to dump JaCoCo execution data: org.jacoco.agent.rt.RT
18:50:17 PIT >> INFO : MINION : Failed to set JaCoCo session: org.jacoco.agent.rt.RT
18:50:17 PIT >> INFO : MINION : Failed to dump JaCoCo execution data: org.jacoco.agent.rt.RT
18:50:17 PIT >> INFO : MINION : Failed to set JaCoCo session: org.jacoco.agent.rt.RT
18:50:17 PIT >> INFO : MINION : Failed to dump JaCoCo execution data: org.jacoco.agent.rt.RT
18:50:17 PIT >> INFO : MINION : Failed to set JaCoCo session: org.jacoco.agent.rt.RT
18:50:17 PIT >> INFO : MINION : Failed to dump JaCoCo execution data: org.jacoco.agent.rt.RT
18:50:17 PIT >> INFO : MINION : Failed to set JaCoCo session: org.jacoco.agent.rt.RT
18:50:17 PIT >> INFO : MINION : Failed to dump JaCoCo execution data: org.jacoco.agent.rt.RT
18:50:17 PIT >> INFO : MINION : Failed to set JaCoCo session: org.jacoco.agent.rt.RT
18:50:17 PIT >> INFO : MINION : Failed to dump JaCoCo execution data: org.jacoco.agent.rt.RT
18:50:17 PIT >> INFO : MINION : Failed to set JaCoCo session: org.jacoco.agent.rt.RT
18:50:17 PIT >> INFO : MINION : Failed to dump JaCoCo execution data: org.jacoco.agent.rt.RT
18:50:17 PIT >> INFO : MINION : Failed to set JaCoCo session: org.jacoco.agent.rt.RT
18:50:17 PIT >> INFO : MINION : Failed to dump JaCoCo execution data: org.jacoco.agent.rt.RT
18:50:17 PIT >> INFO : MINION : Failed to set JaCoCo session: org.jacoco.agent.rt.RT
18:50:17 PIT >> INFO : MINION : Failed to dump JaCoCo execution data: org.jacoco.agent.rt.RT
18:50:17 PIT >> INFO : MINION : Failed to set JaCoCo session: org.jacoco.agent.rt.RT
18:50:17 PIT >> INFO : MINION : Failed to dump JaCoCo execution data: org.jacoco.agent.rt.RT
18:50:17 PIT >> INFO : MINION : Failed to set JaCoCo session: org.jacoco.agent.rt.RT
18:50:17 PIT >> INFO : MINION : Failed to dump JaCoCo execution data: org.jacoco.agent.rt.RT
18:50:17 PIT >> INFO : MINION : Failed to set JaCoCo session: org.jacoco.agent.rt.RT
18:50:17 PIT >> INFO : MINION : Failed to dump JaCoCo execution data: org.jacoco.agent.rt.RT
18:50:17 PIT >> INFO : MINION : Failed to set JaCoCo session: org.jacoco.agent.rt.RT
18:50:17 PIT >> INFO : MINION : Failed to dump JaCoCo execution data: org.jacoco.agent.rt.RT
18:50:17 PIT >> INFO : MINION : Failed to set JaCoCo session: org.jacoco.agent.rt.RT
18:50:17 PIT >> INFO : MINION : Failed to dump JaCoCo execution data: org.jacoco.agent.rt.RT
18:50:17 PIT >> INFO : MINION : Failed to set JaCoCo session: org.jacoco.agent.rt.RT
18:50:17 PIT >> INFO : MINION : Failed to dump JaCoCo execution data: org.jacoco.agent.rt.RT
18:50:17 PIT >> INFO : MINION : Failed to set JaCoCo session: org.jacoco.agent.rt.RT
18:50:17 PIT >> INFO : MINION : Failed to dump JaCoCo execution data: org.jacoco.agent.rt.RT
18:50:17 PIT >> INFO : MINION : Failed to set JaCoCo session: org.jacoco.agent.rt.RT
18:50:17 PIT >> INFO : MINION : Failed to dump JaCoCo execution data: org.jacoco.agent.rt.RT
18:50:17 PIT >> INFO : MINION : Failed to set JaCoCo session: org.jacoco.agent.rt.RT
18:50:17 PIT >> INFO : MINION : Failed to dump JaCoCo execution data: org.jacoco.agent.rt.RT
18:50:17 PIT >> INFO : MINION : Failed to set JaCoCo session: org.jacoco.agent.rt.RT
18:50:17 PIT >> INFO : MINION : Failed to dump JaCoCo execution data: org.jacoco.agent.rt.RT
18:50:17 PIT >> INFO : MINION : Failed to set JaCoCo session: org.jacoco.agent.rt.RT
18:50:17 PIT >> INFO : MINION : Failed to dump JaCoCo execution data: org.jacoco.agent.rt.RT
18:50:17 PIT >> INFO : MINION : Failed to set JaCoCo session: org.jacoco.agent.rt.RT
18:50:17 PIT >> INFO : MINION : Failed to dump JaCoCo execution data: org.jacoco.agent.rt.RT
18:50:17 PIT >> INFO : MINION : Failed to set JaCoCo session: org.jacoco.agent.rt.RT
18:50:17 PIT >> INFO : MINION : Failed to dump JaCoCo execution data: org.jacoco.agent.rt.RT
18:50:17 PIT >> INFO : MINION : Failed to set JaCoCo session: org.jacoco.agent.rt.RT
18:50:17 PIT >> INFO : MINION : Failed to dump JaCoCo execution data: org.jacoco.agent.rt.RT
18:50:17 PIT >> INFO : MINION : Failed to set JaCoCo session: org.jacoco.agent.rt.RT
18:50:17 PIT >> INFO : MINION : Failed to dump JaCoCo execution data: org.jacoco.agent.rt.RT
18:50:17 PIT >> INFO : MINION : Failed to set JaCoCo session: org.jacoco.agent.rt.RT
18:50:17 PIT >> INFO : MINION : Failed to dump JaCoCo execution data: org.jacoco.agent.rt.RT
18:50:17 PIT >> INFO : MINION : Failed to set JaCoCo session: org.jacoco.agent.rt.RT
18:50:17 PIT >> INFO : MINION : Failed to dump JaCoCo execution data: org.jacoco.agent.rt.RT
18:50:17 PIT >> INFO : MINION : Failed to set JaCoCo session: org.jacoco.agent.rt.RT
18:50:17 PIT >> INFO : MINION : Failed to dump JaCoCo execution data: org.jacoco.agent.rt.RT
18:50:17 PIT >> INFO : MINION : Failed to set JaCoCo session: org.jacoco.agent.rt.RT
18:50:17 PIT >> INFO : MINION : Failed to dump JaCoCo execution data: org.jacoco.agent.rt.RT
18:50:17 PIT >> INFO : MINION : Failed to set JaCoCo session: org.jacoco.agent.rt.RT
18:50:17 PIT >> INFO : MINION : Failed to dump JaCoCo execution data: org.jacoco.agent.rt.RT
18:50:17 PIT >> INFO : MINION : Failed to set JaCoCo session: org.jacoco.agent.rt.RT
18:50:17 PIT >> INFO : MINION : Failed to dump JaCoCo execution data: org.jacoco.agent.rt.RT
18:50:17 PIT >> INFO : MINION : Failed to set JaCoCo session: org.jacoco.agent.rt.RT
18:50:17 PIT >> INFO : MINION : Failed to dump JaCoCo execution data: org.jacoco.agent.rt.RT
18:50:17 PIT >> INFO : MINION : Failed to set JaCoCo session: org.jacoco.agent.rt.RT
18:50:17 PIT >> INFO : MINION : Failed to dump JaCoCo execution data: org.jacoco.agent.rt.RT
18:50:17 PIT >> INFO : MINION : Failed to set JaCoCo session: org.jacoco.agent.rt.RT
18:50:17 PIT >> INFO : MINION : Failed to dump JaCoCo execution data: org.jacoco.agent.rt.RT
18:50:17 PIT >> INFO : MINION : Failed to set JaCoCo session: org.jacoco.agent.rt.RT
18:50:17 PIT >> INFO : MINION : Failed to dump JaCoCo execution data: org.jacoco.agent.rt.RT
18:50:17 PIT >> INFO : MINION : Failed to set JaCoCo session: org.jacoco.agent.rt.RT
18:50:17 PIT >> INFO : MINION : Failed to dump JaCoCo execution data: org.jacoco.agent.rt.RT
18:50:17 PIT >> INFO : MINION : Failed to set JaCoCo session: org.jacoco.agent.rt.RT
18:50:17 PIT >> INFO : MINION : Failed to dump JaCoCo execution data: org.jacoco.agent.rt.RT
18:50:17 PIT >> INFO : MINION : Failed to set JaCoCo session: org.jacoco.agent.rt.RT
18:50:17 PIT >> INFO : MINION : Failed to dump JaCoCo execution data: org.jacoco.agent.rt.RT
18:50:17 PIT >> INFO : MINION : Failed to set JaCoCo session: org.jacoco.agent.rt.RT
18:50:17 PIT >> INFO : MINION : Failed to dump JaCoCo execution data: org.jacoco.agent.rt.RT
18:50:17 PIT >> INFO : MINION : Failed to set JaCoCo session: org.jacoco.agent.rt.RT
18:50:17 PIT >> INFO : MINION : Failed to dump JaCoCo execution data: org.jacoco.agent.rt.RT
18:50:17 PIT >> INFO : MINION : Failed to set JaCoCo session: org.jacoco.agent.rt.RT
18:50:17 PIT >> INFO : MINION : Failed to dump JaCoCo execution data: org.jacoco.agent.rt.RT
18:50:17 PIT >> INFO : MINION : Failed to set JaCoCo session: org.jacoco.agent.rt.RT
18:50:17 PIT >> INFO : MINION : Failed to dump JaCoCo execution data: org.jacoco.agent.rt.RT
18:50:17 PIT >> INFO : MINION : Failed to set JaCoCo session: org.jacoco.agent.rt.RT
18:50:17 PIT >> INFO : MINION : Failed to dump JaCoCo execution data: org.jacoco.agent.rt.RT
18:50:17 PIT >> INFO : MINION : Failed to set JaCoCo session: org.jacoco.agent.rt.RT
18:50:17 PIT >> INFO : MINION : Failed to dump JaCoCo execution data: org.jacoco.agent.rt.RT
18:50:17 PIT >> INFO : MINION : Failed to set JaCoCo session: org.jacoco.agent.rt.RT
18:50:17 PIT >> INFO : MINION : Failed to dump JaCoCo execution data: org.jacoco.agent.rt.RT
18:50:17 PIT >> INFO : MINION : Failed to set JaCoCo session: org.jacoco.agent.rt.RT
18:50:17 PIT >> INFO : MINION : Failed to dump JaCoCo execution data: org.jacoco.agent.rt.RT
18:50:17 PIT >> INFO : MINION : Failed to set JaCoCo session: org.jacoco.agent.rt.RT
18:50:17 PIT >> INFO : MINION : Failed to dump JaCoCo execution data: org.jacoco.agent.rt.RT
18:50:17 PIT >> INFO : MINION : Failed to set JaCoCo session: org.jacoco.agent.rt.RT
18:50:17 PIT >> INFO : MINION : Failed to dump JaCoCo execution data: org.jacoco.agent.rt.RT
18:50:17 PIT >> INFO : MINION : Failed to set JaCoCo session: org.jacoco.agent.rt.RT
18:50:17 PIT >> INFO : MINION : Failed to dump JaCoCo execution data: org.jacoco.agent.rt.RT
18:50:17 PIT >> INFO : MINION : Failed to set JaCoCo session: org.jacoco.agent.rt.RT
18:50:17 PIT >> INFO : MINION : Failed to dump JaCoCo execution data: org.jacoco.agent.rt.RT
18:50:17 PIT >> INFO : MINION : Failed to set JaCoCo session: org.jacoco.agent.rt.RT
18:50:17 PIT >> INFO : MINION : Failed to dump JaCoCo execution data: org.jacoco.agent.rt.RT
18:50:17 PIT >> INFO : MINION : Failed to set JaCoCo session: org.jacoco.agent.rt.RT
18:50:17 PIT >> INFO : MINION : Failed to dump JaCoCo execution data: org.jacoco.agent.rt.RT
18:50:17 PIT >> INFO : MINION : Failed to set JaCoCo session: org.jacoco.agent.rt.RT
18:50:17 PIT >> INFO : MINION : Failed to dump JaCoCo execution data: org.jacoco.agent.rt.RT
18:50:17 PIT >> INFO : MINION : Failed to set JaCoCo session: org.jacoco.agent.rt.RT
18:50:17 PIT >> INFO : MINION : Failed to dump JaCoCo execution data: org.jacoco.agent.rt.RT
18:50:17 PIT >> INFO : MINION : Failed to set JaCoCo session: org.jacoco.agent.rt.RT
18:50:17 PIT >> INFO : MINION : Failed to dump JaCoCo execution data: org.jacoco.agent.rt.RT
18:50:17 PIT >> INFO : MINION : Failed to set JaCoCo session: org.jacoco.agent.rt.RT
18:50:17 PIT >> INFO : MINION : Failed to dump JaCoCo execution data: org.jacoco.agent.rt.RT
18:50:17 PIT >> INFO : MINION : Failed to set JaCoCo session: org.jacoco.agent.rt.RT
18:50:17 PIT >> INFO : MINION : Failed to dump JaCoCo execution data: org.jacoco.agent.rt.RT
18:50:17 PIT >> INFO : MINION : Failed to set JaCoCo session: org.jacoco.agent.rt.RT
18:50:17 PIT >> INFO : MINION : Failed to dump JaCoCo execution data: org.jacoco.agent.rt.RT
18:50:17 PIT >> INFO : MINION : Failed to set JaCoCo session: org.jacoco.agent.rt.RT
18:50:17 PIT >> INFO : MINION : Failed to dump JaCoCo execution data: org.jacoco.agent.rt.RT
18:50:17 PIT >> INFO : MINION : Failed to set JaCoCo session: org.jacoco.agent.rt.RT
18:50:17 PIT >> INFO : MINION : Failed to dump JaCoCo execution data: org.jacoco.agent.rt.RT
18:50:17 PIT >> INFO : MINION : Failed to set JaCoCo session: org.jacoco.agent.rt.RT
18:50:17 PIT >> INFO : MINION : Failed to dump JaCoCo execution data: org.jacoco.agent.rt.RT
18:50:17 PIT >> INFO : MINION : Failed to set JaCoCo session: org.jacoco.agent.rt.RT
18:50:17 PIT >> INFO : MINION : Failed to dump JaCoCo execution data: org.jacoco.agent.rt.RT
18:50:17 PIT >> INFO : MINION : Failed to set JaCoCo session: org.jacoco.agent.rt.RT
18:50:17 PIT >> INFO : MINION : Failed to dump JaCoCo execution data: org.jacoco.agent.rt.RT
18:50:17 PIT >> INFO : MINION : Failed to set JaCoCo session: org.jacoco.agent.rt.RT
18:50:17 PIT >> INFO : MINION : Failed to dump JaCoCo execution data: org.jacoco.agent.rt.RT
18:50:17 PIT >> INFO : MINION : Failed to set JaCoCo session: org.jacoco.agent.rt.RT
18:50:17 PIT >> INFO : MINION : Failed to dump JaCoCo execution data: org.jacoco.agent.rt.RT
18:50:17 PIT >> INFO : MINION : Failed to set JaCoCo session: org.jacoco.agent.rt.RT
18:50:17 PIT >> INFO : MINION : Failed to dump JaCoCo execution data: org.jacoco.agent.rt.RT
18:50:17 PIT >> INFO : MINION : Failed to set JaCoCo session: org.jacoco.agent.rt.RT
18:50:17 PIT >> INFO : MINION : Failed to dump JaCoCo execution data: org.jacoco.agent.rt.RT
18:50:17 PIT >> INFO : MINION : Failed to set JaCoCo session: org.jacoco.agent.rt.RT
18:50:17 PIT >> INFO : MINION : Failed to dump JaCoCo execution data: org.jacoco.agent.rt.RT
18:50:17 PIT >> INFO : MINION : Failed to set JaCoCo session: org.jacoco.agent.rt.RT
18:50:17 PIT >> INFO : MINION : Failed to dump JaCoCo execution data: org.jacoco.agent.rt.RT
18:50:17 PIT >> INFO : MINION : Failed to set JaCoCo session: org.jacoco.agent.rt.RT
18:50:17 PIT >> INFO : MINION : Failed to dump JaCoCo execution data: org.jacoco.agent.rt.RT
18:50:17 PIT >> INFO : MINION : Failed to set JaCoCo session: org.jacoco.agent.rt.RT
18:50:17 PIT >> INFO : MINION : Failed to dump JaCoCo execution data: org.jacoco.agent.rt.RT
18:50:17 PIT >> INFO : MINION : Failed to set JaCoCo session: org.jacoco.agent.rt.RT
18:50:17 PIT >> INFO : MINION : Failed to dump JaCoCo execution data: org.jacoco.agent.rt.RT
18:50:17 PIT >> INFO : MINION : Failed to set JaCoCo session: org.jacoco.agent.rt.RT
18:50:17 PIT >> INFO : MINION : Failed to dump JaCoCo execution data: org.jacoco.agent.rt.RT
18:50:17 PIT >> INFO : MINION : Failed to set JaCoCo session: org.jacoco.agent.rt.RT
18:50:17 PIT >> INFO : MINION : Failed to dump JaCoCo execution data: org.jacoco.agent.rt.RT
18:50:17 PIT >> INFO : MINION : Failed to set JaCoCo session: org.jacoco.agent.rt.RT
18:50:17 PIT >> INFO : MINION : Failed to dump JaCoCo execution data: org.jacoco.agent.rt.RT
18:50:17 PIT >> INFO : MINION : Failed to set JaCoCo session: org.jacoco.agent.rt.RT
18:50:17 PIT >> INFO : MINION : Failed to dump JaCoCo execution data: org.jacoco.agent.rt.RT
18:50:17 PIT >> INFO : MINION : Failed to set JaCoCo session: org.jacoco.agent.rt.RT
18:50:17 PIT >> INFO : MINION : Failed to dump JaCoCo execution data: org.jacoco.agent.rt.RT
18:50:17 PIT >> INFO : MINION : Failed to set JaCoCo session: org.jacoco.agent.rt.RT
18:50:17 PIT >> INFO : MINION : Failed to dump JaCoCo execution data: org.jacoco.agent.rt.RT
18:50:17 PIT >> INFO : MINION : Failed to set JaCoCo session: org.jacoco.agent.rt.RT
18:50:17 PIT >> INFO : MINION : Failed to dump JaCoCo execution data: org.jacoco.agent.rt.RT
18:50:17 PIT >> INFO : MINION : Failed to set JaCoCo session: org.jacoco.agent.rt.RT
18:50:17 PIT >> INFO : MINION : Failed to dump JaCoCo execution data: org.jacoco.agent.rt.RT
18:50:17 PIT >> INFO : MINION : Failed to set JaCoCo session: org.jacoco.agent.rt.RT
18:50:17 PIT >> INFO : MINION : Failed to dump JaCoCo execution data: org.jacoco.agent.rt.RT
18:50:17 PIT >> INFO : MINION : Failed to set JaCoCo session: org.jacoco.agent.rt.RT
18:50:17 PIT >> INFO : MINION : Failed to dump JaCoCo execution data: org.jacoco.agent.rt.RT
18:50:17 PIT >> INFO : MINION : Failed to set JaCoCo session: org.jacoco.agent.rt.RT
18:50:17 PIT >> INFO : MINION : Failed to dump JaCoCo execution data: org.jacoco.agent.rt.RT
18:50:17 PIT >> INFO : MINION : Failed to set JaCoCo session: org.jacoco.agent.rt.RT
18:50:17 PIT >> INFO : MINION : Failed to dump JaCoCo execution data: org.jacoco.agent.rt.RT
18:50:17 PIT >> INFO : MINION : Failed to set JaCoCo session: org.jacoco.agent.rt.RT
18:50:17 PIT >> INFO : MINION : Failed to dump JaCoCo execution data: org.jacoco.agent.rt.RT
18:50:17 PIT >> INFO : MINION : Failed to set JaCoCo session: org.jacoco.agent.rt.RT
18:50:17 PIT >> INFO : MINION : Failed to dump JaCoCo execution data: org.jacoco.agent.rt.RT
18:50:17 PIT >> INFO : MINION : Failed to set JaCoCo session: org.jacoco.agent.rt.RT
18:50:17 PIT >> INFO : MINION : Failed to dump JaCoCo execution data: org.jacoco.agent.rt.RT
18:50:17 PIT >> INFO : MINION : Failed to set JaCoCo session: org.jacoco.agent.rt.RT
18:50:17 PIT >> INFO : MINION : Failed to dump JaCoCo execution data: org.jacoco.agent.rt.RT
18:50:17 PIT >> INFO : MINION : Failed to set JaCoCo session: org.jacoco.agent.rt.RT
18:50:17 PIT >> INFO : MINION : Failed to dump JaCoCo execution data: org.jacoco.agent.rt.RT
18:50:17 PIT >> INFO : MINION : Failed to set JaCoCo session: org.jacoco.agent.rt.RT
18:50:17 PIT >> INFO : MINION : Failed to dump JaCoCo execution data: org.jacoco.agent.rt.RT
18:50:17 PIT >> INFO : MINION : Failed to set JaCoCo session: org.jacoco.agent.rt.RT
18:50:17 PIT >> INFO : MINION : Failed to dump JaCoCo execution data: org.jacoco.agent.rt.RT
18:50:17 PIT >> INFO : MINION : Failed to set JaCoCo session: org.jacoco.agent.rt.RT
18:50:17 PIT >> INFO : MINION : Failed to dump JaCoCo execution data: org.jacoco.agent.rt.RT
18:50:17 PIT >> INFO : MINION : Failed to set JaCoCo session: org.jacoco.agent.rt.RT
18:50:17 PIT >> INFO : MINION : Failed to dump JaCoCo execution data: org.jacoco.agent.rt.RT
18:50:17 PIT >> INFO : MINION : Failed to set JaCoCo session: org.jacoco.agent.rt.RT
18:50:17 PIT >> INFO : MINION : Failed to dump JaCoCo execution data: org.jacoco.agent.rt.RT
18:50:17 PIT >> INFO : MINION : Failed to set JaCoCo session: org.jacoco.agent.rt.RT
18:50:17 PIT >> INFO : MINION : Failed to dump JaCoCo execution data: org.jacoco.agent.rt.RT
18:50:17 PIT >> INFO : MINION : Failed to set JaCoCo session: org.jacoco.agent.rt.RT
18:50:17 PIT >> INFO : MINION : Failed to dump JaCoCo execution data: org.jacoco.agent.rt.RT
18:50:17 PIT >> INFO : MINION : Failed to set JaCoCo session: org.jacoco.agent.rt.RT
18:50:17 PIT >> INFO : MINION : Failed to dump JaCoCo execution data: org.jacoco.agent.rt.RT
18:50:17 PIT >> INFO : MINION : Failed to set JaCoCo session: org.jacoco.agent.rt.RT
18:50:17 PIT >> INFO : MINION : Failed to dump JaCoCo execution data: org.jacoco.agent.rt.RT
18:50:17 PIT >> INFO : MINION : Failed to set JaCoCo session: org.jacoco.agent.rt.RT
18:50:17 PIT >> INFO : MINION : Failed to dump JaCoCo execution data: org.jacoco.agent.rt.RT
18:50:17 PIT >> INFO : MINION : Failed to set JaCoCo session: org.jacoco.agent.rt.RT
18:50:17 PIT >> INFO : MINION : Failed to dump JaCoCo execution data: org.jacoco.agent.rt.RT
18:50:17 PIT >> INFO : MINION : Failed to set JaCoCo session: org.jacoco.agent.rt.RT
18:50:17 PIT >> INFO : MINION : Failed to dump JaCoCo execution data: org.jacoco.agent.rt.RT
18:50:17 PIT >> INFO : MINION : Failed to set JaCoCo session: org.jacoco.agent.rt.RT
18:50:17 PIT >> INFO : MINION : Failed to dump JaCoCo execution data: org.jacoco.agent.rt.RT
18:50:17 PIT >> INFO : MINION : Failed to set JaCoCo session: org.jacoco.agent.rt.RT
18:50:17 PIT >> INFO : MINION : Failed to dump JaCoCo execution data: org.jacoco.agent.rt.RT
18:50:17 PIT >> INFO : MINION : Failed to set JaCoCo session: org.jacoco.agent.rt.RT
18:50:17 PIT >> INFO : MINION : Failed to dump JaCoCo execution data: org.jacoco.agent.rt.RT
18:50:17 PIT >> INFO : MINION : Failed to set JaCoCo session: org.jacoco.agent.rt.RT
18:50:17 PIT >> INFO : MINION : Failed to dump JaCoCo execution data: org.jacoco.agent.rt.RT
18:50:17 PIT >> INFO : MINION : Failed to set JaCoCo session: org.jacoco.agent.rt.RT
18:50:17 PIT >> INFO : MINION : Failed to dump JaCoCo execution data: org.jacoco.agent.rt.RT
18:50:17 PIT >> INFO : MINION : Failed to set JaCoCo session: org.jacoco.agent.rt.RT
18:50:17 PIT >> INFO : MINION : Failed to dump JaCoCo execution data: org.jacoco.agent.rt.RT
18:50:17 PIT >> INFO : MINION : Failed to set JaCoCo session: org.jacoco.agent.rt.RT
18:50:17 PIT >> INFO : MINION : Failed to dump JaCoCo execution data: org.jacoco.agent.rt.RT
18:50:17 PIT >> INFO : MINION : Failed to set JaCoCo session: org.jacoco.agent.rt.RT
18:50:17 PIT >> INFO : MINION : Failed to dump JaCoCo execution data: org.jacoco.agent.rt.RT
18:50:17 PIT >> INFO : MINION : Failed to set JaCoCo session: org.jacoco.agent.rt.RT
18:50:17 PIT >> INFO : MINION : Failed to dump JaCoCo execution data: org.jacoco.agent.rt.RT
18:50:17 PIT >> INFO : MINION : Failed to set JaCoCo session: org.jacoco.agent.rt.RT
18:50:17 PIT >> INFO : MINION : Failed to dump JaCoCo execution data: org.jacoco.agent.rt.RT
18:50:17 PIT >> INFO : MINION : Failed to set JaCoCo session: org.jacoco.agent.rt.RT
18:50:17 PIT >> INFO : MINION : Failed to dump JaCoCo execution data: org.jacoco.agent.rt.RT
18:50:17 PIT >> INFO : MINION : Failed to set JaCoCo session: org.jacoco.agent.rt.RT
18:50:17 PIT >> INFO : MINION : Failed to dump JaCoCo execution data: org.jacoco.agent.rt.RT
18:50:17 PIT >> INFO : MINION : Failed to set JaCoCo session: org.jacoco.agent.rt.RT
18:50:17 PIT >> INFO : MINION : Failed to dump JaCoCo execution data: org.jacoco.agent.rt.RT
18:50:17 PIT >> INFO : MINION : Failed to set JaCoCo session: org.jacoco.agent.rt.RT
18:50:17 PIT >> INFO : MINION : Failed to dump JaCoCo execution data: org.jacoco.agent.rt.RT
18:50:17 PIT >> INFO : MINION : Failed to set JaCoCo session: org.jacoco.agent.rt.RT
18:50:17 PIT >> INFO : MINION : Failed to dump JaCoCo execution data: org.jacoco.agent.rt.RT
18:50:17 PIT >> INFO : MINION : Failed to set JaCoCo session: org.jacoco.agent.rt.RT
18:50:17 PIT >> INFO : MINION : Failed to dump JaCoCo execution data: org.jacoco.agent.rt.RT
18:50:17 PIT >> INFO : MINION : Failed to set JaCoCo session: org.jacoco.agent.rt.RT
18:50:17 PIT >> INFO : MINION : Failed to dump JaCoCo execution data: org.jacoco.agent.rt.RT
18:50:17 PIT >> INFO : MINION : Failed to set JaCoCo session: org.jacoco.agent.rt.RT
18:50:17 PIT >> INFO : MINION : Failed to dump JaCoCo execution data: org.jacoco.agent.rt.RT
18:50:17 PIT >> INFO : MINION : Failed to set JaCoCo session: org.jacoco.agent.rt.RT
18:50:17 PIT >> INFO : MINION : Failed to dump JaCoCo execution data: org.jacoco.agent.rt.RT
18:50:17 PIT >> INFO : MINION : Failed to set JaCoCo session: org.jacoco.agent.rt.RT
18:50:17 PIT >> INFO : MINION : Failed to dump JaCoCo execution data: org.jacoco.agent.rt.RT
18:50:17 PIT >> INFO : MINION : Failed to set JaCoCo session: org.jacoco.agent.rt.RT
18:50:17 PIT >> INFO : MINION : Failed to dump JaCoCo execution data: org.jacoco.agent.rt.RT
18:50:17 PIT >> INFO : MINION : Failed to set JaCoCo session: org.jacoco.agent.rt.RT
18:50:17 PIT >> INFO : MINION : Failed to dump JaCoCo execution data: org.jacoco.agent.rt.RT
18:50:17 PIT >> INFO : MINION : Failed to set JaCoCo session: org.jacoco.agent.rt.RT
18:50:17 PIT >> INFO : MINION : Failed to dump JaCoCo execution data: org.jacoco.agent.rt.RT
18:50:17 PIT >> INFO : MINION : Failed to set JaCoCo session: org.jacoco.agent.rt.RT
18:50:17 PIT >> INFO : MINION : Failed to dump JaCoCo execution data: org.jacoco.agent.rt.RT
18:50:17 PIT >> INFO : MINION : Failed to set JaCoCo session: org.jacoco.agent.rt.RT
18:50:17 PIT >> INFO : MINION : Failed to dump JaCoCo execution data: org.jacoco.agent.rt.RT
18:50:17 PIT >> INFO : MINION : Failed to set JaCoCo session: org.jacoco.agent.rt.RT
18:50:17 PIT >> INFO : MINION : Failed to dump JaCoCo execution data: org.jacoco.agent.rt.RT
18:50:17 PIT >> INFO : MINION : Failed to set JaCoCo session: org.jacoco.agent.rt.RT
18:50:17 PIT >> INFO : MINION : Failed to dump JaCoCo execution data: org.jacoco.agent.rt.RT
18:50:17 PIT >> INFO : MINION : Failed to set JaCoCo session: org.jacoco.agent.rt.RT
18:50:17 PIT >> INFO : MINION : Failed to dump JaCoCo execution data: org.jacoco.agent.rt.RT
18:50:17 PIT >> INFO : MINION : Failed to set JaCoCo session: org.jacoco.agent.rt.RT
18:50:17 PIT >> INFO : MINION : Failed to dump JaCoCo execution data: org.jacoco.agent.rt.RT
18:50:17 PIT >> INFO : MINION : Failed to set JaCoCo session: org.jacoco.agent.rt.RT
18:50:17 PIT >> INFO : MINION : Failed to dump JaCoCo execution data: org.jacoco.agent.rt.RT
18:50:17 PIT >> INFO : MINION : Failed to set JaCoCo session: org.jacoco.agent.rt.RT
18:50:17 PIT >> INFO : MINION : Failed to dump JaCoCo execution data: org.jacoco.agent.rt.RT
18:50:17 PIT >> INFO : MINION : Failed to set JaCoCo session: org.jacoco.agent.rt.RT
18:50:17 PIT >> INFO : MINION : Failed to dump JaCoCo execution data: org.jacoco.agent.rt.RT
18:50:17 PIT >> INFO : MINION : Failed to set JaCoCo session: org.jacoco.agent.rt.RT
18:50:17 PIT >> INFO : MINION : Failed to dump JaCoCo execution data: org.jacoco.agent.rt.RT
18:50:17 PIT >> INFO : MINION : Failed to set JaCoCo session: org.jacoco.agent.rt.RT
18:50:17 PIT >> INFO : MINION : Failed to dump JaCoCo execution data: org.jacoco.agent.rt.RT
18:50:17 PIT >> INFO : MINION : Failed to set JaCoCo session: org.jacoco.agent.rt.RT
18:50:17 PIT >> INFO : MINION : Failed to dump JaCoCo execution data: org.jacoco.agent.rt.RT
18:50:17 PIT >> INFO : MINION : Failed to set JaCoCo session: org.jacoco.agent.rt.RT
18:50:17 PIT >> INFO : MINION : Failed to dump JaCoCo execution data: org.jacoco.agent.rt.RT
18:50:17 PIT >> INFO : MINION : Failed to set JaCoCo session: org.jacoco.agent.rt.RT
18:50:17 PIT >> INFO : MINION : Failed to dump JaCoCo execution data: org.jacoco.agent.rt.RT
18:50:17 PIT >> INFO : MINION : Failed to set JaCoCo session: org.jacoco.agent.rt.RT
18:50:17 PIT >> INFO : MINION : Failed to dump JaCoCo execution data: org.jacoco.agent.rt.RT
18:50:17 PIT >> INFO : MINION : Failed to set JaCoCo session: org.jacoco.agent.rt.RT
18:50:17 PIT >> INFO : MINION : Failed to dump JaCoCo execution data: org.jacoco.agent.rt.RT
18:50:17 PIT >> INFO : MINION : Failed to set JaCoCo session: org.jacoco.agent.rt.RT
18:50:17 PIT >> INFO : MINION : Failed to dump JaCoCo execution data: org.jacoco.agent.rt.RT
18:50:17 PIT >> INFO : MINION : Failed to set JaCoCo session: org.jacoco.agent.rt.RT
18:50:17 PIT >> INFO : MINION : Failed to dump JaCoCo execution data: org.jacoco.agent.rt.RT
18:50:17 PIT >> INFO : MINION : Failed to set JaCoCo session: org.jacoco.agent.rt.RT
18:50:17 PIT >> INFO : MINION : Failed to dump JaCoCo execution data: org.jacoco.agent.rt.RT
18:50:17 PIT >> INFO : MINION : Failed to set JaCoCo session: org.jacoco.agent.rt.RT
18:50:17 PIT >> INFO : MINION : Failed to dump JaCoCo execution data: org.jacoco.agent.rt.RT
18:50:17 PIT >> INFO : MINION : Failed to set JaCoCo session: org.jacoco.agent.rt.RT
18:50:17 PIT >> INFO : MINION : Failed to dump JaCoCo execution data: org.jacoco.agent.rt.RT
18:50:17 PIT >> INFO : MINION : Failed to set JaCoCo session: org.jacoco.agent.rt.RT
18:50:17 PIT >> INFO : MINION : Failed to dump JaCoCo execution data: org.jacoco.agent.rt.RT
18:50:17 PIT >> INFO : MINION : Failed to set JaCoCo session: org.jacoco.agent.rt.RT
18:50:17 PIT >> INFO : MINION : Failed to dump JaCoCo execution data: org.jacoco.agent.rt.RT
18:50:17 PIT >> INFO : MINION : Failed to set JaCoCo session: org.jacoco.agent.rt.RT
18:50:17 PIT >> INFO : MINION : Failed to dump JaCoCo execution data: org.jacoco.agent.rt.RT
18:50:17 PIT >> INFO : MINION : Failed to set JaCoCo session: org.jacoco.agent.rt.RT
18:50:17 PIT >> INFO : MINION : Failed to dump JaCoCo execution data: org.jacoco.agent.rt.RT
18:50:17 PIT >> INFO : MINION : Failed to set JaCoCo session: org.jacoco.agent.rt.RT
18:50:17 PIT >> INFO : MINION : Failed to dump JaCoCo execution data: org.jacoco.agent.rt.RT
18:50:17 PIT >> INFO : MINION : Failed to set JaCoCo session: org.jacoco.agent.rt.RT
18:50:17 PIT >> INFO : MINION : Failed to dump JaCoCo execution data: org.jacoco.agent.rt.RT
18:50:17 PIT >> INFO : MINION : Failed to set JaCoCo session: org.jacoco.agent.rt.RT
18:50:17 PIT >> INFO : MINION : Failed to dump JaCoCo execution data: org.jacoco.agent.rt.RT
18:50:17 PIT >> INFO : MINION : Failed to set JaCoCo session: org.jacoco.agent.rt.RT
18:50:17 PIT >> INFO : MINION : Failed to dump JaCoCo execution data: org.jacoco.agent.rt.RT
18:50:17 PIT >> INFO : MINION : Failed to set JaCoCo session: org.jacoco.agent.rt.RT
18:50:17 PIT >> INFO : MINION : Failed to dump JaCoCo execution data: org.jacoco.agent.rt.RT
18:50:17 PIT >> INFO : MINION : Failed to set JaCoCo session: org.jacoco.agent.rt.RT
18:50:17 PIT >> INFO : MINION : Failed to dump JaCoCo execution data: org.jacoco.agent.rt.RT
18:50:17 PIT >> INFO : MINION : Failed to set JaCoCo session: org.jacoco.agent.rt.RT
18:50:17 PIT >> INFO : MINION : Failed to dump JaCoCo execution data: org.jacoco.agent.rt.RT
18:50:17 PIT >> INFO : MINION : Failed to set JaCoCo session: org.jacoco.agent.rt.RT
18:50:17 PIT >> INFO : MINION : Failed to dump JaCoCo execution data: org.jacoco.agent.rt.RT
18:50:17 PIT >> INFO : MINION : Failed to set JaCoCo session: org.jacoco.agent.rt.RT
18:50:17 PIT >> INFO : MINION : Failed to dump JaCoCo execution data: org.jacoco.agent.rt.RT
18:50:17 PIT >> INFO : MINION : Failed to set JaCoCo session: org.jacoco.agent.rt.RT
18:50:17 PIT >> INFO : MINION : Failed to dump JaCoCo execution data: org.jacoco.agent.rt.RT
18:50:17 PIT >> INFO : MINION : Failed to set JaCoCo session: org.jacoco.agent.rt.RT
18:50:17 PIT >> INFO : MINION : Failed to dump JaCoCo execution data: org.jacoco.agent.rt.RT
18:50:17 PIT >> INFO : MINION : Failed to set JaCoCo session: org.jacoco.agent.rt.RT
18:50:17 PIT >> INFO : MINION : Failed to dump JaCoCo execution data: org.jacoco.agent.rt.RT
18:50:17 PIT >> INFO : MINION : Failed to set JaCoCo session: org.jacoco.agent.rt.RT
18:50:17 PIT >> INFO : MINION : Failed to dump JaCoCo execution data: org.jacoco.agent.rt.RT
18:50:17 PIT >> INFO : MINION : Failed to set JaCoCo session: org.jacoco.agent.rt.RT
18:50:17 PIT >> INFO : MINION : Failed to dump JaCoCo execution data: org.jacoco.agent.rt.RT
18:50:17 PIT >> INFO : MINION : Failed to set JaCoCo session: org.jacoco.agent.rt.RT
18:50:17 PIT >> INFO : MINION : Failed to dump JaCoCo execution data: org.jacoco.agent.rt.RT
18:50:17 PIT >> INFO : MINION : Failed to set JaCoCo session: org.jacoco.agent.rt.RT
18:50:17 PIT >> INFO : MINION : Failed to dump JaCoCo execution data: org.jacoco.agent.rt.RT
18:50:17 PIT >> INFO : MINION : Failed to set JaCoCo session: org.jacoco.agent.rt.RT
18:50:17 PIT >> INFO : MINION : Failed to dump JaCoCo execution data: org.jacoco.agent.rt.RT
18:50:17 PIT >> INFO : MINION : Failed to set JaCoCo session: org.jacoco.agent.rt.RT
18:50:17 PIT >> INFO : MINION : Failed to dump JaCoCo execution data: org.jacoco.agent.rt.RT
18:50:17 PIT >> INFO : MINION : Failed to set JaCoCo session: org.jacoco.agent.rt.RT
18:50:17 PIT >> INFO : MINION : Failed to dump JaCoCo execution data: org.jacoco.agent.rt.RT
18:50:17 PIT >> INFO : MINION : Failed to set JaCoCo session: org.jacoco.agent.rt.RT
18:50:17 PIT >> INFO : MINION : Failed to dump JaCoCo execution data: org.jacoco.agent.rt.RT
18:50:17 PIT >> INFO : MINION : Failed to set JaCoCo session: org.jacoco.agent.rt.RT
18:50:17 PIT >> INFO : MINION : Failed to dump JaCoCo execution data: org.jacoco.agent.rt.RT
18:50:17 PIT >> INFO : MINION : Failed to set JaCoCo session: org.jacoco.agent.rt.RT
18:50:17 PIT >> INFO : MINION : Failed to dump JaCoCo execution data: org.jacoco.agent.rt.RT
18:50:17 PIT >> INFO : MINION : Failed to set JaCoCo session: org.jacoco.agent.rt.RT
18:50:17 PIT >> INFO : MINION : Failed to dump JaCoCo execution data: org.jacoco.agent.rt.RT
18:50:17 PIT >> INFO : MINION : Failed to set JaCoCo session: org.jacoco.agent.rt.RT
18:50:17 PIT >> INFO : MINION : Failed to dump JaCoCo execution data: org.jacoco.agent.rt.RT
18:50:17 PIT >> INFO : MINION : Failed to set JaCoCo session: org.jacoco.agent.rt.RT
18:50:17 PIT >> INFO : MINION : Failed to dump JaCoCo execution data: org.jacoco.agent.rt.RT
18:50:17 PIT >> INFO : MINION : Failed to set JaCoCo session: org.jacoco.agent.rt.RT
18:50:17 PIT >> INFO : MINION : Failed to dump JaCoCo execution data: org.jacoco.agent.rt.RT
18:50:17 PIT >> INFO : MINION : Failed to set JaCoCo session: org.jacoco.agent.rt.RT
18:50:17 PIT >> INFO : MINION : Failed to dump JaCoCo execution data: org.jacoco.agent.rt.RT
18:50:17 PIT >> INFO : MINION : Failed to set JaCoCo session: org.jacoco.agent.rt.RT
18:50:17 PIT >> INFO : MINION : Failed to dump JaCoCo execution data: org.jacoco.agent.rt.RT
18:50:17 PIT >> INFO : MINION : Failed to set JaCoCo session: org.jacoco.agent.rt.RT
18:50:17 PIT >> INFO : MINION : Failed to dump JaCoCo execution data: org.jacoco.agent.rt.RT
18:50:17 PIT >> INFO : MINION : Failed to set JaCoCo session: org.jacoco.agent.rt.RT
18:50:17 PIT >> INFO : MINION : Failed to dump JaCoCo execution data: org.jacoco.agent.rt.RT
18:50:17 PIT >> INFO : MINION : Failed to set JaCoCo session: org.jacoco.agent.rt.RT
18:50:17 PIT >> INFO : MINION : Failed to dump JaCoCo execution data: org.jacoco.agent.rt.RT
18:50:17 PIT >> INFO : MINION : Failed to set JaCoCo session: org.jacoco.agent.rt.RT
18:50:17 PIT >> INFO : MINION : Failed to dump JaCoCo execution data: org.jacoco.agent.rt.RT
18:50:17 PIT >> INFO : MINION : Failed to set JaCoCo session: org.jacoco.agent.rt.RT
18:50:17 PIT >> INFO : MINION : Failed to dump JaCoCo execution data: org.jacoco.agent.rt.RT
18:50:17 PIT >> INFO : MINION : Failed to set JaCoCo session: org.jacoco.agent.rt.RT
18:50:17 PIT >> INFO : MINION : Failed to dump JaCoCo execution data: org.jacoco.agent.rt.RT
18:50:17 PIT >> INFO : MINION : Failed to set JaCoCo session: org.jacoco.agent.rt.RT
18:50:17 PIT >> INFO : MINION : Failed to dump JaCoCo execution data: org.jacoco.agent.rt.RT
18:50:17 PIT >> INFO : MINION : Failed to set JaCoCo session: org.jacoco.agent.rt.RT
18:50:17 PIT >> INFO : MINION : Failed to dump JaCoCo execution data: org.jacoco.agent.rt.RT
18:50:17 PIT >> INFO : MINION : Failed to set JaCoCo session: org.jacoco.agent.rt.RT
18:50:17 PIT >> INFO : MINION : Failed to dump JaCoCo execution data: org.jacoco.agent.rt.RT
18:50:17 PIT >> INFO : MINION : Failed to set JaCoCo session: org.jacoco.agent.rt.RT
18:50:17 PIT >> INFO : MINION : Failed to dump JaCoCo execution data: org.jacoco.agent.rt.RT
18:50:17 PIT >> INFO : MINION : Failed to set JaCoCo session: org.jacoco.agent.rt.RT
18:50:17 PIT >> INFO : MINION : Failed to dump JaCoCo execution data: org.jacoco.agent.rt.RT
18:50:17 PIT >> INFO : MINION : Failed to set JaCoCo session: org.jacoco.agent.rt.RT
18:50:17 PIT >> INFO : MINION : Failed to dump JaCoCo execution data: org.jacoco.agent.rt.RT
18:50:17 PIT >> INFO : MINION : Failed to set JaCoCo session: org.jacoco.agent.rt.RT
18:50:17 PIT >> INFO : MINION : Failed to dump JaCoCo execution data: org.jacoco.agent.rt.RT
18:50:17 PIT >> INFO : MINION : Failed to set JaCoCo session: org.jacoco.agent.rt.RT
18:50:17 PIT >> INFO : MINION : Failed to dump JaCoCo execution data: org.jacoco.agent.rt.RT
18:50:17 PIT >> INFO : MINION : Failed to set JaCoCo session: org.jacoco.agent.rt.RT
18:50:17 PIT >> INFO : MINION : Failed to dump JaCoCo execution data: org.jacoco.agent.rt.RT
18:50:17 PIT >> INFO : MINION : Failed to set JaCoCo session: org.jacoco.agent.rt.RT
18:50:17 PIT >> INFO : MINION : Failed to dump JaCoCo execution data: org.jacoco.agent.rt.RT
18:50:17 PIT >> INFO : MINION : Failed to set JaCoCo session: org.jacoco.agent.rt.RT
18:50:17 PIT >> INFO : MINION : Failed to dump JaCoCo execution data: org.jacoco.agent.rt.RT
18:50:17 PIT >> INFO : MINION : Failed to set JaCoCo session: org.jacoco.agent.rt.RT
18:50:17 PIT >> INFO : MINION : Failed to dump JaCoCo execution data: org.jacoco.agent.rt.RT
18:50:17 PIT >> INFO : MINION : Failed to set JaCoCo session: org.jacoco.agent.rt.RT
18:50:17 PIT >> INFO : MINION : Failed to dump JaCoCo execution data: org.jacoco.agent.rt.RT
18:50:17 PIT >> INFO : MINION : Failed to set JaCoCo session: org.jacoco.agent.rt.RT
18:50:17 PIT >> INFO : MINION : Failed to dump JaCoCo execution data: org.jacoco.agent.rt.RT
18:50:17 PIT >> INFO : MINION : Failed to set JaCoCo session: org.jacoco.agent.rt.RT
18:50:17 PIT >> INFO : MINION : Failed to dump JaCoCo execution data: org.jacoco.agent.rt.RT
18:50:17 PIT >> INFO : MINION : Failed to set JaCoCo session: org.jacoco.agent.rt.RT
18:50:17 PIT >> INFO : MINION : Failed to dump JaCoCo execution data: org.jacoco.agent.rt.RT
18:50:17 PIT >> INFO : MINION : Failed to set JaCoCo session: org.jacoco.agent.rt.RT
18:50:17 PIT >> INFO : MINION : Failed to dump JaCoCo execution data: org.jacoco.agent.rt.RT
18:50:17 PIT >> INFO : MINION : Failed to set JaCoCo session: org.jacoco.agent.rt.RT
18:50:17 PIT >> INFO : MINION : Failed to dump JaCoCo execution data: org.jacoco.agent.rt.RT
18:50:17 PIT >> INFO : MINION : Failed to set JaCoCo session: org.jacoco.agent.rt.RT
18:50:17 PIT >> INFO : MINION : Failed to dump JaCoCo execution data: org.jacoco.agent.rt.RT
18:50:17 PIT >> INFO : MINION : Failed to set JaCoCo session: org.jacoco.agent.rt.RT
18:50:17 PIT >> INFO : MINION : Failed to dump JaCoCo execution data: org.jacoco.agent.rt.RT
18:50:17 PIT >> INFO : MINION : Failed to set JaCoCo session: org.jacoco.agent.rt.RT
18:50:17 PIT >> INFO : MINION : Failed to dump JaCoCo execution data: org.jacoco.agent.rt.RT
18:50:17 PIT >> INFO : MINION : Failed to set JaCoCo session: org.jacoco.agent.rt.RT
18:50:17 PIT >> INFO : MINION : Failed to dump JaCoCo execution data: org.jacoco.agent.rt.RT
18:50:17 PIT >> INFO : MINION : Failed to set JaCoCo session: org.jacoco.agent.rt.RT
18:50:17 PIT >> INFO : MINION : Failed to dump JaCoCo execution data: org.jacoco.agent.rt.RT
18:50:17 PIT >> INFO : MINION : Failed to set JaCoCo session: org.jacoco.agent.rt.RT
18:50:17 PIT >> INFO : MINION : Failed to dump JaCoCo execution data: org.jacoco.agent.rt.RT
18:50:17 PIT >> INFO : MINION : Failed to set JaCoCo session: org.jacoco.agent.rt.RT
18:50:17 PIT >> INFO : MINION : Failed to dump JaCoCo execution data: org.jacoco.agent.rt.RT
18:50:17 PIT >> INFO : MINION : Failed to set JaCoCo session: org.jacoco.agent.rt.RT
18:50:17 PIT >> INFO : MINION : Failed to dump JaCoCo execution data: org.jacoco.agent.rt.RT
18:50:17 PIT >> INFO : MINION : Failed to set JaCoCo session: org.jacoco.agent.rt.RT
18:50:17 PIT >> INFO : MINION : Failed to dump JaCoCo execution data: org.jacoco.agent.rt.RT
18:50:17 PIT >> INFO : MINION : Failed to set JaCoCo session: org.jacoco.agent.rt.RT
18:50:17 PIT >> INFO : MINION : Failed to dump JaCoCo execution data: org.jacoco.agent.rt.RT
18:50:17 PIT >> INFO : MINION : Failed to set JaCoCo session: org.jacoco.agent.rt.RT
18:50:17 PIT >> INFO : MINION : Failed to dump JaCoCo execution data: org.jacoco.agent.rt.RT
18:50:17 PIT >> INFO : MINION : Failed to set JaCoCo session: org.jacoco.agent.rt.RT
18:50:17 PIT >> INFO : MINION : Failed to dump JaCoCo execution data: org.jacoco.agent.rt.RT
18:50:17 PIT >> INFO : MINION : Failed to set JaCoCo session: org.jacoco.agent.rt.RT
18:50:17 PIT >> INFO : MINION : Failed to dump JaCoCo execution data: org.jacoco.agent.rt.RT
18:50:17 PIT >> INFO : MINION : Failed to set JaCoCo session: org.jacoco.agent.rt.RT
18:50:17 PIT >> INFO : MINION : Failed to dump JaCoCo execution data: org.jacoco.agent.rt.RT
18:50:17 PIT >> INFO : MINION : Failed to set JaCoCo session: org.jacoco.agent.rt.RT
18:50:17 PIT >> INFO : MINION : Failed to dump JaCoCo execution data: org.jacoco.agent.rt.RT
18:50:17 PIT >> INFO : MINION : Failed to set JaCoCo session: org.jacoco.agent.rt.RT
18:50:17 PIT >> INFO : MINION : Failed to dump JaCoCo execution data: org.jacoco.agent.rt.RT
18:50:17 PIT >> INFO : MINION : Failed to set JaCoCo session: org.jacoco.agent.rt.RT
18:50:17 PIT >> INFO : MINION : Failed to dump JaCoCo execution data: org.jacoco.agent.rt.RT
18:50:17 PIT >> INFO : MINION : Failed to set JaCoCo session: org.jacoco.agent.rt.RT
18:50:17 PIT >> INFO : MINION : Failed to dump JaCoCo execution data: org.jacoco.agent.rt.RT
18:50:17 PIT >> INFO : MINION : Failed to set JaCoCo session: org.jacoco.agent.rt.RT
18:50:17 PIT >> INFO : MINION : Failed to dump JaCoCo execution data: org.jacoco.agent.rt.RT
18:50:17 PIT >> INFO : MINION : Failed to set JaCoCo session: org.jacoco.agent.rt.RT
18:50:17 PIT >> INFO : MINION : Failed to dump JaCoCo execution data: org.jacoco.agent.rt.RT
18:50:17 PIT >> INFO : MINION : Failed to set JaCoCo session: org.jacoco.agent.rt.RT
18:50:17 PIT >> INFO : MINION : Failed to dump JaCoCo execution data: org.jacoco.agent.rt.RT
18:50:17 PIT >> INFO : MINION : Failed to set JaCoCo session: org.jacoco.agent.rt.RT
18:50:17 PIT >> INFO : MINION : Failed to dump JaCoCo execution data: org.jacoco.agent.rt.RT
18:50:17 PIT >> INFO : MINION : Failed to set JaCoCo session: org.jacoco.agent.rt.RT
18:50:17 PIT >> INFO : MINION : Failed to dump JaCoCo execution data: org.jacoco.agent.rt.RT
18:50:17 PIT >> INFO : MINION : Failed to set JaCoCo session: org.jacoco.agent.rt.RT
18:50:17 PIT >> INFO : MINION : Failed to dump JaCoCo execution data: org.jacoco.agent.rt.RT
18:50:17 PIT >> INFO : MINION : Failed to set JaCoCo session: org.jacoco.agent.rt.RT
18:50:17 PIT >> INFO : MINION : Failed to dump JaCoCo execution data: org.jacoco.agent.rt.RT
18:50:17 PIT >> INFO : MINION : Failed to set JaCoCo session: org.jacoco.agent.rt.RT
18:50:17 PIT >> INFO : MINION : Failed to dump JaCoCo execution data: org.jacoco.agent.rt.RT
18:50:17 PIT >> INFO : MINION : Failed to set JaCoCo session: org.jacoco.agent.rt.RT
18:50:17 PIT >> INFO : MINION : Failed to dump JaCoCo execution data: org.jacoco.agent.rt.RT
18:50:17 PIT >> INFO : MINION : Failed to set JaCoCo session: org.jacoco.agent.rt.RT
18:50:17 PIT >> INFO : MINION : Failed to dump JaCoCo execution data: org.jacoco.agent.rt.RT
18:50:17 PIT >> INFO : MINION : Failed to set JaCoCo session: org.jacoco.agent.rt.RT
18:50:17 PIT >> INFO : MINION : Failed to dump JaCoCo execution data: org.jacoco.agent.rt.RT
18:50:17 PIT >> INFO : MINION : Failed to set JaCoCo session: org.jacoco.agent.rt.RT
18:50:17 PIT >> INFO : MINION : Failed to dump JaCoCo execution data: org.jacoco.agent.rt.RT
18:50:17 PIT >> INFO : MINION : Failed to set JaCoCo session: org.jacoco.agent.rt.RT
18:50:17 PIT >> INFO : MINION : Failed to dump JaCoCo execution data: org.jacoco.agent.rt.RT
18:50:17 PIT >> INFO : MINION : Failed to set JaCoCo session: org.jacoco.agent.rt.RT
18:50:17 PIT >> INFO : MINION : Failed to dump JaCoCo execution data: org.jacoco.agent.rt.RT
18:50:17 PIT >> INFO : MINION : Failed to set JaCoCo session: org.jacoco.agent.rt.RT
18:50:17 PIT >> INFO : MINION : Failed to dump JaCoCo execution data: org.jacoco.agent.rt.RT
18:50:17 PIT >> INFO : MINION : Failed to set JaCoCo session: org.jacoco.agent.rt.RT
18:50:17 PIT >> INFO : MINION : Failed to dump JaCoCo execution data: org.jacoco.agent.rt.RT
18:50:17 PIT >> INFO : MINION : Failed to set JaCoCo session: org.jacoco.agent.rt.RT
18:50:17 PIT >> INFO : MINION : Failed to dump JaCoCo execution data: org.jacoco.agent.rt.RT
18:50:17 PIT >> INFO : MINION : Failed to set JaCoCo session: org.jacoco.agent.rt.RT
18:50:17 PIT >> INFO : MINION : Failed to dump JaCoCo execution data: org.jacoco.agent.rt.RT
18:50:17 PIT >> INFO : MINION : Failed to set JaCoCo session: org.jacoco.agent.rt.RT
18:50:17 PIT >> INFO : MINION : Failed to dump JaCoCo execution data: org.jacoco.agent.rt.RT
18:50:17 PIT >> INFO : MINION : Failed to set JaCoCo session: org.jacoco.agent.rt.RT
18:50:17 PIT >> INFO : MINION : Failed to dump JaCoCo execution data: org.jacoco.agent.rt.RT
18:50:17 PIT >> INFO : MINION : Failed to set JaCoCo session: org.jacoco.agent.rt.RT
18:50:17 PIT >> INFO : MINION : Failed to dump JaCoCo execution data: org.jacoco.agent.rt.RT
18:50:17 PIT >> INFO : MINION : Failed to set JaCoCo session: org.jacoco.agent.rt.RT
18:50:17 PIT >> INFO : MINION : Failed to dump JaCoCo execution data: org.jacoco.agent.rt.RT
18:50:17 PIT >> INFO : MINION : Failed to set JaCoCo session: org.jacoco.agent.rt.RT
18:50:17 PIT >> INFO : MINION : Failed to dump JaCoCo execution data: org.jacoco.agent.rt.RT
18:50:17 PIT >> INFO : MINION : Failed to set JaCoCo session: org.jacoco.agent.rt.RT
18:50:17 PIT >> INFO : MINION : Failed to dump JaCoCo execution data: org.jacoco.agent.rt.RT
18:50:17 PIT >> INFO : MINION : Failed to set JaCoCo session: org.jacoco.agent.rt.RT
18:50:17 PIT >> INFO : MINION : Failed to dump JaCoCo execution data: org.jacoco.agent.rt.RT
18:50:17 PIT >> INFO : MINION : Failed to set JaCoCo session: org.jacoco.agent.rt.RT
18:50:17 PIT >> INFO : MINION : Failed to dump JaCoCo execution data: org.jacoco.agent.rt.RT
18:50:17 PIT >> INFO : MINION : Failed to set JaCoCo session: org.jacoco.agent.rt.RT
18:50:17 PIT >> INFO : MINION : Failed to dump JaCoCo execution data: org.jacoco.agent.rt.RT
18:50:17 PIT >> INFO : MINION : Failed to set JaCoCo session: org.jacoco.agent.rt.RT
18:50:17 PIT >> INFO : MINION : Failed to dump JaCoCo execution data: org.jacoco.agent.rt.RT
18:50:17 PIT >> INFO : MINION : Failed to set JaCoCo session: org.jacoco.agent.rt.RT
18:50:17 PIT >> INFO : MINION : Failed to dump JaCoCo execution data: org.jacoco.agent.rt.RT
18:50:17 PIT >> INFO : MINION : Failed to set JaCoCo session: org.jacoco.agent.rt.RT
18:50:17 PIT >> INFO : MINION : Failed to dump JaCoCo execution data: org.jacoco.agent.rt.RT
18:50:17 PIT >> INFO : MINION : Failed to set JaCoCo session: org.jacoco.agent.rt.RT
18:50:17 PIT >> INFO : MINION : Failed to dump JaCoCo execution data: org.jacoco.agent.rt.RT
18:50:17 PIT >> INFO : MINION : Failed to set JaCoCo session: org.jacoco.agent.rt.RT
18:50:17 PIT >> INFO : MINION : Failed to dump JaCoCo execution data: org.jacoco.agent.rt.RT
18:50:17 PIT >> INFO : MINION : Failed to set JaCoCo session: org.jacoco.agent.rt.RT
18:50:17 PIT >> INFO : MINION : Failed to dump JaCoCo execution data: org.jacoco.agent.rt.RT
18:50:17 PIT >> INFO : MINION : Failed to set JaCoCo session: org.jacoco.agent.rt.RT
18:50:17 PIT >> INFO : MINION : Failed to dump JaCoCo execution data: org.jacoco.agent.rt.RT
18:50:17 PIT >> INFO : MINION : Failed to set JaCoCo session: org.jacoco.agent.rt.RT
18:50:17 PIT >> INFO : MINION : Failed to dump JaCoCo execution data: org.jacoco.agent.rt.RT
18:50:17 PIT >> INFO : MINION : Failed to set JaCoCo session: org.jacoco.agent.rt.RT
18:50:17 PIT >> INFO : MINION : Failed to dump JaCoCo execution data: org.jacoco.agent.rt.RT
18:50:17 PIT >> INFO : MINION : Failed to set JaCoCo session: org.jacoco.agent.rt.RT
18:50:17 PIT >> INFO : MINION : Failed to dump JaCoCo execution data: org.jacoco.agent.rt.RT
18:50:17 PIT >> INFO : MINION : Failed to set JaCoCo session: org.jacoco.agent.rt.RT
18:50:17 PIT >> INFO : MINION : Failed to dump JaCoCo execution data: org.jacoco.agent.rt.RT
18:50:17 PIT >> INFO : MINION : Failed to set JaCoCo session: org.jacoco.agent.rt.RT
18:50:17 PIT >> INFO : MINION : Failed to dump JaCoCo execution data: org.jacoco.agent.rt.RT
18:50:17 PIT >> INFO : MINION : Failed to set JaCoCo session: org.jacoco.agent.rt.RT
18:50:17 PIT >> INFO : MINION : Failed to dump JaCoCo execution data: org.jacoco.agent.rt.RT
18:50:17 PIT >> INFO : MINION : Failed to set JaCoCo session: org.jacoco.agent.rt.RT
18:50:17 PIT >> INFO : MINION : Failed to dump JaCoCo execution data: org.jacoco.agent.rt.RT
18:50:17 PIT >> INFO : MINION : Failed to set JaCoCo session: org.jacoco.agent.rt.RT
18:50:17 PIT >> INFO : MINION : Failed to dump JaCoCo execution data: org.jacoco.agent.rt.RT
18:50:17 PIT >> INFO : MINION : Failed to set JaCoCo session: org.jacoco.agent.rt.RT
18:50:17 PIT >> INFO : MINION : Failed to dump JaCoCo execution data: org.jacoco.agent.rt.RT
18:50:17 PIT >> INFO : MINION : Failed to set JaCoCo session: org.jacoco.agent.rt.RT
18:50:17 PIT >> INFO : MINION : Failed to dump JaCoCo execution data: org.jacoco.agent.rt.RT
18:50:17 PIT >> INFO : MINION : Failed to set JaCoCo session: org.jacoco.agent.rt.RT
18:50:17 PIT >> INFO : MINION : Failed to dump JaCoCo execution data: org.jacoco.agent.rt.RT
18:50:17 PIT >> INFO : MINION : Failed to set JaCoCo session: org.jacoco.agent.rt.RT
18:50:17 PIT >> INFO : MINION : Failed to dump JaCoCo execution data: org.jacoco.agent.rt.RT
18:50:17 PIT >> INFO : MINION : Failed to set JaCoCo session: org.jacoco.agent.rt.RT
18:50:17 PIT >> INFO : MINION : Failed to dump JaCoCo execution data: org.jacoco.agent.rt.RT
18:50:17 PIT >> INFO : MINION : Failed to set JaCoCo session: org.jacoco.agent.rt.RT
18:50:17 PIT >> INFO : MINION : Failed to dump JaCoCo execution data: org.jacoco.agent.rt.RT
18:50:17 PIT >> INFO : MINION : Failed to set JaCoCo session: org.jacoco.agent.rt.RT
18:50:17 PIT >> INFO : MINION : Failed to dump JaCoCo execution data: org.jacoco.agent.rt.RT
18:50:17 PIT >> INFO : MINION : Failed to set JaCoCo session: org.jacoco.agent.rt.RT
18:50:17 PIT >> INFO : MINION : Failed to dump JaCoCo execution data: org.jacoco.agent.rt.RT
18:50:17 PIT >> INFO : MINION : Failed to set JaCoCo session: org.jacoco.agent.rt.RT
18:50:17 PIT >> INFO : MINION : Failed to dump JaCoCo execution data: org.jacoco.agent.rt.RT
18:50:17 PIT >> INFO : MINION : Failed to set JaCoCo session: org.jacoco.agent.rt.RT
18:50:17 PIT >> INFO : MINION : Failed to dump JaCoCo execution data: org.jacoco.agent.rt.RT
18:50:17 PIT >> INFO : MINION : Failed to set JaCoCo session: org.jacoco.agent.rt.RT
18:50:17 PIT >> INFO : MINION : Failed to dump JaCoCo execution data: org.jacoco.agent.rt.RT
18:50:17 PIT >> INFO : MINION : Failed to set JaCoCo session: org.jacoco.agent.rt.RT
18:50:17 PIT >> INFO : MINION : Failed to dump JaCoCo execution data: org.jacoco.agent.rt.RT
18:50:17 PIT >> INFO : MINION : Failed to set JaCoCo session: org.jacoco.agent.rt.RT
18:50:17 PIT >> INFO : MINION : Failed to dump JaCoCo execution data: org.jacoco.agent.rt.RT
18:50:17 PIT >> INFO : MINION : Failed to set JaCoCo session: org.jacoco.agent.rt.RT
18:50:17 PIT >> INFO : MINION : Failed to dump JaCoCo execution data: org.jacoco.agent.rt.RT
18:50:17 PIT >> INFO : MINION : Failed to set JaCoCo session: org.jacoco.agent.rt.RT
18:50:17 PIT >> INFO : MINION : Failed to dump JaCoCo execution data: org.jacoco.agent.rt.RT
18:50:17 PIT >> INFO : MINION : Failed to set JaCoCo session: org.jacoco.agent.rt.RT
18:50:18 PIT >> INFO : MINION : Failed to dump JaCoCo execution data: org.jacoco.agent.rt.RT
18:50:18 PIT >> INFO : MINION : Failed to set JaCoCo session: org.jacoco.agent.rt.RT
18:50:18 PIT >> INFO : MINION : Failed to dump JaCoCo execution data: org.jacoco.agent.rt.RT
18:50:18 PIT >> INFO : MINION : Failed to set JaCoCo session: org.jacoco.agent.rt.RT
18:50:18 PIT >> INFO : MINION : Failed to dump JaCoCo execution data: org.jacoco.agent.rt.RT
18:50:18 PIT >> INFO : MINION : Failed to set JaCoCo session: org.jacoco.agent.rt.RT
18:50:18 PIT >> INFO : MINION : Failed to dump JaCoCo execution data: org.jacoco.agent.rt.RT
18:50:18 PIT >> INFO : MINION : Failed to set JaCoCo session: org.jacoco.agent.rt.RT
18:50:18 PIT >> INFO : MINION : Failed to dump JaCoCo execution data: org.jacoco.agent.rt.RT
18:50:18 PIT >> INFO : MINION : Failed to set JaCoCo session: org.jacoco.agent.rt.RT
18:50:18 PIT >> INFO : MINION : Failed to dump JaCoCo execution data: org.jacoco.agent.rt.RT
18:50:18 PIT >> INFO : MINION : Failed to set JaCoCo session: org.jacoco.agent.rt.RT
18:50:18 PIT >> INFO : MINION : Failed to dump JaCoCo execution data: org.jacoco.agent.rt.RT
18:50:18 PIT >> INFO : MINION : Failed to set JaCoCo session: org.jacoco.agent.rt.RT
18:50:18 PIT >> INFO : MINION : Failed to dump JaCoCo execution data: org.jacoco.agent.rt.RT
18:50:18 PIT >> INFO : MINION : Failed to set JaCoCo session: org.jacoco.agent.rt.RT
18:50:18 PIT >> INFO : MINION : Failed to dump JaCoCo execution data: org.jacoco.agent.rt.RT
18:50:18 PIT >> INFO : MINION : Failed to set JaCoCo session: org.jacoco.agent.rt.RT
18:50:18 PIT >> INFO : MINION : Failed to dump JaCoCo execution data: org.jacoco.agent.rt.RT
18:50:18 PIT >> INFO : MINION : Failed to set JaCoCo session: org.jacoco.agent.rt.RT
18:50:18 PIT >> INFO : MINION : Failed to dump JaCoCo execution data: org.jacoco.agent.rt.RT
18:50:18 PIT >> INFO : MINION : Failed to set JaCoCo session: org.jacoco.agent.rt.RT
18:50:18 PIT >> INFO : MINION : Failed to dump JaCoCo execution data: org.jacoco.agent.rt.RT
18:50:18 PIT >> INFO : MINION : Failed to set JaCoCo session: org.jacoco.agent.rt.RT
18:50:18 PIT >> INFO : MINION : Failed to dump JaCoCo execution data: org.jacoco.agent.rt.RT
18:50:18 PIT >> INFO : MINION : Failed to set JaCoCo session: org.jacoco.agent.rt.RT
18:50:18 PIT >> INFO : MINION : Failed to dump JaCoCo execution data: org.jacoco.agent.rt.RT
18:50:18 PIT >> INFO : MINION : Failed to set JaCoCo session: org.jacoco.agent.rt.RT
18:50:18 PIT >> INFO : MINION : Failed to dump JaCoCo execution data: org.jacoco.agent.rt.RT
18:50:18 PIT >> INFO : MINION : Failed to set JaCoCo session: org.jacoco.agent.rt.RT
18:50:18 PIT >> INFO : MINION : Failed to dump JaCoCo execution data: org.jacoco.agent.rt.RT
18:50:18 PIT >> INFO : MINION : Failed to set JaCoCo session: org.jacoco.agent.rt.RT
18:50:18 PIT >> INFO : MINION : Failed to dump JaCoCo execution data: org.jacoco.agent.rt.RT
18:50:18 PIT >> INFO : MINION : Failed to set JaCoCo session: org.jacoco.agent.rt.RT
18:50:18 PIT >> INFO : MINION : Failed to dump JaCoCo execution data: org.jacoco.agent.rt.RT
18:50:18 PIT >> INFO : MINION : Failed to set JaCoCo session: org.jacoco.agent.rt.RT
18:50:18 PIT >> INFO : MINION : Failed to dump JaCoCo execution data: org.jacoco.agent.rt.RT
18:50:18 PIT >> INFO : MINION : Failed to set JaCoCo session: org.jacoco.agent.rt.RT
18:50:18 PIT >> INFO : MINION : Failed to dump JaCoCo execution data: org.jacoco.agent.rt.RT
18:50:18 PIT >> INFO : MINION : Failed to set JaCoCo session: org.jacoco.agent.rt.RT
18:50:18 PIT >> INFO : MINION : Failed to dump JaCoCo execution data: org.jacoco.agent.rt.RT
18:50:18 PIT >> INFO : MINION : Failed to set JaCoCo session: org.jacoco.agent.rt.RT
18:50:18 PIT >> INFO : MINION : Failed to dump JaCoCo execution data: org.jacoco.agent.rt.RT
18:50:18 PIT >> INFO : MINION : Failed to set JaCoCo session: org.jacoco.agent.rt.RT
18:50:18 PIT >> INFO : MINION : Failed to dump JaCoCo execution data: org.jacoco.agent.rt.RT
18:50:18 PIT >> INFO : MINION : Failed to set JaCoCo session: org.jacoco.agent.rt.RT
18:50:18 PIT >> INFO : MINION : Failed to dump JaCoCo execution data: org.jacoco.agent.rt.RT
18:50:18 PIT >> INFO : MINION : Failed to set JaCoCo session: org.jacoco.agent.rt.RT
18:50:18 PIT >> INFO : MINION : Failed to dump JaCoCo execution data: org.jacoco.agent.rt.RT
18:50:18 PIT >> INFO : MINION : Failed to set JaCoCo session: org.jacoco.agent.rt.RT
18:50:18 PIT >> INFO : MINION : Failed to dump JaCoCo execution data: org.jacoco.agent.rt.RT
18:50:18 PIT >> INFO : MINION : Failed to set JaCoCo session: org.jacoco.agent.rt.RT
18:50:18 PIT >> INFO : MINION : Failed to dump JaCoCo execution data: org.jacoco.agent.rt.RT
18:50:18 PIT >> INFO : MINION : Failed to set JaCoCo session: org.jacoco.agent.rt.RT
18:50:18 PIT >> INFO : MINION : Failed to dump JaCoCo execution data: org.jacoco.agent.rt.RT
18:50:18 PIT >> INFO : MINION : Failed to set JaCoCo session: org.jacoco.agent.rt.RT
18:50:18 PIT >> INFO : MINION : Failed to dump JaCoCo execution data: org.jacoco.agent.rt.RT
18:50:18 PIT >> INFO : MINION : Failed to set JaCoCo session: org.jacoco.agent.rt.RT
18:50:18 PIT >> INFO : MINION : Failed to dump JaCoCo execution data: org.jacoco.agent.rt.RT
18:50:18 PIT >> INFO : MINION : Failed to set JaCoCo session: org.jacoco.agent.rt.RT
18:50:18 PIT >> INFO : MINION : Failed to dump JaCoCo execution data: org.jacoco.agent.rt.RT
18:50:18 PIT >> INFO : MINION : Failed to set JaCoCo session: org.jacoco.agent.rt.RT
18:50:18 PIT >> INFO : MINION : Failed to dump JaCoCo execution data: org.jacoco.agent.rt.RT
18:50:18 PIT >> INFO : MINION : Failed to set JaCoCo session: org.jacoco.agent.rt.RT
18:50:18 PIT >> INFO : MINION : Failed to dump JaCoCo execution data: org.jacoco.agent.rt.RT
18:50:18 PIT >> INFO : MINION : Failed to set JaCoCo session: org.jacoco.agent.rt.RT
18:50:18 PIT >> INFO : MINION : Failed to dump JaCoCo execution data: org.jacoco.agent.rt.RT
18:50:18 PIT >> INFO : MINION : Failed to set JaCoCo session: org.jacoco.agent.rt.RT
18:50:18 PIT >> INFO : MINION : Failed to dump JaCoCo execution data: org.jacoco.agent.rt.RT
18:50:18 PIT >> INFO : MINION : Failed to set JaCoCo session: org.jacoco.agent.rt.RT
18:50:18 PIT >> INFO : MINION : Failed to dump JaCoCo execution data: org.jacoco.agent.rt.RT
18:50:18 PIT >> INFO : MINION : Failed to set JaCoCo session: org.jacoco.agent.rt.RT
18:50:18 PIT >> INFO : MINION : Failed to dump JaCoCo execution data: org.jacoco.agent.rt.RT
18:50:18 PIT >> INFO : MINION : Failed to set JaCoCo session: org.jacoco.agent.rt.RT
18:50:18 PIT >> INFO : MINION : Failed to dump JaCoCo execution data: org.jacoco.agent.rt.RT
18:50:18 PIT >> INFO : MINION : Failed to set JaCoCo session: org.jacoco.agent.rt.RT
18:50:18 PIT >> INFO : MINION : Failed to dump JaCoCo execution data: org.jacoco.agent.rt.RT
18:50:18 PIT >> INFO : MINION : Failed to set JaCoCo session: org.jacoco.agent.rt.RT
18:50:18 PIT >> INFO : MINION : Failed to dump JaCoCo execution data: org.jacoco.agent.rt.RT
18:50:18 PIT >> INFO : MINION : Failed to set JaCoCo session: org.jacoco.agent.rt.RT
18:50:18 PIT >> INFO : MINION : Failed to dump JaCoCo execution data: org.jacoco.agent.rt.RT
18:50:18 PIT >> INFO : MINION : Failed to set JaCoCo session: org.jacoco.agent.rt.RT
18:50:18 PIT >> INFO : MINION : Failed to dump JaCoCo execution data: org.jacoco.agent.rt.RT
18:50:18 PIT >> INFO : MINION : Failed to set JaCoCo session: org.jacoco.agent.rt.RT
18:50:18 PIT >> INFO : MINION : Failed to dump JaCoCo execution data: org.jacoco.agent.rt.RT
18:50:18 PIT >> INFO : MINION : Failed to set JaCoCo session: org.jacoco.agent.rt.RT
18:50:18 PIT >> INFO : MINION : Failed to dump JaCoCo execution data: org.jacoco.agent.rt.RT
18:50:18 PIT >> INFO : MINION : Failed to set JaCoCo session: org.jacoco.agent.rt.RT
18:50:18 PIT >> INFO : MINION : Failed to dump JaCoCo execution data: org.jacoco.agent.rt.RT
18:50:18 PIT >> INFO : MINION : Failed to set JaCoCo session: org.jacoco.agent.rt.RT
18:50:18 PIT >> INFO : MINION : Failed to dump JaCoCo execution data: org.jacoco.agent.rt.RT
18:50:18 PIT >> INFO : MINION : Failed to set JaCoCo session: org.jacoco.agent.rt.RT
18:50:18 PIT >> INFO : MINION : Failed to dump JaCoCo execution data: org.jacoco.agent.rt.RT
18:50:18 PIT >> INFO : MINION : Failed to set JaCoCo session: org.jacoco.agent.rt.RT
18:50:18 PIT >> INFO : MINION : Failed to dump JaCoCo execution data: org.jacoco.agent.rt.RT
18:50:18 PIT >> INFO : MINION : Failed to set JaCoCo session: org.jacoco.agent.rt.RT
18:50:18 PIT >> INFO : MINION : Failed to dump JaCoCo execution data: org.jacoco.agent.rt.RT
18:50:18 PIT >> INFO : MINION : Failed to set JaCoCo session: org.jacoco.agent.rt.RT
18:50:18 PIT >> INFO : MINION : Failed to dump JaCoCo execution data: org.jacoco.agent.rt.RT
18:50:18 PIT >> INFO : MINION : Failed to set JaCoCo session: org.jacoco.agent.rt.RT
18:50:18 PIT >> INFO : MINION : Failed to dump JaCoCo execution data: org.jacoco.agent.rt.RT
18:50:18 PIT >> INFO : MINION : Failed to set JaCoCo session: org.jacoco.agent.rt.RT
18:50:18 PIT >> INFO : MINION : Failed to dump JaCoCo execution data: org.jacoco.agent.rt.RT
18:50:18 PIT >> INFO : MINION : Failed to set JaCoCo session: org.jacoco.agent.rt.RT
18:50:18 PIT >> INFO : MINION : Failed to dump JaCoCo execution data: org.jacoco.agent.rt.RT
18:50:18 PIT >> INFO : MINION : Failed to set JaCoCo session: org.jacoco.agent.rt.RT
18:50:18 PIT >> INFO : MINION : Failed to dump JaCoCo execution data: org.jacoco.agent.rt.RT
18:50:18 PIT >> INFO : MINION : Failed to set JaCoCo session: org.jacoco.agent.rt.RT
18:50:18 PIT >> INFO : MINION : Failed to dump JaCoCo execution data: org.jacoco.agent.rt.RT
18:50:18 PIT >> INFO : MINION : Failed to set JaCoCo session: org.jacoco.agent.rt.RT
18:50:18 PIT >> INFO : MINION : Failed to dump JaCoCo execution data: org.jacoco.agent.rt.RT
18:50:18 PIT >> INFO : MINION : Failed to set JaCoCo session: org.jacoco.agent.rt.RT
18:50:18 PIT >> INFO : MINION : Failed to dump JaCoCo execution data: org.jacoco.agent.rt.RT
18:50:18 PIT >> INFO : MINION : Failed to set JaCoCo session: org.jacoco.agent.rt.RT
18:50:18 PIT >> INFO : MINION : Failed to dump JaCoCo execution data: org.jacoco.agent.rt.RT
18:50:18 PIT >> INFO : MINION : Failed to set JaCoCo session: org.jacoco.agent.rt.RT
18:50:18 PIT >> INFO : MINION : Failed to dump JaCoCo execution data: org.jacoco.agent.rt.RT
18:50:18 PIT >> INFO : MINION : Failed to set JaCoCo session: org.jacoco.agent.rt.RT
18:50:18 PIT >> INFO : MINION : Failed to dump JaCoCo execution data: org.jacoco.agent.rt.RT
18:50:18 PIT >> INFO : MINION : Failed to set JaCoCo session: org.jacoco.agent.rt.RT
18:50:18 PIT >> INFO : MINION : Failed to dump JaCoCo execution data: org.jacoco.agent.rt.RT
18:50:18 PIT >> INFO : MINION : Failed to set JaCoCo session: org.jacoco.agent.rt.RT
18:50:18 PIT >> INFO : MINION : Failed to dump JaCoCo execution data: org.jacoco.agent.rt.RT
18:50:18 PIT >> INFO : MINION : Failed to set JaCoCo session: org.jacoco.agent.rt.RT
18:50:18 PIT >> INFO : MINION : Failed to dump JaCoCo execution data: org.jacoco.agent.rt.RT
18:50:18 PIT >> INFO : MINION : Failed to set JaCoCo session: org.jacoco.agent.rt.RT
18:50:18 PIT >> INFO : MINION : Failed to dump JaCoCo execution data: org.jacoco.agent.rt.RT
18:50:18 PIT >> INFO : MINION : Failed to set JaCoCo session: org.jacoco.agent.rt.RT
18:50:18 PIT >> INFO : MINION : Failed to dump JaCoCo execution data: org.jacoco.agent.rt.RT
18:50:18 PIT >> INFO : MINION : Failed to set JaCoCo session: org.jacoco.agent.rt.RT
18:50:18 PIT >> INFO : MINION : Failed to dump JaCoCo execution data: org.jacoco.agent.rt.RT
18:50:18 PIT >> INFO : MINION : Failed to set JaCoCo session: org.jacoco.agent.rt.RT
18:50:18 PIT >> INFO : MINION : Failed to dump JaCoCo execution data: org.jacoco.agent.rt.RT
18:50:18 PIT >> INFO : MINION : Failed to set JaCoCo session: org.jacoco.agent.rt.RT
18:50:18 PIT >> INFO : MINION : Failed to dump JaCoCo execution data: org.jacoco.agent.rt.RT
18:50:18 PIT >> INFO : MINION : Failed to set JaCoCo session: org.jacoco.agent.rt.RT
18:50:18 PIT >> INFO : MINION : Failed to dump JaCoCo execution data: org.jacoco.agent.rt.RT
18:50:18 PIT >> INFO : MINION : Failed to set JaCoCo session: org.jacoco.agent.rt.RT
18:50:18 PIT >> INFO : MINION : Failed to dump JaCoCo execution data: org.jacoco.agent.rt.RT
18:50:18 PIT >> INFO : MINION : Failed to set JaCoCo session: org.jacoco.agent.rt.RT
18:50:18 PIT >> INFO : MINION : Failed to dump JaCoCo execution data: org.jacoco.agent.rt.RT
18:50:18 PIT >> INFO : MINION : Failed to set JaCoCo session: org.jacoco.agent.rt.RT
18:50:18 PIT >> INFO : MINION : Failed to dump JaCoCo execution data: org.jacoco.agent.rt.RT
18:50:18 PIT >> INFO : MINION : Failed to set JaCoCo session: org.jacoco.agent.rt.RT
18:50:18 PIT >> INFO : MINION : Failed to dump JaCoCo execution data: org.jacoco.agent.rt.RT
18:50:18 PIT >> INFO : MINION : Failed to set JaCoCo session: org.jacoco.agent.rt.RT
18:50:18 PIT >> INFO : MINION : Failed to dump JaCoCo execution data: org.jacoco.agent.rt.RT
18:50:18 PIT >> INFO : MINION : Failed to set JaCoCo session: org.jacoco.agent.rt.RT
18:50:18 PIT >> INFO : MINION : Failed to dump JaCoCo execution data: org.jacoco.agent.rt.RT
18:50:18 PIT >> INFO : MINION : Failed to set JaCoCo session: org.jacoco.agent.rt.RT
18:50:18 PIT >> INFO : MINION : Failed to dump JaCoCo execution data: org.jacoco.agent.rt.RT
18:50:18 PIT >> INFO : MINION : Failed to set JaCoCo session: org.jacoco.agent.rt.RT
18:50:18 PIT >> INFO : MINION : Failed to dump JaCoCo execution data: org.jacoco.agent.rt.RT
18:50:18 PIT >> INFO : MINION : Failed to set JaCoCo session: org.jacoco.agent.rt.RT
18:50:18 PIT >> INFO : MINION : Failed to dump JaCoCo execution data: org.jacoco.agent.rt.RT
18:50:18 PIT >> INFO : MINION : Failed to set JaCoCo session: org.jacoco.agent.rt.RT
18:50:18 PIT >> INFO : MINION : Failed to dump JaCoCo execution data: org.jacoco.agent.rt.RT
18:50:18 PIT >> INFO : MINION : Failed to set JaCoCo session: org.jacoco.agent.rt.RT
18:50:18 PIT >> INFO : MINION : Failed to dump JaCoCo execution data: org.jacoco.agent.rt.RT
18:50:18 PIT >> INFO : MINION : Failed to set JaCoCo session: org.jacoco.agent.rt.RT
18:50:18 PIT >> INFO : MINION : Failed to dump JaCoCo execution data: org.jacoco.agent.rt.RT
18:50:18 PIT >> INFO : MINION : Failed to set JaCoCo session: org.jacoco.agent.rt.RT
18:50:18 PIT >> INFO : MINION : Failed to dump JaCoCo execution data: org.jacoco.agent.rt.RT
18:50:18 PIT >> INFO : MINION : Failed to set JaCoCo session: org.jacoco.agent.rt.RT
18:50:18 PIT >> INFO : MINION : Failed to dump JaCoCo execution data: org.jacoco.agent.rt.RT
18:50:18 PIT >> INFO : MINION : Failed to set JaCoCo session: org.jacoco.agent.rt.RT
18:50:18 PIT >> INFO : MINION : Failed to dump JaCoCo execution data: org.jacoco.agent.rt.RT
18:50:18 PIT >> INFO : MINION : Failed to set JaCoCo session: org.jacoco.agent.rt.RT
18:50:18 PIT >> INFO : MINION : Failed to dump JaCoCo execution data: org.jacoco.agent.rt.RT
18:50:18 PIT >> INFO : MINION : Failed to set JaCoCo session: org.jacoco.agent.rt.RT
18:50:18 PIT >> INFO : MINION : Failed to dump JaCoCo execution data: org.jacoco.agent.rt.RT
18:50:18 PIT >> INFO : MINION : Failed to set JaCoCo session: org.jacoco.agent.rt.RT
18:50:18 PIT >> INFO : MINION : Failed to dump JaCoCo execution data: org.jacoco.agent.rt.RT
18:50:18 PIT >> INFO : MINION : Failed to set JaCoCo session: org.jacoco.agent.rt.RT
18:50:18 PIT >> INFO : MINION : Failed to dump JaCoCo execution data: org.jacoco.agent.rt.RT
18:50:18 PIT >> INFO : MINION : Failed to set JaCoCo session: org.jacoco.agent.rt.RT
18:50:18 PIT >> INFO : MINION : Failed to dump JaCoCo execution data: org.jacoco.agent.rt.RT
18:50:18 PIT >> INFO : MINION : Failed to set JaCoCo session: org.jacoco.agent.rt.RT
18:50:18 PIT >> INFO : MINION : Failed to dump JaCoCo execution data: org.jacoco.agent.rt.RT
18:50:18 PIT >> INFO : MINION : Failed to set JaCoCo session: org.jacoco.agent.rt.RT
18:50:18 PIT >> INFO : MINION : Failed to dump JaCoCo execution data: org.jacoco.agent.rt.RT
18:50:18 PIT >> INFO : MINION : Failed to set JaCoCo session: org.jacoco.agent.rt.RT
18:50:18 PIT >> INFO : MINION : Failed to dump JaCoCo execution data: org.jacoco.agent.rt.RT
18:50:18 PIT >> INFO : MINION : Failed to set JaCoCo session: org.jacoco.agent.rt.RT
18:50:18 PIT >> INFO : MINION : Failed to dump JaCoCo execution data: org.jacoco.agent.rt.RT
18:50:18 PIT >> INFO : MINION : Failed to set JaCoCo session: org.jacoco.agent.rt.RT
18:50:18 PIT >> INFO : MINION : Failed to dump JaCoCo execution data: org.jacoco.agent.rt.RT
18:50:18 PIT >> INFO : MINION : Failed to set JaCoCo session: org.jacoco.agent.rt.RT
18:50:18 PIT >> INFO : MINION : Failed to dump JaCoCo execution data: org.jacoco.agent.rt.RT
18:50:18 PIT >> INFO : MINION : Failed to set JaCoCo session: org.jacoco.agent.rt.RT
18:50:18 PIT >> INFO : MINION : Failed to dump JaCoCo execution data: org.jacoco.agent.rt.RT
18:50:18 PIT >> INFO : MINION : Failed to set JaCoCo session: org.jacoco.agent.rt.RT
18:50:18 PIT >> INFO : MINION : Failed to dump JaCoCo execution data: org.jacoco.agent.rt.RT
18:50:18 PIT >> INFO : MINION : Failed to set JaCoCo session: org.jacoco.agent.rt.RT
18:50:18 PIT >> INFO : MINION : Failed to dump JaCoCo execution data: org.jacoco.agent.rt.RT
18:50:18 PIT >> INFO : MINION : Failed to set JaCoCo session: org.jacoco.agent.rt.RT
18:50:18 PIT >> INFO : MINION : Failed to dump JaCoCo execution data: org.jacoco.agent.rt.RT
18:50:18 PIT >> INFO : MINION : Failed to set JaCoCo session: org.jacoco.agent.rt.RT
18:50:18 PIT >> INFO : MINION : Failed to dump JaCoCo execution data: org.jacoco.agent.rt.RT
18:50:18 PIT >> INFO : MINION : Failed to set JaCoCo session: org.jacoco.agent.rt.RT
18:50:18 PIT >> INFO : MINION : Failed to dump JaCoCo execution data: org.jacoco.agent.rt.RT
18:50:18 PIT >> INFO : MINION : Failed to set JaCoCo session: org.jacoco.agent.rt.RT
18:50:18 PIT >> INFO : MINION : Failed to dump JaCoCo execution data: org.jacoco.agent.rt.RT
18:50:18 PIT >> INFO : MINION : Failed to set JaCoCo session: org.jacoco.agent.rt.RT
18:50:18 PIT >> INFO : MINION : Failed to dump JaCoCo execution data: org.jacoco.agent.rt.RT
18:50:18 PIT >> INFO : MINION : Failed to set JaCoCo session: org.jacoco.agent.rt.RT
18:50:18 PIT >> INFO : MINION : Failed to dump JaCoCo execution data: org.jacoco.agent.rt.RT
18:50:18 PIT >> INFO : MINION : Failed to set JaCoCo session: org.jacoco.agent.rt.RT
18:50:18 PIT >> INFO : MINION : Failed to dump JaCoCo execution data: org.jacoco.agent.rt.RT
18:50:18 PIT >> INFO : MINION : Failed to set JaCoCo session: org.jacoco.agent.rt.RT
18:50:18 PIT >> INFO : MINION : Failed to dump JaCoCo execution data: org.jacoco.agent.rt.RT
18:50:18 PIT >> INFO : MINION : Failed to set JaCoCo session: org.jacoco.agent.rt.RT
18:50:18 PIT >> INFO : MINION : Failed to dump JaCoCo execution data: org.jacoco.agent.rt.RT
18:50:18 PIT >> INFO : MINION : Failed to set JaCoCo session: org.jacoco.agent.rt.RT
18:50:18 PIT >> INFO : MINION : Failed to dump JaCoCo execution data: org.jacoco.agent.rt.RT
18:50:18 PIT >> INFO : MINION : Failed to set JaCoCo session: org.jacoco.agent.rt.RT
18:50:18 PIT >> INFO : MINION : Failed to dump JaCoCo execution data: org.jacoco.agent.rt.RT
18:50:18 PIT >> INFO : MINION : Failed to set JaCoCo session: org.jacoco.agent.rt.RT
18:50:18 PIT >> INFO : MINION : Failed to dump JaCoCo execution data: org.jacoco.agent.rt.RT
18:50:18 PIT >> INFO : MINION : Failed to set JaCoCo session: org.jacoco.agent.rt.RT
18:50:18 PIT >> INFO : MINION : Failed to dump JaCoCo execution data: org.jacoco.agent.rt.RT
18:50:18 PIT >> INFO : MINION : Failed to set JaCoCo session: org.jacoco.agent.rt.RT
18:50:18 PIT >> INFO : MINION : Failed to dump JaCoCo execution data: org.jacoco.agent.rt.RT
18:50:18 PIT >> INFO : MINION : Failed to set JaCoCo session: org.jacoco.agent.rt.RT
18:50:18 PIT >> INFO : MINION : Failed to dump JaCoCo execution data: org.jacoco.agent.rt.RT
18:50:18 PIT >> INFO : MINION : Failed to set JaCoCo session: org.jacoco.agent.rt.RT
18:50:18 PIT >> INFO : MINION : Failed to dump JaCoCo execution data: org.jacoco.agent.rt.RT
18:50:18 PIT >> INFO : MINION : Failed to set JaCoCo session: org.jacoco.agent.rt.RT
18:50:18 PIT >> INFO : MINION : Failed to dump JaCoCo execution data: org.jacoco.agent.rt.RT
18:50:18 PIT >> INFO : MINION : Failed to set JaCoCo session: org.jacoco.agent.rt.RT
18:50:18 PIT >> INFO : MINION : Failed to dump JaCoCo execution data: org.jacoco.agent.rt.RT
18:50:18 PIT >> INFO : MINION : Failed to set JaCoCo session: org.jacoco.agent.rt.RT
18:50:18 PIT >> INFO : MINION : Failed to dump JaCoCo execution data: org.jacoco.agent.rt.RT
18:50:18 PIT >> INFO : MINION : Failed to set JaCoCo session: org.jacoco.agent.rt.RT
18:50:18 PIT >> INFO : MINION : Failed to dump JaCoCo execution data: org.jacoco.agent.rt.RT
18:50:18 PIT >> INFO : MINION : Failed to set JaCoCo session: org.jacoco.agent.rt.RT
18:50:18 PIT >> INFO : MINION : Failed to dump JaCoCo execution data: org.jacoco.agent.rt.RT
18:50:18 PIT >> INFO : MINION : Failed to set JaCoCo session: org.jacoco.agent.rt.RT
18:50:18 PIT >> INFO : MINION : Failed to dump JaCoCo execution data: org.jacoco.agent.rt.RT
18:50:18 PIT >> INFO : MINION : Failed to set JaCoCo session: org.jacoco.agent.rt.RT
18:50:18 PIT >> INFO : MINION : Failed to dump JaCoCo execution data: org.jacoco.agent.rt.RT
18:50:18 PIT >> INFO : MINION : Failed to set JaCoCo session: org.jacoco.agent.rt.RT
18:50:18 PIT >> INFO : MINION : Failed to dump JaCoCo execution data: org.jacoco.agent.rt.RT
18:50:18 PIT >> INFO : MINION : Failed to set JaCoCo session: org.jacoco.agent.rt.RT
18:50:18 PIT >> INFO : MINION : Failed to dump JaCoCo execution data: org.jacoco.agent.rt.RT
18:50:18 PIT >> INFO : MINION : Failed to set JaCoCo session: org.jacoco.agent.rt.RT
18:50:18 PIT >> INFO : MINION : Failed to dump JaCoCo execution data: org.jacoco.agent.rt.RT
18:50:18 PIT >> INFO : MINION : Failed to set JaCoCo session: org.jacoco.agent.rt.RT
18:50:18 PIT >> INFO : MINION : Failed to dump JaCoCo execution data: org.jacoco.agent.rt.RT
18:50:18 PIT >> INFO : MINION : Failed to set JaCoCo session: org.jacoco.agent.rt.RT
18:50:18 PIT >> INFO : MINION : Failed to dump JaCoCo execution data: org.jacoco.agent.rt.RT
18:50:18 PIT >> INFO : MINION : Failed to set JaCoCo session: org.jacoco.agent.rt.RT
18:50:18 PIT >> INFO : MINION : Failed to dump JaCoCo execution data: org.jacoco.agent.rt.RT
18:50:18 PIT >> INFO : MINION : Failed to set JaCoCo session: org.jacoco.agent.rt.RT
18:50:18 PIT >> INFO : MINION : Failed to dump JaCoCo execution data: org.jacoco.agent.rt.RT
18:50:18 PIT >> INFO : MINION : Failed to set JaCoCo session: org.jacoco.agent.rt.RT
18:50:18 PIT >> INFO : MINION : Failed to dump JaCoCo execution data: org.jacoco.agent.rt.RT
18:50:18 PIT >> INFO : MINION : Failed to set JaCoCo session: org.jacoco.agent.rt.RT
18:50:18 PIT >> INFO : MINION : Failed to dump JaCoCo execution data: org.jacoco.agent.rt.RT
18:50:18 PIT >> INFO : MINION : Failed to set JaCoCo session: org.jacoco.agent.rt.RT
18:50:18 PIT >> INFO : MINION : Failed to dump JaCoCo execution data: org.jacoco.agent.rt.RT
18:50:18 PIT >> INFO : MINION : Failed to set JaCoCo session: org.jacoco.agent.rt.RT
18:50:18 PIT >> INFO : MINION : Failed to dump JaCoCo execution data: org.jacoco.agent.rt.RT
18:50:18 PIT >> INFO : MINION : Failed to set JaCoCo session: org.jacoco.agent.rt.RT
18:50:18 PIT >> INFO : MINION : Failed to dump JaCoCo execution data: org.jacoco.agent.rt.RT
18:50:18 PIT >> INFO : MINION : Failed to set JaCoCo session: org.jacoco.agent.rt.RT
18:50:18 PIT >> INFO : MINION : Failed to dump JaCoCo execution data: org.jacoco.agent.rt.RT
18:50:18 PIT >> INFO : MINION : Failed to set JaCoCo session: org.jacoco.agent.rt.RT
18:50:18 PIT >> INFO : MINION : Failed to dump JaCoCo execution data: org.jacoco.agent.rt.RT
18:50:18 PIT >> INFO : MINION : Failed to set JaCoCo session: org.jacoco.agent.rt.RT
18:50:18 PIT >> INFO : MINION : Failed to dump JaCoCo execution data: org.jacoco.agent.rt.RT
18:50:18 PIT >> INFO : MINION : Failed to set JaCoCo session: org.jacoco.agent.rt.RT
18:50:18 PIT >> INFO : MINION : Failed to dump JaCoCo execution data: org.jacoco.agent.rt.RT
18:50:18 PIT >> INFO : MINION : Failed to set JaCoCo session: org.jacoco.agent.rt.RT
18:50:18 PIT >> INFO : MINION : Failed to dump JaCoCo execution data: org.jacoco.agent.rt.RT
18:50:18 PIT >> INFO : MINION : Failed to set JaCoCo session: org.jacoco.agent.rt.RT
18:50:18 PIT >> INFO : MINION : Failed to dump JaCoCo execution data: org.jacoco.agent.rt.RT
18:50:18 PIT >> INFO : MINION : Failed to set JaCoCo session: org.jacoco.agent.rt.RT
18:50:18 PIT >> INFO : MINION : Failed to dump JaCoCo execution data: org.jacoco.agent.rt.RT
18:50:18 PIT >> INFO : MINION : Failed to set JaCoCo session: org.jacoco.agent.rt.RT
18:50:18 PIT >> INFO : MINION : Failed to dump JaCoCo execution data: org.jacoco.agent.rt.RT
18:50:18 PIT >> INFO : MINION : Failed to set JaCoCo session: org.jacoco.agent.rt.RT
18:50:18 PIT >> INFO : MINION : Failed to dump JaCoCo execution data: org.jacoco.agent.rt.RT
18:50:18 PIT >> INFO : MINION : Failed to set JaCoCo session: org.jacoco.agent.rt.RT
18:50:18 PIT >> INFO : MINION : Failed to dump JaCoCo execution data: org.jacoco.agent.rt.RT
18:50:18 PIT >> INFO : MINION : Failed to set JaCoCo session: org.jacoco.agent.rt.RT
18:50:18 PIT >> INFO : MINION : Failed to dump JaCoCo execution data: org.jacoco.agent.rt.RT
18:50:18 PIT >> INFO : MINION : Failed to set JaCoCo session: org.jacoco.agent.rt.RT
18:50:18 PIT >> INFO : MINION : Failed to dump JaCoCo execution data: org.jacoco.agent.rt.RT
18:50:18 PIT >> INFO : MINION : Failed to set JaCoCo session: org.jacoco.agent.rt.RT
18:50:18 PIT >> INFO : MINION : Failed to dump JaCoCo execution data: org.jacoco.agent.rt.RT
18:50:18 PIT >> INFO : MINION : Failed to set JaCoCo session: org.jacoco.agent.rt.RT
18:50:18 PIT >> INFO : MINION : Failed to dump JaCoCo execution data: org.jacoco.agent.rt.RT
18:50:18 PIT >> INFO : MINION : Failed to set JaCoCo session: org.jacoco.agent.rt.RT
18:50:18 PIT >> INFO : MINION : Failed to dump JaCoCo execution data: org.jacoco.agent.rt.RT
18:50:18 PIT >> INFO : MINION : Failed to set JaCoCo session: org.jacoco.agent.rt.RT
18:50:18 PIT >> INFO : MINION : Failed to dump JaCoCo execution data: org.jacoco.agent.rt.RT
18:50:18 PIT >> INFO : MINION : Failed to set JaCoCo session: org.jacoco.agent.rt.RT
18:50:18 PIT >> INFO : MINION : Failed to dump JaCoCo execution data: org.jacoco.agent.rt.RT
18:50:18 PIT >> INFO : MINION : Failed to set JaCoCo session: org.jacoco.agent.rt.RT
18:50:18 PIT >> INFO : MINION : Failed to dump JaCoCo execution data: org.jacoco.agent.rt.RT
18:50:18 PIT >> INFO : MINION : Failed to set JaCoCo session: org.jacoco.agent.rt.RT
18:50:18 PIT >> INFO : MINION : Failed to dump JaCoCo execution data: org.jacoco.agent.rt.RT
18:50:18 PIT >> INFO : MINION : Failed to set JaCoCo session: org.jacoco.agent.rt.RT
18:50:18 PIT >> INFO : MINION : Failed to dump JaCoCo execution data: org.jacoco.agent.rt.RT
18:50:18 PIT >> INFO : MINION : Failed to set JaCoCo session: org.jacoco.agent.rt.RT
18:50:18 PIT >> INFO : MINION : Failed to dump JaCoCo execution data: org.jacoco.agent.rt.RT
18:50:18 PIT >> INFO : MINION : Failed to set JaCoCo session: org.jacoco.agent.rt.RT
18:50:18 PIT >> INFO : MINION : Failed to dump JaCoCo execution data: org.jacoco.agent.rt.RT
18:50:18 PIT >> INFO : MINION : Failed to set JaCoCo session: org.jacoco.agent.rt.RT
18:50:18 PIT >> INFO : MINION : Failed to dump JaCoCo execution data: org.jacoco.agent.rt.RT
18:50:18 PIT >> INFO : MINION : Failed to set JaCoCo session: org.jacoco.agent.rt.RT
18:50:18 PIT >> INFO : MINION : Failed to dump JaCoCo execution data: org.jacoco.agent.rt.RT
18:50:18 PIT >> INFO : MINION : Failed to set JaCoCo session: org.jacoco.agent.rt.RT
18:50:18 PIT >> INFO : MINION : Failed to dump JaCoCo execution data: org.jacoco.agent.rt.RT
18:50:18 PIT >> INFO : MINION : Failed to set JaCoCo session: org.jacoco.agent.rt.RT
18:50:18 PIT >> INFO : MINION : Failed to dump JaCoCo execution data: org.jacoco.agent.rt.RT
18:50:18 PIT >> INFO : MINION : Failed to set JaCoCo session: org.jacoco.agent.rt.RT
18:50:18 PIT >> INFO : MINION : Failed to dump JaCoCo execution data: org.jacoco.agent.rt.RT
18:50:18 PIT >> INFO : MINION : Failed to set JaCoCo session: org.jacoco.agent.rt.RT
18:50:18 PIT >> INFO : MINION : Failed to dump JaCoCo execution data: org.jacoco.agent.rt.RT
18:50:18 PIT >> INFO : MINION : Failed to set JaCoCo session: org.jacoco.agent.rt.RT
18:50:18 PIT >> INFO : MINION : Failed to dump JaCoCo execution data: org.jacoco.agent.rt.RT
18:50:18 PIT >> INFO : MINION : Failed to set JaCoCo session: org.jacoco.agent.rt.RT
18:50:18 PIT >> INFO : MINION : Failed to dump JaCoCo execution data: org.jacoco.agent.rt.RT
18:50:18 PIT >> INFO : MINION : Failed to set JaCoCo session: org.jacoco.agent.rt.RT
18:50:18 PIT >> INFO : MINION : Failed to dump JaCoCo execution data: org.jacoco.agent.rt.RT
18:50:18 PIT >> INFO : MINION : Failed to set JaCoCo session: org.jacoco.agent.rt.RT
18:50:18 PIT >> INFO : MINION : Failed to dump JaCoCo execution data: org.jacoco.agent.rt.RT
18:50:18 PIT >> INFO : MINION : Failed to set JaCoCo session: org.jacoco.agent.rt.RT
18:50:18 PIT >> INFO : MINION : Failed to dump JaCoCo execution data: org.jacoco.agent.rt.RT
18:50:18 PIT >> INFO : MINION : Failed to set JaCoCo session: org.jacoco.agent.rt.RT
18:50:18 PIT >> INFO : MINION : Failed to dump JaCoCo execution data: org.jacoco.agent.rt.RT
18:50:18 PIT >> INFO : MINION : Failed to set JaCoCo session: org.jacoco.agent.rt.RT
18:50:18 PIT >> INFO : MINION : Failed to dump JaCoCo execution data: org.jacoco.agent.rt.RT
18:50:18 PIT >> INFO : MINION : Failed to set JaCoCo session: org.jacoco.agent.rt.RT
18:50:18 PIT >> INFO : MINION : Failed to dump JaCoCo execution data: org.jacoco.agent.rt.RT
18:50:18 PIT >> INFO : MINION : Failed to set JaCoCo session: org.jacoco.agent.rt.RT
18:50:18 PIT >> INFO : MINION : Failed to dump JaCoCo execution data: org.jacoco.agent.rt.RT
18:50:18 PIT >> INFO : MINION : Failed to set JaCoCo session: org.jacoco.agent.rt.RT
18:50:18 PIT >> INFO : MINION : Failed to dump JaCoCo execution data: org.jacoco.agent.rt.RT
18:50:18 PIT >> INFO : MINION : Failed to set JaCoCo session: org.jacoco.agent.rt.RT
18:50:18 PIT >> INFO : MINION : Failed to dump JaCoCo execution data: org.jacoco.agent.rt.RT
18:50:18 PIT >> INFO : MINION : Failed to set JaCoCo session: org.jacoco.agent.rt.RT
18:50:18 PIT >> INFO : MINION : Failed to dump JaCoCo execution data: org.jacoco.agent.rt.RT
18:50:18 PIT >> INFO : MINION : Failed to set JaCoCo session: org.jacoco.agent.rt.RT
18:50:18 PIT >> INFO : MINION : Failed to dump JaCoCo execution data: org.jacoco.agent.rt.RT
18:50:18 PIT >> INFO : MINION : Failed to set JaCoCo session: org.jacoco.agent.rt.RT
18:50:18 PIT >> INFO : MINION : Failed to dump JaCoCo execution data: org.jacoco.agent.rt.RT
18:50:18 PIT >> INFO : MINION : Failed to set JaCoCo session: org.jacoco.agent.rt.RT
18:50:18 PIT >> INFO : MINION : Failed to dump JaCoCo execution data: org.jacoco.agent.rt.RT
18:50:18 PIT >> INFO : MINION : Failed to set JaCoCo session: org.jacoco.agent.rt.RT
18:50:18 PIT >> INFO : MINION : Failed to dump JaCoCo execution data: org.jacoco.agent.rt.RT
18:50:18 PIT >> INFO : MINION : Failed to set JaCoCo session: org.jacoco.agent.rt.RT
18:50:18 PIT >> INFO : MINION : Failed to dump JaCoCo execution data: org.jacoco.agent.rt.RT
18:50:18 PIT >> INFO : MINION : Failed to set JaCoCo session: org.jacoco.agent.rt.RT
18:50:18 PIT >> INFO : MINION : Failed to dump JaCoCo execution data: org.jacoco.agent.rt.RT
18:50:18 PIT >> INFO : MINION : Failed to set JaCoCo session: org.jacoco.agent.rt.RT
18:50:18 PIT >> INFO : MINION : Failed to dump JaCoCo execution data: org.jacoco.agent.rt.RT
18:50:18 PIT >> INFO : MINION : Failed to set JaCoCo session: org.jacoco.agent.rt.RT
18:50:18 PIT >> INFO : MINION : Failed to dump JaCoCo execution data: org.jacoco.agent.rt.RT
18:50:18 PIT >> INFO : MINION : Failed to set JaCoCo session: org.jacoco.agent.rt.RT
18:50:18 PIT >> INFO : MINION : Failed to dump JaCoCo execution data: org.jacoco.agent.rt.RT
18:50:18 PIT >> INFO : MINION : Failed to set JaCoCo session: org.jacoco.agent.rt.RT
18:50:18 PIT >> INFO : MINION : Failed to dump JaCoCo execution data: org.jacoco.agent.rt.RT
18:50:18 PIT >> INFO : MINION : Failed to set JaCoCo session: org.jacoco.agent.rt.RT
18:50:18 PIT >> INFO : MINION : Failed to dump JaCoCo execution data: org.jacoco.agent.rt.RT
18:50:18 PIT >> INFO : MINION : Failed to set JaCoCo session: org.jacoco.agent.rt.RT
18:50:18 PIT >> INFO : MINION : Failed to dump JaCoCo execution data: org.jacoco.agent.rt.RT
18:50:18 PIT >> INFO : MINION : Failed to set JaCoCo session: org.jacoco.agent.rt.RT
18:50:18 PIT >> INFO : MINION : Failed to dump JaCoCo execution data: org.jacoco.agent.rt.RT
18:50:18 PIT >> INFO : MINION : Failed to set JaCoCo session: org.jacoco.agent.rt.RT
18:50:18 PIT >> INFO : MINION : Failed to dump JaCoCo execution data: org.jacoco.agent.rt.RT
18:50:18 PIT >> INFO : MINION : Failed to set JaCoCo session: org.jacoco.agent.rt.RT
18:50:18 PIT >> INFO : MINION : Failed to dump JaCoCo execution data: org.jacoco.agent.rt.RT
18:50:18 PIT >> INFO : MINION : Failed to set JaCoCo session: org.jacoco.agent.rt.RT
18:50:18 PIT >> INFO : MINION : Failed to dump JaCoCo execution data: org.jacoco.agent.rt.RT
18:50:18 PIT >> INFO : MINION : Failed to set JaCoCo session: org.jacoco.agent.rt.RT
18:50:18 PIT >> INFO : MINION : Failed to dump JaCoCo execution data: org.jacoco.agent.rt.RT
18:50:18 PIT >> INFO : MINION : Failed to set JaCoCo session: org.jacoco.agent.rt.RT
18:50:18 PIT >> INFO : MINION : Failed to dump JaCoCo execution data: org.jacoco.agent.rt.RT
18:50:18 PIT >> INFO : MINION : Failed to set JaCoCo session: org.jacoco.agent.rt.RT
18:50:18 PIT >> INFO : MINION : Failed to dump JaCoCo execution data: org.jacoco.agent.rt.RT
18:50:18 PIT >> INFO : MINION : Failed to set JaCoCo session: org.jacoco.agent.rt.RT
18:50:18 PIT >> INFO : MINION : Failed to dump JaCoCo execution data: org.jacoco.agent.rt.RT
18:50:18 PIT >> INFO : MINION : Failed to set JaCoCo session: org.jacoco.agent.rt.RT
18:50:18 PIT >> INFO : MINION : Failed to dump JaCoCo execution data: org.jacoco.agent.rt.RT
18:50:18 PIT >> INFO : MINION : Failed to set JaCoCo session: org.jacoco.agent.rt.RT
18:50:18 PIT >> INFO : MINION : Failed to dump JaCoCo execution data: org.jacoco.agent.rt.RT
18:50:18 PIT >> INFO : MINION : Failed to set JaCoCo session: org.jacoco.agent.rt.RT
18:50:18 PIT >> INFO : MINION : Failed to dump JaCoCo execution data: org.jacoco.agent.rt.RT
18:50:18 PIT >> INFO : MINION : Failed to set JaCoCo session: org.jacoco.agent.rt.RT
18:50:18 PIT >> INFO : MINION : Failed to dump JaCoCo execution data: org.jacoco.agent.rt.RT
18:50:18 PIT >> INFO : MINION : Failed to set JaCoCo session: org.jacoco.agent.rt.RT
18:50:18 PIT >> INFO : MINION : Failed to dump JaCoCo execution data: org.jacoco.agent.rt.RT
18:50:18 PIT >> INFO : MINION : Failed to set JaCoCo session: org.jacoco.agent.rt.RT
18:50:18 PIT >> INFO : MINION : Failed to dump JaCoCo execution data: org.jacoco.agent.rt.RT
18:50:18 PIT >> INFO : MINION : Failed to set JaCoCo session: org.jacoco.agent.rt.RT
18:50:18 PIT >> INFO : MINION : Failed to dump JaCoCo execution data: org.jacoco.agent.rt.RT
18:50:18 PIT >> INFO : MINION : Failed to set JaCoCo session: org.jacoco.agent.rt.RT
18:50:18 PIT >> INFO : MINION : Failed to dump JaCoCo execution data: org.jacoco.agent.rt.RT
18:50:18 PIT >> INFO : MINION : Failed to set JaCoCo session: org.jacoco.agent.rt.RT
18:50:18 PIT >> INFO : MINION : Failed to dump JaCoCo execution data: org.jacoco.agent.rt.RT
18:50:18 PIT >> INFO : MINION : Failed to set JaCoCo session: org.jacoco.agent.rt.RT
18:50:18 PIT >> INFO : MINION : Failed to dump JaCoCo execution data: org.jacoco.agent.rt.RT
18:50:18 PIT >> INFO : MINION : Failed to set JaCoCo session: org.jacoco.agent.rt.RT
18:50:18 PIT >> INFO : MINION : Failed to dump JaCoCo execution data: org.jacoco.agent.rt.RT
18:50:18 PIT >> INFO : MINION : Failed to set JaCoCo session: org.jacoco.agent.rt.RT
18:50:18 PIT >> INFO : MINION : Failed to dump JaCoCo execution data: org.jacoco.agent.rt.RT
18:50:18 PIT >> INFO : MINION : Failed to set JaCoCo session: org.jacoco.agent.rt.RT
18:50:18 PIT >> INFO : MINION : Failed to dump JaCoCo execution data: org.jacoco.agent.rt.RT
18:50:18 PIT >> INFO : MINION : Failed to set JaCoCo session: org.jacoco.agent.rt.RT
18:50:18 PIT >> INFO : MINION : Failed to dump JaCoCo execution data: org.jacoco.agent.rt.RT
18:50:18 PIT >> INFO : MINION : Failed to set JaCoCo session: org.jacoco.agent.rt.RT
18:50:18 PIT >> INFO : MINION : Failed to dump JaCoCo execution data: org.jacoco.agent.rt.RT
18:50:18 PIT >> INFO : MINION : Failed to set JaCoCo session: org.jacoco.agent.rt.RT
18:50:18 PIT >> INFO : MINION : Failed to dump JaCoCo execution data: org.jacoco.agent.rt.RT
18:50:18 PIT >> INFO : MINION : Failed to set JaCoCo session: org.jacoco.agent.rt.RT
18:50:18 PIT >> INFO : MINION : Failed to dump JaCoCo execution data: org.jacoco.agent.rt.RT
18:50:18 PIT >> INFO : MINION : Failed to set JaCoCo session: org.jacoco.agent.rt.RT
18:50:18 PIT >> INFO : MINION : Failed to dump JaCoCo execution data: org.jacoco.agent.rt.RT
18:50:18 PIT >> INFO : MINION : Failed to set JaCoCo session: org.jacoco.agent.rt.RT
18:50:18 PIT >> INFO : MINION : Failed to dump JaCoCo execution data: org.jacoco.agent.rt.RT
18:50:18 PIT >> INFO : MINION : Failed to set JaCoCo session: org.jacoco.agent.rt.RT
18:50:18 PIT >> INFO : MINION : Failed to dump JaCoCo execution data: org.jacoco.agent.rt.RT
18:50:18 PIT >> INFO : MINION : Failed to set JaCoCo session: org.jacoco.agent.rt.RT
18:50:18 PIT >> INFO : MINION : Failed to dump JaCoCo execution data: org.jacoco.agent.rt.RT
18:50:18 PIT >> INFO : MINION : Failed to set JaCoCo session: org.jacoco.agent.rt.RT
18:50:18 PIT >> INFO : MINION : Failed to dump JaCoCo execution data: org.jacoco.agent.rt.RT
18:50:18 PIT >> INFO : MINION : Failed to set JaCoCo session: org.jacoco.agent.rt.RT
18:50:18 PIT >> INFO : MINION : Failed to dump JaCoCo execution data: org.jacoco.agent.rt.RT
18:50:18 PIT >> INFO : MINION : Failed to set JaCoCo session: org.jacoco.agent.rt.RT
18:50:18 PIT >> INFO : MINION : Failed to dump JaCoCo execution data: org.jacoco.agent.rt.RT
18:50:18 PIT >> INFO : MINION : Failed to set JaCoCo session: org.jacoco.agent.rt.RT
18:50:18 PIT >> INFO : MINION : Failed to dump JaCoCo execution data: org.jacoco.agent.rt.RT
18:50:18 PIT >> INFO : MINION : Failed to set JaCoCo session: org.jacoco.agent.rt.RT
18:50:18 PIT >> INFO : MINION : Failed to dump JaCoCo execution data: org.jacoco.agent.rt.RT
18:50:18 PIT >> INFO : MINION : Failed to set JaCoCo session: org.jacoco.agent.rt.RT
18:50:18 PIT >> INFO : MINION : Failed to dump JaCoCo execution data: org.jacoco.agent.rt.RT
18:50:18 PIT >> INFO : MINION : Failed to set JaCoCo session: org.jacoco.agent.rt.RT
18:50:18 PIT >> INFO : MINION : Failed to dump JaCoCo execution data: org.jacoco.agent.rt.RT
18:50:18 PIT >> INFO : MINION : Failed to set JaCoCo session: org.jacoco.agent.rt.RT
18:50:18 PIT >> INFO : MINION : Failed to dump JaCoCo execution data: org.jacoco.agent.rt.RT
18:50:18 PIT >> INFO : MINION : Failed to set JaCoCo session: org.jacoco.agent.rt.RT
18:50:18 PIT >> INFO : MINION : Failed to dump JaCoCo execution data: org.jacoco.agent.rt.RT
18:50:18 PIT >> INFO : MINION : Failed to set JaCoCo session: org.jacoco.agent.rt.RT
18:50:18 PIT >> INFO : MINION : Failed to dump JaCoCo execution data: org.jacoco.agent.rt.RT
18:50:18 PIT >> INFO : MINION : Failed to set JaCoCo session: org.jacoco.agent.rt.RT
18:50:18 PIT >> INFO : MINION : Failed to dump JaCoCo execution data: org.jacoco.agent.rt.RT
18:50:18 PIT >> INFO : MINION : Failed to set JaCoCo session: org.jacoco.agent.rt.RT
18:50:18 PIT >> INFO : MINION : Failed to dump JaCoCo execution data: org.jacoco.agent.rt.RT
18:50:18 PIT >> INFO : MINION : Failed to set JaCoCo session: org.jacoco.agent.rt.RT
18:50:18 PIT >> INFO : MINION : Failed to dump JaCoCo execution data: org.jacoco.agent.rt.RT
18:50:18 PIT >> INFO : MINION : Failed to set JaCoCo session: org.jacoco.agent.rt.RT
18:50:18 PIT >> INFO : MINION : Failed to dump JaCoCo execution data: org.jacoco.agent.rt.RT
18:50:18 PIT >> INFO : MINION : Failed to set JaCoCo session: org.jacoco.agent.rt.RT
18:50:18 PIT >> INFO : MINION : Failed to dump JaCoCo execution data: org.jacoco.agent.rt.RT
18:50:18 PIT >> INFO : MINION : Failed to set JaCoCo session: org.jacoco.agent.rt.RT
18:50:18 PIT >> INFO : MINION : Failed to dump JaCoCo execution data: org.jacoco.agent.rt.RT
18:50:18 PIT >> INFO : MINION : Failed to set JaCoCo session: org.jacoco.agent.rt.RT
18:50:18 PIT >> INFO : MINION : Failed to dump JaCoCo execution data: org.jacoco.agent.rt.RT
18:50:18 PIT >> INFO : MINION : Failed to set JaCoCo session: org.jacoco.agent.rt.RT
18:50:18 PIT >> INFO : MINION : Failed to dump JaCoCo execution data: org.jacoco.agent.rt.RT
18:50:18 PIT >> INFO : MINION : Failed to set JaCoCo session: org.jacoco.agent.rt.RT
18:50:18 PIT >> INFO : MINION : Failed to dump JaCoCo execution data: org.jacoco.agent.rt.RT
18:50:18 PIT >> INFO : MINION : Failed to set JaCoCo session: org.jacoco.agent.rt.RT
18:50:18 PIT >> INFO : MINION : Failed to dump JaCoCo execution data: org.jacoco.agent.rt.RT
18:50:18 PIT >> INFO : MINION : Failed to set JaCoCo session: org.jacoco.agent.rt.RT
18:50:18 PIT >> INFO : MINION : Failed to dump JaCoCo execution data: org.jacoco.agent.rt.RT
18:50:18 PIT >> INFO : MINION : Failed to set JaCoCo session: org.jacoco.agent.rt.RT
18:50:18 PIT >> INFO : MINION : Failed to dump JaCoCo execution data: org.jacoco.agent.rt.RT
18:50:18 PIT >> INFO : MINION : Failed to set JaCoCo session: org.jacoco.agent.rt.RT
18:50:18 PIT >> INFO : MINION : Failed to dump JaCoCo execution data: org.jacoco.agent.rt.RT
18:50:18 PIT >> INFO : MINION : Failed to set JaCoCo session: org.jacoco.agent.rt.RT
18:50:18 PIT >> INFO : MINION : Failed to dump JaCoCo execution data: org.jacoco.agent.rt.RT
18:50:18 PIT >> INFO : MINION : Failed to set JaCoCo session: org.jacoco.agent.rt.RT
18:50:18 PIT >> INFO : MINION : Failed to dump JaCoCo execution data: org.jacoco.agent.rt.RT
18:50:18 PIT >> INFO : MINION : Failed to set JaCoCo session: org.jacoco.agent.rt.RT
18:50:18 PIT >> INFO : MINION : Failed to dump JaCoCo execution data: org.jacoco.agent.rt.RT
18:50:18 PIT >> INFO : MINION : Failed to set JaCoCo session: org.jacoco.agent.rt.RT
18:50:18 PIT >> INFO : MINION : Failed to dump JaCoCo execution data: org.jacoco.agent.rt.RT
18:50:18 PIT >> INFO : MINION : Failed to set JaCoCo session: org.jacoco.agent.rt.RT
18:50:18 PIT >> INFO : MINION : Failed to dump JaCoCo execution data: org.jacoco.agent.rt.RT
18:50:18 PIT >> INFO : MINION : Failed to set JaCoCo session: org.jacoco.agent.rt.RT
18:50:18 PIT >> INFO : MINION : Failed to dump JaCoCo execution data: org.jacoco.agent.rt.RT
18:50:18 PIT >> INFO : MINION : Failed to set JaCoCo session: org.jacoco.agent.rt.RT
18:50:18 PIT >> INFO : MINION : Failed to dump JaCoCo execution data: org.jacoco.agent.rt.RT
18:50:18 PIT >> INFO : MINION : Failed to set JaCoCo session: org.jacoco.agent.rt.RT
18:50:18 PIT >> INFO : MINION : Failed to dump JaCoCo execution data: org.jacoco.agent.rt.RT
18:50:18 PIT >> INFO : MINION : Failed to set JaCoCo session: org.jacoco.agent.rt.RT
18:50:18 PIT >> INFO : MINION : Failed to dump JaCoCo execution data: org.jacoco.agent.rt.RT
18:50:18 PIT >> INFO : MINION : Failed to set JaCoCo session: org.jacoco.agent.rt.RT
18:50:18 PIT >> INFO : MINION : Failed to dump JaCoCo execution data: org.jacoco.agent.rt.RT
18:50:18 PIT >> INFO : MINION : Failed to set JaCoCo session: org.jacoco.agent.rt.RT
18:50:18 PIT >> INFO : MINION : Failed to dump JaCoCo execution data: org.jacoco.agent.rt.RT
18:50:18 PIT >> INFO : MINION : Failed to set JaCoCo session: org.jacoco.agent.rt.RT
18:50:18 PIT >> INFO : MINION : Failed to dump JaCoCo execution data: org.jacoco.agent.rt.RT
18:50:18 PIT >> INFO : MINION : Failed to set JaCoCo session: org.jacoco.agent.rt.RT
18:50:18 PIT >> INFO : MINION : Failed to dump JaCoCo execution data: org.jacoco.agent.rt.RT
18:50:18 PIT >> INFO : MINION : Failed to set JaCoCo session: org.jacoco.agent.rt.RT
18:50:18 PIT >> INFO : MINION : Failed to dump JaCoCo execution data: org.jacoco.agent.rt.RT
18:50:18 PIT >> INFO : MINION : Failed to set JaCoCo session: org.jacoco.agent.rt.RT
18:50:18 PIT >> INFO : MINION : Failed to dump JaCoCo execution data: org.jacoco.agent.rt.RT
18:50:18 PIT >> INFO : MINION : Failed to set JaCoCo session: org.jacoco.agent.rt.RT
18:50:18 PIT >> INFO : MINION : Failed to dump JaCoCo execution data: org.jacoco.agent.rt.RT
18:50:18 PIT >> INFO : MINION : Failed to set JaCoCo session: org.jacoco.agent.rt.RT
18:50:18 PIT >> INFO : MINION : Failed to dump JaCoCo execution data: org.jacoco.agent.rt.RT
18:50:18 PIT >> INFO : MINION : Failed to set JaCoCo session: org.jacoco.agent.rt.RT
18:50:18 PIT >> INFO : MINION : Failed to dump JaCoCo execution data: org.jacoco.agent.rt.RT
18:50:18 PIT >> INFO : MINION : Failed to set JaCoCo session: org.jacoco.agent.rt.RT
18:50:18 PIT >> INFO : MINION : Failed to dump JaCoCo execution data: org.jacoco.agent.rt.RT
18:50:18 PIT >> INFO : MINION : Failed to set JaCoCo session: org.jacoco.agent.rt.RT
18:50:18 PIT >> INFO : MINION : Failed to dump JaCoCo execution data: org.jacoco.agent.rt.RT
18:50:18 PIT >> INFO : MINION : Failed to set JaCoCo session: org.jacoco.agent.rt.RT
18:50:18 PIT >> INFO : MINION : Failed to dump JaCoCo execution data: org.jacoco.agent.rt.RT
18:50:18 PIT >> INFO : MINION : Failed to set JaCoCo session: org.jacoco.agent.rt.RT
18:50:18 PIT >> INFO : MINION : Failed to dump JaCoCo execution data: org.jacoco.agent.rt.RT
18:50:18 PIT >> INFO : MINION : Failed to set JaCoCo session: org.jacoco.agent.rt.RT
18:50:18 PIT >> INFO : MINION : Failed to dump JaCoCo execution data: org.jacoco.agent.rt.RT
18:50:18 PIT >> INFO : MINION : Failed to set JaCoCo session: org.jacoco.agent.rt.RT
18:50:18 PIT >> INFO : MINION : Failed to dump JaCoCo execution data: org.jacoco.agent.rt.RT
18:50:18 PIT >> INFO : MINION : Failed to set JaCoCo session: org.jacoco.agent.rt.RT
18:50:18 PIT >> INFO : MINION : Failed to dump JaCoCo execution data: org.jacoco.agent.rt.RT
18:50:18 PIT >> INFO : MINION : Failed to set JaCoCo session: org.jacoco.agent.rt.RT
18:50:18 PIT >> INFO : MINION : Failed to dump JaCoCo execution data: org.jacoco.agent.rt.RT
18:50:18 PIT >> INFO : MINION : Failed to set JaCoCo session: org.jacoco.agent.rt.RT
18:50:18 PIT >> INFO : MINION : Failed to dump JaCoCo execution data: org.jacoco.agent.rt.RT
18:50:18 PIT >> INFO : MINION : Failed to set JaCoCo session: org.jacoco.agent.rt.RT
18:50:18 PIT >> INFO : MINION : Failed to dump JaCoCo execution data: org.jacoco.agent.rt.RT
18:50:18 PIT >> INFO : MINION : Failed to set JaCoCo session: org.jacoco.agent.rt.RT
18:50:18 PIT >> INFO : MINION : Failed to dump JaCoCo execution data: org.jacoco.agent.rt.RT
18:50:18 PIT >> INFO : MINION : Failed to set JaCoCo session: org.jacoco.agent.rt.RT
18:50:18 PIT >> INFO : MINION : Failed to dump JaCoCo execution data: org.jacoco.agent.rt.RT
18:50:18 PIT >> INFO : MINION : Failed to set JaCoCo session: org.jacoco.agent.rt.RT
18:50:18 PIT >> INFO : MINION : Failed to dump JaCoCo execution data: org.jacoco.agent.rt.RT
18:50:18 PIT >> INFO : MINION : Failed to set JaCoCo session: org.jacoco.agent.rt.RT
18:50:18 PIT >> INFO : MINION : Failed to dump JaCoCo execution data: org.jacoco.agent.rt.RT
18:50:18 PIT >> INFO : MINION : Failed to set JaCoCo session: org.jacoco.agent.rt.RT
18:50:18 PIT >> INFO : MINION : Failed to dump JaCoCo execution data: org.jacoco.agent.rt.RT
18:50:18 PIT >> INFO : MINION : Failed to set JaCoCo session: org.jacoco.agent.rt.RT
18:50:18 PIT >> INFO : MINION : Failed to dump JaCoCo execution data: org.jacoco.agent.rt.RT
18:50:18 PIT >> INFO : MINION : Failed to set JaCoCo session: org.jacoco.agent.rt.RT
18:50:18 PIT >> INFO : MINION : Failed to dump JaCoCo execution data: org.jacoco.agent.rt.RT
18:50:18 PIT >> INFO : MINION : Failed to set JaCoCo session: org.jacoco.agent.rt.RT
18:50:18 PIT >> INFO : MINION : Failed to dump JaCoCo execution data: org.jacoco.agent.rt.RT
18:50:18 PIT >> INFO : MINION : Failed to set JaCoCo session: org.jacoco.agent.rt.RT
18:50:18 PIT >> INFO : MINION : Failed to dump JaCoCo execution data: org.jacoco.agent.rt.RT
18:50:18 PIT >> INFO : MINION : Failed to set JaCoCo session: org.jacoco.agent.rt.RT
18:50:18 PIT >> INFO : MINION : Failed to dump JaCoCo execution data: org.jacoco.agent.rt.RT
18:50:18 PIT >> INFO : MINION : Failed to set JaCoCo session: org.jacoco.agent.rt.RT
18:50:18 PIT >> INFO : MINION : Failed to dump JaCoCo execution data: org.jacoco.agent.rt.RT
18:50:18 PIT >> INFO : MINION : Failed to set JaCoCo session: org.jacoco.agent.rt.RT
18:50:18 PIT >> INFO : MINION : Failed to dump JaCoCo execution data: org.jacoco.agent.rt.RT
18:50:18 PIT >> INFO : MINION : Failed to set JaCoCo session: org.jacoco.agent.rt.RT
18:50:18 PIT >> INFO : MINION : Failed to dump JaCoCo execution data: org.jacoco.agent.rt.RT
18:50:18 PIT >> INFO : MINION : Failed to set JaCoCo session: org.jacoco.agent.rt.RT
18:50:18 PIT >> INFO : MINION : Failed to dump JaCoCo execution data: org.jacoco.agent.rt.RT
18:50:18 PIT >> INFO : MINION : Failed to set JaCoCo session: org.jacoco.agent.rt.RT
18:50:18 PIT >> INFO : MINION : Failed to dump JaCoCo execution data: org.jacoco.agent.rt.RT
18:50:18 PIT >> INFO : MINION : Failed to set JaCoCo session: org.jacoco.agent.rt.RT
18:50:18 PIT >> INFO : MINION : Failed to dump JaCoCo execution data: org.jacoco.agent.rt.RT
18:50:18 PIT >> INFO : MINION : Failed to set JaCoCo session: org.jacoco.agent.rt.RT
18:50:18 PIT >> INFO : MINION : Failed to dump JaCoCo execution data: org.jacoco.agent.rt.RT
18:50:18 PIT >> INFO : MINION : Failed to set JaCoCo session: org.jacoco.agent.rt.RT
18:50:18 PIT >> INFO : MINION : Failed to dump JaCoCo execution data: org.jacoco.agent.rt.RT
18:50:18 PIT >> INFO : MINION : Failed to set JaCoCo session: org.jacoco.agent.rt.RT
18:50:18 PIT >> INFO : MINION : Failed to dump JaCoCo execution data: org.jacoco.agent.rt.RT
18:50:18 PIT >> INFO : MINION : Failed to set JaCoCo session: org.jacoco.agent.rt.RT
18:50:18 PIT >> INFO : MINION : Failed to dump JaCoCo execution data: org.jacoco.agent.rt.RT
18:50:18 PIT >> INFO : MINION : Failed to set JaCoCo session: org.jacoco.agent.rt.RT
18:50:18 PIT >> INFO : MINION : Failed to dump JaCoCo execution data: org.jacoco.agent.rt.RT
18:50:18 PIT >> INFO : MINION : Failed to set JaCoCo session: org.jacoco.agent.rt.RT
18:50:18 PIT >> INFO : MINION : Failed to dump JaCoCo execution data: org.jacoco.agent.rt.RT
18:50:18 PIT >> INFO : MINION : Failed to set JaCoCo session: org.jacoco.agent.rt.RT
18:50:18 PIT >> INFO : MINION : Failed to dump JaCoCo execution data: org.jacoco.agent.rt.RT
18:50:18 PIT >> INFO : MINION : Failed to set JaCoCo session: org.jacoco.agent.rt.RT
18:50:18 PIT >> INFO : MINION : Failed to dump JaCoCo execution data: org.jacoco.agent.rt.RT
18:50:18 PIT >> INFO : MINION : Failed to set JaCoCo session: org.jacoco.agent.rt.RT
18:50:18 PIT >> INFO : MINION : Failed to dump JaCoCo execution data: org.jacoco.agent.rt.RT
18:50:18 PIT >> INFO : MINION : Failed to set JaCoCo session: org.jacoco.agent.rt.RT
18:50:18 PIT >> INFO : MINION : Failed to dump JaCoCo execution data: org.jacoco.agent.rt.RT
18:50:18 PIT >> INFO : MINION : Failed to set JaCoCo session: org.jacoco.agent.rt.RT
18:50:18 PIT >> INFO : MINION : Failed to dump JaCoCo execution data: org.jacoco.agent.rt.RT
18:50:18 PIT >> INFO : MINION : Failed to set JaCoCo session: org.jacoco.agent.rt.RT
18:50:18 PIT >> INFO : MINION : Failed to dump JaCoCo execution data: org.jacoco.agent.rt.RT
18:50:18 PIT >> INFO : MINION : Failed to set JaCoCo session: org.jacoco.agent.rt.RT
18:50:18 PIT >> INFO : MINION : Failed to dump JaCoCo execution data: org.jacoco.agent.rt.RT
18:50:18 PIT >> INFO : MINION : Failed to set JaCoCo session: org.jacoco.agent.rt.RT
18:50:18 PIT >> INFO : MINION : Failed to dump JaCoCo execution data: org.jacoco.agent.rt.RT
18:50:18 PIT >> INFO : MINION : Failed to set JaCoCo session: org.jacoco.agent.rt.RT
18:50:18 PIT >> INFO : MINION : Failed to dump JaCoCo execution data: org.jacoco.agent.rt.RT
18:50:18 PIT >> INFO : MINION : Failed to set JaCoCo session: org.jacoco.agent.rt.RT
18:50:18 PIT >> INFO : MINION : Failed to dump JaCoCo execution data: org.jacoco.agent.rt.RT
18:50:18 PIT >> INFO : MINION : Failed to set JaCoCo session: org.jacoco.agent.rt.RT
18:50:18 PIT >> INFO : MINION : Failed to dump JaCoCo execution data: org.jacoco.agent.rt.RT
18:50:18 PIT >> INFO : MINION : Failed to set JaCoCo session: org.jacoco.agent.rt.RT
18:50:18 PIT >> INFO : MINION : Failed to dump JaCoCo execution data: org.jacoco.agent.rt.RT
18:50:18 PIT >> INFO : MINION : Failed to set JaCoCo session: org.jacoco.agent.rt.RT
18:50:18 PIT >> INFO : MINION : Failed to dump JaCoCo execution data: org.jacoco.agent.rt.RT
18:50:18 PIT >> INFO : MINION : Failed to set JaCoCo session: org.jacoco.agent.rt.RT
18:50:18 PIT >> INFO : MINION : Failed to dump JaCoCo execution data: org.jacoco.agent.rt.RT
18:50:18 PIT >> INFO : MINION : Failed to set JaCoCo session: org.jacoco.agent.rt.RT
18:50:18 PIT >> INFO : MINION : Failed to dump JaCoCo execution data: org.jacoco.agent.rt.RT
18:50:18 PIT >> INFO : MINION : Failed to set JaCoCo session: org.jacoco.agent.rt.RT
18:50:18 PIT >> INFO : MINION : Failed to dump JaCoCo execution data: org.jacoco.agent.rt.RT
18:50:18 PIT >> INFO : MINION : Failed to set JaCoCo session: org.jacoco.agent.rt.RT
18:50:18 PIT >> INFO : MINION : Failed to dump JaCoCo execution data: org.jacoco.agent.rt.RT
18:50:18 PIT >> INFO : MINION : Failed to set JaCoCo session: org.jacoco.agent.rt.RT
18:50:18 PIT >> INFO : MINION : Failed to dump JaCoCo execution data: org.jacoco.agent.rt.RT
18:50:18 PIT >> INFO : MINION : Failed to set JaCoCo session: org.jacoco.agent.rt.RT
18:50:18 PIT >> INFO : MINION : Failed to dump JaCoCo execution data: org.jacoco.agent.rt.RT
18:50:18 PIT >> INFO : MINION : Failed to set JaCoCo session: org.jacoco.agent.rt.RT
18:50:18 PIT >> INFO : MINION : Failed to dump JaCoCo execution data: org.jacoco.agent.rt.RT
18:50:18 PIT >> INFO : MINION : Failed to set JaCoCo session: org.jacoco.agent.rt.RT
18:50:18 PIT >> INFO : MINION : Failed to dump JaCoCo execution data: org.jacoco.agent.rt.RT
18:50:18 PIT >> INFO : MINION : Failed to set JaCoCo session: org.jacoco.agent.rt.RT
18:50:18 PIT >> INFO : MINION : Failed to dump JaCoCo execution data: org.jacoco.agent.rt.RT
18:50:18 PIT >> INFO : MINION : Failed to set JaCoCo session: org.jacoco.agent.rt.RT
18:50:18 PIT >> INFO : MINION : Failed to dump JaCoCo execution data: org.jacoco.agent.rt.RT
18:50:18 PIT >> INFO : MINION : Failed to set JaCoCo session: org.jacoco.agent.rt.RT
18:50:18 PIT >> INFO : MINION : Failed to dump JaCoCo execution data: org.jacoco.agent.rt.RT
18:50:18 PIT >> INFO : MINION : Failed to set JaCoCo session: org.jacoco.agent.rt.RT
18:50:18 PIT >> INFO : MINION : Failed to dump JaCoCo execution data: org.jacoco.agent.rt.RT
18:50:18 PIT >> INFO : MINION : Failed to set JaCoCo session: org.jacoco.agent.rt.RT
18:50:18 PIT >> INFO : MINION : Failed to dump JaCoCo execution data: org.jacoco.agent.rt.RT
18:50:18 PIT >> INFO : MINION : Failed to set JaCoCo session: org.jacoco.agent.rt.RT
18:50:18 PIT >> INFO : MINION : Failed to dump JaCoCo execution data: org.jacoco.agent.rt.RT
18:50:18 PIT >> INFO : MINION : Failed to set JaCoCo session: org.jacoco.agent.rt.RT
18:50:18 PIT >> INFO : MINION : Failed to dump JaCoCo execution data: org.jacoco.agent.rt.RT
18:50:18 PIT >> INFO : MINION : Failed to set JaCoCo session: org.jacoco.agent.rt.RT
18:50:18 PIT >> INFO : MINION : Failed to dump JaCoCo execution data: org.jacoco.agent.rt.RT
18:50:18 PIT >> INFO : MINION : Failed to set JaCoCo session: org.jacoco.agent.rt.RT
18:50:18 PIT >> INFO : MINION : Failed to dump JaCoCo execution data: org.jacoco.agent.rt.RT
18:50:18 PIT >> INFO : MINION : Failed to set JaCoCo session: org.jacoco.agent.rt.RT
18:50:18 PIT >> INFO : MINION : Failed to dump JaCoCo execution data: org.jacoco.agent.rt.RT
18:50:18 PIT >> INFO : MINION : Failed to set JaCoCo session: org.jacoco.agent.rt.RT
18:50:18 PIT >> INFO : MINION : Failed to dump JaCoCo execution data: org.jacoco.agent.rt.RT
18:50:18 PIT >> INFO : MINION : Failed to set JaCoCo session: org.jacoco.agent.rt.RT
18:50:18 PIT >> INFO : MINION : Failed to dump JaCoCo execution data: org.jacoco.agent.rt.RT
18:50:18 PIT >> INFO : MINION : Failed to set JaCoCo session: org.jacoco.agent.rt.RT
18:50:18 PIT >> INFO : MINION : Failed to dump JaCoCo execution data: org.jacoco.agent.rt.RT
18:50:18 PIT >> INFO : MINION : Failed to set JaCoCo session: org.jacoco.agent.rt.RT
18:50:18 PIT >> INFO : MINION : Failed to dump JaCoCo execution data: org.jacoco.agent.rt.RT
18:50:18 PIT >> INFO : MINION : Failed to set JaCoCo session: org.jacoco.agent.rt.RT
18:50:18 PIT >> INFO : MINION : Failed to dump JaCoCo execution data: org.jacoco.agent.rt.RT
18:50:18 PIT >> INFO : MINION : Failed to set JaCoCo session: org.jacoco.agent.rt.RT
18:50:18 PIT >> INFO : MINION : Failed to dump JaCoCo execution data: org.jacoco.agent.rt.RT
18:50:18 PIT >> INFO : MINION : Failed to set JaCoCo session: org.jacoco.agent.rt.RT
18:50:18 PIT >> INFO : MINION : Failed to dump JaCoCo execution data: org.jacoco.agent.rt.RT
18:50:18 PIT >> INFO : MINION : Failed to set JaCoCo session: org.jacoco.agent.rt.RT
18:50:18 PIT >> INFO : MINION : Failed to dump JaCoCo execution data: org.jacoco.agent.rt.RT
18:50:18 PIT >> INFO : MINION : Failed to set JaCoCo session: org.jacoco.agent.rt.RT
18:50:18 PIT >> INFO : MINION : Failed to dump JaCoCo execution data: org.jacoco.agent.rt.RT
18:50:18 PIT >> INFO : MINION : Failed to set JaCoCo session: org.jacoco.agent.rt.RT
18:50:18 PIT >> INFO : MINION : Failed to dump JaCoCo execution data: org.jacoco.agent.rt.RT
18:50:18 PIT >> INFO : MINION : Failed to set JaCoCo session: org.jacoco.agent.rt.RT
18:50:18 PIT >> INFO : MINION : Failed to dump JaCoCo execution data: org.jacoco.agent.rt.RT
18:50:18 PIT >> INFO : MINION : Failed to set JaCoCo session: org.jacoco.agent.rt.RT
18:50:18 PIT >> INFO : MINION : Failed to dump JaCoCo execution data: org.jacoco.agent.rt.RT
18:50:18 PIT >> INFO : MINION : Failed to set JaCoCo session: org.jacoco.agent.rt.RT
18:50:18 PIT >> INFO : MINION : Failed to dump JaCoCo execution data: org.jacoco.agent.rt.RT
18:50:18 PIT >> INFO : MINION : Failed to set JaCoCo session: org.jacoco.agent.rt.RT
18:50:18 PIT >> SEVERE : Description [testClass=org.springframework.core.io.support.PathMatchingResourcePatternResolverTests, name=[engine:junit-jupiter]/[class:org.springframework.core.io.support.PathMatchingResourcePatternResolverTests]/[nested-class:FileSystemResources]/[method:encodedHashtagInPath()]] did not pass without mutation.
18:50:18 PIT >> SEVERE : Description [testClass=org.springframework.core.io.support.PathMatchingResourcePatternResolverTests, name=[engine:junit-jupiter]/[class:org.springframework.core.io.support.PathMatchingResourcePatternResolverTests]/[nested-class:FileSystemResources]/[nested-class:WithHashtagsInTheirFilenames]/[method:usingClasspathStarProtocolWithWildcardInPatternAndEndingInSlash()]] did not pass without mutation.
18:50:18 PIT >> SEVERE : Description [testClass=org.springframework.core.io.support.PathMatchingResourcePatternResolverTests, name=[engine:junit-jupiter]/[class:org.springframework.core.io.support.PathMatchingResourcePatternResolverTests]/[nested-class:FileSystemResources]/[nested-class:WithHashtagsInTheirFilenames]/[method:usingFileProtocolWithWildcardInPatternAndNotEndingInSlash()]] did not pass without mutation.
18:50:18 PIT >> INFO : MINION : Failed to dump JaCoCo execution data: org.jacoco.agent.rt.RT
18:50:18 PIT >> INFO : MINION : Failed to set JaCoCo session: org.jacoco.agent.rt.RT
18:50:18 PIT >> INFO : MINION : Failed to dump JaCoCo execution data: org.jacoco.agent.rt.RT
18:50:18 PIT >> INFO : MINION : Failed to set JaCoCo session: org.jacoco.agent.rt.RT
18:50:18 PIT >> INFO : MINION : Failed to dump JaCoCo execution data: org.jacoco.agent.rt.RT
18:50:18 PIT >> INFO : MINION : Failed to set JaCoCo session: org.jacoco.agent.rt.RT
18:50:18 PIT >> INFO : MINION : Failed to dump JaCoCo execution data: org.jacoco.agent.rt.RT
18:50:18 PIT >> INFO : MINION : Failed to set JaCoCo session: org.jacoco.agent.rt.RT
18:50:18 PIT >> INFO : MINION : Failed to dump JaCoCo execution data: org.jacoco.agent.rt.RT
18:50:18 PIT >> INFO : MINION : Failed to set JaCoCo session: org.jacoco.agent.rt.RT
18:50:18 PIT >> INFO : MINION : Failed to dump JaCoCo execution data: org.jacoco.agent.rt.RT
18:50:18 PIT >> INFO : MINION : Failed to set JaCoCo session: org.jacoco.agent.rt.RT
18:50:18 PIT >> INFO : MINION : Failed to dump JaCoCo execution data: org.jacoco.agent.rt.RT
18:50:18 PIT >> INFO : MINION : Failed to set JaCoCo session: org.jacoco.agent.rt.RT
18:50:18 PIT >> INFO : MINION : Failed to dump JaCoCo execution data: org.jacoco.agent.rt.RT
18:50:18 PIT >> INFO : MINION : Failed to set JaCoCo session: org.jacoco.agent.rt.RT
18:50:18 PIT >> INFO : MINION : Failed to dump JaCoCo execution data: org.jacoco.agent.rt.RT
18:50:18 PIT >> INFO : MINION : Failed to set JaCoCo session: org.jacoco.agent.rt.RT
18:50:18 PIT >> INFO : MINION : Failed to dump JaCoCo execution data: org.jacoco.agent.rt.RT
18:50:18 PIT >> INFO : MINION : Failed to set JaCoCo session: org.jacoco.agent.rt.RT
18:50:18 PIT >> INFO : MINION : Failed to dump JaCoCo execution data: org.jacoco.agent.rt.RT
18:50:18 PIT >> INFO : MINION : Failed to set JaCoCo session: org.jacoco.agent.rt.RT
18:50:18 PIT >> INFO : MINION : Failed to dump JaCoCo execution data: org.jacoco.agent.rt.RT
18:50:18 PIT >> INFO : MINION : Failed to set JaCoCo session: org.jacoco.agent.rt.RT
18:50:18 PIT >> INFO : MINION : Failed to dump JaCoCo execution data: org.jacoco.agent.rt.RT
18:50:18 PIT >> INFO : MINION : Failed to set JaCoCo session: org.jacoco.agent.rt.RT
18:50:18 PIT >> INFO : MINION : Failed to dump JaCoCo execution data: org.jacoco.agent.rt.RT
18:50:18 PIT >> INFO : MINION : Failed to set JaCoCo session: org.jacoco.agent.rt.RT
18:50:18 PIT >> INFO : MINION : Failed to dump JaCoCo execution data: org.jacoco.agent.rt.RT
18:50:18 PIT >> INFO : MINION : Failed to set JaCoCo session: org.jacoco.agent.rt.RT
18:50:18 PIT >> INFO : MINION : Failed to dump JaCoCo execution data: org.jacoco.agent.rt.RT
18:50:18 PIT >> INFO : MINION : Failed to set JaCoCo session: org.jacoco.agent.rt.RT
18:50:18 PIT >> INFO : MINION : Failed to dump JaCoCo execution data: org.jacoco.agent.rt.RT
18:50:18 PIT >> INFO : MINION : Failed to set JaCoCo session: org.jacoco.agent.rt.RT
18:50:18 PIT >> INFO : MINION : Failed to dump JaCoCo execution data: org.jacoco.agent.rt.RT
18:50:18 PIT >> INFO : MINION : Failed to set JaCoCo session: org.jacoco.agent.rt.RT
18:50:18 PIT >> INFO : MINION : Failed to dump JaCoCo execution data: org.jacoco.agent.rt.RT
18:50:18 PIT >> INFO : MINION : Failed to set JaCoCo session: org.jacoco.agent.rt.RT
18:50:18 PIT >> INFO : MINION : Failed to dump JaCoCo execution data: org.jacoco.agent.rt.RT
18:50:18 PIT >> SEVERE : Description [testClass=org.springframework.core.io.support.PathMatchingResourcePatternResolverTests, name=[engine:junit-jupiter]/[class:org.springframework.core.io.support.PathMatchingResourcePatternResolverTests]/[nested-class:FileSystemResources]/[nested-class:WithHashtagsInTheirFilenames]/[method:usingFileProtocolWithWildcardInPatternAndEndingInSlashStarStar()]] did not pass without mutation.
18:50:18 PIT >> SEVERE : Description [testClass=org.springframework.core.io.support.PathMatchingResourcePatternResolverTests, name=[engine:junit-jupiter]/[class:org.springframework.core.io.support.PathMatchingResourcePatternResolverTests]/[nested-class:FileSystemResources]/[nested-class:WithHashtagsInTheirFilenames]/[method:usingFileProtocolWithoutWildcardInPatternAndEndingInSlashStarStar()]] did not pass without mutation.
18:50:18 PIT >> SEVERE : Description [testClass=org.springframework.core.io.support.PathMatchingResourcePatternResolverTests, name=[engine:junit-jupiter]/[class:org.springframework.core.io.support.PathMatchingResourcePatternResolverTests]/[nested-class:FileSystemResources]/[nested-class:WithHashtagsInTheirFilenames]/[method:usingFileProtocolAndAssertingUrlAndUriSyntax()]] did not pass without mutation.
18:50:18 PIT >> INFO : MINION : Failed to set JaCoCo session: org.jacoco.agent.rt.RT
18:50:18 PIT >> INFO : MINION : Failed to dump JaCoCo execution data: org.jacoco.agent.rt.RT
18:50:18 PIT >> INFO : MINION : Failed to set JaCoCo session: org.jacoco.agent.rt.RT
18:50:18 PIT >> INFO : MINION : Failed to dump JaCoCo execution data: org.jacoco.agent.rt.RT
18:50:18 PIT >> INFO : MINION : Failed to set JaCoCo session: org.jacoco.agent.rt.RT
18:50:18 PIT >> INFO : MINION : Failed to dump JaCoCo execution data: org.jacoco.agent.rt.RT
18:50:18 PIT >> INFO : MINION : Failed to set JaCoCo session: org.jacoco.agent.rt.RT
18:50:18 PIT >> INFO : MINION : Failed to dump JaCoCo execution data: org.jacoco.agent.rt.RT
18:50:18 PIT >> INFO : MINION : Failed to set JaCoCo session: org.jacoco.agent.rt.RT
18:50:18 PIT >> INFO : MINION : Failed to dump JaCoCo execution data: org.jacoco.agent.rt.RT
18:50:18 PIT >> INFO : MINION : Failed to set JaCoCo session: org.jacoco.agent.rt.RT
18:50:18 PIT >> INFO : MINION : Failed to dump JaCoCo execution data: org.jacoco.agent.rt.RT
18:50:18 PIT >> INFO : MINION : Failed to set JaCoCo session: org.jacoco.agent.rt.RT
18:50:18 PIT >> INFO : MINION : Failed to dump JaCoCo execution data: org.jacoco.agent.rt.RT
18:50:18 PIT >> INFO : MINION : Failed to set JaCoCo session: org.jacoco.agent.rt.RT
18:50:18 PIT >> INFO : MINION : Failed to dump JaCoCo execution data: org.jacoco.agent.rt.RT
18:50:18 PIT >> INFO : MINION : Failed to set JaCoCo session: org.jacoco.agent.rt.RT
18:50:18 PIT >> INFO : MINION : Failed to dump JaCoCo execution data: org.jacoco.agent.rt.RT
18:50:18 PIT >> INFO : MINION : Failed to set JaCoCo session: org.jacoco.agent.rt.RT
18:50:18 PIT >> INFO : MINION : Failed to dump JaCoCo execution data: org.jacoco.agent.rt.RT
18:50:18 PIT >> INFO : MINION : Failed to set JaCoCo session: org.jacoco.agent.rt.RT
18:50:18 PIT >> INFO : MINION : Failed to dump JaCoCo execution data: org.jacoco.agent.rt.RT
18:50:18 PIT >> INFO : MINION : Failed to set JaCoCo session: org.jacoco.agent.rt.RT
18:50:18 PIT >> INFO : MINION : Failed to dump JaCoCo execution data: org.jacoco.agent.rt.RT
18:50:18 PIT >> INFO : MINION : Failed to set JaCoCo session: org.jacoco.agent.rt.RT
18:50:19 PIT >> INFO : MINION : Failed to dump JaCoCo execution data: org.jacoco.agent.rt.RT
18:50:19 PIT >> INFO : MINION : Failed to set JaCoCo session: org.jacoco.agent.rt.RT
18:50:19 PIT >> INFO : MINION : Failed to dump JaCoCo execution data: org.jacoco.agent.rt.RT
18:50:19 PIT >> INFO : MINION : Failed to set JaCoCo session: org.jacoco.agent.rt.RT
18:50:19 PIT >> INFO : MINION : Failed to dump JaCoCo execution data: org.jacoco.agent.rt.RT
18:50:19 PIT >> INFO : MINION : Failed to set JaCoCo session: org.jacoco.agent.rt.RT
18:50:19 PIT >> INFO : MINION : Failed to dump JaCoCo execution data: org.jacoco.agent.rt.RT
18:50:19 PIT >> INFO : MINION : Failed to set JaCoCo session: org.jacoco.agent.rt.RT
18:50:19 PIT >> INFO : MINION : Failed to dump JaCoCo execution data: org.jacoco.agent.rt.RT
18:50:19 PIT >> INFO : MINION : Failed to set JaCoCo session: org.jacoco.agent.rt.RT
18:50:19 PIT >> INFO : MINION : Failed to dump JaCoCo execution data: org.jacoco.agent.rt.RT
18:50:19 PIT >> INFO : MINION : Failed to set JaCoCo session: org.jacoco.agent.rt.RT
18:50:19 PIT >> INFO : MINION : Failed to dump JaCoCo execution data: org.jacoco.agent.rt.RT
18:50:19 PIT >> INFO : MINION : Failed to set JaCoCo session: org.jacoco.agent.rt.RT
18:50:19 PIT >> INFO : MINION : Failed to dump JaCoCo execution data: org.jacoco.agent.rt.RT
18:50:19 PIT >> INFO : MINION : Failed to set JaCoCo session: org.jacoco.agent.rt.RT
18:50:19 PIT >> INFO : MINION : Failed to dump JaCoCo execution data: org.jacoco.agent.rt.RT
18:50:19 PIT >> INFO : MINION : Failed to set JaCoCo session: org.jacoco.agent.rt.RT
18:50:19 PIT >> INFO : MINION : Failed to dump JaCoCo execution data: org.jacoco.agent.rt.RT
18:50:19 PIT >> INFO : MINION : Failed to set JaCoCo session: org.jacoco.agent.rt.RT
18:50:19 PIT >> INFO : MINION : Failed to dump JaCoCo execution data: org.jacoco.agent.rt.RT
18:50:19 PIT >> INFO : MINION : Failed to set JaCoCo session: org.jacoco.agent.rt.RT
18:50:19 PIT >> INFO : MINION : Failed to dump JaCoCo execution data: org.jacoco.agent.rt.RT
18:50:19 PIT >> INFO : MINION : Failed to set JaCoCo session: org.jacoco.agent.rt.RT
18:50:19 PIT >> INFO : MINION : Failed to dump JaCoCo execution data: org.jacoco.agent.rt.RT
18:50:19 PIT >> SEVERE : Description [testClass=org.springframework.core.io.support.SpringFactoriesLoaderTests, name=[engine:junit-jupiter]/[class:org.springframework.core.io.support.SpringFactoriesLoaderTests]/[method:loadWhenMultipleConstructorsThrowsException()]] did not pass without mutation.
18:50:19 PIT >> INFO : MINION : Failed to set JaCoCo session: org.jacoco.agent.rt.RT
18:50:19 PIT >> SEVERE : Description [testClass=org.springframework.core.io.support.SpringFactoriesLoaderTests, name=[engine:junit-jupiter]/[class:org.springframework.core.io.support.SpringFactoriesLoaderTests]/[method:loadWithArgumentResolverWhenNoDefaultConstructor()]] did not pass without mutation.
18:50:19 PIT >> INFO : MINION : Failed to dump JaCoCo execution data: org.jacoco.agent.rt.RT
18:50:19 PIT >> INFO : MINION : Failed to set JaCoCo session: org.jacoco.agent.rt.RT
18:50:19 PIT >> INFO : MINION : Failed to dump JaCoCo execution data: org.jacoco.agent.rt.RT
18:50:19 PIT >> INFO : MINION : Failed to set JaCoCo session: org.jacoco.agent.rt.RT
18:50:19 PIT >> INFO : MINION : Failed to dump JaCoCo execution data: org.jacoco.agent.rt.RT
18:50:19 PIT >> INFO : MINION : Failed to set JaCoCo session: org.jacoco.agent.rt.RT
18:50:19 PIT >> INFO : MINION : Failed to dump JaCoCo execution data: org.jacoco.agent.rt.RT
18:50:19 PIT >> INFO : MINION : Failed to set JaCoCo session: org.jacoco.agent.rt.RT
18:50:19 PIT >> INFO : MINION : Failed to dump JaCoCo execution data: org.jacoco.agent.rt.RT
18:50:19 PIT >> INFO : MINION : Failed to set JaCoCo session: org.jacoco.agent.rt.RT
18:50:19 PIT >> INFO : MINION : Failed to dump JaCoCo execution data: org.jacoco.agent.rt.RT
18:50:19 PIT >> INFO : MINION : Failed to set JaCoCo session: org.jacoco.agent.rt.RT
18:50:19 PIT >> INFO : MINION : Failed to dump JaCoCo execution data: org.jacoco.agent.rt.RT
18:50:19 PIT >> INFO : MINION : Failed to set JaCoCo session: org.jacoco.agent.rt.RT
18:50:19 PIT >> INFO : MINION : Failed to dump JaCoCo execution data: org.jacoco.agent.rt.RT
18:50:19 PIT >> INFO : MINION : Failed to set JaCoCo session: org.jacoco.agent.rt.RT
18:50:19 PIT >> INFO : MINION : Failed to dump JaCoCo execution data: org.jacoco.agent.rt.RT
18:50:19 PIT >> INFO : MINION : Failed to set JaCoCo session: org.jacoco.agent.rt.RT
18:50:19 PIT >> INFO : MINION : Failed to dump JaCoCo execution data: org.jacoco.agent.rt.RT
18:50:19 PIT >> INFO : MINION : Failed to set JaCoCo session: org.jacoco.agent.rt.RT
18:50:19 PIT >> INFO : MINION : Failed to dump JaCoCo execution data: org.jacoco.agent.rt.RT
18:50:19 PIT >> INFO : MINION : Failed to set JaCoCo session: org.jacoco.agent.rt.RT
18:50:19 PIT >> INFO : MINION : Failed to dump JaCoCo execution data: org.jacoco.agent.rt.RT
18:50:19 PIT >> INFO : MINION : Failed to set JaCoCo session: org.jacoco.agent.rt.RT
18:50:19 PIT >> INFO : MINION : Failed to dump JaCoCo execution data: org.jacoco.agent.rt.RT
18:50:19 PIT >> INFO : MINION : Failed to set JaCoCo session: org.jacoco.agent.rt.RT
18:50:19 PIT >> INFO : MINION : Failed to dump JaCoCo execution data: org.jacoco.agent.rt.RT
18:50:19 PIT >> INFO : MINION : Failed to set JaCoCo session: org.jacoco.agent.rt.RT
18:50:19 PIT >> INFO : MINION : Failed to dump JaCoCo execution data: org.jacoco.agent.rt.RT
18:50:19 PIT >> INFO : MINION : Failed to set JaCoCo session: org.jacoco.agent.rt.RT
18:50:19 PIT >> INFO : MINION : Failed to dump JaCoCo execution data: org.jacoco.agent.rt.RT
18:50:19 PIT >> INFO : MINION : Failed to set JaCoCo session: org.jacoco.agent.rt.RT
18:50:19 PIT >> INFO : MINION : Failed to dump JaCoCo execution data: org.jacoco.agent.rt.RT
18:50:19 PIT >> INFO : MINION : Failed to set JaCoCo session: org.jacoco.agent.rt.RT
18:50:19 PIT >> INFO : MINION : Failed to dump JaCoCo execution data: org.jacoco.agent.rt.RT
18:50:19 PIT >> INFO : MINION : Failed to set JaCoCo session: org.jacoco.agent.rt.RT
18:50:19 PIT >> INFO : MINION : Failed to dump JaCoCo execution data: org.jacoco.agent.rt.RT
18:50:19 PIT >> INFO : MINION : Failed to set JaCoCo session: org.jacoco.agent.rt.RT
18:50:19 PIT >> INFO : MINION : Failed to dump JaCoCo execution data: org.jacoco.agent.rt.RT
18:50:19 PIT >> INFO : MINION : Failed to set JaCoCo session: org.jacoco.agent.rt.RT
18:50:19 PIT >> INFO : MINION : Failed to dump JaCoCo execution data: org.jacoco.agent.rt.RT
18:50:19 PIT >> INFO : MINION : Failed to set JaCoCo session: org.jacoco.agent.rt.RT
18:50:19 PIT >> INFO : MINION : Failed to dump JaCoCo execution data: org.jacoco.agent.rt.RT
18:50:19 PIT >> INFO : MINION : Failed to set JaCoCo session: org.jacoco.agent.rt.RT
18:50:19 PIT >> INFO : MINION : Failed to dump JaCoCo execution data: org.jacoco.agent.rt.RT
18:50:19 PIT >> INFO : MINION : Failed to set JaCoCo session: org.jacoco.agent.rt.RT
18:50:19 PIT >> INFO : MINION : Failed to dump JaCoCo execution data: org.jacoco.agent.rt.RT
18:50:19 PIT >> INFO : MINION : Failed to set JaCoCo session: org.jacoco.agent.rt.RT
18:50:19 PIT >> INFO : MINION : Failed to dump JaCoCo execution data: org.jacoco.agent.rt.RT
18:50:19 PIT >> INFO : MINION : Failed to set JaCoCo session: org.jacoco.agent.rt.RT
18:50:19 PIT >> INFO : MINION : Failed to dump JaCoCo execution data: org.jacoco.agent.rt.RT
18:50:19 PIT >> INFO : Calculated coverage in 4 seconds.
18:50:19 PIT >> SEVERE : Tests failing without mutation: 
Description [testClass=org.springframework.core.io.PathResourceTests, name=[engine:junit-jupiter]/[class:org.springframework.core.io.PathResourceTests]/[method:dirExists()]]
Description [testClass=org.springframework.core.io.PathResourceTests, name=[engine:junit-jupiter]/[class:org.springframework.core.io.PathResourceTests]/[method:fileIsWritable()]]
Description [testClass=org.springframework.core.io.PathResourceTests, name=[engine:junit-jupiter]/[class:org.springframework.core.io.PathResourceTests]/[method:getInputStream()]]
Description [testClass=org.springframework.core.io.PathResourceTests, name=[engine:junit-jupiter]/[class:org.springframework.core.io.PathResourceTests]/[method:contentLength()]]
Description [testClass=org.springframework.core.io.PathResourceTests, name=[engine:junit-jupiter]/[class:org.springframework.core.io.PathResourceTests]/[method:fileIsReadable()]]
Description [testClass=org.springframework.core.io.PathResourceTests, name=[engine:junit-jupiter]/[class:org.springframework.core.io.PathResourceTests]/[method:getOutputStreamForDirectory()]]
Description [testClass=org.springframework.core.io.PathResourceTests, name=[engine:junit-jupiter]/[class:org.springframework.core.io.PathResourceTests]/[method:getReadableByteChannel()]]
Description [testClass=org.springframework.core.io.PathResourceTests, name=[engine:junit-jupiter]/[class:org.springframework.core.io.PathResourceTests]/[method:contentLengthForDirectory()]]
Description [testClass=org.springframework.core.io.PathResourceTests, name=[engine:junit-jupiter]/[class:org.springframework.core.io.PathResourceTests]/[method:getReadableByteChannelForDir()]]
Description [testClass=org.springframework.core.io.PathResourceTests, name=[engine:junit-jupiter]/[class:org.springframework.core.io.PathResourceTests]/[method:fileExists()]]
Description [testClass=org.springframework.core.io.PathResourceTests, name=[engine:junit-jupiter]/[class:org.springframework.core.io.PathResourceTests]/[method:lastModified()]]
Description [testClass=org.springframework.core.io.support.PathMatchingResourcePatternResolverTests, name=[engine:junit-jupiter]/[class:org.springframework.core.io.support.PathMatchingResourcePatternResolverTests]/[nested-class:FileSystemResources]/[method:encodedHashtagInPath()]]
Description [testClass=org.springframework.core.io.support.PathMatchingResourcePatternResolverTests, name=[engine:junit-jupiter]/[class:org.springframework.core.io.support.PathMatchingResourcePatternResolverTests]/[nested-class:FileSystemResources]/[nested-class:WithHashtagsInTheirFilenames]/[method:usingClasspathStarProtocolWithWildcardInPatternAndEndingInSlash()]]
Description [testClass=org.springframework.core.io.support.PathMatchingResourcePatternResolverTests, name=[engine:junit-jupiter]/[class:org.springframework.core.io.support.PathMatchingResourcePatternResolverTests]/[nested-class:FileSystemResources]/[nested-class:WithHashtagsInTheirFilenames]/[method:usingFileProtocolWithWildcardInPatternAndNotEndingInSlash()]]
Description [testClass=org.springframework.core.io.support.PathMatchingResourcePatternResolverTests, name=[engine:junit-jupiter]/[class:org.springframework.core.io.support.PathMatchingResourcePatternResolverTests]/[nested-class:FileSystemResources]/[nested-class:WithHashtagsInTheirFilenames]/[method:usingFileProtocolWithWildcardInPatternAndEndingInSlashStarStar()]]
Description [testClass=org.springframework.core.io.support.PathMatchingResourcePatternResolverTests, name=[engine:junit-jupiter]/[class:org.springframework.core.io.support.PathMatchingResourcePatternResolverTests]/[nested-class:FileSystemResources]/[nested-class:WithHashtagsInTheirFilenames]/[method:usingFileProtocolWithoutWildcardInPatternAndEndingInSlashStarStar()]]
Description [testClass=org.springframework.core.io.support.PathMatchingResourcePatternResolverTests, name=[engine:junit-jupiter]/[class:org.springframework.core.io.support.PathMatchingResourcePatternResolverTests]/[nested-class:FileSystemResources]/[nested-class:WithHashtagsInTheirFilenames]/[method:usingFileProtocolAndAssertingUrlAndUriSyntax()]]
Description [testClass=org.springframework.core.io.support.SpringFactoriesLoaderTests, name=[engine:junit-jupiter]/[class:org.springframework.core.io.support.SpringFactoriesLoaderTests]/[method:loadWhenMultipleConstructorsThrowsException()]]
Description [testClass=org.springframework.core.io.support.SpringFactoriesLoaderTests, name=[engine:junit-jupiter]/[class:org.springframework.core.io.support.SpringFactoriesLoaderTests]/[method:loadWithArgumentResolverWhenNoDefaultConstructor()]]
Exception in thread "main" org.pitest.help.PitHelpError: 19 tests did not pass without mutation when calculating line coverage. Mutation testing requires a green suite.
See https://pitest.org for more details.
	at org.pitest.coverage.execute.DefaultCoverageGenerator.verifyBuildSuitableForMutationTesting(DefaultCoverageGenerator.java:127)
	at org.pitest.coverage.execute.DefaultCoverageGenerator.calculateCoverage(DefaultCoverageGenerator.java:109)
	at org.pitest.coverage.execute.DefaultCoverageGenerator.calculateCoverage(DefaultCoverageGenerator.java:53)
	at org.pitest.mutationtest.tooling.MutationCoverage.runAnalysis(MutationCoverage.java:158)
	at org.pitest.mutationtest.tooling.MutationCoverage.runReport(MutationCoverage.java:145)
	at org.pitest.mutationtest.tooling.EntryPoint.execute(EntryPoint.java:138)
	at org.pitest.mutationtest.tooling.EntryPoint.execute(EntryPoint.java:64)
	at org.pitest.mutationtest.commandline.MutationCoverageReport.runReport(MutationCoverageReport.java:98)
	at org.pitest.mutationtest.commandline.MutationCoverageReport.main(MutationCoverageReport.java:45)
