Picked up JAVA_TOOL_OPTIONS: -XX:ActiveProcessorCount=1
21:16:36 PIT >> INFO : Verbose logging is disabled. If you encounter a problem, please enable it before reporting an issue.
21:16:36 PIT >> INFO : Created 1 mutation test units in pre scan
21:16:44 PIT >> INFO : MINION : Picked up JAVA_TOOL_OPTIONS: -XX:ActiveProcessorCount=1
21:16:44 PIT >> INFO : Sending 1199 test classes to minion
21:16:44 PIT >> INFO : Sent tests to minion
21:16:45 PIT >> INFO : MINION : Failed to set JaCoCo session: org.jacoco.agent.rt.RT
21:16:45 PIT >> INFO : MINION : Failed to dump JaCoCo execution data: org.jacoco.agent.rt.RT
21:16:45 PIT >> INFO : MINION : Failed to set JaCoCo session: org.jacoco.agent.rt.RT
21:16:45 PIT >> INFO : MINION : Failed to dump JaCoCo execution data: org.jacoco.agent.rt.RT
21:16:45 PIT >> INFO : MINION : Failed to set JaCoCo session: org.jacoco.agent.rt.RT
21:16:45 PIT >> INFO : MINION : Failed to dump JaCoCo execution data: org.jacoco.agent.rt.RT
21:16:45 PIT >> INFO : MINION : Failed to set JaCoCo session: org.jacoco.agent.rt.RT
21:16:45 PIT >> INFO : MINION : Failed to dump JaCoCo execution data: org.jacoco.agent.rt.RT
21:16:45 PIT >> INFO : MINION : Failed to set JaCoCo session: org.jacoco.agent.rt.RT
21:16:45 PIT >> INFO : MINION : Failed to dump JaCoCo execution data: org.jacoco.agent.rt.RT
21:16:45 PIT >> INFO : MINION : Failed to set JaCoCo session: org.jacoco.agent.rt.RT
21:16:45 PIT >> INFO : MINION : Failed to dump JaCoCo execution data: org.jacoco.agent.rt.RT
21:16:45 PIT >> INFO : MINION : Failed to set JaCoCo session: org.jacoco.agent.rt.RT
21:16:45 PIT >> INFO : MINION : Failed to dump JaCoCo execution data: org.jacoco.agent.rt.RT
21:16:45 PIT >> INFO : MINION : Failed to set JaCoCo session: org.jacoco.agent.rt.RT
21:16:45 PIT >> INFO : MINION : Failed to dump JaCoCo execution data: org.jacoco.agent.rt.RT
21:16:45 PIT >> INFO : MINION : Failed to set JaCoCo session: org.jacoco.agent.rt.RT
21:16:45 PIT >> INFO : MINION : Failed to dump JaCoCo execution data: org.jacoco.agent.rt.RT
21:16:45 PIT >> INFO : MINION : Failed to set JaCoCo session: org.jacoco.agent.rt.RT
21:16:45 PIT >> INFO : MINION : Failed to dump JaCoCo execution data: org.jacoco.agent.rt.RT
21:16:45 PIT >> INFO : MINION : Failed to set JaCoCo session: org.jacoco.agent.rt.RT
21:16:45 PIT >> INFO : MINION : Failed to dump JaCoCo execution data: org.jacoco.agent.rt.RT
21:16:45 PIT >> INFO : MINION : Failed to set JaCoCo session: org.jacoco.agent.rt.RT
21:16:45 PIT >> INFO : MINION : Failed to dump JaCoCo execution data: org.jacoco.agent.rt.RT
21:16:45 PIT >> INFO : MINION : Failed to set JaCoCo session: org.jacoco.agent.rt.RT
21:16:45 PIT >> INFO : MINION : Failed to dump JaCoCo execution data: org.jacoco.agent.rt.RT
21:16:45 PIT >> INFO : MINION : Failed to set JaCoCo session: org.jacoco.agent.rt.RT
21:16:45 PIT >> INFO : MINION : Failed to dump JaCoCo execution data: org.jacoco.agent.rt.RT
21:16:45 PIT >> INFO : MINION : Failed to set JaCoCo session: org.jacoco.agent.rt.RT
21:16:45 PIT >> INFO : MINION : Failed to dump JaCoCo execution data: org.jacoco.agent.rt.RT
21:16:45 PIT >> INFO : MINION : Failed to set JaCoCo session: org.jacoco.agent.rt.RT
21:16:45 PIT >> INFO : MINION : Failed to dump JaCoCo execution data: org.jacoco.agent.rt.RT
21:16:45 PIT >> INFO : MINION : Failed to set JaCoCo session: org.jacoco.agent.rt.RT
21:16:45 PIT >> INFO : MINION : Failed to dump JaCoCo execution data: org.jacoco.agent.rt.RT
21:16:45 PIT >> INFO : MINION : Failed to set JaCoCo session: org.jacoco.agent.rt.RT
21:16:45 PIT >> INFO : MINION : Failed to dump JaCoCo execution data: org.jacoco.agent.rt.RT
21:16:45 PIT >> INFO : MINION : Failed to set JaCoCo session: org.jacoco.agent.rt.RT
21:16:45 PIT >> INFO : MINION : Failed to dump JaCoCo execution data: org.jacoco.agent.rt.RT
21:16:45 PIT >> INFO : MINION : Failed to set JaCoCo session: org.jacoco.agent.rt.RT
21:16:45 PIT >> INFO : MINION : Failed to dump JaCoCo execution data: org.jacoco.agent.rt.RT
21:16:45 PIT >> INFO : MINION : Failed to set JaCoCo session: org.jacoco.agent.rt.RT
21:16:45 PIT >> INFO : MINION : Failed to dump JaCoCo execution data: org.jacoco.agent.rt.RT
21:16:45 PIT >> INFO : MINION : Failed to set JaCoCo session: org.jacoco.agent.rt.RT
21:16:45 PIT >> INFO : MINION : Failed to dump JaCoCo execution data: org.jacoco.agent.rt.RT
21:16:45 PIT >> INFO : MINION : Failed to set JaCoCo session: org.jacoco.agent.rt.RT
21:16:45 PIT >> INFO : MINION : Failed to dump JaCoCo execution data: org.jacoco.agent.rt.RT
21:16:45 PIT >> INFO : MINION : Failed to set JaCoCo session: org.jacoco.agent.rt.RT
21:16:45 PIT >> INFO : MINION : Failed to dump JaCoCo execution data: org.jacoco.agent.rt.RT
21:16:45 PIT >> INFO : MINION : Failed to set JaCoCo session: org.jacoco.agent.rt.RT
21:16:45 PIT >> INFO : MINION : Failed to dump JaCoCo execution data: org.jacoco.agent.rt.RT
21:16:45 PIT >> INFO : MINION : Failed to set JaCoCo session: org.jacoco.agent.rt.RT
21:16:45 PIT >> INFO : MINION : Failed to dump JaCoCo execution data: org.jacoco.agent.rt.RT
21:16:45 PIT >> INFO : MINION : Failed to set JaCoCo session: org.jacoco.agent.rt.RT
21:16:45 PIT >> INFO : MINION : Failed to dump JaCoCo execution data: org.jacoco.agent.rt.RT
21:16:45 PIT >> INFO : MINION : Failed to set JaCoCo session: org.jacoco.agent.rt.RT
21:16:45 PIT >> INFO : MINION : Failed to dump JaCoCo execution data: org.jacoco.agent.rt.RT
21:16:45 PIT >> INFO : MINION : Failed to set JaCoCo session: org.jacoco.agent.rt.RT
21:16:45 PIT >> INFO : MINION : Failed to dump JaCoCo execution data: org.jacoco.agent.rt.RT
21:16:45 PIT >> INFO : MINION : Failed to set JaCoCo session: org.jacoco.agent.rt.RT
21:16:45 PIT >> INFO : MINION : Failed to dump JaCoCo execution data: org.jacoco.agent.rt.RT
21:16:45 PIT >> INFO : MINION : Failed to set JaCoCo session: org.jacoco.agent.rt.RT
21:16:45 PIT >> INFO : MINION : Failed to dump JaCoCo execution data: org.jacoco.agent.rt.RT
21:16:45 PIT >> INFO : MINION : Failed to set JaCoCo session: org.jacoco.agent.rt.RT
21:16:45 PIT >> INFO : MINION : Failed to dump JaCoCo execution data: org.jacoco.agent.rt.RT
21:16:45 PIT >> INFO : MINION : Failed to set JaCoCo session: org.jacoco.agent.rt.RT
21:16:45 PIT >> INFO : MINION : Failed to dump JaCoCo execution data: org.jacoco.agent.rt.RT
21:16:45 PIT >> INFO : MINION : Failed to set JaCoCo session: org.jacoco.agent.rt.RT
21:16:45 PIT >> INFO : MINION : Failed to dump JaCoCo execution data: org.jacoco.agent.rt.RT
21:16:45 PIT >> INFO : MINION : Failed to set JaCoCo session: org.jacoco.agent.rt.RT
21:16:45 PIT >> INFO : MINION : Failed to dump JaCoCo execution data: org.jacoco.agent.rt.RT
21:16:45 PIT >> INFO : MINION : Failed to set JaCoCo session: org.jacoco.agent.rt.RT
21:16:45 PIT >> INFO : MINION : Failed to dump JaCoCo execution data: org.jacoco.agent.rt.RT
21:16:45 PIT >> INFO : MINION : Failed to set JaCoCo session: org.jacoco.agent.rt.RT
21:16:45 PIT >> INFO : MINION : Failed to dump JaCoCo execution data: org.jacoco.agent.rt.RT
21:16:45 PIT >> INFO : MINION : Failed to set JaCoCo session: org.jacoco.agent.rt.RT
21:16:45 PIT >> INFO : MINION : Failed to dump JaCoCo execution data: org.jacoco.agent.rt.RT
21:16:45 PIT >> INFO : MINION : Failed to set JaCoCo session: org.jacoco.agent.rt.RT
21:16:45 PIT >> INFO : MINION : Failed to dump JaCoCo execution data: org.jacoco.agent.rt.RT
21:16:45 PIT >> INFO : MINION : Failed to set JaCoCo session: org.jacoco.agent.rt.RT
21:16:45 PIT >> INFO : MINION : Failed to dump JaCoCo execution data: org.jacoco.agent.rt.RT
21:16:45 PIT >> INFO : MINION : Failed to set JaCoCo session: org.jacoco.agent.rt.RT
21:16:45 PIT >> INFO : MINION : Failed to dump JaCoCo execution data: org.jacoco.agent.rt.RT
21:16:45 PIT >> INFO : MINION : Failed to set JaCoCo session: org.jacoco.agent.rt.RT
21:16:45 PIT >> INFO : MINION : Failed to dump JaCoCo execution data: org.jacoco.agent.rt.RT
21:16:45 PIT >> INFO : MINION : Failed to set JaCoCo session: org.jacoco.agent.rt.RT
21:16:45 PIT >> INFO : MINION : Failed to dump JaCoCo execution data: org.jacoco.agent.rt.RT
21:16:45 PIT >> INFO : MINION : Failed to set JaCoCo session: org.jacoco.agent.rt.RT
21:16:45 PIT >> INFO : MINION : Failed to dump JaCoCo execution data: org.jacoco.agent.rt.RT
21:16:45 PIT >> INFO : MINION : Failed to set JaCoCo session: org.jacoco.agent.rt.RT
21:16:45 PIT >> INFO : MINION : Failed to dump JaCoCo execution data: org.jacoco.agent.rt.RT
21:16:45 PIT >> INFO : MINION : Failed to set JaCoCo session: org.jacoco.agent.rt.RT
21:16:45 PIT >> INFO : MINION : Failed to dump JaCoCo execution data: org.jacoco.agent.rt.RT
21:16:45 PIT >> INFO : MINION : Failed to set JaCoCo session: org.jacoco.agent.rt.RT
21:16:45 PIT >> INFO : MINION : Failed to dump JaCoCo execution data: org.jacoco.agent.rt.RT
21:16:45 PIT >> INFO : MINION : Failed to set JaCoCo session: org.jacoco.agent.rt.RT
21:16:45 PIT >> INFO : MINION : Failed to dump JaCoCo execution data: org.jacoco.agent.rt.RT
21:16:45 PIT >> INFO : MINION : Failed to set JaCoCo session: org.jacoco.agent.rt.RT
21:16:45 PIT >> INFO : MINION : Failed to dump JaCoCo execution data: org.jacoco.agent.rt.RT
21:16:45 PIT >> INFO : MINION : Failed to set JaCoCo session: org.jacoco.agent.rt.RT
21:16:45 PIT >> INFO : MINION : Failed to dump JaCoCo execution data: org.jacoco.agent.rt.RT
21:16:45 PIT >> INFO : MINION : Failed to set JaCoCo session: org.jacoco.agent.rt.RT
21:16:45 PIT >> INFO : MINION : Failed to dump JaCoCo execution data: org.jacoco.agent.rt.RT
21:16:45 PIT >> INFO : MINION : Failed to set JaCoCo session: org.jacoco.agent.rt.RT
21:16:45 PIT >> INFO : MINION : Failed to dump JaCoCo execution data: org.jacoco.agent.rt.RT
21:16:45 PIT >> INFO : MINION : Failed to set JaCoCo session: org.jacoco.agent.rt.RT
21:16:45 PIT >> INFO : MINION : Failed to dump JaCoCo execution data: org.jacoco.agent.rt.RT
21:16:45 PIT >> INFO : MINION : Failed to set JaCoCo session: org.jacoco.agent.rt.RT
21:16:45 PIT >> INFO : MINION : Failed to dump JaCoCo execution data: org.jacoco.agent.rt.RT
21:16:45 PIT >> INFO : MINION : Failed to set JaCoCo session: org.jacoco.agent.rt.RT
21:16:45 PIT >> INFO : MINION : Failed to dump JaCoCo execution data: org.jacoco.agent.rt.RT
21:16:45 PIT >> INFO : MINION : Failed to set JaCoCo session: org.jacoco.agent.rt.RT
21:16:45 PIT >> INFO : MINION : Failed to dump JaCoCo execution data: org.jacoco.agent.rt.RT
21:16:45 PIT >> INFO : MINION : Failed to set JaCoCo session: org.jacoco.agent.rt.RT
21:16:45 PIT >> INFO : MINION : Failed to dump JaCoCo execution data: org.jacoco.agent.rt.RT
21:16:45 PIT >> INFO : MINION : Failed to set JaCoCo session: org.jacoco.agent.rt.RT
21:16:45 PIT >> INFO : MINION : Failed to dump JaCoCo execution data: org.jacoco.agent.rt.RT
21:16:45 PIT >> INFO : MINION : Failed to set JaCoCo session: org.jacoco.agent.rt.RT
21:16:45 PIT >> INFO : MINION : Failed to dump JaCoCo execution data: org.jacoco.agent.rt.RT
21:16:45 PIT >> INFO : MINION : Failed to set JaCoCo session: org.jacoco.agent.rt.RT
21:16:45 PIT >> INFO : MINION : Failed to dump JaCoCo execution data: org.jacoco.agent.rt.RT
21:16:46 PIT >> INFO : MINION : Failed to set JaCoCo session: org.jacoco.agent.rt.RT
21:16:46 PIT >> INFO : MINION : Failed to dump JaCoCo execution data: org.jacoco.agent.rt.RT
21:16:46 PIT >> INFO : MINION : Failed to set JaCoCo session: org.jacoco.agent.rt.RT
21:16:46 PIT >> INFO : MINION : Failed to dump JaCoCo execution data: org.jacoco.agent.rt.RT
21:16:46 PIT >> INFO : MINION : Failed to set JaCoCo session: org.jacoco.agent.rt.RT
21:16:46 PIT >> INFO : MINION : Failed to dump JaCoCo execution data: org.jacoco.agent.rt.RT
21:16:46 PIT >> INFO : MINION : Failed to set JaCoCo session: org.jacoco.agent.rt.RT
21:16:46 PIT >> INFO : MINION : Failed to dump JaCoCo execution data: org.jacoco.agent.rt.RT
21:16:46 PIT >> INFO : MINION : Failed to set JaCoCo session: org.jacoco.agent.rt.RT
21:16:46 PIT >> INFO : MINION : Failed to dump JaCoCo execution data: org.jacoco.agent.rt.RT
21:16:46 PIT >> INFO : MINION : Failed to set JaCoCo session: org.jacoco.agent.rt.RT
21:16:46 PIT >> INFO : MINION : Failed to dump JaCoCo execution data: org.jacoco.agent.rt.RT
21:16:46 PIT >> INFO : MINION : Failed to set JaCoCo session: org.jacoco.agent.rt.RT
21:16:46 PIT >> INFO : MINION : Failed to dump JaCoCo execution data: org.jacoco.agent.rt.RT
21:16:46 PIT >> INFO : MINION : Failed to set JaCoCo session: org.jacoco.agent.rt.RT
21:16:46 PIT >> INFO : MINION : Failed to dump JaCoCo execution data: org.jacoco.agent.rt.RT
21:16:46 PIT >> INFO : MINION : Failed to set JaCoCo session: org.jacoco.agent.rt.RT
21:16:46 PIT >> INFO : MINION : Failed to dump JaCoCo execution data: org.jacoco.agent.rt.RT
21:16:46 PIT >> INFO : MINION : Failed to set JaCoCo session: org.jacoco.agent.rt.RT
21:16:46 PIT >> INFO : MINION : Failed to dump JaCoCo execution data: org.jacoco.agent.rt.RT
21:16:46 PIT >> INFO : MINION : Failed to set JaCoCo session: org.jacoco.agent.rt.RT
21:16:46 PIT >> INFO : MINION : Failed to dump JaCoCo execution data: org.jacoco.agent.rt.RT
21:16:46 PIT >> INFO : MINION : Failed to set JaCoCo session: org.jacoco.agent.rt.RT
21:16:46 PIT >> INFO : MINION : Failed to dump JaCoCo execution data: org.jacoco.agent.rt.RT
21:16:46 PIT >> INFO : MINION : Failed to set JaCoCo session: org.jacoco.agent.rt.RT
21:16:46 PIT >> INFO : MINION : Failed to dump JaCoCo execution data: org.jacoco.agent.rt.RT
21:16:46 PIT >> INFO : MINION : Failed to set JaCoCo session: org.jacoco.agent.rt.RT
21:16:46 PIT >> INFO : MINION : Failed to dump JaCoCo execution data: org.jacoco.agent.rt.RT
21:16:46 PIT >> INFO : MINION : Failed to set JaCoCo session: org.jacoco.agent.rt.RT
21:16:46 PIT >> INFO : MINION : Failed to dump JaCoCo execution data: org.jacoco.agent.rt.RT
21:16:46 PIT >> INFO : MINION : Failed to set JaCoCo session: org.jacoco.agent.rt.RT
21:16:46 PIT >> INFO : MINION : Failed to dump JaCoCo execution data: org.jacoco.agent.rt.RT
21:16:46 PIT >> INFO : MINION : Failed to set JaCoCo session: org.jacoco.agent.rt.RT
21:16:46 PIT >> INFO : MINION : Failed to dump JaCoCo execution data: org.jacoco.agent.rt.RT
21:16:46 PIT >> INFO : MINION : Failed to set JaCoCo session: org.jacoco.agent.rt.RT
21:16:46 PIT >> INFO : MINION : Failed to dump JaCoCo execution data: org.jacoco.agent.rt.RT
21:16:46 PIT >> INFO : MINION : Failed to set JaCoCo session: org.jacoco.agent.rt.RT
21:16:46 PIT >> INFO : MINION : Failed to dump JaCoCo execution data: org.jacoco.agent.rt.RT
21:16:46 PIT >> INFO : MINION : Failed to set JaCoCo session: org.jacoco.agent.rt.RT
21:16:46 PIT >> INFO : MINION : Failed to dump JaCoCo execution data: org.jacoco.agent.rt.RT
21:16:46 PIT >> INFO : MINION : Failed to set JaCoCo session: org.jacoco.agent.rt.RT
21:16:46 PIT >> INFO : MINION : Failed to dump JaCoCo execution data: org.jacoco.agent.rt.RT
21:16:46 PIT >> INFO : MINION : Failed to set JaCoCo session: org.jacoco.agent.rt.RT
21:16:46 PIT >> INFO : MINION : Failed to dump JaCoCo execution data: org.jacoco.agent.rt.RT
21:16:46 PIT >> INFO : MINION : Failed to set JaCoCo session: org.jacoco.agent.rt.RT
21:16:46 PIT >> INFO : MINION : Failed to dump JaCoCo execution data: org.jacoco.agent.rt.RT
21:16:46 PIT >> INFO : MINION : Failed to set JaCoCo session: org.jacoco.agent.rt.RT
21:16:46 PIT >> INFO : MINION : Failed to dump JaCoCo execution data: org.jacoco.agent.rt.RT
21:16:46 PIT >> INFO : MINION : Failed to set JaCoCo session: org.jacoco.agent.rt.RT
21:16:46 PIT >> INFO : MINION : Failed to dump JaCoCo execution data: org.jacoco.agent.rt.RT
21:16:46 PIT >> INFO : MINION : Failed to set JaCoCo session: org.jacoco.agent.rt.RT
21:16:46 PIT >> INFO : MINION : Failed to dump JaCoCo execution data: org.jacoco.agent.rt.RT
21:16:46 PIT >> INFO : MINION : Failed to set JaCoCo session: org.jacoco.agent.rt.RT
21:16:46 PIT >> INFO : MINION : Failed to dump JaCoCo execution data: org.jacoco.agent.rt.RT
21:16:46 PIT >> INFO : MINION : Failed to set JaCoCo session: org.jacoco.agent.rt.RT
21:16:46 PIT >> INFO : MINION : Failed to dump JaCoCo execution data: org.jacoco.agent.rt.RT
21:16:46 PIT >> INFO : MINION : Failed to set JaCoCo session: org.jacoco.agent.rt.RT
21:16:46 PIT >> INFO : MINION : Failed to dump JaCoCo execution data: org.jacoco.agent.rt.RT
21:16:46 PIT >> INFO : MINION : Failed to set JaCoCo session: org.jacoco.agent.rt.RT
21:16:46 PIT >> INFO : MINION : Failed to dump JaCoCo execution data: org.jacoco.agent.rt.RT
21:16:46 PIT >> INFO : MINION : Failed to set JaCoCo session: org.jacoco.agent.rt.RT
21:16:46 PIT >> INFO : MINION : Failed to dump JaCoCo execution data: org.jacoco.agent.rt.RT
21:16:46 PIT >> INFO : MINION : Failed to set JaCoCo session: org.jacoco.agent.rt.RT
21:16:46 PIT >> INFO : MINION : Failed to dump JaCoCo execution data: org.jacoco.agent.rt.RT
21:16:46 PIT >> INFO : MINION : Failed to set JaCoCo session: org.jacoco.agent.rt.RT
21:16:46 PIT >> INFO : MINION : Failed to dump JaCoCo execution data: org.jacoco.agent.rt.RT
21:16:46 PIT >> INFO : MINION : Failed to set JaCoCo session: org.jacoco.agent.rt.RT
21:16:47 PIT >> INFO : MINION : Failed to dump JaCoCo execution data: org.jacoco.agent.rt.RT
21:16:47 PIT >> INFO : MINION : Failed to set JaCoCo session: org.jacoco.agent.rt.RT
21:16:47 PIT >> INFO : MINION : Failed to dump JaCoCo execution data: org.jacoco.agent.rt.RT
21:16:47 PIT >> INFO : MINION : Failed to set JaCoCo session: org.jacoco.agent.rt.RT
21:16:47 PIT >> INFO : MINION : Failed to dump JaCoCo execution data: org.jacoco.agent.rt.RT
21:16:47 PIT >> INFO : MINION : Failed to set JaCoCo session: org.jacoco.agent.rt.RT
21:16:47 PIT >> INFO : MINION : Failed to dump JaCoCo execution data: org.jacoco.agent.rt.RT
21:16:47 PIT >> INFO : MINION : Failed to set JaCoCo session: org.jacoco.agent.rt.RT
21:16:47 PIT >> INFO : MINION : Failed to dump JaCoCo execution data: org.jacoco.agent.rt.RT
21:16:47 PIT >> INFO : MINION : Failed to set JaCoCo session: org.jacoco.agent.rt.RT
21:16:47 PIT >> INFO : MINION : Failed to dump JaCoCo execution data: org.jacoco.agent.rt.RT
21:16:47 PIT >> INFO : MINION : Failed to set JaCoCo session: org.jacoco.agent.rt.RT
21:16:47 PIT >> INFO : MINION : Failed to dump JaCoCo execution data: org.jacoco.agent.rt.RT
21:16:47 PIT >> INFO : MINION : Failed to set JaCoCo session: org.jacoco.agent.rt.RT
21:16:47 PIT >> INFO : MINION : Failed to dump JaCoCo execution data: org.jacoco.agent.rt.RT
21:16:47 PIT >> INFO : MINION : Failed to set JaCoCo session: org.jacoco.agent.rt.RT
21:16:47 PIT >> INFO : MINION : Failed to dump JaCoCo execution data: org.jacoco.agent.rt.RT
21:16:47 PIT >> INFO : MINION : Failed to set JaCoCo session: org.jacoco.agent.rt.RT
21:16:47 PIT >> INFO : MINION : Failed to dump JaCoCo execution data: org.jacoco.agent.rt.RT
21:16:47 PIT >> INFO : MINION : Failed to set JaCoCo session: org.jacoco.agent.rt.RT
21:16:47 PIT >> INFO : MINION : Failed to dump JaCoCo execution data: org.jacoco.agent.rt.RT
21:16:47 PIT >> INFO : MINION : Failed to set JaCoCo session: org.jacoco.agent.rt.RT
21:16:47 PIT >> INFO : MINION : Failed to dump JaCoCo execution data: org.jacoco.agent.rt.RT
21:16:47 PIT >> INFO : MINION : Failed to set JaCoCo session: org.jacoco.agent.rt.RT
21:16:47 PIT >> INFO : MINION : Failed to dump JaCoCo execution data: org.jacoco.agent.rt.RT
21:16:47 PIT >> INFO : MINION : Failed to set JaCoCo session: org.jacoco.agent.rt.RT
21:16:47 PIT >> INFO : MINION : Failed to dump JaCoCo execution data: org.jacoco.agent.rt.RT
21:16:47 PIT >> INFO : MINION : Failed to set JaCoCo session: org.jacoco.agent.rt.RT
21:16:47 PIT >> INFO : MINION : Failed to dump JaCoCo execution data: org.jacoco.agent.rt.RT
21:16:47 PIT >> INFO : MINION : Failed to set JaCoCo session: org.jacoco.agent.rt.RT
21:16:47 PIT >> INFO : MINION : Failed to dump JaCoCo execution data: org.jacoco.agent.rt.RT
21:16:47 PIT >> INFO : MINION : Failed to set JaCoCo session: org.jacoco.agent.rt.RT
21:16:47 PIT >> INFO : MINION : Failed to dump JaCoCo execution data: org.jacoco.agent.rt.RT
21:16:47 PIT >> INFO : MINION : Failed to set JaCoCo session: org.jacoco.agent.rt.RT
21:16:47 PIT >> INFO : MINION : Failed to dump JaCoCo execution data: org.jacoco.agent.rt.RT
21:16:47 PIT >> INFO : MINION : Failed to set JaCoCo session: org.jacoco.agent.rt.RT
21:16:47 PIT >> INFO : MINION : Failed to dump JaCoCo execution data: org.jacoco.agent.rt.RT
21:16:47 PIT >> INFO : MINION : Failed to set JaCoCo session: org.jacoco.agent.rt.RT
21:16:47 PIT >> INFO : MINION : Failed to dump JaCoCo execution data: org.jacoco.agent.rt.RT
21:16:47 PIT >> INFO : MINION : Failed to set JaCoCo session: org.jacoco.agent.rt.RT
21:16:47 PIT >> INFO : MINION : Failed to dump JaCoCo execution data: org.jacoco.agent.rt.RT
21:16:47 PIT >> INFO : MINION : Failed to set JaCoCo session: org.jacoco.agent.rt.RT
21:16:47 PIT >> INFO : MINION : Failed to dump JaCoCo execution data: org.jacoco.agent.rt.RT
21:16:47 PIT >> INFO : MINION : Failed to set JaCoCo session: org.jacoco.agent.rt.RT
21:16:47 PIT >> INFO : MINION : Failed to dump JaCoCo execution data: org.jacoco.agent.rt.RT
21:16:47 PIT >> INFO : MINION : Failed to set JaCoCo session: org.jacoco.agent.rt.RT
21:16:47 PIT >> INFO : MINION : Failed to dump JaCoCo execution data: org.jacoco.agent.rt.RT
21:16:47 PIT >> INFO : MINION : Failed to set JaCoCo session: org.jacoco.agent.rt.RT
21:16:47 PIT >> INFO : MINION : Failed to dump JaCoCo execution data: org.jacoco.agent.rt.RT
21:16:47 PIT >> INFO : MINION : Failed to set JaCoCo session: org.jacoco.agent.rt.RT
21:16:47 PIT >> INFO : MINION : Failed to dump JaCoCo execution data: org.jacoco.agent.rt.RT
21:16:47 PIT >> INFO : MINION : Failed to set JaCoCo session: org.jacoco.agent.rt.RT
21:16:47 PIT >> INFO : MINION : Failed to dump JaCoCo execution data: org.jacoco.agent.rt.RT
21:16:47 PIT >> INFO : MINION : Failed to set JaCoCo session: org.jacoco.agent.rt.RT
21:16:47 PIT >> INFO : MINION : Failed to dump JaCoCo execution data: org.jacoco.agent.rt.RT
21:16:47 PIT >> INFO : MINION : Failed to set JaCoCo session: org.jacoco.agent.rt.RT
21:16:47 PIT >> INFO : MINION : Failed to dump JaCoCo execution data: org.jacoco.agent.rt.RT
21:16:47 PIT >> INFO : MINION : Failed to set JaCoCo session: org.jacoco.agent.rt.RT
21:16:47 PIT >> INFO : MINION : Failed to dump JaCoCo execution data: org.jacoco.agent.rt.RT
21:16:47 PIT >> INFO : MINION : Failed to set JaCoCo session: org.jacoco.agent.rt.RT
21:16:47 PIT >> INFO : MINION : Failed to dump JaCoCo execution data: org.jacoco.agent.rt.RT
21:16:47 PIT >> INFO : MINION : Failed to set JaCoCo session: org.jacoco.agent.rt.RT
21:16:47 PIT >> INFO : MINION : Failed to dump JaCoCo execution data: org.jacoco.agent.rt.RT
21:16:47 PIT >> INFO : MINION : Failed to set JaCoCo session: org.jacoco.agent.rt.RT
21:16:47 PIT >> INFO : MINION : Failed to dump JaCoCo execution data: org.jacoco.agent.rt.RT
21:16:47 PIT >> INFO : MINION : Failed to set JaCoCo session: org.jacoco.agent.rt.RT
21:16:47 PIT >> INFO : MINION : Failed to dump JaCoCo execution data: org.jacoco.agent.rt.RT
21:16:47 PIT >> INFO : MINION : Failed to set JaCoCo session: org.jacoco.agent.rt.RT
21:16:47 PIT >> INFO : MINION : Failed to dump JaCoCo execution data: org.jacoco.agent.rt.RT
21:16:47 PIT >> INFO : MINION : Failed to set JaCoCo session: org.jacoco.agent.rt.RT
21:16:47 PIT >> INFO : MINION : Failed to dump JaCoCo execution data: org.jacoco.agent.rt.RT
21:16:47 PIT >> INFO : MINION : Failed to set JaCoCo session: org.jacoco.agent.rt.RT
21:16:47 PIT >> INFO : MINION : Failed to dump JaCoCo execution data: org.jacoco.agent.rt.RT
21:16:47 PIT >> INFO : MINION : Failed to set JaCoCo session: org.jacoco.agent.rt.RT
21:16:47 PIT >> INFO : MINION : Failed to dump JaCoCo execution data: org.jacoco.agent.rt.RT
21:16:47 PIT >> INFO : MINION : Failed to set JaCoCo session: org.jacoco.agent.rt.RT
21:16:47 PIT >> INFO : MINION : Failed to dump JaCoCo execution data: org.jacoco.agent.rt.RT
21:16:47 PIT >> INFO : MINION : Failed to set JaCoCo session: org.jacoco.agent.rt.RT
21:16:47 PIT >> INFO : MINION : Failed to dump JaCoCo execution data: org.jacoco.agent.rt.RT
21:16:47 PIT >> INFO : MINION : Failed to set JaCoCo session: org.jacoco.agent.rt.RT
21:16:47 PIT >> INFO : MINION : Failed to dump JaCoCo execution data: org.jacoco.agent.rt.RT
21:16:47 PIT >> INFO : MINION : Failed to set JaCoCo session: org.jacoco.agent.rt.RT
21:16:47 PIT >> INFO : MINION : Failed to dump JaCoCo execution data: org.jacoco.agent.rt.RT
21:16:47 PIT >> INFO : MINION : Failed to set JaCoCo session: org.jacoco.agent.rt.RT
21:16:47 PIT >> INFO : MINION : Failed to dump JaCoCo execution data: org.jacoco.agent.rt.RT
21:16:47 PIT >> INFO : MINION : Failed to set JaCoCo session: org.jacoco.agent.rt.RT
21:16:47 PIT >> INFO : MINION : Failed to dump JaCoCo execution data: org.jacoco.agent.rt.RT
21:16:47 PIT >> INFO : MINION : Failed to set JaCoCo session: org.jacoco.agent.rt.RT
21:16:47 PIT >> INFO : MINION : Failed to dump JaCoCo execution data: org.jacoco.agent.rt.RT
21:16:47 PIT >> INFO : MINION : Failed to set JaCoCo session: org.jacoco.agent.rt.RT
21:16:47 PIT >> INFO : MINION : Failed to dump JaCoCo execution data: org.jacoco.agent.rt.RT
21:16:47 PIT >> INFO : MINION : Failed to set JaCoCo session: org.jacoco.agent.rt.RT
21:16:47 PIT >> INFO : MINION : Failed to dump JaCoCo execution data: org.jacoco.agent.rt.RT
21:16:47 PIT >> INFO : MINION : Failed to set JaCoCo session: org.jacoco.agent.rt.RT
21:16:47 PIT >> INFO : MINION : Failed to dump JaCoCo execution data: org.jacoco.agent.rt.RT
21:16:47 PIT >> INFO : MINION : Failed to set JaCoCo session: org.jacoco.agent.rt.RT
21:16:47 PIT >> INFO : MINION : Failed to dump JaCoCo execution data: org.jacoco.agent.rt.RT
21:16:47 PIT >> INFO : MINION : Failed to set JaCoCo session: org.jacoco.agent.rt.RT
21:16:47 PIT >> INFO : MINION : Failed to dump JaCoCo execution data: org.jacoco.agent.rt.RT
21:16:47 PIT >> INFO : MINION : Failed to set JaCoCo session: org.jacoco.agent.rt.RT
21:16:47 PIT >> INFO : MINION : Failed to dump JaCoCo execution data: org.jacoco.agent.rt.RT
21:16:47 PIT >> INFO : MINION : Failed to set JaCoCo session: org.jacoco.agent.rt.RT
21:16:47 PIT >> INFO : MINION : Failed to dump JaCoCo execution data: org.jacoco.agent.rt.RT
21:16:47 PIT >> INFO : MINION : Failed to set JaCoCo session: org.jacoco.agent.rt.RT
21:16:47 PIT >> INFO : MINION : Failed to dump JaCoCo execution data: org.jacoco.agent.rt.RT
21:16:47 PIT >> INFO : MINION : Failed to set JaCoCo session: org.jacoco.agent.rt.RT
21:16:47 PIT >> INFO : MINION : Failed to dump JaCoCo execution data: org.jacoco.agent.rt.RT
21:16:47 PIT >> INFO : MINION : Failed to set JaCoCo session: org.jacoco.agent.rt.RT
21:16:47 PIT >> INFO : MINION : Failed to dump JaCoCo execution data: org.jacoco.agent.rt.RT
21:16:47 PIT >> INFO : MINION : Failed to set JaCoCo session: org.jacoco.agent.rt.RT
21:16:47 PIT >> INFO : MINION : Failed to dump JaCoCo execution data: org.jacoco.agent.rt.RT
21:16:47 PIT >> INFO : MINION : Failed to set JaCoCo session: org.jacoco.agent.rt.RT
21:16:47 PIT >> INFO : MINION : Failed to dump JaCoCo execution data: org.jacoco.agent.rt.RT
21:16:47 PIT >> INFO : MINION : Failed to set JaCoCo session: org.jacoco.agent.rt.RT
21:16:47 PIT >> INFO : MINION : Failed to dump JaCoCo execution data: org.jacoco.agent.rt.RT
21:16:47 PIT >> INFO : MINION : Failed to set JaCoCo session: org.jacoco.agent.rt.RT
21:16:47 PIT >> INFO : MINION : Failed to dump JaCoCo execution data: org.jacoco.agent.rt.RT
21:16:47 PIT >> INFO : MINION : Failed to set JaCoCo session: org.jacoco.agent.rt.RT
21:16:47 PIT >> INFO : MINION : Failed to dump JaCoCo execution data: org.jacoco.agent.rt.RT
21:16:47 PIT >> INFO : MINION : Failed to set JaCoCo session: org.jacoco.agent.rt.RT
21:16:47 PIT >> INFO : MINION : Failed to dump JaCoCo execution data: org.jacoco.agent.rt.RT
21:16:47 PIT >> INFO : MINION : Failed to set JaCoCo session: org.jacoco.agent.rt.RT
21:16:47 PIT >> INFO : MINION : Failed to dump JaCoCo execution data: org.jacoco.agent.rt.RT
21:16:47 PIT >> INFO : MINION : Failed to set JaCoCo session: org.jacoco.agent.rt.RT
21:16:47 PIT >> INFO : MINION : Failed to dump JaCoCo execution data: org.jacoco.agent.rt.RT
21:16:47 PIT >> INFO : MINION : Failed to set JaCoCo session: org.jacoco.agent.rt.RT
21:16:47 PIT >> INFO : MINION : Failed to dump JaCoCo execution data: org.jacoco.agent.rt.RT
21:16:47 PIT >> INFO : MINION : Failed to set JaCoCo session: org.jacoco.agent.rt.RT
21:16:47 PIT >> INFO : MINION : Failed to dump JaCoCo execution data: org.jacoco.agent.rt.RT
21:16:47 PIT >> INFO : MINION : Failed to set JaCoCo session: org.jacoco.agent.rt.RT
21:16:47 PIT >> INFO : MINION : Failed to dump JaCoCo execution data: org.jacoco.agent.rt.RT
21:16:47 PIT >> INFO : MINION : Failed to set JaCoCo session: org.jacoco.agent.rt.RT
21:16:47 PIT >> INFO : MINION : Failed to dump JaCoCo execution data: org.jacoco.agent.rt.RT
21:16:47 PIT >> INFO : MINION : Failed to set JaCoCo session: org.jacoco.agent.rt.RT
21:16:47 PIT >> INFO : MINION : Failed to dump JaCoCo execution data: org.jacoco.agent.rt.RT
21:16:47 PIT >> INFO : MINION : Failed to set JaCoCo session: org.jacoco.agent.rt.RT
21:16:47 PIT >> INFO : MINION : Failed to dump JaCoCo execution data: org.jacoco.agent.rt.RT
21:16:47 PIT >> INFO : MINION : Failed to set JaCoCo session: org.jacoco.agent.rt.RT
21:16:47 PIT >> INFO : MINION : Failed to dump JaCoCo execution data: org.jacoco.agent.rt.RT
21:16:47 PIT >> INFO : MINION : Failed to set JaCoCo session: org.jacoco.agent.rt.RT
21:16:47 PIT >> INFO : MINION : Failed to dump JaCoCo execution data: org.jacoco.agent.rt.RT
21:16:47 PIT >> INFO : MINION : Failed to set JaCoCo session: org.jacoco.agent.rt.RT
21:16:47 PIT >> INFO : MINION : Failed to dump JaCoCo execution data: org.jacoco.agent.rt.RT
21:16:47 PIT >> INFO : MINION : Failed to set JaCoCo session: org.jacoco.agent.rt.RT
21:16:47 PIT >> INFO : MINION : Failed to dump JaCoCo execution data: org.jacoco.agent.rt.RT
21:16:47 PIT >> INFO : MINION : Failed to set JaCoCo session: org.jacoco.agent.rt.RT
21:16:47 PIT >> INFO : MINION : Failed to dump JaCoCo execution data: org.jacoco.agent.rt.RT
21:16:47 PIT >> INFO : MINION : Failed to set JaCoCo session: org.jacoco.agent.rt.RT
21:16:47 PIT >> INFO : MINION : Failed to dump JaCoCo execution data: org.jacoco.agent.rt.RT
21:16:47 PIT >> INFO : MINION : Failed to set JaCoCo session: org.jacoco.agent.rt.RT
21:16:47 PIT >> INFO : MINION : Failed to dump JaCoCo execution data: org.jacoco.agent.rt.RT
21:16:47 PIT >> INFO : MINION : Failed to set JaCoCo session: org.jacoco.agent.rt.RT
21:16:47 PIT >> INFO : MINION : Failed to dump JaCoCo execution data: org.jacoco.agent.rt.RT
21:16:47 PIT >> INFO : MINION : Failed to set JaCoCo session: org.jacoco.agent.rt.RT
21:16:47 PIT >> INFO : MINION : Failed to dump JaCoCo execution data: org.jacoco.agent.rt.RT
21:16:47 PIT >> INFO : MINION : Failed to set JaCoCo session: org.jacoco.agent.rt.RT
21:16:47 PIT >> INFO : MINION : Failed to dump JaCoCo execution data: org.jacoco.agent.rt.RT
21:16:47 PIT >> INFO : MINION : Failed to set JaCoCo session: org.jacoco.agent.rt.RT
21:16:47 PIT >> INFO : MINION : Failed to dump JaCoCo execution data: org.jacoco.agent.rt.RT
21:16:47 PIT >> INFO : MINION : Failed to set JaCoCo session: org.jacoco.agent.rt.RT
21:16:47 PIT >> INFO : MINION : Failed to dump JaCoCo execution data: org.jacoco.agent.rt.RT
21:16:47 PIT >> INFO : MINION : Failed to set JaCoCo session: org.jacoco.agent.rt.RT
21:16:47 PIT >> INFO : MINION : Failed to dump JaCoCo execution data: org.jacoco.agent.rt.RT
21:16:47 PIT >> INFO : MINION : Failed to set JaCoCo session: org.jacoco.agent.rt.RT
21:16:47 PIT >> INFO : MINION : Failed to dump JaCoCo execution data: org.jacoco.agent.rt.RT
21:16:47 PIT >> INFO : MINION : Failed to set JaCoCo session: org.jacoco.agent.rt.RT
21:16:47 PIT >> INFO : MINION : Failed to dump JaCoCo execution data: org.jacoco.agent.rt.RT
21:16:47 PIT >> INFO : MINION : Failed to set JaCoCo session: org.jacoco.agent.rt.RT
21:16:47 PIT >> INFO : MINION : Failed to dump JaCoCo execution data: org.jacoco.agent.rt.RT
21:16:47 PIT >> INFO : MINION : Failed to set JaCoCo session: org.jacoco.agent.rt.RT
21:16:47 PIT >> INFO : MINION : Failed to dump JaCoCo execution data: org.jacoco.agent.rt.RT
21:16:47 PIT >> INFO : MINION : Failed to set JaCoCo session: org.jacoco.agent.rt.RT
21:16:47 PIT >> INFO : MINION : Failed to dump JaCoCo execution data: org.jacoco.agent.rt.RT
21:16:47 PIT >> INFO : MINION : Failed to set JaCoCo session: org.jacoco.agent.rt.RT
21:16:47 PIT >> INFO : MINION : Failed to dump JaCoCo execution data: org.jacoco.agent.rt.RT
21:16:47 PIT >> INFO : MINION : Failed to set JaCoCo session: org.jacoco.agent.rt.RT
21:16:47 PIT >> INFO : MINION : Failed to dump JaCoCo execution data: org.jacoco.agent.rt.RT
21:16:47 PIT >> INFO : MINION : Failed to set JaCoCo session: org.jacoco.agent.rt.RT
21:16:47 PIT >> INFO : MINION : Failed to dump JaCoCo execution data: org.jacoco.agent.rt.RT
21:16:47 PIT >> INFO : MINION : Failed to set JaCoCo session: org.jacoco.agent.rt.RT
21:16:47 PIT >> INFO : MINION : Failed to dump JaCoCo execution data: org.jacoco.agent.rt.RT
21:16:47 PIT >> INFO : MINION : Failed to set JaCoCo session: org.jacoco.agent.rt.RT
21:16:47 PIT >> INFO : MINION : Failed to dump JaCoCo execution data: org.jacoco.agent.rt.RT
21:16:47 PIT >> INFO : MINION : Failed to set JaCoCo session: org.jacoco.agent.rt.RT
21:16:47 PIT >> INFO : MINION : Failed to dump JaCoCo execution data: org.jacoco.agent.rt.RT
21:16:47 PIT >> INFO : MINION : Failed to set JaCoCo session: org.jacoco.agent.rt.RT
21:16:47 PIT >> INFO : MINION : Failed to dump JaCoCo execution data: org.jacoco.agent.rt.RT
21:16:47 PIT >> INFO : MINION : Failed to set JaCoCo session: org.jacoco.agent.rt.RT
21:16:47 PIT >> INFO : MINION : Failed to dump JaCoCo execution data: org.jacoco.agent.rt.RT
21:16:47 PIT >> INFO : MINION : Failed to set JaCoCo session: org.jacoco.agent.rt.RT
21:16:47 PIT >> INFO : MINION : Failed to dump JaCoCo execution data: org.jacoco.agent.rt.RT
21:16:47 PIT >> INFO : MINION : Failed to set JaCoCo session: org.jacoco.agent.rt.RT
21:16:47 PIT >> INFO : MINION : Failed to dump JaCoCo execution data: org.jacoco.agent.rt.RT
21:16:47 PIT >> INFO : MINION : Failed to set JaCoCo session: org.jacoco.agent.rt.RT
21:16:47 PIT >> INFO : MINION : Failed to dump JaCoCo execution data: org.jacoco.agent.rt.RT
21:16:47 PIT >> INFO : MINION : Failed to set JaCoCo session: org.jacoco.agent.rt.RT
21:16:47 PIT >> INFO : MINION : Failed to dump JaCoCo execution data: org.jacoco.agent.rt.RT
21:16:47 PIT >> INFO : MINION : Failed to set JaCoCo session: org.jacoco.agent.rt.RT
21:16:47 PIT >> INFO : MINION : Failed to dump JaCoCo execution data: org.jacoco.agent.rt.RT
21:16:47 PIT >> INFO : MINION : Failed to set JaCoCo session: org.jacoco.agent.rt.RT
21:16:47 PIT >> INFO : MINION : Failed to dump JaCoCo execution data: org.jacoco.agent.rt.RT
21:16:47 PIT >> INFO : MINION : Failed to set JaCoCo session: org.jacoco.agent.rt.RT
21:16:47 PIT >> INFO : MINION : Failed to dump JaCoCo execution data: org.jacoco.agent.rt.RT
21:16:47 PIT >> INFO : MINION : Failed to set JaCoCo session: org.jacoco.agent.rt.RT
21:16:47 PIT >> INFO : MINION : Failed to dump JaCoCo execution data: org.jacoco.agent.rt.RT
21:16:47 PIT >> INFO : MINION : Failed to set JaCoCo session: org.jacoco.agent.rt.RT
21:16:47 PIT >> INFO : MINION : Failed to dump JaCoCo execution data: org.jacoco.agent.rt.RT
21:16:47 PIT >> INFO : MINION : Failed to set JaCoCo session: org.jacoco.agent.rt.RT
21:16:47 PIT >> INFO : MINION : Failed to dump JaCoCo execution data: org.jacoco.agent.rt.RT
21:16:47 PIT >> INFO : MINION : Failed to set JaCoCo session: org.jacoco.agent.rt.RT
21:16:47 PIT >> INFO : MINION : Failed to dump JaCoCo execution data: org.jacoco.agent.rt.RT
21:16:47 PIT >> INFO : MINION : Failed to set JaCoCo session: org.jacoco.agent.rt.RT
21:16:47 PIT >> INFO : MINION : Failed to dump JaCoCo execution data: org.jacoco.agent.rt.RT
21:16:47 PIT >> INFO : MINION : Failed to set JaCoCo session: org.jacoco.agent.rt.RT
21:16:47 PIT >> INFO : MINION : Failed to dump JaCoCo execution data: org.jacoco.agent.rt.RT
21:16:47 PIT >> INFO : MINION : Failed to set JaCoCo session: org.jacoco.agent.rt.RT
21:16:47 PIT >> INFO : MINION : Failed to dump JaCoCo execution data: org.jacoco.agent.rt.RT
21:16:47 PIT >> INFO : MINION : Failed to set JaCoCo session: org.jacoco.agent.rt.RT
21:16:47 PIT >> INFO : MINION : Failed to dump JaCoCo execution data: org.jacoco.agent.rt.RT
21:16:47 PIT >> INFO : MINION : Failed to set JaCoCo session: org.jacoco.agent.rt.RT
21:16:47 PIT >> INFO : MINION : Failed to dump JaCoCo execution data: org.jacoco.agent.rt.RT
21:16:47 PIT >> INFO : MINION : Failed to set JaCoCo session: org.jacoco.agent.rt.RT
21:16:47 PIT >> INFO : MINION : Failed to dump JaCoCo execution data: org.jacoco.agent.rt.RT
21:16:47 PIT >> INFO : MINION : Failed to set JaCoCo session: org.jacoco.agent.rt.RT
21:16:47 PIT >> INFO : MINION : Failed to dump JaCoCo execution data: org.jacoco.agent.rt.RT
21:16:47 PIT >> INFO : MINION : Failed to set JaCoCo session: org.jacoco.agent.rt.RT
21:16:47 PIT >> INFO : MINION : Failed to dump JaCoCo execution data: org.jacoco.agent.rt.RT
21:16:47 PIT >> INFO : MINION : Failed to set JaCoCo session: org.jacoco.agent.rt.RT
21:16:47 PIT >> INFO : MINION : Failed to dump JaCoCo execution data: org.jacoco.agent.rt.RT
21:16:47 PIT >> INFO : MINION : Failed to set JaCoCo session: org.jacoco.agent.rt.RT
21:16:47 PIT >> INFO : MINION : Failed to dump JaCoCo execution data: org.jacoco.agent.rt.RT
21:16:47 PIT >> INFO : MINION : Failed to set JaCoCo session: org.jacoco.agent.rt.RT
21:16:47 PIT >> INFO : MINION : Failed to dump JaCoCo execution data: org.jacoco.agent.rt.RT
21:16:47 PIT >> INFO : MINION : Failed to set JaCoCo session: org.jacoco.agent.rt.RT
21:16:47 PIT >> INFO : MINION : Failed to dump JaCoCo execution data: org.jacoco.agent.rt.RT
21:16:47 PIT >> INFO : MINION : Failed to set JaCoCo session: org.jacoco.agent.rt.RT
21:16:47 PIT >> INFO : MINION : Failed to dump JaCoCo execution data: org.jacoco.agent.rt.RT
21:16:47 PIT >> INFO : MINION : Failed to set JaCoCo session: org.jacoco.agent.rt.RT
21:16:47 PIT >> INFO : MINION : Failed to dump JaCoCo execution data: org.jacoco.agent.rt.RT
21:16:48 PIT >> INFO : MINION : Failed to set JaCoCo session: org.jacoco.agent.rt.RT
21:16:50 PIT >> INFO : MINION : WARNING: A Java agent has been loaded dynamically (/Users/D061177/.gradle/caches/modules-2/files-2.1/net.bytebuddy/byte-buddy-agent/1.14.15/b4cc9d88d5de562bf75b3a54ab436ad01b3f72d/byte-buddy-agent-1.14.15.jar)
21:16:50 PIT >> INFO : MINION : WARNING: If a serviceability tool is in use, please run with -XX:+EnableDynamicAgentLoading to hide this warning
21:16:50 PIT >> INFO : MINION : WARNING: If a serviceability tool is not in use, please run with -Djdk.instrument.traceUsage for more information
21:16:50 PIT >> INFO : MINION : WARNING: Dynamic loading of agents will be disallowed by default in a future release
21:16:50 PIT >> INFO : MINION : OpenJDK 64-Bit Server VM warning: Sharing is only supported for boot loader classes because bootstrap classpath has been appended
21:16:50 PIT >> INFO : MINION : Failed to dump JaCoCo execution data: org.jacoco.agent.rt.RT
21:16:50 PIT >> INFO : MINION : Failed to set JaCoCo session: org.jacoco.agent.rt.RT
21:16:50 PIT >> INFO : MINION : Failed to dump JaCoCo execution data: org.jacoco.agent.rt.RT
21:16:50 PIT >> INFO : MINION : Failed to set JaCoCo session: org.jacoco.agent.rt.RT
21:16:50 PIT >> INFO : MINION : Failed to dump JaCoCo execution data: org.jacoco.agent.rt.RT
21:16:50 PIT >> INFO : MINION : Failed to set JaCoCo session: org.jacoco.agent.rt.RT
21:16:50 PIT >> INFO : MINION : Failed to dump JaCoCo execution data: org.jacoco.agent.rt.RT
21:16:50 PIT >> INFO : MINION : Failed to set JaCoCo session: org.jacoco.agent.rt.RT
21:16:50 PIT >> INFO : MINION : Failed to dump JaCoCo execution data: org.jacoco.agent.rt.RT
21:16:50 PIT >> INFO : MINION : Failed to set JaCoCo session: org.jacoco.agent.rt.RT
21:16:50 PIT >> INFO : MINION : Failed to dump JaCoCo execution data: org.jacoco.agent.rt.RT
21:16:50 PIT >> INFO : MINION : Failed to set JaCoCo session: org.jacoco.agent.rt.RT
21:16:50 PIT >> INFO : MINION : Failed to dump JaCoCo execution data: org.jacoco.agent.rt.RT
21:16:50 PIT >> INFO : MINION : Failed to set JaCoCo session: org.jacoco.agent.rt.RT
21:16:50 PIT >> INFO : MINION : Failed to dump JaCoCo execution data: org.jacoco.agent.rt.RT
21:16:50 PIT >> INFO : MINION : Failed to set JaCoCo session: org.jacoco.agent.rt.RT
21:16:50 PIT >> INFO : MINION : Failed to dump JaCoCo execution data: org.jacoco.agent.rt.RT
21:16:50 PIT >> INFO : MINION : Failed to set JaCoCo session: org.jacoco.agent.rt.RT
21:16:50 PIT >> INFO : MINION : Failed to dump JaCoCo execution data: org.jacoco.agent.rt.RT
21:16:50 PIT >> INFO : MINION : Failed to set JaCoCo session: org.jacoco.agent.rt.RT
21:16:50 PIT >> INFO : MINION : Failed to dump JaCoCo execution data: org.jacoco.agent.rt.RT
21:16:50 PIT >> INFO : MINION : Failed to set JaCoCo session: org.jacoco.agent.rt.RT
21:16:50 PIT >> INFO : MINION : Failed to dump JaCoCo execution data: org.jacoco.agent.rt.RT
21:16:50 PIT >> INFO : MINION : Failed to set JaCoCo session: org.jacoco.agent.rt.RT
21:16:50 PIT >> INFO : MINION : Failed to dump JaCoCo execution data: org.jacoco.agent.rt.RT
21:16:50 PIT >> INFO : MINION : Failed to set JaCoCo session: org.jacoco.agent.rt.RT
21:16:50 PIT >> INFO : MINION : Failed to dump JaCoCo execution data: org.jacoco.agent.rt.RT
21:16:50 PIT >> INFO : MINION : Failed to set JaCoCo session: org.jacoco.agent.rt.RT
21:16:50 PIT >> INFO : MINION : Failed to dump JaCoCo execution data: org.jacoco.agent.rt.RT
21:16:50 PIT >> INFO : MINION : Failed to set JaCoCo session: org.jacoco.agent.rt.RT
21:16:50 PIT >> INFO : MINION : Failed to dump JaCoCo execution data: org.jacoco.agent.rt.RT
21:16:50 PIT >> INFO : MINION : Failed to set JaCoCo session: org.jacoco.agent.rt.RT
21:16:50 PIT >> INFO : MINION : Failed to dump JaCoCo execution data: org.jacoco.agent.rt.RT
21:16:50 PIT >> INFO : MINION : Failed to set JaCoCo session: org.jacoco.agent.rt.RT
21:16:50 PIT >> INFO : MINION : Failed to dump JaCoCo execution data: org.jacoco.agent.rt.RT
21:16:50 PIT >> INFO : MINION : Failed to set JaCoCo session: org.jacoco.agent.rt.RT
21:16:50 PIT >> INFO : MINION : Failed to dump JaCoCo execution data: org.jacoco.agent.rt.RT
21:16:50 PIT >> INFO : MINION : Failed to set JaCoCo session: org.jacoco.agent.rt.RT
21:16:50 PIT >> INFO : MINION : Failed to dump JaCoCo execution data: org.jacoco.agent.rt.RT
21:16:50 PIT >> INFO : MINION : Failed to set JaCoCo session: org.jacoco.agent.rt.RT
21:16:50 PIT >> INFO : MINION : Failed to dump JaCoCo execution data: org.jacoco.agent.rt.RT
21:16:50 PIT >> INFO : MINION : Failed to set JaCoCo session: org.jacoco.agent.rt.RT
21:16:50 PIT >> INFO : MINION : Failed to dump JaCoCo execution data: org.jacoco.agent.rt.RT
21:16:50 PIT >> INFO : MINION : Failed to set JaCoCo session: org.jacoco.agent.rt.RT
21:16:50 PIT >> INFO : MINION : Failed to dump JaCoCo execution data: org.jacoco.agent.rt.RT
21:16:50 PIT >> INFO : MINION : Failed to set JaCoCo session: org.jacoco.agent.rt.RT
21:16:50 PIT >> INFO : MINION : Failed to dump JaCoCo execution data: org.jacoco.agent.rt.RT
21:16:50 PIT >> INFO : MINION : Failed to set JaCoCo session: org.jacoco.agent.rt.RT
21:16:50 PIT >> INFO : MINION : Failed to dump JaCoCo execution data: org.jacoco.agent.rt.RT
21:16:50 PIT >> INFO : MINION : Failed to set JaCoCo session: org.jacoco.agent.rt.RT
21:16:50 PIT >> INFO : MINION : Failed to dump JaCoCo execution data: org.jacoco.agent.rt.RT
21:16:50 PIT >> INFO : MINION : Failed to set JaCoCo session: org.jacoco.agent.rt.RT
21:16:50 PIT >> INFO : MINION : Failed to dump JaCoCo execution data: org.jacoco.agent.rt.RT
21:16:50 PIT >> INFO : MINION : Failed to set JaCoCo session: org.jacoco.agent.rt.RT
21:16:50 PIT >> INFO : MINION : Failed to dump JaCoCo execution data: org.jacoco.agent.rt.RT
21:16:50 PIT >> INFO : MINION : Failed to set JaCoCo session: org.jacoco.agent.rt.RT
21:16:50 PIT >> INFO : MINION : Failed to dump JaCoCo execution data: org.jacoco.agent.rt.RT
21:16:50 PIT >> INFO : MINION : Failed to set JaCoCo session: org.jacoco.agent.rt.RT
21:16:50 PIT >> INFO : MINION : Failed to dump JaCoCo execution data: org.jacoco.agent.rt.RT
21:16:50 PIT >> INFO : MINION : Failed to set JaCoCo session: org.jacoco.agent.rt.RT
21:16:50 PIT >> INFO : MINION : Failed to dump JaCoCo execution data: org.jacoco.agent.rt.RT
21:16:50 PIT >> INFO : MINION : Failed to set JaCoCo session: org.jacoco.agent.rt.RT
21:16:50 PIT >> INFO : MINION : Failed to dump JaCoCo execution data: org.jacoco.agent.rt.RT
21:16:50 PIT >> INFO : MINION : Failed to set JaCoCo session: org.jacoco.agent.rt.RT
21:16:50 PIT >> INFO : MINION : Failed to dump JaCoCo execution data: org.jacoco.agent.rt.RT
21:16:50 PIT >> INFO : MINION : Failed to set JaCoCo session: org.jacoco.agent.rt.RT
21:16:50 PIT >> INFO : MINION : Failed to dump JaCoCo execution data: org.jacoco.agent.rt.RT
21:16:50 PIT >> INFO : MINION : Failed to set JaCoCo session: org.jacoco.agent.rt.RT
21:16:50 PIT >> INFO : MINION : Failed to dump JaCoCo execution data: org.jacoco.agent.rt.RT
21:16:50 PIT >> INFO : MINION : Failed to set JaCoCo session: org.jacoco.agent.rt.RT
21:16:50 PIT >> INFO : MINION : Failed to dump JaCoCo execution data: org.jacoco.agent.rt.RT
21:16:51 PIT >> INFO : MINION : Failed to set JaCoCo session: org.jacoco.agent.rt.RT
21:16:51 PIT >> INFO : MINION : Failed to dump JaCoCo execution data: org.jacoco.agent.rt.RT
21:16:51 PIT >> INFO : MINION : Failed to set JaCoCo session: org.jacoco.agent.rt.RT
21:16:51 PIT >> INFO : MINION : Failed to dump JaCoCo execution data: org.jacoco.agent.rt.RT
21:16:51 PIT >> INFO : MINION : Failed to set JaCoCo session: org.jacoco.agent.rt.RT
21:16:51 PIT >> INFO : MINION : Failed to dump JaCoCo execution data: org.jacoco.agent.rt.RT
21:16:51 PIT >> INFO : MINION : Failed to set JaCoCo session: org.jacoco.agent.rt.RT
21:16:51 PIT >> INFO : MINION : Failed to dump JaCoCo execution data: org.jacoco.agent.rt.RT
21:16:51 PIT >> INFO : MINION : Failed to set JaCoCo session: org.jacoco.agent.rt.RT
21:16:51 PIT >> INFO : MINION : Failed to dump JaCoCo execution data: org.jacoco.agent.rt.RT
21:16:51 PIT >> INFO : MINION : Failed to set JaCoCo session: org.jacoco.agent.rt.RT
21:16:51 PIT >> INFO : MINION : Failed to dump JaCoCo execution data: org.jacoco.agent.rt.RT
21:16:51 PIT >> INFO : MINION : Failed to set JaCoCo session: org.jacoco.agent.rt.RT
21:16:51 PIT >> INFO : MINION : Failed to dump JaCoCo execution data: org.jacoco.agent.rt.RT
21:16:51 PIT >> INFO : MINION : Failed to set JaCoCo session: org.jacoco.agent.rt.RT
21:16:51 PIT >> INFO : MINION : Failed to dump JaCoCo execution data: org.jacoco.agent.rt.RT
21:16:51 PIT >> INFO : MINION : Failed to set JaCoCo session: org.jacoco.agent.rt.RT
21:16:51 PIT >> INFO : MINION : Failed to dump JaCoCo execution data: org.jacoco.agent.rt.RT
21:16:51 PIT >> INFO : MINION : Failed to set JaCoCo session: org.jacoco.agent.rt.RT
21:16:51 PIT >> INFO : MINION : Failed to dump JaCoCo execution data: org.jacoco.agent.rt.RT
21:16:51 PIT >> INFO : MINION : Failed to set JaCoCo session: org.jacoco.agent.rt.RT
21:16:51 PIT >> INFO : MINION : Failed to dump JaCoCo execution data: org.jacoco.agent.rt.RT
21:16:51 PIT >> INFO : MINION : Failed to set JaCoCo session: org.jacoco.agent.rt.RT
21:16:51 PIT >> INFO : MINION : Failed to dump JaCoCo execution data: org.jacoco.agent.rt.RT
21:16:51 PIT >> INFO : MINION : Failed to set JaCoCo session: org.jacoco.agent.rt.RT
21:16:51 PIT >> INFO : MINION : Failed to dump JaCoCo execution data: org.jacoco.agent.rt.RT
21:16:51 PIT >> INFO : MINION : Failed to set JaCoCo session: org.jacoco.agent.rt.RT
21:16:51 PIT >> INFO : MINION : Failed to dump JaCoCo execution data: org.jacoco.agent.rt.RT
21:16:51 PIT >> INFO : MINION : Failed to set JaCoCo session: org.jacoco.agent.rt.RT
21:16:51 PIT >> INFO : MINION : Failed to dump JaCoCo execution data: org.jacoco.agent.rt.RT
21:16:51 PIT >> INFO : MINION : Failed to set JaCoCo session: org.jacoco.agent.rt.RT
21:16:51 PIT >> INFO : MINION : Failed to dump JaCoCo execution data: org.jacoco.agent.rt.RT
21:16:51 PIT >> INFO : MINION : Failed to set JaCoCo session: org.jacoco.agent.rt.RT
21:16:51 PIT >> INFO : MINION : Failed to dump JaCoCo execution data: org.jacoco.agent.rt.RT
21:16:51 PIT >> INFO : MINION : Failed to set JaCoCo session: org.jacoco.agent.rt.RT
21:16:51 PIT >> INFO : MINION : Failed to dump JaCoCo execution data: org.jacoco.agent.rt.RT
21:16:51 PIT >> INFO : MINION : Failed to set JaCoCo session: org.jacoco.agent.rt.RT
21:16:51 PIT >> INFO : MINION : Failed to dump JaCoCo execution data: org.jacoco.agent.rt.RT
21:16:51 PIT >> INFO : MINION : Failed to set JaCoCo session: org.jacoco.agent.rt.RT
21:16:51 PIT >> INFO : MINION : Failed to dump JaCoCo execution data: org.jacoco.agent.rt.RT
21:16:51 PIT >> INFO : MINION : Failed to set JaCoCo session: org.jacoco.agent.rt.RT
21:16:51 PIT >> INFO : MINION : Failed to dump JaCoCo execution data: org.jacoco.agent.rt.RT
21:16:51 PIT >> INFO : MINION : Failed to set JaCoCo session: org.jacoco.agent.rt.RT
21:16:51 PIT >> INFO : MINION : Failed to dump JaCoCo execution data: org.jacoco.agent.rt.RT
21:16:51 PIT >> INFO : MINION : Failed to set JaCoCo session: org.jacoco.agent.rt.RT
21:16:51 PIT >> INFO : MINION : Failed to dump JaCoCo execution data: org.jacoco.agent.rt.RT
21:16:51 PIT >> INFO : MINION : Failed to set JaCoCo session: org.jacoco.agent.rt.RT
21:16:51 PIT >> INFO : MINION : Failed to dump JaCoCo execution data: org.jacoco.agent.rt.RT
21:16:51 PIT >> INFO : MINION : Failed to set JaCoCo session: org.jacoco.agent.rt.RT
21:16:51 PIT >> INFO : MINION : Failed to dump JaCoCo execution data: org.jacoco.agent.rt.RT
21:16:51 PIT >> INFO : MINION : Failed to set JaCoCo session: org.jacoco.agent.rt.RT
21:16:51 PIT >> INFO : MINION : Failed to dump JaCoCo execution data: org.jacoco.agent.rt.RT
21:16:51 PIT >> INFO : MINION : Failed to set JaCoCo session: org.jacoco.agent.rt.RT
21:16:51 PIT >> INFO : MINION : Failed to dump JaCoCo execution data: org.jacoco.agent.rt.RT
21:16:51 PIT >> INFO : MINION : Failed to set JaCoCo session: org.jacoco.agent.rt.RT
21:16:51 PIT >> INFO : MINION : Failed to dump JaCoCo execution data: org.jacoco.agent.rt.RT
21:16:51 PIT >> INFO : MINION : Failed to set JaCoCo session: org.jacoco.agent.rt.RT
21:16:51 PIT >> INFO : MINION : Failed to dump JaCoCo execution data: org.jacoco.agent.rt.RT
21:16:51 PIT >> INFO : MINION : Failed to set JaCoCo session: org.jacoco.agent.rt.RT
21:16:51 PIT >> INFO : MINION : Failed to dump JaCoCo execution data: org.jacoco.agent.rt.RT
21:16:51 PIT >> INFO : MINION : Failed to set JaCoCo session: org.jacoco.agent.rt.RT
21:16:51 PIT >> INFO : MINION : Failed to dump JaCoCo execution data: org.jacoco.agent.rt.RT
21:16:51 PIT >> INFO : MINION : Failed to set JaCoCo session: org.jacoco.agent.rt.RT
21:16:51 PIT >> INFO : MINION : Failed to dump JaCoCo execution data: org.jacoco.agent.rt.RT
21:16:51 PIT >> INFO : MINION : Failed to set JaCoCo session: org.jacoco.agent.rt.RT
21:16:51 PIT >> INFO : MINION : Failed to dump JaCoCo execution data: org.jacoco.agent.rt.RT
21:16:51 PIT >> INFO : MINION : Failed to set JaCoCo session: org.jacoco.agent.rt.RT
21:16:51 PIT >> INFO : MINION : Failed to dump JaCoCo execution data: org.jacoco.agent.rt.RT
21:16:51 PIT >> INFO : MINION : Failed to set JaCoCo session: org.jacoco.agent.rt.RT
21:16:51 PIT >> INFO : MINION : Failed to dump JaCoCo execution data: org.jacoco.agent.rt.RT
21:16:51 PIT >> INFO : MINION : Failed to set JaCoCo session: org.jacoco.agent.rt.RT
21:16:51 PIT >> INFO : MINION : Failed to dump JaCoCo execution data: org.jacoco.agent.rt.RT
21:16:51 PIT >> INFO : MINION : Failed to set JaCoCo session: org.jacoco.agent.rt.RT
21:16:51 PIT >> INFO : MINION : Failed to dump JaCoCo execution data: org.jacoco.agent.rt.RT
21:16:51 PIT >> INFO : MINION : Failed to set JaCoCo session: org.jacoco.agent.rt.RT
21:16:51 PIT >> INFO : MINION : Failed to dump JaCoCo execution data: org.jacoco.agent.rt.RT
21:16:51 PIT >> INFO : MINION : Failed to set JaCoCo session: org.jacoco.agent.rt.RT
21:16:51 PIT >> INFO : MINION : Failed to dump JaCoCo execution data: org.jacoco.agent.rt.RT
21:16:51 PIT >> INFO : MINION : Failed to set JaCoCo session: org.jacoco.agent.rt.RT
21:16:51 PIT >> INFO : MINION : Failed to dump JaCoCo execution data: org.jacoco.agent.rt.RT
21:16:51 PIT >> INFO : MINION : Failed to set JaCoCo session: org.jacoco.agent.rt.RT
21:16:51 PIT >> INFO : MINION : Failed to dump JaCoCo execution data: org.jacoco.agent.rt.RT
21:16:51 PIT >> INFO : MINION : Failed to set JaCoCo session: org.jacoco.agent.rt.RT
21:16:51 PIT >> INFO : MINION : Failed to dump JaCoCo execution data: org.jacoco.agent.rt.RT
21:16:51 PIT >> INFO : MINION : Failed to set JaCoCo session: org.jacoco.agent.rt.RT
21:16:51 PIT >> INFO : MINION : Failed to dump JaCoCo execution data: org.jacoco.agent.rt.RT
21:16:51 PIT >> INFO : MINION : Failed to set JaCoCo session: org.jacoco.agent.rt.RT
21:16:51 PIT >> INFO : MINION : Failed to dump JaCoCo execution data: org.jacoco.agent.rt.RT
21:16:51 PIT >> INFO : MINION : Failed to set JaCoCo session: org.jacoco.agent.rt.RT
21:16:51 PIT >> INFO : MINION : Failed to dump JaCoCo execution data: org.jacoco.agent.rt.RT
21:16:51 PIT >> INFO : MINION : Failed to set JaCoCo session: org.jacoco.agent.rt.RT
21:16:51 PIT >> INFO : MINION : Failed to dump JaCoCo execution data: org.jacoco.agent.rt.RT
21:16:51 PIT >> INFO : MINION : Failed to set JaCoCo session: org.jacoco.agent.rt.RT
21:16:51 PIT >> INFO : MINION : Failed to dump JaCoCo execution data: org.jacoco.agent.rt.RT
21:16:51 PIT >> INFO : MINION : Failed to set JaCoCo session: org.jacoco.agent.rt.RT
21:16:51 PIT >> INFO : MINION : Failed to dump JaCoCo execution data: org.jacoco.agent.rt.RT
21:16:51 PIT >> INFO : MINION : Failed to set JaCoCo session: org.jacoco.agent.rt.RT
21:16:51 PIT >> INFO : MINION : Failed to dump JaCoCo execution data: org.jacoco.agent.rt.RT
21:16:51 PIT >> INFO : MINION : Failed to set JaCoCo session: org.jacoco.agent.rt.RT
21:16:51 PIT >> INFO : MINION : Failed to dump JaCoCo execution data: org.jacoco.agent.rt.RT
21:16:51 PIT >> INFO : MINION : Failed to set JaCoCo session: org.jacoco.agent.rt.RT
21:16:51 PIT >> INFO : MINION : Failed to dump JaCoCo execution data: org.jacoco.agent.rt.RT
21:16:51 PIT >> INFO : MINION : Failed to set JaCoCo session: org.jacoco.agent.rt.RT
21:16:51 PIT >> INFO : MINION : Failed to dump JaCoCo execution data: org.jacoco.agent.rt.RT
21:16:51 PIT >> INFO : MINION : Failed to set JaCoCo session: org.jacoco.agent.rt.RT
21:16:51 PIT >> INFO : MINION : Failed to dump JaCoCo execution data: org.jacoco.agent.rt.RT
21:16:51 PIT >> INFO : MINION : Failed to set JaCoCo session: org.jacoco.agent.rt.RT
21:16:51 PIT >> INFO : MINION : Failed to dump JaCoCo execution data: org.jacoco.agent.rt.RT
21:16:51 PIT >> INFO : MINION : Failed to set JaCoCo session: org.jacoco.agent.rt.RT
21:16:51 PIT >> INFO : MINION : Failed to dump JaCoCo execution data: org.jacoco.agent.rt.RT
21:16:51 PIT >> INFO : MINION : Failed to set JaCoCo session: org.jacoco.agent.rt.RT
21:16:51 PIT >> INFO : MINION : Failed to dump JaCoCo execution data: org.jacoco.agent.rt.RT
21:16:51 PIT >> INFO : MINION : Failed to set JaCoCo session: org.jacoco.agent.rt.RT
21:16:51 PIT >> INFO : MINION : Failed to dump JaCoCo execution data: org.jacoco.agent.rt.RT
21:16:51 PIT >> INFO : MINION : Failed to set JaCoCo session: org.jacoco.agent.rt.RT
21:16:51 PIT >> INFO : MINION : Failed to dump JaCoCo execution data: org.jacoco.agent.rt.RT
21:16:51 PIT >> INFO : MINION : Failed to set JaCoCo session: org.jacoco.agent.rt.RT
21:16:51 PIT >> INFO : MINION : Failed to dump JaCoCo execution data: org.jacoco.agent.rt.RT
21:16:51 PIT >> INFO : MINION : Failed to set JaCoCo session: org.jacoco.agent.rt.RT
21:16:51 PIT >> INFO : MINION : Failed to dump JaCoCo execution data: org.jacoco.agent.rt.RT
21:16:51 PIT >> INFO : MINION : Failed to set JaCoCo session: org.jacoco.agent.rt.RT
21:16:51 PIT >> INFO : MINION : Failed to dump JaCoCo execution data: org.jacoco.agent.rt.RT
21:16:51 PIT >> INFO : MINION : Failed to set JaCoCo session: org.jacoco.agent.rt.RT
21:16:51 PIT >> INFO : MINION : Failed to dump JaCoCo execution data: org.jacoco.agent.rt.RT
21:16:51 PIT >> INFO : MINION : Failed to set JaCoCo session: org.jacoco.agent.rt.RT
21:16:51 PIT >> INFO : MINION : Failed to dump JaCoCo execution data: org.jacoco.agent.rt.RT
21:16:51 PIT >> INFO : MINION : Failed to set JaCoCo session: org.jacoco.agent.rt.RT
21:16:51 PIT >> INFO : MINION : Failed to dump JaCoCo execution data: org.jacoco.agent.rt.RT
21:16:51 PIT >> INFO : MINION : Failed to set JaCoCo session: org.jacoco.agent.rt.RT
21:16:51 PIT >> INFO : MINION : Failed to dump JaCoCo execution data: org.jacoco.agent.rt.RT
21:16:51 PIT >> INFO : MINION : Failed to set JaCoCo session: org.jacoco.agent.rt.RT
21:16:51 PIT >> INFO : MINION : Failed to dump JaCoCo execution data: org.jacoco.agent.rt.RT
21:16:51 PIT >> INFO : MINION : Failed to set JaCoCo session: org.jacoco.agent.rt.RT
21:16:51 PIT >> INFO : MINION : Failed to dump JaCoCo execution data: org.jacoco.agent.rt.RT
21:16:51 PIT >> INFO : MINION : Failed to set JaCoCo session: org.jacoco.agent.rt.RT
21:16:51 PIT >> INFO : MINION : Failed to dump JaCoCo execution data: org.jacoco.agent.rt.RT
21:16:51 PIT >> INFO : MINION : Failed to set JaCoCo session: org.jacoco.agent.rt.RT
21:16:51 PIT >> INFO : MINION : Failed to dump JaCoCo execution data: org.jacoco.agent.rt.RT
21:16:51 PIT >> INFO : MINION : Failed to set JaCoCo session: org.jacoco.agent.rt.RT
21:16:51 PIT >> INFO : MINION : Failed to dump JaCoCo execution data: org.jacoco.agent.rt.RT
21:16:51 PIT >> INFO : MINION : Failed to set JaCoCo session: org.jacoco.agent.rt.RT
21:16:51 PIT >> INFO : MINION : Failed to dump JaCoCo execution data: org.jacoco.agent.rt.RT
21:16:51 PIT >> INFO : MINION : Failed to set JaCoCo session: org.jacoco.agent.rt.RT
21:16:51 PIT >> INFO : MINION : Failed to dump JaCoCo execution data: org.jacoco.agent.rt.RT
21:16:51 PIT >> INFO : MINION : Failed to set JaCoCo session: org.jacoco.agent.rt.RT
21:16:51 PIT >> INFO : MINION : Failed to dump JaCoCo execution data: org.jacoco.agent.rt.RT
21:16:51 PIT >> INFO : MINION : Failed to set JaCoCo session: org.jacoco.agent.rt.RT
21:16:51 PIT >> INFO : MINION : Failed to dump JaCoCo execution data: org.jacoco.agent.rt.RT
21:16:51 PIT >> INFO : MINION : Failed to set JaCoCo session: org.jacoco.agent.rt.RT
21:16:51 PIT >> INFO : MINION : Failed to dump JaCoCo execution data: org.jacoco.agent.rt.RT
21:16:51 PIT >> INFO : MINION : Failed to set JaCoCo session: org.jacoco.agent.rt.RT
21:16:51 PIT >> INFO : MINION : Failed to dump JaCoCo execution data: org.jacoco.agent.rt.RT
21:16:51 PIT >> INFO : MINION : Failed to set JaCoCo session: org.jacoco.agent.rt.RT
21:16:51 PIT >> INFO : MINION : Failed to dump JaCoCo execution data: org.jacoco.agent.rt.RT
21:16:51 PIT >> INFO : MINION : Failed to set JaCoCo session: org.jacoco.agent.rt.RT
21:16:51 PIT >> INFO : MINION : Failed to dump JaCoCo execution data: org.jacoco.agent.rt.RT
21:16:51 PIT >> INFO : MINION : Failed to set JaCoCo session: org.jacoco.agent.rt.RT
21:16:51 PIT >> INFO : MINION : Failed to dump JaCoCo execution data: org.jacoco.agent.rt.RT
21:16:51 PIT >> INFO : MINION : Failed to set JaCoCo session: org.jacoco.agent.rt.RT
21:16:51 PIT >> INFO : MINION : Failed to dump JaCoCo execution data: org.jacoco.agent.rt.RT
21:16:51 PIT >> INFO : MINION : Failed to set JaCoCo session: org.jacoco.agent.rt.RT
21:16:51 PIT >> INFO : MINION : Failed to dump JaCoCo execution data: org.jacoco.agent.rt.RT
21:16:51 PIT >> INFO : MINION : Failed to set JaCoCo session: org.jacoco.agent.rt.RT
21:16:51 PIT >> INFO : MINION : Failed to dump JaCoCo execution data: org.jacoco.agent.rt.RT
21:16:51 PIT >> INFO : MINION : Failed to set JaCoCo session: org.jacoco.agent.rt.RT
21:16:51 PIT >> INFO : MINION : Failed to dump JaCoCo execution data: org.jacoco.agent.rt.RT
21:16:51 PIT >> INFO : MINION : Failed to set JaCoCo session: org.jacoco.agent.rt.RT
21:16:51 PIT >> INFO : MINION : Failed to dump JaCoCo execution data: org.jacoco.agent.rt.RT
21:16:51 PIT >> INFO : MINION : Failed to set JaCoCo session: org.jacoco.agent.rt.RT
21:16:51 PIT >> INFO : MINION : Failed to dump JaCoCo execution data: org.jacoco.agent.rt.RT
21:16:51 PIT >> INFO : MINION : Failed to set JaCoCo session: org.jacoco.agent.rt.RT
21:16:51 PIT >> INFO : MINION : Failed to dump JaCoCo execution data: org.jacoco.agent.rt.RT
21:16:51 PIT >> INFO : MINION : Failed to set JaCoCo session: org.jacoco.agent.rt.RT
21:16:51 PIT >> INFO : MINION : Failed to dump JaCoCo execution data: org.jacoco.agent.rt.RT
21:16:51 PIT >> INFO : MINION : Failed to set JaCoCo session: org.jacoco.agent.rt.RT
21:16:51 PIT >> INFO : MINION : Failed to dump JaCoCo execution data: org.jacoco.agent.rt.RT
21:16:51 PIT >> INFO : MINION : Failed to set JaCoCo session: org.jacoco.agent.rt.RT
21:16:51 PIT >> INFO : MINION : Failed to dump JaCoCo execution data: org.jacoco.agent.rt.RT
21:16:51 PIT >> INFO : MINION : Failed to set JaCoCo session: org.jacoco.agent.rt.RT
21:16:51 PIT >> INFO : MINION : Failed to dump JaCoCo execution data: org.jacoco.agent.rt.RT
21:16:51 PIT >> INFO : MINION : Failed to set JaCoCo session: org.jacoco.agent.rt.RT
21:16:51 PIT >> INFO : MINION : Failed to dump JaCoCo execution data: org.jacoco.agent.rt.RT
21:16:51 PIT >> INFO : MINION : Failed to set JaCoCo session: org.jacoco.agent.rt.RT
21:16:51 PIT >> INFO : MINION : Failed to dump JaCoCo execution data: org.jacoco.agent.rt.RT
21:16:51 PIT >> INFO : MINION : Failed to set JaCoCo session: org.jacoco.agent.rt.RT
21:16:51 PIT >> INFO : MINION : Failed to dump JaCoCo execution data: org.jacoco.agent.rt.RT
21:16:51 PIT >> INFO : MINION : Failed to set JaCoCo session: org.jacoco.agent.rt.RT
21:16:51 PIT >> INFO : MINION : Failed to dump JaCoCo execution data: org.jacoco.agent.rt.RT
21:16:51 PIT >> INFO : MINION : Failed to set JaCoCo session: org.jacoco.agent.rt.RT
21:16:51 PIT >> INFO : MINION : Failed to dump JaCoCo execution data: org.jacoco.agent.rt.RT
21:16:51 PIT >> INFO : MINION : Failed to set JaCoCo session: org.jacoco.agent.rt.RT
21:16:51 PIT >> INFO : MINION : Failed to dump JaCoCo execution data: org.jacoco.agent.rt.RT
21:16:51 PIT >> INFO : MINION : Failed to set JaCoCo session: org.jacoco.agent.rt.RT
21:16:51 PIT >> INFO : MINION : Failed to dump JaCoCo execution data: org.jacoco.agent.rt.RT
21:16:51 PIT >> INFO : MINION : Failed to set JaCoCo session: org.jacoco.agent.rt.RT
21:16:51 PIT >> INFO : MINION : Failed to dump JaCoCo execution data: org.jacoco.agent.rt.RT
21:16:51 PIT >> INFO : MINION : Failed to set JaCoCo session: org.jacoco.agent.rt.RT
21:16:51 PIT >> INFO : MINION : Failed to dump JaCoCo execution data: org.jacoco.agent.rt.RT
21:16:51 PIT >> INFO : MINION : Failed to set JaCoCo session: org.jacoco.agent.rt.RT
21:16:51 PIT >> INFO : MINION : Failed to dump JaCoCo execution data: org.jacoco.agent.rt.RT
21:16:51 PIT >> INFO : MINION : Failed to set JaCoCo session: org.jacoco.agent.rt.RT
21:16:51 PIT >> INFO : MINION : Failed to dump JaCoCo execution data: org.jacoco.agent.rt.RT
21:16:51 PIT >> INFO : MINION : Failed to set JaCoCo session: org.jacoco.agent.rt.RT
21:16:51 PIT >> INFO : MINION : Failed to dump JaCoCo execution data: org.jacoco.agent.rt.RT
21:16:51 PIT >> INFO : MINION : Failed to set JaCoCo session: org.jacoco.agent.rt.RT
21:16:51 PIT >> INFO : MINION : Failed to dump JaCoCo execution data: org.jacoco.agent.rt.RT
21:16:51 PIT >> INFO : MINION : Failed to set JaCoCo session: org.jacoco.agent.rt.RT
21:16:51 PIT >> INFO : MINION : Failed to dump JaCoCo execution data: org.jacoco.agent.rt.RT
21:16:51 PIT >> INFO : MINION : Failed to set JaCoCo session: org.jacoco.agent.rt.RT
21:16:51 PIT >> INFO : MINION : Failed to dump JaCoCo execution data: org.jacoco.agent.rt.RT
21:16:51 PIT >> INFO : MINION : Failed to set JaCoCo session: org.jacoco.agent.rt.RT
21:16:51 PIT >> INFO : MINION : Failed to dump JaCoCo execution data: org.jacoco.agent.rt.RT
21:16:51 PIT >> INFO : MINION : Failed to set JaCoCo session: org.jacoco.agent.rt.RT
21:16:51 PIT >> INFO : MINION : Failed to dump JaCoCo execution data: org.jacoco.agent.rt.RT
21:16:51 PIT >> INFO : MINION : Failed to set JaCoCo session: org.jacoco.agent.rt.RT
21:16:51 PIT >> INFO : MINION : Failed to dump JaCoCo execution data: org.jacoco.agent.rt.RT
21:16:51 PIT >> INFO : MINION : Failed to set JaCoCo session: org.jacoco.agent.rt.RT
21:16:51 PIT >> INFO : MINION : Failed to dump JaCoCo execution data: org.jacoco.agent.rt.RT
21:16:51 PIT >> INFO : MINION : Failed to set JaCoCo session: org.jacoco.agent.rt.RT
21:16:51 PIT >> INFO : MINION : Failed to dump JaCoCo execution data: org.jacoco.agent.rt.RT
21:16:51 PIT >> INFO : MINION : Failed to set JaCoCo session: org.jacoco.agent.rt.RT
21:16:51 PIT >> INFO : MINION : Failed to dump JaCoCo execution data: org.jacoco.agent.rt.RT
21:16:51 PIT >> INFO : MINION : Failed to set JaCoCo session: org.jacoco.agent.rt.RT
21:16:51 PIT >> INFO : MINION : Failed to dump JaCoCo execution data: org.jacoco.agent.rt.RT
21:16:51 PIT >> INFO : MINION : Failed to set JaCoCo session: org.jacoco.agent.rt.RT
21:16:51 PIT >> INFO : MINION : Failed to dump JaCoCo execution data: org.jacoco.agent.rt.RT
21:16:51 PIT >> INFO : MINION : Failed to set JaCoCo session: org.jacoco.agent.rt.RT
21:16:51 PIT >> INFO : MINION : Failed to dump JaCoCo execution data: org.jacoco.agent.rt.RT
21:16:51 PIT >> INFO : MINION : Failed to set JaCoCo session: org.jacoco.agent.rt.RT
21:16:51 PIT >> INFO : MINION : Failed to dump JaCoCo execution data: org.jacoco.agent.rt.RT
21:16:51 PIT >> INFO : MINION : Failed to set JaCoCo session: org.jacoco.agent.rt.RT
21:16:51 PIT >> INFO : MINION : Failed to dump JaCoCo execution data: org.jacoco.agent.rt.RT
21:16:51 PIT >> INFO : MINION : Failed to set JaCoCo session: org.jacoco.agent.rt.RT
21:16:51 PIT >> INFO : MINION : Failed to dump JaCoCo execution data: org.jacoco.agent.rt.RT
21:16:51 PIT >> INFO : MINION : Failed to set JaCoCo session: org.jacoco.agent.rt.RT
21:16:51 PIT >> INFO : MINION : Failed to dump JaCoCo execution data: org.jacoco.agent.rt.RT
21:16:51 PIT >> INFO : MINION : Failed to set JaCoCo session: org.jacoco.agent.rt.RT
21:16:51 PIT >> INFO : MINION : Failed to dump JaCoCo execution data: org.jacoco.agent.rt.RT
21:16:51 PIT >> INFO : MINION : Failed to set JaCoCo session: org.jacoco.agent.rt.RT
21:16:51 PIT >> INFO : MINION : Failed to dump JaCoCo execution data: org.jacoco.agent.rt.RT
21:16:51 PIT >> INFO : MINION : Failed to set JaCoCo session: org.jacoco.agent.rt.RT
21:16:51 PIT >> INFO : MINION : Failed to dump JaCoCo execution data: org.jacoco.agent.rt.RT
21:16:51 PIT >> INFO : MINION : Failed to set JaCoCo session: org.jacoco.agent.rt.RT
21:16:51 PIT >> INFO : MINION : Failed to dump JaCoCo execution data: org.jacoco.agent.rt.RT
21:16:51 PIT >> INFO : MINION : Failed to set JaCoCo session: org.jacoco.agent.rt.RT
21:16:51 PIT >> INFO : MINION : Failed to dump JaCoCo execution data: org.jacoco.agent.rt.RT
21:16:51 PIT >> INFO : MINION : Failed to set JaCoCo session: org.jacoco.agent.rt.RT
21:16:51 PIT >> INFO : MINION : Failed to dump JaCoCo execution data: org.jacoco.agent.rt.RT
21:16:51 PIT >> INFO : MINION : Failed to set JaCoCo session: org.jacoco.agent.rt.RT
21:16:51 PIT >> INFO : MINION : Failed to dump JaCoCo execution data: org.jacoco.agent.rt.RT
21:16:51 PIT >> INFO : MINION : Failed to set JaCoCo session: org.jacoco.agent.rt.RT
21:16:51 PIT >> INFO : MINION : Failed to dump JaCoCo execution data: org.jacoco.agent.rt.RT
21:16:51 PIT >> INFO : MINION : Failed to set JaCoCo session: org.jacoco.agent.rt.RT
21:16:51 PIT >> INFO : MINION : Failed to dump JaCoCo execution data: org.jacoco.agent.rt.RT
21:16:51 PIT >> INFO : MINION : Failed to set JaCoCo session: org.jacoco.agent.rt.RT
21:16:51 PIT >> INFO : MINION : Failed to dump JaCoCo execution data: org.jacoco.agent.rt.RT
21:16:51 PIT >> INFO : MINION : Failed to set JaCoCo session: org.jacoco.agent.rt.RT
21:16:51 PIT >> INFO : MINION : Failed to dump JaCoCo execution data: org.jacoco.agent.rt.RT
21:16:51 PIT >> INFO : MINION : Failed to set JaCoCo session: org.jacoco.agent.rt.RT
21:16:51 PIT >> INFO : MINION : Failed to dump JaCoCo execution data: org.jacoco.agent.rt.RT
21:16:51 PIT >> INFO : MINION : Failed to set JaCoCo session: org.jacoco.agent.rt.RT
21:16:51 PIT >> INFO : MINION : Failed to dump JaCoCo execution data: org.jacoco.agent.rt.RT
21:16:51 PIT >> INFO : MINION : Failed to set JaCoCo session: org.jacoco.agent.rt.RT
21:16:51 PIT >> INFO : MINION : Failed to dump JaCoCo execution data: org.jacoco.agent.rt.RT
21:16:51 PIT >> INFO : MINION : Failed to set JaCoCo session: org.jacoco.agent.rt.RT
21:16:51 PIT >> INFO : MINION : Failed to dump JaCoCo execution data: org.jacoco.agent.rt.RT
21:16:51 PIT >> INFO : MINION : Failed to set JaCoCo session: org.jacoco.agent.rt.RT
21:16:51 PIT >> INFO : MINION : Failed to dump JaCoCo execution data: org.jacoco.agent.rt.RT
21:16:51 PIT >> INFO : MINION : Failed to set JaCoCo session: org.jacoco.agent.rt.RT
21:16:51 PIT >> INFO : MINION : Failed to dump JaCoCo execution data: org.jacoco.agent.rt.RT
21:16:52 PIT >> INFO : MINION : Failed to set JaCoCo session: org.jacoco.agent.rt.RT
21:16:52 PIT >> INFO : MINION : Failed to dump JaCoCo execution data: org.jacoco.agent.rt.RT
21:16:52 PIT >> INFO : MINION : Failed to set JaCoCo session: org.jacoco.agent.rt.RT
21:16:52 PIT >> INFO : MINION : Failed to dump JaCoCo execution data: org.jacoco.agent.rt.RT
21:16:52 PIT >> INFO : MINION : Failed to set JaCoCo session: org.jacoco.agent.rt.RT
21:16:52 PIT >> INFO : MINION : Failed to dump JaCoCo execution data: org.jacoco.agent.rt.RT
21:16:52 PIT >> INFO : MINION : Failed to set JaCoCo session: org.jacoco.agent.rt.RT
21:16:52 PIT >> INFO : MINION : Failed to dump JaCoCo execution data: org.jacoco.agent.rt.RT
21:16:52 PIT >> INFO : MINION : Failed to set JaCoCo session: org.jacoco.agent.rt.RT
21:16:52 PIT >> INFO : MINION : Failed to dump JaCoCo execution data: org.jacoco.agent.rt.RT
21:16:52 PIT >> INFO : MINION : Failed to set JaCoCo session: org.jacoco.agent.rt.RT
21:16:52 PIT >> INFO : MINION : Failed to dump JaCoCo execution data: org.jacoco.agent.rt.RT
21:16:52 PIT >> INFO : MINION : Failed to set JaCoCo session: org.jacoco.agent.rt.RT
21:16:52 PIT >> INFO : MINION : Failed to dump JaCoCo execution data: org.jacoco.agent.rt.RT
21:16:52 PIT >> INFO : MINION : Failed to set JaCoCo session: org.jacoco.agent.rt.RT
21:16:52 PIT >> INFO : MINION : Failed to dump JaCoCo execution data: org.jacoco.agent.rt.RT
21:16:52 PIT >> INFO : MINION : Failed to set JaCoCo session: org.jacoco.agent.rt.RT
21:16:52 PIT >> INFO : MINION : Failed to dump JaCoCo execution data: org.jacoco.agent.rt.RT
21:16:52 PIT >> INFO : MINION : Failed to set JaCoCo session: org.jacoco.agent.rt.RT
21:16:52 PIT >> INFO : MINION : Failed to dump JaCoCo execution data: org.jacoco.agent.rt.RT
21:16:52 PIT >> INFO : MINION : Failed to set JaCoCo session: org.jacoco.agent.rt.RT
21:16:52 PIT >> INFO : MINION : Failed to dump JaCoCo execution data: org.jacoco.agent.rt.RT
21:16:52 PIT >> INFO : MINION : Failed to set JaCoCo session: org.jacoco.agent.rt.RT
21:16:52 PIT >> INFO : MINION : Failed to dump JaCoCo execution data: org.jacoco.agent.rt.RT
21:16:52 PIT >> INFO : MINION : Failed to set JaCoCo session: org.jacoco.agent.rt.RT
21:16:52 PIT >> INFO : MINION : Failed to dump JaCoCo execution data: org.jacoco.agent.rt.RT
21:16:52 PIT >> INFO : MINION : Failed to set JaCoCo session: org.jacoco.agent.rt.RT
21:16:52 PIT >> INFO : MINION : Failed to dump JaCoCo execution data: org.jacoco.agent.rt.RT
21:16:52 PIT >> INFO : MINION : Failed to set JaCoCo session: org.jacoco.agent.rt.RT
21:16:52 PIT >> INFO : MINION : Failed to dump JaCoCo execution data: org.jacoco.agent.rt.RT
21:16:52 PIT >> INFO : MINION : Failed to set JaCoCo session: org.jacoco.agent.rt.RT
21:16:52 PIT >> INFO : MINION : Failed to dump JaCoCo execution data: org.jacoco.agent.rt.RT
21:16:52 PIT >> INFO : MINION : Failed to set JaCoCo session: org.jacoco.agent.rt.RT
21:16:52 PIT >> INFO : MINION : Failed to dump JaCoCo execution data: org.jacoco.agent.rt.RT
21:16:52 PIT >> INFO : MINION : Failed to set JaCoCo session: org.jacoco.agent.rt.RT
21:16:52 PIT >> INFO : MINION : Failed to dump JaCoCo execution data: org.jacoco.agent.rt.RT
21:16:52 PIT >> INFO : MINION : Failed to set JaCoCo session: org.jacoco.agent.rt.RT
21:16:52 PIT >> INFO : MINION : Failed to dump JaCoCo execution data: org.jacoco.agent.rt.RT
21:16:52 PIT >> INFO : MINION : Failed to set JaCoCo session: org.jacoco.agent.rt.RT
21:16:52 PIT >> INFO : MINION : Failed to dump JaCoCo execution data: org.jacoco.agent.rt.RT
21:16:52 PIT >> INFO : MINION : Failed to set JaCoCo session: org.jacoco.agent.rt.RT
21:16:52 PIT >> INFO : MINION : Failed to dump JaCoCo execution data: org.jacoco.agent.rt.RT
21:16:52 PIT >> INFO : MINION : Failed to set JaCoCo session: org.jacoco.agent.rt.RT
21:16:52 PIT >> INFO : MINION : Failed to dump JaCoCo execution data: org.jacoco.agent.rt.RT
21:16:52 PIT >> INFO : MINION : Failed to set JaCoCo session: org.jacoco.agent.rt.RT
21:16:52 PIT >> INFO : MINION : Failed to dump JaCoCo execution data: org.jacoco.agent.rt.RT
21:16:52 PIT >> INFO : MINION : Failed to set JaCoCo session: org.jacoco.agent.rt.RT
21:16:52 PIT >> INFO : MINION : Failed to dump JaCoCo execution data: org.jacoco.agent.rt.RT
21:16:52 PIT >> INFO : MINION : Failed to set JaCoCo session: org.jacoco.agent.rt.RT
21:16:52 PIT >> INFO : MINION : Failed to dump JaCoCo execution data: org.jacoco.agent.rt.RT
21:16:52 PIT >> INFO : MINION : Failed to set JaCoCo session: org.jacoco.agent.rt.RT
21:16:52 PIT >> INFO : MINION : Failed to dump JaCoCo execution data: org.jacoco.agent.rt.RT
21:16:52 PIT >> INFO : MINION : Failed to set JaCoCo session: org.jacoco.agent.rt.RT
21:16:52 PIT >> INFO : MINION : Failed to dump JaCoCo execution data: org.jacoco.agent.rt.RT
21:16:52 PIT >> INFO : MINION : Failed to set JaCoCo session: org.jacoco.agent.rt.RT
21:16:52 PIT >> INFO : MINION : Failed to dump JaCoCo execution data: org.jacoco.agent.rt.RT
21:16:52 PIT >> INFO : MINION : Failed to set JaCoCo session: org.jacoco.agent.rt.RT
21:16:52 PIT >> INFO : MINION : Failed to dump JaCoCo execution data: org.jacoco.agent.rt.RT
21:16:52 PIT >> INFO : MINION : Failed to set JaCoCo session: org.jacoco.agent.rt.RT
21:16:52 PIT >> INFO : MINION : Failed to dump JaCoCo execution data: org.jacoco.agent.rt.RT
21:16:52 PIT >> INFO : MINION : Failed to set JaCoCo session: org.jacoco.agent.rt.RT
21:16:52 PIT >> INFO : MINION : Failed to dump JaCoCo execution data: org.jacoco.agent.rt.RT
21:16:52 PIT >> INFO : MINION : Failed to set JaCoCo session: org.jacoco.agent.rt.RT
21:16:52 PIT >> INFO : MINION : Failed to dump JaCoCo execution data: org.jacoco.agent.rt.RT
21:16:52 PIT >> INFO : MINION : Failed to set JaCoCo session: org.jacoco.agent.rt.RT
21:16:52 PIT >> INFO : MINION : Failed to dump JaCoCo execution data: org.jacoco.agent.rt.RT
21:16:52 PIT >> INFO : MINION : Failed to set JaCoCo session: org.jacoco.agent.rt.RT
21:16:52 PIT >> INFO : MINION : Failed to dump JaCoCo execution data: org.jacoco.agent.rt.RT
21:16:52 PIT >> INFO : MINION : Failed to set JaCoCo session: org.jacoco.agent.rt.RT
21:16:52 PIT >> INFO : MINION : Failed to dump JaCoCo execution data: org.jacoco.agent.rt.RT
21:16:52 PIT >> INFO : MINION : Failed to set JaCoCo session: org.jacoco.agent.rt.RT
21:16:52 PIT >> INFO : MINION : Failed to dump JaCoCo execution data: org.jacoco.agent.rt.RT
21:16:52 PIT >> INFO : MINION : Failed to set JaCoCo session: org.jacoco.agent.rt.RT
21:16:52 PIT >> INFO : MINION : Failed to dump JaCoCo execution data: org.jacoco.agent.rt.RT
21:16:52 PIT >> INFO : MINION : Failed to set JaCoCo session: org.jacoco.agent.rt.RT
21:16:52 PIT >> INFO : MINION : Failed to dump JaCoCo execution data: org.jacoco.agent.rt.RT
21:16:52 PIT >> INFO : MINION : Failed to set JaCoCo session: org.jacoco.agent.rt.RT
21:16:52 PIT >> INFO : MINION : Failed to dump JaCoCo execution data: org.jacoco.agent.rt.RT
21:16:52 PIT >> INFO : MINION : Failed to set JaCoCo session: org.jacoco.agent.rt.RT
21:16:52 PIT >> INFO : MINION : Failed to dump JaCoCo execution data: org.jacoco.agent.rt.RT
21:16:52 PIT >> INFO : MINION : Failed to set JaCoCo session: org.jacoco.agent.rt.RT
21:16:52 PIT >> INFO : MINION : Failed to dump JaCoCo execution data: org.jacoco.agent.rt.RT
21:16:52 PIT >> INFO : MINION : Failed to set JaCoCo session: org.jacoco.agent.rt.RT
21:16:52 PIT >> INFO : MINION : Failed to dump JaCoCo execution data: org.jacoco.agent.rt.RT
21:16:52 PIT >> INFO : MINION : Failed to set JaCoCo session: org.jacoco.agent.rt.RT
21:16:52 PIT >> INFO : MINION : Failed to dump JaCoCo execution data: org.jacoco.agent.rt.RT
21:16:52 PIT >> INFO : MINION : Failed to set JaCoCo session: org.jacoco.agent.rt.RT
21:16:52 PIT >> INFO : MINION : Failed to dump JaCoCo execution data: org.jacoco.agent.rt.RT
21:16:52 PIT >> INFO : MINION : Failed to set JaCoCo session: org.jacoco.agent.rt.RT
21:16:52 PIT >> INFO : MINION : Failed to dump JaCoCo execution data: org.jacoco.agent.rt.RT
21:16:52 PIT >> INFO : MINION : Failed to set JaCoCo session: org.jacoco.agent.rt.RT
21:16:52 PIT >> INFO : MINION : Failed to dump JaCoCo execution data: org.jacoco.agent.rt.RT
21:16:52 PIT >> INFO : MINION : Failed to set JaCoCo session: org.jacoco.agent.rt.RT
21:16:52 PIT >> INFO : MINION : Failed to dump JaCoCo execution data: org.jacoco.agent.rt.RT
21:16:52 PIT >> INFO : MINION : Failed to set JaCoCo session: org.jacoco.agent.rt.RT
21:16:52 PIT >> INFO : MINION : Failed to dump JaCoCo execution data: org.jacoco.agent.rt.RT
21:16:52 PIT >> INFO : MINION : Failed to set JaCoCo session: org.jacoco.agent.rt.RT
21:16:52 PIT >> INFO : MINION : Failed to dump JaCoCo execution data: org.jacoco.agent.rt.RT
21:16:52 PIT >> INFO : MINION : Failed to set JaCoCo session: org.jacoco.agent.rt.RT
21:16:52 PIT >> INFO : MINION : Failed to dump JaCoCo execution data: org.jacoco.agent.rt.RT
21:16:52 PIT >> INFO : MINION : Failed to set JaCoCo session: org.jacoco.agent.rt.RT
21:16:52 PIT >> INFO : MINION : Failed to dump JaCoCo execution data: org.jacoco.agent.rt.RT
21:16:52 PIT >> INFO : MINION : Failed to set JaCoCo session: org.jacoco.agent.rt.RT
21:16:52 PIT >> INFO : MINION : Failed to dump JaCoCo execution data: org.jacoco.agent.rt.RT
21:16:52 PIT >> INFO : MINION : Failed to set JaCoCo session: org.jacoco.agent.rt.RT
21:16:52 PIT >> INFO : MINION : Failed to dump JaCoCo execution data: org.jacoco.agent.rt.RT
21:16:52 PIT >> INFO : MINION : Failed to set JaCoCo session: org.jacoco.agent.rt.RT
21:16:52 PIT >> INFO : MINION : Failed to dump JaCoCo execution data: org.jacoco.agent.rt.RT
21:16:52 PIT >> INFO : MINION : Failed to set JaCoCo session: org.jacoco.agent.rt.RT
21:16:52 PIT >> INFO : MINION : Failed to dump JaCoCo execution data: org.jacoco.agent.rt.RT
21:16:52 PIT >> INFO : MINION : Failed to set JaCoCo session: org.jacoco.agent.rt.RT
21:16:52 PIT >> INFO : MINION : Failed to dump JaCoCo execution data: org.jacoco.agent.rt.RT
21:16:52 PIT >> INFO : MINION : Failed to set JaCoCo session: org.jacoco.agent.rt.RT
21:16:52 PIT >> INFO : MINION : Failed to dump JaCoCo execution data: org.jacoco.agent.rt.RT
21:16:52 PIT >> INFO : MINION : Failed to set JaCoCo session: org.jacoco.agent.rt.RT
21:16:52 PIT >> INFO : MINION : Failed to dump JaCoCo execution data: org.jacoco.agent.rt.RT
21:16:52 PIT >> INFO : MINION : Failed to set JaCoCo session: org.jacoco.agent.rt.RT
21:16:52 PIT >> INFO : MINION : Failed to dump JaCoCo execution data: org.jacoco.agent.rt.RT
21:16:52 PIT >> INFO : MINION : Failed to set JaCoCo session: org.jacoco.agent.rt.RT
21:16:52 PIT >> INFO : MINION : Failed to dump JaCoCo execution data: org.jacoco.agent.rt.RT
21:16:52 PIT >> INFO : MINION : Failed to set JaCoCo session: org.jacoco.agent.rt.RT
21:16:52 PIT >> INFO : MINION : Failed to dump JaCoCo execution data: org.jacoco.agent.rt.RT
21:16:52 PIT >> INFO : MINION : Failed to set JaCoCo session: org.jacoco.agent.rt.RT
21:16:52 PIT >> INFO : MINION : Failed to dump JaCoCo execution data: org.jacoco.agent.rt.RT
21:16:52 PIT >> INFO : MINION : Failed to set JaCoCo session: org.jacoco.agent.rt.RT
21:16:52 PIT >> INFO : MINION : Failed to dump JaCoCo execution data: org.jacoco.agent.rt.RT
21:16:52 PIT >> INFO : MINION : Failed to set JaCoCo session: org.jacoco.agent.rt.RT
21:16:52 PIT >> INFO : MINION : Failed to dump JaCoCo execution data: org.jacoco.agent.rt.RT
21:16:52 PIT >> INFO : MINION : Failed to set JaCoCo session: org.jacoco.agent.rt.RT
21:16:52 PIT >> INFO : MINION : Failed to dump JaCoCo execution data: org.jacoco.agent.rt.RT
21:16:52 PIT >> INFO : MINION : Failed to set JaCoCo session: org.jacoco.agent.rt.RT
21:16:52 PIT >> INFO : MINION : Failed to dump JaCoCo execution data: org.jacoco.agent.rt.RT
21:16:52 PIT >> INFO : MINION : Failed to set JaCoCo session: org.jacoco.agent.rt.RT
21:16:52 PIT >> INFO : MINION : Failed to dump JaCoCo execution data: org.jacoco.agent.rt.RT
21:16:52 PIT >> INFO : MINION : Failed to set JaCoCo session: org.jacoco.agent.rt.RT
21:16:52 PIT >> INFO : MINION : Failed to dump JaCoCo execution data: org.jacoco.agent.rt.RT
21:16:52 PIT >> INFO : MINION : Failed to set JaCoCo session: org.jacoco.agent.rt.RT
21:16:52 PIT >> INFO : MINION : Failed to dump JaCoCo execution data: org.jacoco.agent.rt.RT
21:16:52 PIT >> INFO : MINION : Failed to set JaCoCo session: org.jacoco.agent.rt.RT
21:16:52 PIT >> INFO : MINION : Failed to dump JaCoCo execution data: org.jacoco.agent.rt.RT
21:16:52 PIT >> INFO : MINION : Failed to set JaCoCo session: org.jacoco.agent.rt.RT
21:16:52 PIT >> INFO : MINION : Failed to dump JaCoCo execution data: org.jacoco.agent.rt.RT
21:16:52 PIT >> INFO : MINION : Failed to set JaCoCo session: org.jacoco.agent.rt.RT
21:16:52 PIT >> INFO : MINION : Failed to dump JaCoCo execution data: org.jacoco.agent.rt.RT
21:16:52 PIT >> INFO : MINION : Failed to set JaCoCo session: org.jacoco.agent.rt.RT
21:16:52 PIT >> INFO : MINION : Failed to dump JaCoCo execution data: org.jacoco.agent.rt.RT
21:16:52 PIT >> INFO : MINION : Failed to set JaCoCo session: org.jacoco.agent.rt.RT
21:16:52 PIT >> INFO : MINION : Failed to dump JaCoCo execution data: org.jacoco.agent.rt.RT
21:16:52 PIT >> INFO : MINION : Failed to set JaCoCo session: org.jacoco.agent.rt.RT
21:16:52 PIT >> INFO : MINION : Failed to dump JaCoCo execution data: org.jacoco.agent.rt.RT
21:16:52 PIT >> INFO : MINION : Failed to set JaCoCo session: org.jacoco.agent.rt.RT
21:16:52 PIT >> INFO : MINION : Failed to dump JaCoCo execution data: org.jacoco.agent.rt.RT
21:16:52 PIT >> INFO : MINION : Failed to set JaCoCo session: org.jacoco.agent.rt.RT
21:16:52 PIT >> INFO : MINION : Failed to dump JaCoCo execution data: org.jacoco.agent.rt.RT
21:16:52 PIT >> INFO : MINION : Failed to set JaCoCo session: org.jacoco.agent.rt.RT
21:16:52 PIT >> INFO : MINION : Failed to dump JaCoCo execution data: org.jacoco.agent.rt.RT
21:16:52 PIT >> INFO : MINION : Failed to set JaCoCo session: org.jacoco.agent.rt.RT
21:16:52 PIT >> INFO : MINION : Failed to dump JaCoCo execution data: org.jacoco.agent.rt.RT
21:16:52 PIT >> INFO : MINION : Failed to set JaCoCo session: org.jacoco.agent.rt.RT
21:16:52 PIT >> INFO : MINION : Failed to dump JaCoCo execution data: org.jacoco.agent.rt.RT
21:16:52 PIT >> INFO : MINION : Failed to set JaCoCo session: org.jacoco.agent.rt.RT
21:16:52 PIT >> INFO : MINION : Failed to dump JaCoCo execution data: org.jacoco.agent.rt.RT
21:16:52 PIT >> INFO : MINION : Failed to set JaCoCo session: org.jacoco.agent.rt.RT
21:16:52 PIT >> INFO : MINION : Failed to dump JaCoCo execution data: org.jacoco.agent.rt.RT
21:16:52 PIT >> INFO : MINION : Failed to set JaCoCo session: org.jacoco.agent.rt.RT
21:16:52 PIT >> INFO : MINION : Failed to dump JaCoCo execution data: org.jacoco.agent.rt.RT
21:16:52 PIT >> INFO : MINION : Failed to set JaCoCo session: org.jacoco.agent.rt.RT
21:16:52 PIT >> INFO : MINION : Failed to dump JaCoCo execution data: org.jacoco.agent.rt.RT
21:16:52 PIT >> INFO : MINION : Failed to set JaCoCo session: org.jacoco.agent.rt.RT
21:16:52 PIT >> INFO : MINION : Failed to dump JaCoCo execution data: org.jacoco.agent.rt.RT
21:16:52 PIT >> INFO : MINION : Failed to set JaCoCo session: org.jacoco.agent.rt.RT
21:16:52 PIT >> INFO : MINION : Failed to dump JaCoCo execution data: org.jacoco.agent.rt.RT
21:16:52 PIT >> INFO : MINION : Failed to set JaCoCo session: org.jacoco.agent.rt.RT
21:16:52 PIT >> INFO : MINION : Failed to dump JaCoCo execution data: org.jacoco.agent.rt.RT
21:16:52 PIT >> INFO : MINION : Failed to set JaCoCo session: org.jacoco.agent.rt.RT
21:16:52 PIT >> INFO : MINION : Failed to dump JaCoCo execution data: org.jacoco.agent.rt.RT
21:16:52 PIT >> INFO : MINION : Failed to set JaCoCo session: org.jacoco.agent.rt.RT
21:16:52 PIT >> INFO : MINION : Failed to dump JaCoCo execution data: org.jacoco.agent.rt.RT
21:16:52 PIT >> INFO : MINION : Failed to set JaCoCo session: org.jacoco.agent.rt.RT
21:16:52 PIT >> INFO : MINION : Failed to dump JaCoCo execution data: org.jacoco.agent.rt.RT
21:16:52 PIT >> INFO : MINION : Failed to set JaCoCo session: org.jacoco.agent.rt.RT
21:16:52 PIT >> INFO : MINION : Failed to dump JaCoCo execution data: org.jacoco.agent.rt.RT
21:16:52 PIT >> INFO : MINION : Failed to set JaCoCo session: org.jacoco.agent.rt.RT
21:16:52 PIT >> INFO : MINION : Failed to dump JaCoCo execution data: org.jacoco.agent.rt.RT
21:16:52 PIT >> INFO : MINION : Failed to set JaCoCo session: org.jacoco.agent.rt.RT
21:16:52 PIT >> INFO : MINION : Failed to dump JaCoCo execution data: org.jacoco.agent.rt.RT
21:16:52 PIT >> INFO : MINION : Failed to set JaCoCo session: org.jacoco.agent.rt.RT
21:16:52 PIT >> INFO : MINION : Failed to dump JaCoCo execution data: org.jacoco.agent.rt.RT
21:16:52 PIT >> INFO : MINION : Failed to set JaCoCo session: org.jacoco.agent.rt.RT
21:16:52 PIT >> INFO : MINION : Failed to dump JaCoCo execution data: org.jacoco.agent.rt.RT
21:16:52 PIT >> INFO : MINION : Failed to set JaCoCo session: org.jacoco.agent.rt.RT
21:16:52 PIT >> INFO : MINION : Failed to dump JaCoCo execution data: org.jacoco.agent.rt.RT
21:16:52 PIT >> INFO : MINION : Failed to set JaCoCo session: org.jacoco.agent.rt.RT
21:16:52 PIT >> INFO : MINION : Failed to dump JaCoCo execution data: org.jacoco.agent.rt.RT
21:16:52 PIT >> INFO : MINION : Failed to set JaCoCo session: org.jacoco.agent.rt.RT
21:16:52 PIT >> INFO : MINION : Failed to dump JaCoCo execution data: org.jacoco.agent.rt.RT
21:16:52 PIT >> INFO : MINION : Failed to set JaCoCo session: org.jacoco.agent.rt.RT
21:16:52 PIT >> INFO : MINION : Failed to dump JaCoCo execution data: org.jacoco.agent.rt.RT
21:16:52 PIT >> INFO : MINION : Failed to set JaCoCo session: org.jacoco.agent.rt.RT
21:16:52 PIT >> INFO : MINION : Failed to dump JaCoCo execution data: org.jacoco.agent.rt.RT
21:16:52 PIT >> INFO : MINION : Failed to set JaCoCo session: org.jacoco.agent.rt.RT
21:16:52 PIT >> INFO : MINION : Failed to dump JaCoCo execution data: org.jacoco.agent.rt.RT
21:16:52 PIT >> INFO : MINION : Failed to set JaCoCo session: org.jacoco.agent.rt.RT
21:16:52 PIT >> INFO : MINION : Failed to dump JaCoCo execution data: org.jacoco.agent.rt.RT
21:16:52 PIT >> INFO : MINION : Failed to set JaCoCo session: org.jacoco.agent.rt.RT
21:16:52 PIT >> INFO : MINION : Failed to dump JaCoCo execution data: org.jacoco.agent.rt.RT
21:16:52 PIT >> INFO : MINION : Failed to set JaCoCo session: org.jacoco.agent.rt.RT
21:16:52 PIT >> INFO : MINION : Failed to dump JaCoCo execution data: org.jacoco.agent.rt.RT
21:16:52 PIT >> INFO : MINION : Failed to set JaCoCo session: org.jacoco.agent.rt.RT
21:16:52 PIT >> INFO : MINION : Failed to dump JaCoCo execution data: org.jacoco.agent.rt.RT
21:16:52 PIT >> INFO : MINION : Failed to set JaCoCo session: org.jacoco.agent.rt.RT
21:16:52 PIT >> INFO : MINION : Failed to dump JaCoCo execution data: org.jacoco.agent.rt.RT
21:16:52 PIT >> INFO : MINION : Failed to set JaCoCo session: org.jacoco.agent.rt.RT
21:16:52 PIT >> INFO : MINION : Failed to dump JaCoCo execution data: org.jacoco.agent.rt.RT
21:16:52 PIT >> INFO : MINION : Failed to set JaCoCo session: org.jacoco.agent.rt.RT
21:16:52 PIT >> INFO : MINION : Failed to dump JaCoCo execution data: org.jacoco.agent.rt.RT
21:16:52 PIT >> INFO : MINION : Failed to set JaCoCo session: org.jacoco.agent.rt.RT
21:16:52 PIT >> INFO : MINION : Failed to dump JaCoCo execution data: org.jacoco.agent.rt.RT
21:16:52 PIT >> INFO : MINION : Failed to set JaCoCo session: org.jacoco.agent.rt.RT
21:16:52 PIT >> INFO : MINION : Failed to dump JaCoCo execution data: org.jacoco.agent.rt.RT
21:16:52 PIT >> INFO : MINION : Failed to set JaCoCo session: org.jacoco.agent.rt.RT
21:16:52 PIT >> INFO : MINION : Failed to dump JaCoCo execution data: org.jacoco.agent.rt.RT
21:16:52 PIT >> INFO : MINION : Failed to set JaCoCo session: org.jacoco.agent.rt.RT
21:16:52 PIT >> INFO : MINION : Failed to dump JaCoCo execution data: org.jacoco.agent.rt.RT
21:16:52 PIT >> INFO : MINION : Failed to set JaCoCo session: org.jacoco.agent.rt.RT
21:16:52 PIT >> INFO : MINION : Failed to dump JaCoCo execution data: org.jacoco.agent.rt.RT
21:16:52 PIT >> INFO : MINION : Failed to set JaCoCo session: org.jacoco.agent.rt.RT
21:16:52 PIT >> INFO : MINION : Failed to dump JaCoCo execution data: org.jacoco.agent.rt.RT
21:16:52 PIT >> INFO : MINION : Failed to set JaCoCo session: org.jacoco.agent.rt.RT
21:16:52 PIT >> INFO : MINION : Failed to dump JaCoCo execution data: org.jacoco.agent.rt.RT
21:16:52 PIT >> INFO : MINION : Failed to set JaCoCo session: org.jacoco.agent.rt.RT
21:16:52 PIT >> INFO : MINION : Failed to dump JaCoCo execution data: org.jacoco.agent.rt.RT
21:16:52 PIT >> INFO : MINION : Failed to set JaCoCo session: org.jacoco.agent.rt.RT
21:16:52 PIT >> INFO : MINION : Failed to dump JaCoCo execution data: org.jacoco.agent.rt.RT
21:16:52 PIT >> INFO : MINION : Failed to set JaCoCo session: org.jacoco.agent.rt.RT
21:16:52 PIT >> INFO : MINION : Failed to dump JaCoCo execution data: org.jacoco.agent.rt.RT
21:16:52 PIT >> INFO : MINION : Failed to set JaCoCo session: org.jacoco.agent.rt.RT
21:16:52 PIT >> INFO : MINION : Failed to dump JaCoCo execution data: org.jacoco.agent.rt.RT
21:16:52 PIT >> INFO : MINION : Failed to set JaCoCo session: org.jacoco.agent.rt.RT
21:16:52 PIT >> INFO : MINION : Failed to dump JaCoCo execution data: org.jacoco.agent.rt.RT
21:16:52 PIT >> INFO : MINION : Failed to set JaCoCo session: org.jacoco.agent.rt.RT
21:16:52 PIT >> INFO : MINION : Failed to dump JaCoCo execution data: org.jacoco.agent.rt.RT
21:16:52 PIT >> INFO : MINION : Failed to set JaCoCo session: org.jacoco.agent.rt.RT
21:16:52 PIT >> INFO : MINION : Failed to dump JaCoCo execution data: org.jacoco.agent.rt.RT
21:16:52 PIT >> INFO : MINION : Failed to set JaCoCo session: org.jacoco.agent.rt.RT
21:16:52 PIT >> INFO : MINION : Failed to dump JaCoCo execution data: org.jacoco.agent.rt.RT
21:16:52 PIT >> INFO : MINION : Failed to set JaCoCo session: org.jacoco.agent.rt.RT
21:16:52 PIT >> INFO : MINION : Failed to dump JaCoCo execution data: org.jacoco.agent.rt.RT
21:16:52 PIT >> INFO : MINION : Failed to set JaCoCo session: org.jacoco.agent.rt.RT
21:16:52 PIT >> INFO : MINION : Failed to dump JaCoCo execution data: org.jacoco.agent.rt.RT
21:16:52 PIT >> INFO : MINION : Failed to set JaCoCo session: org.jacoco.agent.rt.RT
21:16:52 PIT >> INFO : MINION : Failed to dump JaCoCo execution data: org.jacoco.agent.rt.RT
21:16:52 PIT >> INFO : MINION : Failed to set JaCoCo session: org.jacoco.agent.rt.RT
21:16:52 PIT >> INFO : MINION : Failed to dump JaCoCo execution data: org.jacoco.agent.rt.RT
21:16:52 PIT >> INFO : MINION : Failed to set JaCoCo session: org.jacoco.agent.rt.RT
21:16:52 PIT >> INFO : MINION : Failed to dump JaCoCo execution data: org.jacoco.agent.rt.RT
21:16:52 PIT >> INFO : MINION : Failed to set JaCoCo session: org.jacoco.agent.rt.RT
21:16:52 PIT >> INFO : MINION : Failed to dump JaCoCo execution data: org.jacoco.agent.rt.RT
21:16:52 PIT >> INFO : MINION : Failed to set JaCoCo session: org.jacoco.agent.rt.RT
21:16:52 PIT >> INFO : MINION : Failed to dump JaCoCo execution data: org.jacoco.agent.rt.RT
21:16:52 PIT >> INFO : MINION : Failed to set JaCoCo session: org.jacoco.agent.rt.RT
21:16:52 PIT >> INFO : MINION : Failed to dump JaCoCo execution data: org.jacoco.agent.rt.RT
21:16:52 PIT >> INFO : MINION : Failed to set JaCoCo session: org.jacoco.agent.rt.RT
21:16:52 PIT >> INFO : MINION : Failed to dump JaCoCo execution data: org.jacoco.agent.rt.RT
21:16:52 PIT >> INFO : MINION : Failed to set JaCoCo session: org.jacoco.agent.rt.RT
21:16:52 PIT >> INFO : MINION : Failed to dump JaCoCo execution data: org.jacoco.agent.rt.RT
21:16:52 PIT >> INFO : MINION : Failed to set JaCoCo session: org.jacoco.agent.rt.RT
21:16:52 PIT >> INFO : MINION : Failed to dump JaCoCo execution data: org.jacoco.agent.rt.RT
21:16:52 PIT >> INFO : MINION : Failed to set JaCoCo session: org.jacoco.agent.rt.RT
21:16:52 PIT >> INFO : MINION : Failed to dump JaCoCo execution data: org.jacoco.agent.rt.RT
21:16:52 PIT >> INFO : MINION : Failed to set JaCoCo session: org.jacoco.agent.rt.RT
21:16:52 PIT >> INFO : MINION : Failed to dump JaCoCo execution data: org.jacoco.agent.rt.RT
21:16:52 PIT >> INFO : MINION : Failed to set JaCoCo session: org.jacoco.agent.rt.RT
21:16:52 PIT >> INFO : MINION : Failed to dump JaCoCo execution data: org.jacoco.agent.rt.RT
21:16:52 PIT >> INFO : MINION : Failed to set JaCoCo session: org.jacoco.agent.rt.RT
21:16:52 PIT >> INFO : MINION : Failed to dump JaCoCo execution data: org.jacoco.agent.rt.RT
21:16:52 PIT >> INFO : MINION : Failed to set JaCoCo session: org.jacoco.agent.rt.RT
21:16:52 PIT >> INFO : MINION : Failed to dump JaCoCo execution data: org.jacoco.agent.rt.RT
21:16:52 PIT >> INFO : MINION : Failed to set JaCoCo session: org.jacoco.agent.rt.RT
21:16:52 PIT >> INFO : MINION : Failed to dump JaCoCo execution data: org.jacoco.agent.rt.RT
21:16:52 PIT >> INFO : MINION : Failed to set JaCoCo session: org.jacoco.agent.rt.RT
21:16:52 PIT >> INFO : MINION : Failed to dump JaCoCo execution data: org.jacoco.agent.rt.RT
21:16:52 PIT >> INFO : MINION : Failed to set JaCoCo session: org.jacoco.agent.rt.RT
21:16:52 PIT >> INFO : MINION : Failed to dump JaCoCo execution data: org.jacoco.agent.rt.RT
21:16:52 PIT >> INFO : MINION : Failed to set JaCoCo session: org.jacoco.agent.rt.RT
21:16:52 PIT >> INFO : MINION : Failed to dump JaCoCo execution data: org.jacoco.agent.rt.RT
21:16:52 PIT >> INFO : MINION : Failed to set JaCoCo session: org.jacoco.agent.rt.RT
21:16:52 PIT >> INFO : MINION : Failed to dump JaCoCo execution data: org.jacoco.agent.rt.RT
21:16:52 PIT >> INFO : MINION : Failed to set JaCoCo session: org.jacoco.agent.rt.RT
21:16:52 PIT >> INFO : MINION : Failed to dump JaCoCo execution data: org.jacoco.agent.rt.RT
21:16:53 PIT >> INFO : MINION : Failed to set JaCoCo session: org.jacoco.agent.rt.RT
21:16:53 PIT >> INFO : MINION : Failed to dump JaCoCo execution data: org.jacoco.agent.rt.RT
21:16:53 PIT >> INFO : MINION : Failed to set JaCoCo session: org.jacoco.agent.rt.RT
21:16:53 PIT >> INFO : MINION : Failed to dump JaCoCo execution data: org.jacoco.agent.rt.RT
21:16:53 PIT >> INFO : MINION : Failed to set JaCoCo session: org.jacoco.agent.rt.RT
21:16:53 PIT >> INFO : MINION : Failed to dump JaCoCo execution data: org.jacoco.agent.rt.RT
21:16:53 PIT >> INFO : MINION : Failed to set JaCoCo session: org.jacoco.agent.rt.RT
21:16:53 PIT >> INFO : MINION : Failed to dump JaCoCo execution data: org.jacoco.agent.rt.RT
21:16:53 PIT >> INFO : MINION : Failed to set JaCoCo session: org.jacoco.agent.rt.RT
21:16:53 PIT >> INFO : MINION : Failed to dump JaCoCo execution data: org.jacoco.agent.rt.RT
21:16:53 PIT >> INFO : MINION : Failed to set JaCoCo session: org.jacoco.agent.rt.RT
21:16:53 PIT >> INFO : MINION : Failed to dump JaCoCo execution data: org.jacoco.agent.rt.RT
21:16:53 PIT >> INFO : MINION : Failed to set JaCoCo session: org.jacoco.agent.rt.RT
21:16:53 PIT >> INFO : MINION : Failed to dump JaCoCo execution data: org.jacoco.agent.rt.RT
21:16:53 PIT >> INFO : MINION : Failed to set JaCoCo session: org.jacoco.agent.rt.RT
21:16:53 PIT >> INFO : MINION : Failed to dump JaCoCo execution data: org.jacoco.agent.rt.RT
21:16:53 PIT >> INFO : MINION : Failed to set JaCoCo session: org.jacoco.agent.rt.RT
21:16:53 PIT >> INFO : MINION : Failed to dump JaCoCo execution data: org.jacoco.agent.rt.RT
21:16:53 PIT >> INFO : MINION : Failed to set JaCoCo session: org.jacoco.agent.rt.RT
21:16:53 PIT >> INFO : MINION : Failed to dump JaCoCo execution data: org.jacoco.agent.rt.RT
21:16:53 PIT >> INFO : MINION : Failed to set JaCoCo session: org.jacoco.agent.rt.RT
21:16:53 PIT >> INFO : MINION : Failed to dump JaCoCo execution data: org.jacoco.agent.rt.RT
21:16:53 PIT >> INFO : MINION : Failed to set JaCoCo session: org.jacoco.agent.rt.RT
21:16:53 PIT >> INFO : MINION : Failed to dump JaCoCo execution data: org.jacoco.agent.rt.RT
21:16:53 PIT >> INFO : MINION : Failed to set JaCoCo session: org.jacoco.agent.rt.RT
21:16:53 PIT >> INFO : MINION : Failed to dump JaCoCo execution data: org.jacoco.agent.rt.RT
21:16:53 PIT >> INFO : MINION : Failed to set JaCoCo session: org.jacoco.agent.rt.RT
21:16:53 PIT >> INFO : MINION : Failed to dump JaCoCo execution data: org.jacoco.agent.rt.RT
21:16:53 PIT >> INFO : MINION : Failed to set JaCoCo session: org.jacoco.agent.rt.RT
21:16:53 PIT >> INFO : MINION : Failed to dump JaCoCo execution data: org.jacoco.agent.rt.RT
21:16:53 PIT >> INFO : MINION : Failed to set JaCoCo session: org.jacoco.agent.rt.RT
21:16:53 PIT >> INFO : MINION : Failed to dump JaCoCo execution data: org.jacoco.agent.rt.RT
21:16:53 PIT >> INFO : MINION : Failed to set JaCoCo session: org.jacoco.agent.rt.RT
21:16:53 PIT >> INFO : MINION : Failed to dump JaCoCo execution data: org.jacoco.agent.rt.RT
21:16:53 PIT >> INFO : MINION : Failed to set JaCoCo session: org.jacoco.agent.rt.RT
21:16:53 PIT >> INFO : MINION : Failed to dump JaCoCo execution data: org.jacoco.agent.rt.RT
21:16:53 PIT >> INFO : MINION : Failed to set JaCoCo session: org.jacoco.agent.rt.RT
21:16:53 PIT >> INFO : MINION : Failed to dump JaCoCo execution data: org.jacoco.agent.rt.RT
21:16:53 PIT >> INFO : MINION : Failed to set JaCoCo session: org.jacoco.agent.rt.RT
21:16:53 PIT >> INFO : MINION : Failed to dump JaCoCo execution data: org.jacoco.agent.rt.RT
21:16:53 PIT >> INFO : MINION : Failed to set JaCoCo session: org.jacoco.agent.rt.RT
21:16:53 PIT >> INFO : MINION : Failed to dump JaCoCo execution data: org.jacoco.agent.rt.RT
21:16:53 PIT >> INFO : MINION : Failed to set JaCoCo session: org.jacoco.agent.rt.RT
21:16:53 PIT >> INFO : MINION : Failed to dump JaCoCo execution data: org.jacoco.agent.rt.RT
21:16:53 PIT >> INFO : MINION : Failed to set JaCoCo session: org.jacoco.agent.rt.RT
21:16:53 PIT >> INFO : MINION : Failed to dump JaCoCo execution data: org.jacoco.agent.rt.RT
21:16:53 PIT >> INFO : MINION : Failed to set JaCoCo session: org.jacoco.agent.rt.RT
21:16:53 PIT >> INFO : MINION : Failed to dump JaCoCo execution data: org.jacoco.agent.rt.RT
21:16:53 PIT >> INFO : MINION : Failed to set JaCoCo session: org.jacoco.agent.rt.RT
21:16:53 PIT >> INFO : MINION : Failed to dump JaCoCo execution data: org.jacoco.agent.rt.RT
21:16:53 PIT >> INFO : MINION : Failed to set JaCoCo session: org.jacoco.agent.rt.RT
21:16:53 PIT >> INFO : MINION : Failed to dump JaCoCo execution data: org.jacoco.agent.rt.RT
21:16:53 PIT >> INFO : MINION : Failed to set JaCoCo session: org.jacoco.agent.rt.RT
21:16:53 PIT >> INFO : MINION : Failed to dump JaCoCo execution data: org.jacoco.agent.rt.RT
21:16:53 PIT >> INFO : MINION : Failed to set JaCoCo session: org.jacoco.agent.rt.RT
21:16:53 PIT >> INFO : MINION : Failed to dump JaCoCo execution data: org.jacoco.agent.rt.RT
21:16:53 PIT >> INFO : MINION : Failed to set JaCoCo session: org.jacoco.agent.rt.RT
21:16:53 PIT >> INFO : MINION : Failed to dump JaCoCo execution data: org.jacoco.agent.rt.RT
21:16:53 PIT >> INFO : MINION : Failed to set JaCoCo session: org.jacoco.agent.rt.RT
21:16:53 PIT >> INFO : MINION : Failed to dump JaCoCo execution data: org.jacoco.agent.rt.RT
21:16:53 PIT >> INFO : MINION : Failed to set JaCoCo session: org.jacoco.agent.rt.RT
21:16:53 PIT >> INFO : MINION : Failed to dump JaCoCo execution data: org.jacoco.agent.rt.RT
21:16:53 PIT >> INFO : MINION : Failed to set JaCoCo session: org.jacoco.agent.rt.RT
21:16:53 PIT >> INFO : MINION : Failed to dump JaCoCo execution data: org.jacoco.agent.rt.RT
21:16:53 PIT >> INFO : MINION : Failed to set JaCoCo session: org.jacoco.agent.rt.RT
21:16:53 PIT >> INFO : MINION : Failed to dump JaCoCo execution data: org.jacoco.agent.rt.RT
21:16:53 PIT >> INFO : MINION : Failed to set JaCoCo session: org.jacoco.agent.rt.RT
21:16:53 PIT >> INFO : MINION : Failed to dump JaCoCo execution data: org.jacoco.agent.rt.RT
21:16:53 PIT >> INFO : MINION : Failed to set JaCoCo session: org.jacoco.agent.rt.RT
21:16:53 PIT >> INFO : MINION : Failed to dump JaCoCo execution data: org.jacoco.agent.rt.RT
21:16:53 PIT >> INFO : MINION : Failed to set JaCoCo session: org.jacoco.agent.rt.RT
21:16:53 PIT >> INFO : MINION : Failed to dump JaCoCo execution data: org.jacoco.agent.rt.RT
21:16:53 PIT >> INFO : MINION : Failed to set JaCoCo session: org.jacoco.agent.rt.RT
21:16:53 PIT >> INFO : MINION : Failed to dump JaCoCo execution data: org.jacoco.agent.rt.RT
21:16:53 PIT >> INFO : MINION : Failed to set JaCoCo session: org.jacoco.agent.rt.RT
21:16:53 PIT >> INFO : MINION : Failed to dump JaCoCo execution data: org.jacoco.agent.rt.RT
21:16:53 PIT >> INFO : MINION : Failed to set JaCoCo session: org.jacoco.agent.rt.RT
21:16:53 PIT >> INFO : MINION : Failed to dump JaCoCo execution data: org.jacoco.agent.rt.RT
21:16:53 PIT >> INFO : MINION : Failed to set JaCoCo session: org.jacoco.agent.rt.RT
21:16:53 PIT >> INFO : MINION : Failed to dump JaCoCo execution data: org.jacoco.agent.rt.RT
21:16:53 PIT >> INFO : MINION : Failed to set JaCoCo session: org.jacoco.agent.rt.RT
21:16:53 PIT >> INFO : MINION : Failed to dump JaCoCo execution data: org.jacoco.agent.rt.RT
21:16:53 PIT >> INFO : MINION : Failed to set JaCoCo session: org.jacoco.agent.rt.RT
21:16:53 PIT >> INFO : MINION : Failed to dump JaCoCo execution data: org.jacoco.agent.rt.RT
21:16:53 PIT >> INFO : MINION : Failed to set JaCoCo session: org.jacoco.agent.rt.RT
21:16:53 PIT >> INFO : MINION : Failed to dump JaCoCo execution data: org.jacoco.agent.rt.RT
21:16:53 PIT >> INFO : MINION : Failed to set JaCoCo session: org.jacoco.agent.rt.RT
21:16:53 PIT >> INFO : MINION : Failed to dump JaCoCo execution data: org.jacoco.agent.rt.RT
21:16:53 PIT >> INFO : MINION : Failed to set JaCoCo session: org.jacoco.agent.rt.RT
21:16:53 PIT >> INFO : MINION : Failed to dump JaCoCo execution data: org.jacoco.agent.rt.RT
21:16:53 PIT >> INFO : MINION : Failed to set JaCoCo session: org.jacoco.agent.rt.RT
21:16:53 PIT >> INFO : MINION : Failed to dump JaCoCo execution data: org.jacoco.agent.rt.RT
21:16:53 PIT >> INFO : MINION : Failed to set JaCoCo session: org.jacoco.agent.rt.RT
21:16:53 PIT >> INFO : MINION : Failed to dump JaCoCo execution data: org.jacoco.agent.rt.RT
21:16:53 PIT >> INFO : MINION : Failed to set JaCoCo session: org.jacoco.agent.rt.RT
21:16:53 PIT >> INFO : MINION : Failed to dump JaCoCo execution data: org.jacoco.agent.rt.RT
21:16:53 PIT >> INFO : MINION : Failed to set JaCoCo session: org.jacoco.agent.rt.RT
21:16:53 PIT >> INFO : MINION : Failed to dump JaCoCo execution data: org.jacoco.agent.rt.RT
21:16:53 PIT >> INFO : MINION : Failed to set JaCoCo session: org.jacoco.agent.rt.RT
21:16:53 PIT >> INFO : MINION : Failed to dump JaCoCo execution data: org.jacoco.agent.rt.RT
21:16:53 PIT >> INFO : MINION : Failed to set JaCoCo session: org.jacoco.agent.rt.RT
21:16:53 PIT >> INFO : MINION : Failed to dump JaCoCo execution data: org.jacoco.agent.rt.RT
21:16:53 PIT >> INFO : MINION : Failed to set JaCoCo session: org.jacoco.agent.rt.RT
21:16:53 PIT >> INFO : MINION : Failed to dump JaCoCo execution data: org.jacoco.agent.rt.RT
21:16:53 PIT >> INFO : MINION : Failed to set JaCoCo session: org.jacoco.agent.rt.RT
21:16:53 PIT >> INFO : MINION : Failed to dump JaCoCo execution data: org.jacoco.agent.rt.RT
21:16:53 PIT >> INFO : MINION : Failed to set JaCoCo session: org.jacoco.agent.rt.RT
21:16:53 PIT >> INFO : MINION : Failed to dump JaCoCo execution data: org.jacoco.agent.rt.RT
21:16:53 PIT >> INFO : MINION : Failed to set JaCoCo session: org.jacoco.agent.rt.RT
21:16:53 PIT >> INFO : MINION : Failed to dump JaCoCo execution data: org.jacoco.agent.rt.RT
21:16:53 PIT >> INFO : MINION : Failed to set JaCoCo session: org.jacoco.agent.rt.RT
21:16:53 PIT >> INFO : MINION : Failed to dump JaCoCo execution data: org.jacoco.agent.rt.RT
21:16:53 PIT >> INFO : MINION : Failed to set JaCoCo session: org.jacoco.agent.rt.RT
21:16:53 PIT >> INFO : MINION : Failed to dump JaCoCo execution data: org.jacoco.agent.rt.RT
21:16:53 PIT >> INFO : MINION : Failed to set JaCoCo session: org.jacoco.agent.rt.RT
21:16:53 PIT >> INFO : MINION : Failed to dump JaCoCo execution data: org.jacoco.agent.rt.RT
21:16:53 PIT >> INFO : MINION : Failed to set JaCoCo session: org.jacoco.agent.rt.RT
21:16:53 PIT >> INFO : MINION : Failed to dump JaCoCo execution data: org.jacoco.agent.rt.RT
21:16:53 PIT >> INFO : MINION : Failed to set JaCoCo session: org.jacoco.agent.rt.RT
21:16:53 PIT >> INFO : MINION : Failed to dump JaCoCo execution data: org.jacoco.agent.rt.RT
21:16:53 PIT >> INFO : MINION : Failed to set JaCoCo session: org.jacoco.agent.rt.RT
21:16:53 PIT >> INFO : MINION : Failed to dump JaCoCo execution data: org.jacoco.agent.rt.RT
21:16:53 PIT >> INFO : MINION : Failed to set JaCoCo session: org.jacoco.agent.rt.RT
21:16:53 PIT >> INFO : MINION : Failed to dump JaCoCo execution data: org.jacoco.agent.rt.RT
21:16:53 PIT >> INFO : MINION : Failed to set JaCoCo session: org.jacoco.agent.rt.RT
21:16:53 PIT >> INFO : MINION : Failed to dump JaCoCo execution data: org.jacoco.agent.rt.RT
21:16:53 PIT >> INFO : MINION : Failed to set JaCoCo session: org.jacoco.agent.rt.RT
21:16:53 PIT >> INFO : MINION : Failed to dump JaCoCo execution data: org.jacoco.agent.rt.RT
21:16:53 PIT >> INFO : MINION : Failed to set JaCoCo session: org.jacoco.agent.rt.RT
21:16:53 PIT >> INFO : MINION : Failed to dump JaCoCo execution data: org.jacoco.agent.rt.RT
21:16:53 PIT >> INFO : MINION : Failed to set JaCoCo session: org.jacoco.agent.rt.RT
21:16:53 PIT >> INFO : MINION : Failed to dump JaCoCo execution data: org.jacoco.agent.rt.RT
21:16:53 PIT >> INFO : MINION : Failed to set JaCoCo session: org.jacoco.agent.rt.RT
21:16:53 PIT >> INFO : MINION : Failed to dump JaCoCo execution data: org.jacoco.agent.rt.RT
21:16:53 PIT >> INFO : MINION : Failed to set JaCoCo session: org.jacoco.agent.rt.RT
21:16:53 PIT >> INFO : MINION : Failed to dump JaCoCo execution data: org.jacoco.agent.rt.RT
21:16:53 PIT >> INFO : MINION : Failed to set JaCoCo session: org.jacoco.agent.rt.RT
21:16:53 PIT >> INFO : MINION : Failed to dump JaCoCo execution data: org.jacoco.agent.rt.RT
21:16:53 PIT >> INFO : MINION : Failed to set JaCoCo session: org.jacoco.agent.rt.RT
21:16:53 PIT >> INFO : MINION : Failed to dump JaCoCo execution data: org.jacoco.agent.rt.RT
21:16:53 PIT >> INFO : MINION : Failed to set JaCoCo session: org.jacoco.agent.rt.RT
21:16:53 PIT >> INFO : MINION : Failed to dump JaCoCo execution data: org.jacoco.agent.rt.RT
21:16:53 PIT >> INFO : MINION : Failed to set JaCoCo session: org.jacoco.agent.rt.RT
21:16:53 PIT >> INFO : MINION : Failed to dump JaCoCo execution data: org.jacoco.agent.rt.RT
21:16:53 PIT >> INFO : MINION : Failed to set JaCoCo session: org.jacoco.agent.rt.RT
21:16:53 PIT >> INFO : MINION : Failed to dump JaCoCo execution data: org.jacoco.agent.rt.RT
21:16:53 PIT >> INFO : MINION : Failed to set JaCoCo session: org.jacoco.agent.rt.RT
21:16:53 PIT >> INFO : MINION : Failed to dump JaCoCo execution data: org.jacoco.agent.rt.RT
21:16:53 PIT >> INFO : MINION : Failed to set JaCoCo session: org.jacoco.agent.rt.RT
21:16:53 PIT >> INFO : MINION : Failed to dump JaCoCo execution data: org.jacoco.agent.rt.RT
21:16:53 PIT >> INFO : MINION : Failed to set JaCoCo session: org.jacoco.agent.rt.RT
21:16:53 PIT >> INFO : MINION : Failed to dump JaCoCo execution data: org.jacoco.agent.rt.RT
21:16:53 PIT >> INFO : MINION : Failed to set JaCoCo session: org.jacoco.agent.rt.RT
21:16:53 PIT >> INFO : MINION : Failed to dump JaCoCo execution data: org.jacoco.agent.rt.RT
21:16:53 PIT >> INFO : MINION : Failed to set JaCoCo session: org.jacoco.agent.rt.RT
21:16:53 PIT >> INFO : MINION : Failed to dump JaCoCo execution data: org.jacoco.agent.rt.RT
21:16:53 PIT >> INFO : MINION : Failed to set JaCoCo session: org.jacoco.agent.rt.RT
21:16:53 PIT >> INFO : MINION : Failed to dump JaCoCo execution data: org.jacoco.agent.rt.RT
21:16:53 PIT >> INFO : MINION : Failed to set JaCoCo session: org.jacoco.agent.rt.RT
21:16:53 PIT >> INFO : MINION : Failed to dump JaCoCo execution data: org.jacoco.agent.rt.RT
21:16:53 PIT >> INFO : MINION : Failed to set JaCoCo session: org.jacoco.agent.rt.RT
21:16:53 PIT >> INFO : MINION : Failed to dump JaCoCo execution data: org.jacoco.agent.rt.RT
21:16:53 PIT >> INFO : MINION : Failed to set JaCoCo session: org.jacoco.agent.rt.RT
21:16:53 PIT >> INFO : MINION : Failed to dump JaCoCo execution data: org.jacoco.agent.rt.RT
21:16:53 PIT >> INFO : MINION : Failed to set JaCoCo session: org.jacoco.agent.rt.RT
21:16:53 PIT >> INFO : MINION : Failed to dump JaCoCo execution data: org.jacoco.agent.rt.RT
21:16:53 PIT >> INFO : MINION : Failed to set JaCoCo session: org.jacoco.agent.rt.RT
21:16:53 PIT >> INFO : MINION : Failed to dump JaCoCo execution data: org.jacoco.agent.rt.RT
21:16:53 PIT >> INFO : MINION : Failed to set JaCoCo session: org.jacoco.agent.rt.RT
21:16:53 PIT >> INFO : MINION : Failed to dump JaCoCo execution data: org.jacoco.agent.rt.RT
21:16:53 PIT >> INFO : MINION : Failed to set JaCoCo session: org.jacoco.agent.rt.RT
21:16:53 PIT >> INFO : MINION : Failed to dump JaCoCo execution data: org.jacoco.agent.rt.RT
21:16:53 PIT >> INFO : MINION : Failed to set JaCoCo session: org.jacoco.agent.rt.RT
21:16:53 PIT >> INFO : MINION : Failed to dump JaCoCo execution data: org.jacoco.agent.rt.RT
21:16:53 PIT >> INFO : MINION : Failed to set JaCoCo session: org.jacoco.agent.rt.RT
21:16:53 PIT >> INFO : MINION : Failed to dump JaCoCo execution data: org.jacoco.agent.rt.RT
21:16:53 PIT >> INFO : MINION : Failed to set JaCoCo session: org.jacoco.agent.rt.RT
21:16:53 PIT >> INFO : MINION : Failed to dump JaCoCo execution data: org.jacoco.agent.rt.RT
21:16:53 PIT >> INFO : MINION : Failed to set JaCoCo session: org.jacoco.agent.rt.RT
21:16:53 PIT >> INFO : MINION : Failed to dump JaCoCo execution data: org.jacoco.agent.rt.RT
21:16:53 PIT >> INFO : MINION : Failed to set JaCoCo session: org.jacoco.agent.rt.RT
21:16:53 PIT >> INFO : MINION : Failed to dump JaCoCo execution data: org.jacoco.agent.rt.RT
21:16:53 PIT >> INFO : MINION : Failed to set JaCoCo session: org.jacoco.agent.rt.RT
21:16:53 PIT >> INFO : MINION : Failed to dump JaCoCo execution data: org.jacoco.agent.rt.RT
21:16:53 PIT >> INFO : MINION : Failed to set JaCoCo session: org.jacoco.agent.rt.RT
21:16:53 PIT >> INFO : MINION : Failed to dump JaCoCo execution data: org.jacoco.agent.rt.RT
21:16:53 PIT >> INFO : MINION : Failed to set JaCoCo session: org.jacoco.agent.rt.RT
21:16:53 PIT >> INFO : MINION : Failed to dump JaCoCo execution data: org.jacoco.agent.rt.RT
21:16:53 PIT >> INFO : MINION : Failed to set JaCoCo session: org.jacoco.agent.rt.RT
21:16:53 PIT >> INFO : MINION : Failed to dump JaCoCo execution data: org.jacoco.agent.rt.RT
21:16:53 PIT >> INFO : MINION : Failed to set JaCoCo session: org.jacoco.agent.rt.RT
21:16:53 PIT >> INFO : MINION : Failed to dump JaCoCo execution data: org.jacoco.agent.rt.RT
21:16:53 PIT >> INFO : MINION : Failed to set JaCoCo session: org.jacoco.agent.rt.RT
21:16:53 PIT >> INFO : MINION : Failed to dump JaCoCo execution data: org.jacoco.agent.rt.RT
21:16:53 PIT >> INFO : MINION : Failed to set JaCoCo session: org.jacoco.agent.rt.RT
21:16:53 PIT >> INFO : MINION : Failed to dump JaCoCo execution data: org.jacoco.agent.rt.RT
21:16:53 PIT >> INFO : MINION : Failed to set JaCoCo session: org.jacoco.agent.rt.RT
21:16:53 PIT >> INFO : MINION : Failed to dump JaCoCo execution data: org.jacoco.agent.rt.RT
21:16:53 PIT >> INFO : MINION : Failed to set JaCoCo session: org.jacoco.agent.rt.RT
21:16:53 PIT >> INFO : MINION : Failed to dump JaCoCo execution data: org.jacoco.agent.rt.RT
21:16:53 PIT >> INFO : MINION : Failed to set JaCoCo session: org.jacoco.agent.rt.RT
21:16:53 PIT >> INFO : MINION : Failed to dump JaCoCo execution data: org.jacoco.agent.rt.RT
21:16:53 PIT >> INFO : MINION : Failed to set JaCoCo session: org.jacoco.agent.rt.RT
21:16:53 PIT >> INFO : MINION : Failed to dump JaCoCo execution data: org.jacoco.agent.rt.RT
21:16:53 PIT >> INFO : MINION : Failed to set JaCoCo session: org.jacoco.agent.rt.RT
21:16:53 PIT >> INFO : MINION : Failed to dump JaCoCo execution data: org.jacoco.agent.rt.RT
21:16:53 PIT >> INFO : MINION : Failed to set JaCoCo session: org.jacoco.agent.rt.RT
21:16:53 PIT >> INFO : MINION : Failed to dump JaCoCo execution data: org.jacoco.agent.rt.RT
21:16:53 PIT >> INFO : MINION : Failed to set JaCoCo session: org.jacoco.agent.rt.RT
21:16:53 PIT >> INFO : MINION : Failed to dump JaCoCo execution data: org.jacoco.agent.rt.RT
21:16:53 PIT >> INFO : MINION : Failed to set JaCoCo session: org.jacoco.agent.rt.RT
21:16:53 PIT >> INFO : MINION : Failed to dump JaCoCo execution data: org.jacoco.agent.rt.RT
21:16:53 PIT >> INFO : MINION : Failed to set JaCoCo session: org.jacoco.agent.rt.RT
21:16:53 PIT >> INFO : MINION : Failed to dump JaCoCo execution data: org.jacoco.agent.rt.RT
21:16:53 PIT >> INFO : MINION : Failed to set JaCoCo session: org.jacoco.agent.rt.RT
21:16:53 PIT >> INFO : MINION : Failed to dump JaCoCo execution data: org.jacoco.agent.rt.RT
21:16:53 PIT >> INFO : MINION : Failed to set JaCoCo session: org.jacoco.agent.rt.RT
21:16:53 PIT >> INFO : MINION : Failed to dump JaCoCo execution data: org.jacoco.agent.rt.RT
21:16:53 PIT >> INFO : MINION : Failed to set JaCoCo session: org.jacoco.agent.rt.RT
21:16:53 PIT >> INFO : MINION : Failed to dump JaCoCo execution data: org.jacoco.agent.rt.RT
21:16:53 PIT >> INFO : MINION : Failed to set JaCoCo session: org.jacoco.agent.rt.RT
21:16:53 PIT >> INFO : MINION : Failed to dump JaCoCo execution data: org.jacoco.agent.rt.RT
21:16:53 PIT >> INFO : MINION : Failed to set JaCoCo session: org.jacoco.agent.rt.RT
21:16:53 PIT >> INFO : MINION : Failed to dump JaCoCo execution data: org.jacoco.agent.rt.RT
21:16:53 PIT >> INFO : MINION : Failed to set JaCoCo session: org.jacoco.agent.rt.RT
21:16:53 PIT >> INFO : MINION : Failed to dump JaCoCo execution data: org.jacoco.agent.rt.RT
21:16:53 PIT >> INFO : MINION : Failed to set JaCoCo session: org.jacoco.agent.rt.RT
21:16:53 PIT >> INFO : MINION : Failed to dump JaCoCo execution data: org.jacoco.agent.rt.RT
21:16:53 PIT >> INFO : MINION : Failed to set JaCoCo session: org.jacoco.agent.rt.RT
21:16:53 PIT >> INFO : MINION : Failed to dump JaCoCo execution data: org.jacoco.agent.rt.RT
21:16:53 PIT >> INFO : MINION : Failed to set JaCoCo session: org.jacoco.agent.rt.RT
21:16:53 PIT >> INFO : MINION : Failed to dump JaCoCo execution data: org.jacoco.agent.rt.RT
21:16:53 PIT >> INFO : MINION : Failed to set JaCoCo session: org.jacoco.agent.rt.RT
21:16:53 PIT >> INFO : MINION : Failed to dump JaCoCo execution data: org.jacoco.agent.rt.RT
21:16:53 PIT >> INFO : MINION : Failed to set JaCoCo session: org.jacoco.agent.rt.RT
21:16:53 PIT >> INFO : MINION : Failed to dump JaCoCo execution data: org.jacoco.agent.rt.RT
21:16:53 PIT >> INFO : MINION : Failed to set JaCoCo session: org.jacoco.agent.rt.RT
21:16:53 PIT >> INFO : MINION : Failed to dump JaCoCo execution data: org.jacoco.agent.rt.RT
21:16:53 PIT >> INFO : MINION : Failed to set JaCoCo session: org.jacoco.agent.rt.RT
21:16:53 PIT >> INFO : MINION : Failed to dump JaCoCo execution data: org.jacoco.agent.rt.RT
21:16:53 PIT >> INFO : MINION : Failed to set JaCoCo session: org.jacoco.agent.rt.RT
21:16:53 PIT >> INFO : MINION : Failed to dump JaCoCo execution data: org.jacoco.agent.rt.RT
21:16:53 PIT >> INFO : MINION : Failed to set JaCoCo session: org.jacoco.agent.rt.RT
21:16:53 PIT >> INFO : MINION : Failed to dump JaCoCo execution data: org.jacoco.agent.rt.RT
21:16:53 PIT >> INFO : MINION : Failed to set JaCoCo session: org.jacoco.agent.rt.RT
21:16:53 PIT >> INFO : MINION : Failed to dump JaCoCo execution data: org.jacoco.agent.rt.RT
21:16:53 PIT >> INFO : MINION : Failed to set JaCoCo session: org.jacoco.agent.rt.RT
21:16:53 PIT >> INFO : MINION : Failed to dump JaCoCo execution data: org.jacoco.agent.rt.RT
21:16:53 PIT >> INFO : MINION : Failed to set JaCoCo session: org.jacoco.agent.rt.RT
21:16:53 PIT >> INFO : MINION : Failed to dump JaCoCo execution data: org.jacoco.agent.rt.RT
21:16:53 PIT >> INFO : MINION : Failed to set JaCoCo session: org.jacoco.agent.rt.RT
21:16:53 PIT >> INFO : MINION : Failed to dump JaCoCo execution data: org.jacoco.agent.rt.RT
21:16:53 PIT >> INFO : MINION : Failed to set JaCoCo session: org.jacoco.agent.rt.RT
21:16:53 PIT >> INFO : MINION : Failed to dump JaCoCo execution data: org.jacoco.agent.rt.RT
21:16:53 PIT >> INFO : MINION : Failed to set JaCoCo session: org.jacoco.agent.rt.RT
21:16:53 PIT >> INFO : MINION : Failed to dump JaCoCo execution data: org.jacoco.agent.rt.RT
21:16:53 PIT >> INFO : MINION : Failed to set JaCoCo session: org.jacoco.agent.rt.RT
21:16:53 PIT >> INFO : MINION : Failed to dump JaCoCo execution data: org.jacoco.agent.rt.RT
21:16:53 PIT >> INFO : MINION : Failed to set JaCoCo session: org.jacoco.agent.rt.RT
21:16:53 PIT >> INFO : MINION : Failed to dump JaCoCo execution data: org.jacoco.agent.rt.RT
21:16:53 PIT >> INFO : MINION : Failed to set JaCoCo session: org.jacoco.agent.rt.RT
21:16:53 PIT >> INFO : MINION : Failed to dump JaCoCo execution data: org.jacoco.agent.rt.RT
21:16:53 PIT >> INFO : MINION : Failed to set JaCoCo session: org.jacoco.agent.rt.RT
21:16:53 PIT >> INFO : MINION : Failed to dump JaCoCo execution data: org.jacoco.agent.rt.RT
21:16:53 PIT >> INFO : MINION : Failed to set JaCoCo session: org.jacoco.agent.rt.RT
21:16:53 PIT >> INFO : MINION : Failed to dump JaCoCo execution data: org.jacoco.agent.rt.RT
21:16:53 PIT >> INFO : MINION : Failed to set JaCoCo session: org.jacoco.agent.rt.RT
21:16:53 PIT >> INFO : MINION : Failed to dump JaCoCo execution data: org.jacoco.agent.rt.RT
21:16:53 PIT >> INFO : MINION : Failed to set JaCoCo session: org.jacoco.agent.rt.RT
21:16:53 PIT >> INFO : MINION : Failed to dump JaCoCo execution data: org.jacoco.agent.rt.RT
21:16:53 PIT >> INFO : MINION : Failed to set JaCoCo session: org.jacoco.agent.rt.RT
21:16:53 PIT >> INFO : MINION : Failed to dump JaCoCo execution data: org.jacoco.agent.rt.RT
21:16:53 PIT >> INFO : MINION : Failed to set JaCoCo session: org.jacoco.agent.rt.RT
21:16:53 PIT >> INFO : MINION : Failed to dump JaCoCo execution data: org.jacoco.agent.rt.RT
21:16:53 PIT >> INFO : MINION : Failed to set JaCoCo session: org.jacoco.agent.rt.RT
21:16:53 PIT >> INFO : MINION : Failed to dump JaCoCo execution data: org.jacoco.agent.rt.RT
21:16:53 PIT >> INFO : MINION : Failed to set JaCoCo session: org.jacoco.agent.rt.RT
21:16:53 PIT >> INFO : MINION : Failed to dump JaCoCo execution data: org.jacoco.agent.rt.RT
21:16:53 PIT >> INFO : MINION : Failed to set JaCoCo session: org.jacoco.agent.rt.RT
21:16:53 PIT >> INFO : MINION : Failed to dump JaCoCo execution data: org.jacoco.agent.rt.RT
21:16:53 PIT >> INFO : MINION : Failed to set JaCoCo session: org.jacoco.agent.rt.RT
21:16:53 PIT >> INFO : MINION : Failed to dump JaCoCo execution data: org.jacoco.agent.rt.RT
21:16:53 PIT >> INFO : MINION : Failed to set JaCoCo session: org.jacoco.agent.rt.RT
21:16:53 PIT >> INFO : MINION : Failed to dump JaCoCo execution data: org.jacoco.agent.rt.RT
21:16:53 PIT >> INFO : MINION : Failed to set JaCoCo session: org.jacoco.agent.rt.RT
21:16:53 PIT >> INFO : MINION : Failed to dump JaCoCo execution data: org.jacoco.agent.rt.RT
21:16:53 PIT >> INFO : MINION : Failed to set JaCoCo session: org.jacoco.agent.rt.RT
21:16:53 PIT >> INFO : MINION : Failed to dump JaCoCo execution data: org.jacoco.agent.rt.RT
21:16:53 PIT >> INFO : MINION : Failed to set JaCoCo session: org.jacoco.agent.rt.RT
21:16:53 PIT >> INFO : MINION : Failed to dump JaCoCo execution data: org.jacoco.agent.rt.RT
21:16:53 PIT >> INFO : MINION : Failed to set JaCoCo session: org.jacoco.agent.rt.RT
21:16:53 PIT >> INFO : MINION : Failed to dump JaCoCo execution data: org.jacoco.agent.rt.RT
21:16:53 PIT >> INFO : MINION : Failed to set JaCoCo session: org.jacoco.agent.rt.RT
21:16:53 PIT >> INFO : MINION : Failed to dump JaCoCo execution data: org.jacoco.agent.rt.RT
21:16:53 PIT >> INFO : MINION : Failed to set JaCoCo session: org.jacoco.agent.rt.RT
21:16:53 PIT >> INFO : MINION : Failed to dump JaCoCo execution data: org.jacoco.agent.rt.RT
21:16:53 PIT >> INFO : MINION : Failed to set JaCoCo session: org.jacoco.agent.rt.RT
21:16:53 PIT >> INFO : MINION : Failed to dump JaCoCo execution data: org.jacoco.agent.rt.RT
21:16:53 PIT >> INFO : MINION : Failed to set JaCoCo session: org.jacoco.agent.rt.RT
21:16:53 PIT >> INFO : MINION : Failed to dump JaCoCo execution data: org.jacoco.agent.rt.RT
21:16:53 PIT >> INFO : MINION : Failed to set JaCoCo session: org.jacoco.agent.rt.RT
21:16:53 PIT >> INFO : MINION : Failed to dump JaCoCo execution data: org.jacoco.agent.rt.RT
21:16:53 PIT >> INFO : MINION : Failed to set JaCoCo session: org.jacoco.agent.rt.RT
21:16:53 PIT >> INFO : MINION : Failed to dump JaCoCo execution data: org.jacoco.agent.rt.RT
21:16:53 PIT >> INFO : MINION : Failed to set JaCoCo session: org.jacoco.agent.rt.RT
21:16:53 PIT >> INFO : MINION : Failed to dump JaCoCo execution data: org.jacoco.agent.rt.RT
21:16:53 PIT >> INFO : MINION : Failed to set JaCoCo session: org.jacoco.agent.rt.RT
21:16:53 PIT >> INFO : MINION : Failed to dump JaCoCo execution data: org.jacoco.agent.rt.RT
21:16:53 PIT >> INFO : MINION : Failed to set JaCoCo session: org.jacoco.agent.rt.RT
21:16:53 PIT >> INFO : MINION : Failed to dump JaCoCo execution data: org.jacoco.agent.rt.RT
21:16:53 PIT >> INFO : MINION : Failed to set JaCoCo session: org.jacoco.agent.rt.RT
21:16:53 PIT >> INFO : MINION : Failed to dump JaCoCo execution data: org.jacoco.agent.rt.RT
21:16:53 PIT >> INFO : MINION : Failed to set JaCoCo session: org.jacoco.agent.rt.RT
21:16:53 PIT >> INFO : MINION : Failed to dump JaCoCo execution data: org.jacoco.agent.rt.RT
21:16:53 PIT >> INFO : MINION : Failed to set JaCoCo session: org.jacoco.agent.rt.RT
21:16:53 PIT >> INFO : MINION : Failed to dump JaCoCo execution data: org.jacoco.agent.rt.RT
21:16:53 PIT >> INFO : MINION : Failed to set JaCoCo session: org.jacoco.agent.rt.RT
21:16:53 PIT >> INFO : MINION : Failed to dump JaCoCo execution data: org.jacoco.agent.rt.RT
21:16:53 PIT >> INFO : MINION : Failed to set JaCoCo session: org.jacoco.agent.rt.RT
21:16:53 PIT >> INFO : MINION : Failed to dump JaCoCo execution data: org.jacoco.agent.rt.RT
21:16:53 PIT >> INFO : MINION : Failed to set JaCoCo session: org.jacoco.agent.rt.RT
21:16:54 PIT >> INFO : MINION : Failed to dump JaCoCo execution data: org.jacoco.agent.rt.RT
21:16:54 PIT >> INFO : MINION : Failed to set JaCoCo session: org.jacoco.agent.rt.RT
21:16:54 PIT >> INFO : MINION : Failed to dump JaCoCo execution data: org.jacoco.agent.rt.RT
21:16:54 PIT >> INFO : MINION : Failed to set JaCoCo session: org.jacoco.agent.rt.RT
21:16:54 PIT >> INFO : MINION : Failed to dump JaCoCo execution data: org.jacoco.agent.rt.RT
21:16:54 PIT >> INFO : MINION : Failed to set JaCoCo session: org.jacoco.agent.rt.RT
21:16:54 PIT >> INFO : MINION : Failed to dump JaCoCo execution data: org.jacoco.agent.rt.RT
21:16:54 PIT >> INFO : MINION : Failed to set JaCoCo session: org.jacoco.agent.rt.RT
21:16:54 PIT >> INFO : MINION : Failed to dump JaCoCo execution data: org.jacoco.agent.rt.RT
21:16:54 PIT >> INFO : MINION : Failed to set JaCoCo session: org.jacoco.agent.rt.RT
21:16:54 PIT >> INFO : MINION : Failed to dump JaCoCo execution data: org.jacoco.agent.rt.RT
21:16:54 PIT >> INFO : MINION : Failed to set JaCoCo session: org.jacoco.agent.rt.RT
21:16:54 PIT >> INFO : MINION : Failed to dump JaCoCo execution data: org.jacoco.agent.rt.RT
21:16:54 PIT >> INFO : MINION : Failed to set JaCoCo session: org.jacoco.agent.rt.RT
21:16:54 PIT >> INFO : MINION : Failed to dump JaCoCo execution data: org.jacoco.agent.rt.RT
21:16:54 PIT >> INFO : MINION : Failed to set JaCoCo session: org.jacoco.agent.rt.RT
21:16:54 PIT >> INFO : MINION : Failed to dump JaCoCo execution data: org.jacoco.agent.rt.RT
21:16:54 PIT >> INFO : MINION : Failed to set JaCoCo session: org.jacoco.agent.rt.RT
21:16:54 PIT >> INFO : MINION : Failed to dump JaCoCo execution data: org.jacoco.agent.rt.RT
21:16:54 PIT >> INFO : MINION : Failed to set JaCoCo session: org.jacoco.agent.rt.RT
21:16:54 PIT >> INFO : MINION : Failed to dump JaCoCo execution data: org.jacoco.agent.rt.RT
21:16:54 PIT >> INFO : MINION : Failed to set JaCoCo session: org.jacoco.agent.rt.RT
21:16:54 PIT >> INFO : MINION : Failed to dump JaCoCo execution data: org.jacoco.agent.rt.RT
21:16:54 PIT >> INFO : MINION : Failed to set JaCoCo session: org.jacoco.agent.rt.RT
21:16:54 PIT >> INFO : MINION : Failed to dump JaCoCo execution data: org.jacoco.agent.rt.RT
21:16:54 PIT >> INFO : MINION : Failed to set JaCoCo session: org.jacoco.agent.rt.RT
21:16:54 PIT >> INFO : MINION : Failed to dump JaCoCo execution data: org.jacoco.agent.rt.RT
21:16:54 PIT >> INFO : MINION : Failed to set JaCoCo session: org.jacoco.agent.rt.RT
21:16:54 PIT >> INFO : MINION : Failed to dump JaCoCo execution data: org.jacoco.agent.rt.RT
21:16:54 PIT >> INFO : MINION : Failed to set JaCoCo session: org.jacoco.agent.rt.RT
21:16:54 PIT >> INFO : MINION : Failed to dump JaCoCo execution data: org.jacoco.agent.rt.RT
21:16:54 PIT >> INFO : MINION : Failed to set JaCoCo session: org.jacoco.agent.rt.RT
21:16:54 PIT >> INFO : MINION : Failed to dump JaCoCo execution data: org.jacoco.agent.rt.RT
21:16:54 PIT >> INFO : MINION : Failed to set JaCoCo session: org.jacoco.agent.rt.RT
21:16:54 PIT >> INFO : MINION : Failed to dump JaCoCo execution data: org.jacoco.agent.rt.RT
21:16:54 PIT >> INFO : MINION : Failed to set JaCoCo session: org.jacoco.agent.rt.RT
21:16:54 PIT >> INFO : MINION : Failed to dump JaCoCo execution data: org.jacoco.agent.rt.RT
21:16:54 PIT >> INFO : MINION : Failed to set JaCoCo session: org.jacoco.agent.rt.RT
21:16:54 PIT >> INFO : MINION : Failed to dump JaCoCo execution data: org.jacoco.agent.rt.RT
21:16:54 PIT >> INFO : MINION : Failed to set JaCoCo session: org.jacoco.agent.rt.RT
21:16:54 PIT >> INFO : MINION : Failed to dump JaCoCo execution data: org.jacoco.agent.rt.RT
21:16:54 PIT >> INFO : MINION : Failed to set JaCoCo session: org.jacoco.agent.rt.RT
21:16:54 PIT >> INFO : MINION : Failed to dump JaCoCo execution data: org.jacoco.agent.rt.RT
21:16:54 PIT >> INFO : MINION : Failed to set JaCoCo session: org.jacoco.agent.rt.RT
21:16:54 PIT >> INFO : MINION : Failed to dump JaCoCo execution data: org.jacoco.agent.rt.RT
21:16:54 PIT >> INFO : MINION : Failed to set JaCoCo session: org.jacoco.agent.rt.RT
21:16:54 PIT >> INFO : MINION : Failed to dump JaCoCo execution data: org.jacoco.agent.rt.RT
21:16:54 PIT >> INFO : MINION : Failed to set JaCoCo session: org.jacoco.agent.rt.RT
21:16:54 PIT >> INFO : MINION : Failed to dump JaCoCo execution data: org.jacoco.agent.rt.RT
21:16:54 PIT >> INFO : MINION : Failed to set JaCoCo session: org.jacoco.agent.rt.RT
21:16:54 PIT >> INFO : MINION : Failed to dump JaCoCo execution data: org.jacoco.agent.rt.RT
21:16:54 PIT >> INFO : MINION : Failed to set JaCoCo session: org.jacoco.agent.rt.RT
21:16:54 PIT >> INFO : MINION : Failed to dump JaCoCo execution data: org.jacoco.agent.rt.RT
21:16:54 PIT >> INFO : MINION : Failed to set JaCoCo session: org.jacoco.agent.rt.RT
21:16:54 PIT >> INFO : MINION : Failed to dump JaCoCo execution data: org.jacoco.agent.rt.RT
21:16:54 PIT >> INFO : MINION : Failed to set JaCoCo session: org.jacoco.agent.rt.RT
21:16:54 PIT >> INFO : MINION : Failed to dump JaCoCo execution data: org.jacoco.agent.rt.RT
21:16:54 PIT >> INFO : MINION : Failed to set JaCoCo session: org.jacoco.agent.rt.RT
21:16:54 PIT >> INFO : MINION : Failed to dump JaCoCo execution data: org.jacoco.agent.rt.RT
21:16:54 PIT >> INFO : MINION : Failed to set JaCoCo session: org.jacoco.agent.rt.RT
21:16:54 PIT >> INFO : MINION : Failed to dump JaCoCo execution data: org.jacoco.agent.rt.RT
21:16:54 PIT >> INFO : MINION : Failed to set JaCoCo session: org.jacoco.agent.rt.RT
21:16:54 PIT >> INFO : MINION : Failed to dump JaCoCo execution data: org.jacoco.agent.rt.RT
21:16:54 PIT >> INFO : MINION : Failed to set JaCoCo session: org.jacoco.agent.rt.RT
21:16:54 PIT >> INFO : MINION : Failed to dump JaCoCo execution data: org.jacoco.agent.rt.RT
21:16:54 PIT >> INFO : MINION : Failed to set JaCoCo session: org.jacoco.agent.rt.RT
21:16:54 PIT >> INFO : MINION : Failed to dump JaCoCo execution data: org.jacoco.agent.rt.RT
21:16:54 PIT >> INFO : MINION : Failed to set JaCoCo session: org.jacoco.agent.rt.RT
21:16:54 PIT >> INFO : MINION : Failed to dump JaCoCo execution data: org.jacoco.agent.rt.RT
21:16:54 PIT >> INFO : MINION : Failed to set JaCoCo session: org.jacoco.agent.rt.RT
21:16:54 PIT >> INFO : MINION : Failed to dump JaCoCo execution data: org.jacoco.agent.rt.RT
21:16:54 PIT >> INFO : MINION : Failed to set JaCoCo session: org.jacoco.agent.rt.RT
21:16:54 PIT >> INFO : MINION : Failed to dump JaCoCo execution data: org.jacoco.agent.rt.RT
21:16:54 PIT >> INFO : MINION : Failed to set JaCoCo session: org.jacoco.agent.rt.RT
21:16:54 PIT >> INFO : MINION : Failed to dump JaCoCo execution data: org.jacoco.agent.rt.RT
21:16:54 PIT >> INFO : MINION : Failed to set JaCoCo session: org.jacoco.agent.rt.RT
21:16:54 PIT >> INFO : MINION : Failed to dump JaCoCo execution data: org.jacoco.agent.rt.RT
21:16:54 PIT >> INFO : MINION : Failed to set JaCoCo session: org.jacoco.agent.rt.RT
21:16:54 PIT >> INFO : MINION : Failed to dump JaCoCo execution data: org.jacoco.agent.rt.RT
21:16:54 PIT >> INFO : MINION : Failed to set JaCoCo session: org.jacoco.agent.rt.RT
21:16:54 PIT >> INFO : MINION : Failed to dump JaCoCo execution data: org.jacoco.agent.rt.RT
21:16:54 PIT >> INFO : MINION : Failed to set JaCoCo session: org.jacoco.agent.rt.RT
21:16:54 PIT >> INFO : MINION : Failed to dump JaCoCo execution data: org.jacoco.agent.rt.RT
21:16:54 PIT >> INFO : MINION : Failed to set JaCoCo session: org.jacoco.agent.rt.RT
21:16:54 PIT >> INFO : MINION : Failed to dump JaCoCo execution data: org.jacoco.agent.rt.RT
21:16:54 PIT >> INFO : MINION : Failed to set JaCoCo session: org.jacoco.agent.rt.RT
21:16:54 PIT >> INFO : MINION : Failed to dump JaCoCo execution data: org.jacoco.agent.rt.RT
21:16:54 PIT >> INFO : MINION : Failed to set JaCoCo session: org.jacoco.agent.rt.RT
21:16:54 PIT >> INFO : MINION : Failed to dump JaCoCo execution data: org.jacoco.agent.rt.RT
21:16:54 PIT >> INFO : MINION : Failed to set JaCoCo session: org.jacoco.agent.rt.RT
21:16:54 PIT >> INFO : MINION : Failed to dump JaCoCo execution data: org.jacoco.agent.rt.RT
21:16:54 PIT >> INFO : MINION : Failed to set JaCoCo session: org.jacoco.agent.rt.RT
21:16:54 PIT >> INFO : MINION : Failed to dump JaCoCo execution data: org.jacoco.agent.rt.RT
21:16:54 PIT >> INFO : MINION : Failed to set JaCoCo session: org.jacoco.agent.rt.RT
21:16:54 PIT >> INFO : MINION : Failed to dump JaCoCo execution data: org.jacoco.agent.rt.RT
21:16:54 PIT >> INFO : MINION : Failed to set JaCoCo session: org.jacoco.agent.rt.RT
21:16:54 PIT >> INFO : MINION : Failed to dump JaCoCo execution data: org.jacoco.agent.rt.RT
21:16:54 PIT >> INFO : MINION : Failed to set JaCoCo session: org.jacoco.agent.rt.RT
21:16:54 PIT >> INFO : MINION : Failed to dump JaCoCo execution data: org.jacoco.agent.rt.RT
21:16:54 PIT >> INFO : MINION : Failed to set JaCoCo session: org.jacoco.agent.rt.RT
21:16:54 PIT >> INFO : MINION : Failed to dump JaCoCo execution data: org.jacoco.agent.rt.RT
21:16:54 PIT >> INFO : MINION : Failed to set JaCoCo session: org.jacoco.agent.rt.RT
21:16:54 PIT >> INFO : MINION : Failed to dump JaCoCo execution data: org.jacoco.agent.rt.RT
21:16:54 PIT >> INFO : MINION : Failed to set JaCoCo session: org.jacoco.agent.rt.RT
21:16:54 PIT >> INFO : MINION : Failed to dump JaCoCo execution data: org.jacoco.agent.rt.RT
21:16:54 PIT >> INFO : MINION : Failed to set JaCoCo session: org.jacoco.agent.rt.RT
21:16:54 PIT >> INFO : MINION : Failed to dump JaCoCo execution data: org.jacoco.agent.rt.RT
21:16:54 PIT >> INFO : MINION : Failed to set JaCoCo session: org.jacoco.agent.rt.RT
21:16:54 PIT >> INFO : MINION : Failed to dump JaCoCo execution data: org.jacoco.agent.rt.RT
21:16:54 PIT >> INFO : MINION : Failed to set JaCoCo session: org.jacoco.agent.rt.RT
21:16:54 PIT >> INFO : MINION : Failed to dump JaCoCo execution data: org.jacoco.agent.rt.RT
21:16:54 PIT >> INFO : MINION : Failed to set JaCoCo session: org.jacoco.agent.rt.RT
21:16:54 PIT >> INFO : MINION : Failed to dump JaCoCo execution data: org.jacoco.agent.rt.RT
21:16:54 PIT >> INFO : MINION : Failed to set JaCoCo session: org.jacoco.agent.rt.RT
21:16:54 PIT >> INFO : MINION : Failed to dump JaCoCo execution data: org.jacoco.agent.rt.RT
21:16:54 PIT >> INFO : MINION : Failed to set JaCoCo session: org.jacoco.agent.rt.RT
21:16:54 PIT >> INFO : MINION : Failed to dump JaCoCo execution data: org.jacoco.agent.rt.RT
21:16:54 PIT >> INFO : MINION : Failed to set JaCoCo session: org.jacoco.agent.rt.RT
21:16:54 PIT >> INFO : MINION : Failed to dump JaCoCo execution data: org.jacoco.agent.rt.RT
21:16:54 PIT >> INFO : MINION : Failed to set JaCoCo session: org.jacoco.agent.rt.RT
21:16:54 PIT >> INFO : MINION : Failed to dump JaCoCo execution data: org.jacoco.agent.rt.RT
21:16:54 PIT >> INFO : MINION : Failed to set JaCoCo session: org.jacoco.agent.rt.RT
21:16:54 PIT >> INFO : MINION : Failed to dump JaCoCo execution data: org.jacoco.agent.rt.RT
21:16:54 PIT >> INFO : MINION : Failed to set JaCoCo session: org.jacoco.agent.rt.RT
21:16:54 PIT >> INFO : MINION : Failed to dump JaCoCo execution data: org.jacoco.agent.rt.RT
21:16:54 PIT >> INFO : MINION : Failed to set JaCoCo session: org.jacoco.agent.rt.RT
21:16:54 PIT >> INFO : MINION : Failed to dump JaCoCo execution data: org.jacoco.agent.rt.RT
21:16:54 PIT >> INFO : MINION : Failed to set JaCoCo session: org.jacoco.agent.rt.RT
21:16:54 PIT >> INFO : MINION : Failed to dump JaCoCo execution data: org.jacoco.agent.rt.RT
21:16:54 PIT >> INFO : MINION : Failed to set JaCoCo session: org.jacoco.agent.rt.RT
21:16:54 PIT >> INFO : MINION : Failed to dump JaCoCo execution data: org.jacoco.agent.rt.RT
21:16:54 PIT >> INFO : MINION : Failed to set JaCoCo session: org.jacoco.agent.rt.RT
21:16:54 PIT >> INFO : MINION : Failed to dump JaCoCo execution data: org.jacoco.agent.rt.RT
21:16:54 PIT >> INFO : MINION : Failed to set JaCoCo session: org.jacoco.agent.rt.RT
21:16:54 PIT >> INFO : MINION : Failed to dump JaCoCo execution data: org.jacoco.agent.rt.RT
21:16:54 PIT >> INFO : MINION : Failed to set JaCoCo session: org.jacoco.agent.rt.RT
21:16:54 PIT >> INFO : MINION : Failed to dump JaCoCo execution data: org.jacoco.agent.rt.RT
21:16:54 PIT >> INFO : MINION : Failed to set JaCoCo session: org.jacoco.agent.rt.RT
21:16:54 PIT >> INFO : MINION : Failed to dump JaCoCo execution data: org.jacoco.agent.rt.RT
21:16:54 PIT >> INFO : MINION : Failed to set JaCoCo session: org.jacoco.agent.rt.RT
21:16:54 PIT >> INFO : MINION : Failed to dump JaCoCo execution data: org.jacoco.agent.rt.RT
21:16:54 PIT >> INFO : MINION : Failed to set JaCoCo session: org.jacoco.agent.rt.RT
21:16:54 PIT >> INFO : MINION : Failed to dump JaCoCo execution data: org.jacoco.agent.rt.RT
21:16:54 PIT >> INFO : MINION : Failed to set JaCoCo session: org.jacoco.agent.rt.RT
21:16:54 PIT >> INFO : MINION : Failed to dump JaCoCo execution data: org.jacoco.agent.rt.RT
21:16:54 PIT >> INFO : MINION : Failed to set JaCoCo session: org.jacoco.agent.rt.RT
21:16:54 PIT >> INFO : MINION : Failed to dump JaCoCo execution data: org.jacoco.agent.rt.RT
21:16:54 PIT >> INFO : MINION : Failed to set JaCoCo session: org.jacoco.agent.rt.RT
21:16:54 PIT >> INFO : MINION : Failed to dump JaCoCo execution data: org.jacoco.agent.rt.RT
21:16:54 PIT >> INFO : MINION : Failed to set JaCoCo session: org.jacoco.agent.rt.RT
21:16:54 PIT >> INFO : MINION : Failed to dump JaCoCo execution data: org.jacoco.agent.rt.RT
21:16:54 PIT >> INFO : MINION : Failed to set JaCoCo session: org.jacoco.agent.rt.RT
21:16:54 PIT >> INFO : MINION : Failed to dump JaCoCo execution data: org.jacoco.agent.rt.RT
21:16:54 PIT >> INFO : MINION : Failed to set JaCoCo session: org.jacoco.agent.rt.RT
21:16:54 PIT >> INFO : MINION : Failed to dump JaCoCo execution data: org.jacoco.agent.rt.RT
21:16:54 PIT >> INFO : MINION : Failed to set JaCoCo session: org.jacoco.agent.rt.RT
21:16:54 PIT >> INFO : MINION : Failed to dump JaCoCo execution data: org.jacoco.agent.rt.RT
21:16:54 PIT >> INFO : MINION : Failed to set JaCoCo session: org.jacoco.agent.rt.RT
21:16:54 PIT >> INFO : MINION : Failed to dump JaCoCo execution data: org.jacoco.agent.rt.RT
21:16:54 PIT >> INFO : MINION : Failed to set JaCoCo session: org.jacoco.agent.rt.RT
21:16:54 PIT >> INFO : MINION : Failed to dump JaCoCo execution data: org.jacoco.agent.rt.RT
21:16:54 PIT >> INFO : MINION : Failed to set JaCoCo session: org.jacoco.agent.rt.RT
21:16:54 PIT >> INFO : MINION : Failed to dump JaCoCo execution data: org.jacoco.agent.rt.RT
21:16:54 PIT >> INFO : MINION : Failed to set JaCoCo session: org.jacoco.agent.rt.RT
21:16:54 PIT >> INFO : MINION : Failed to dump JaCoCo execution data: org.jacoco.agent.rt.RT
21:16:54 PIT >> INFO : MINION : Failed to set JaCoCo session: org.jacoco.agent.rt.RT
21:16:54 PIT >> INFO : MINION : Failed to dump JaCoCo execution data: org.jacoco.agent.rt.RT
21:16:54 PIT >> INFO : MINION : Failed to set JaCoCo session: org.jacoco.agent.rt.RT
21:16:54 PIT >> INFO : MINION : Failed to dump JaCoCo execution data: org.jacoco.agent.rt.RT
21:16:54 PIT >> INFO : MINION : Failed to set JaCoCo session: org.jacoco.agent.rt.RT
21:16:54 PIT >> INFO : MINION : Failed to dump JaCoCo execution data: org.jacoco.agent.rt.RT
21:16:54 PIT >> INFO : MINION : Failed to set JaCoCo session: org.jacoco.agent.rt.RT
21:16:54 PIT >> INFO : MINION : Failed to dump JaCoCo execution data: org.jacoco.agent.rt.RT
21:16:54 PIT >> INFO : MINION : Failed to set JaCoCo session: org.jacoco.agent.rt.RT
21:16:54 PIT >> INFO : MINION : Failed to dump JaCoCo execution data: org.jacoco.agent.rt.RT
21:16:54 PIT >> INFO : MINION : Failed to set JaCoCo session: org.jacoco.agent.rt.RT
21:16:54 PIT >> INFO : MINION : Failed to dump JaCoCo execution data: org.jacoco.agent.rt.RT
21:16:54 PIT >> INFO : MINION : Failed to set JaCoCo session: org.jacoco.agent.rt.RT
21:16:54 PIT >> INFO : MINION : Failed to dump JaCoCo execution data: org.jacoco.agent.rt.RT
21:16:54 PIT >> INFO : MINION : Failed to set JaCoCo session: org.jacoco.agent.rt.RT
21:16:54 PIT >> INFO : MINION : Failed to dump JaCoCo execution data: org.jacoco.agent.rt.RT
21:16:54 PIT >> INFO : MINION : Failed to set JaCoCo session: org.jacoco.agent.rt.RT
21:16:54 PIT >> INFO : MINION : Failed to dump JaCoCo execution data: org.jacoco.agent.rt.RT
21:16:54 PIT >> INFO : MINION : Failed to set JaCoCo session: org.jacoco.agent.rt.RT
21:16:54 PIT >> INFO : MINION : Failed to dump JaCoCo execution data: org.jacoco.agent.rt.RT
21:16:54 PIT >> INFO : MINION : Failed to set JaCoCo session: org.jacoco.agent.rt.RT
21:16:54 PIT >> INFO : MINION : Failed to dump JaCoCo execution data: org.jacoco.agent.rt.RT
21:16:54 PIT >> INFO : MINION : Failed to set JaCoCo session: org.jacoco.agent.rt.RT
21:16:54 PIT >> INFO : MINION : Failed to dump JaCoCo execution data: org.jacoco.agent.rt.RT
21:16:54 PIT >> INFO : MINION : Failed to set JaCoCo session: org.jacoco.agent.rt.RT
21:16:54 PIT >> INFO : MINION : Failed to dump JaCoCo execution data: org.jacoco.agent.rt.RT
21:16:54 PIT >> INFO : MINION : Failed to set JaCoCo session: org.jacoco.agent.rt.RT
21:16:54 PIT >> INFO : MINION : Failed to dump JaCoCo execution data: org.jacoco.agent.rt.RT
21:16:54 PIT >> INFO : MINION : Failed to set JaCoCo session: org.jacoco.agent.rt.RT
21:16:54 PIT >> INFO : MINION : Failed to dump JaCoCo execution data: org.jacoco.agent.rt.RT
21:16:54 PIT >> INFO : MINION : Failed to set JaCoCo session: org.jacoco.agent.rt.RT
21:16:54 PIT >> INFO : MINION : Failed to dump JaCoCo execution data: org.jacoco.agent.rt.RT
21:16:54 PIT >> INFO : MINION : Failed to set JaCoCo session: org.jacoco.agent.rt.RT
21:16:54 PIT >> INFO : MINION : Failed to dump JaCoCo execution data: org.jacoco.agent.rt.RT
21:16:54 PIT >> INFO : MINION : Failed to set JaCoCo session: org.jacoco.agent.rt.RT
21:16:54 PIT >> INFO : MINION : Failed to dump JaCoCo execution data: org.jacoco.agent.rt.RT
21:16:54 PIT >> INFO : MINION : Failed to set JaCoCo session: org.jacoco.agent.rt.RT
21:16:54 PIT >> INFO : MINION : Failed to dump JaCoCo execution data: org.jacoco.agent.rt.RT
21:16:54 PIT >> INFO : MINION : Failed to set JaCoCo session: org.jacoco.agent.rt.RT
21:16:54 PIT >> INFO : MINION : Failed to dump JaCoCo execution data: org.jacoco.agent.rt.RT
21:16:54 PIT >> INFO : MINION : Failed to set JaCoCo session: org.jacoco.agent.rt.RT
21:16:54 PIT >> INFO : MINION : Failed to dump JaCoCo execution data: org.jacoco.agent.rt.RT
21:16:54 PIT >> INFO : MINION : Failed to set JaCoCo session: org.jacoco.agent.rt.RT
21:16:54 PIT >> INFO : MINION : Failed to dump JaCoCo execution data: org.jacoco.agent.rt.RT
21:16:54 PIT >> INFO : MINION : Failed to set JaCoCo session: org.jacoco.agent.rt.RT
21:16:54 PIT >> INFO : MINION : Failed to dump JaCoCo execution data: org.jacoco.agent.rt.RT
21:16:54 PIT >> INFO : MINION : Failed to set JaCoCo session: org.jacoco.agent.rt.RT
21:16:54 PIT >> INFO : MINION : Failed to dump JaCoCo execution data: org.jacoco.agent.rt.RT
21:16:54 PIT >> INFO : MINION : Failed to set JaCoCo session: org.jacoco.agent.rt.RT
21:16:54 PIT >> INFO : MINION : Failed to dump JaCoCo execution data: org.jacoco.agent.rt.RT
21:16:54 PIT >> INFO : MINION : Failed to set JaCoCo session: org.jacoco.agent.rt.RT
21:16:54 PIT >> INFO : MINION : Failed to dump JaCoCo execution data: org.jacoco.agent.rt.RT
21:16:54 PIT >> INFO : MINION : Failed to set JaCoCo session: org.jacoco.agent.rt.RT
21:16:54 PIT >> INFO : MINION : Failed to dump JaCoCo execution data: org.jacoco.agent.rt.RT
21:16:54 PIT >> INFO : MINION : Failed to set JaCoCo session: org.jacoco.agent.rt.RT
21:16:54 PIT >> INFO : MINION : Failed to dump JaCoCo execution data: org.jacoco.agent.rt.RT
21:16:54 PIT >> INFO : MINION : Failed to set JaCoCo session: org.jacoco.agent.rt.RT
21:16:54 PIT >> INFO : MINION : Failed to dump JaCoCo execution data: org.jacoco.agent.rt.RT
21:16:54 PIT >> INFO : MINION : Failed to set JaCoCo session: org.jacoco.agent.rt.RT
21:16:54 PIT >> INFO : MINION : Failed to dump JaCoCo execution data: org.jacoco.agent.rt.RT
21:16:54 PIT >> INFO : MINION : Failed to set JaCoCo session: org.jacoco.agent.rt.RT
21:16:54 PIT >> INFO : MINION : Failed to dump JaCoCo execution data: org.jacoco.agent.rt.RT
21:16:54 PIT >> INFO : MINION : Failed to set JaCoCo session: org.jacoco.agent.rt.RT
21:16:54 PIT >> INFO : MINION : Failed to dump JaCoCo execution data: org.jacoco.agent.rt.RT
21:16:54 PIT >> INFO : MINION : Failed to set JaCoCo session: org.jacoco.agent.rt.RT
21:16:54 PIT >> INFO : MINION : Failed to dump JaCoCo execution data: org.jacoco.agent.rt.RT
21:16:54 PIT >> INFO : MINION : Failed to set JaCoCo session: org.jacoco.agent.rt.RT
21:16:54 PIT >> INFO : MINION : Failed to dump JaCoCo execution data: org.jacoco.agent.rt.RT
21:16:54 PIT >> INFO : MINION : Failed to set JaCoCo session: org.jacoco.agent.rt.RT
21:16:54 PIT >> INFO : MINION : Failed to dump JaCoCo execution data: org.jacoco.agent.rt.RT
21:16:54 PIT >> INFO : MINION : Failed to set JaCoCo session: org.jacoco.agent.rt.RT
21:16:54 PIT >> INFO : MINION : Failed to dump JaCoCo execution data: org.jacoco.agent.rt.RT
21:16:54 PIT >> INFO : MINION : Failed to set JaCoCo session: org.jacoco.agent.rt.RT
21:16:54 PIT >> INFO : MINION : Failed to dump JaCoCo execution data: org.jacoco.agent.rt.RT
21:16:54 PIT >> INFO : MINION : Failed to set JaCoCo session: org.jacoco.agent.rt.RT
21:16:54 PIT >> INFO : MINION : Failed to dump JaCoCo execution data: org.jacoco.agent.rt.RT
21:16:54 PIT >> INFO : MINION : Failed to set JaCoCo session: org.jacoco.agent.rt.RT
21:16:54 PIT >> INFO : MINION : Failed to dump JaCoCo execution data: org.jacoco.agent.rt.RT
21:16:54 PIT >> INFO : MINION : Failed to set JaCoCo session: org.jacoco.agent.rt.RT
21:16:54 PIT >> INFO : MINION : Failed to dump JaCoCo execution data: org.jacoco.agent.rt.RT
21:16:54 PIT >> INFO : MINION : Failed to set JaCoCo session: org.jacoco.agent.rt.RT
21:16:54 PIT >> INFO : MINION : Failed to dump JaCoCo execution data: org.jacoco.agent.rt.RT
21:16:54 PIT >> INFO : MINION : Failed to set JaCoCo session: org.jacoco.agent.rt.RT
21:16:54 PIT >> INFO : MINION : Failed to dump JaCoCo execution data: org.jacoco.agent.rt.RT
21:16:55 PIT >> INFO : MINION : Failed to set JaCoCo session: org.jacoco.agent.rt.RT
21:16:55 PIT >> INFO : MINION : Failed to dump JaCoCo execution data: org.jacoco.agent.rt.RT
21:16:55 PIT >> INFO : MINION : Failed to set JaCoCo session: org.jacoco.agent.rt.RT
21:16:55 PIT >> INFO : MINION : Failed to dump JaCoCo execution data: org.jacoco.agent.rt.RT
21:16:55 PIT >> INFO : MINION : Failed to set JaCoCo session: org.jacoco.agent.rt.RT
21:16:55 PIT >> INFO : MINION : Failed to dump JaCoCo execution data: org.jacoco.agent.rt.RT
21:16:55 PIT >> INFO : MINION : Failed to set JaCoCo session: org.jacoco.agent.rt.RT
21:16:55 PIT >> INFO : MINION : Failed to dump JaCoCo execution data: org.jacoco.agent.rt.RT
21:16:55 PIT >> INFO : MINION : Failed to set JaCoCo session: org.jacoco.agent.rt.RT
21:16:55 PIT >> INFO : MINION : Failed to dump JaCoCo execution data: org.jacoco.agent.rt.RT
21:16:55 PIT >> INFO : MINION : Failed to set JaCoCo session: org.jacoco.agent.rt.RT
21:16:55 PIT >> INFO : MINION : Failed to dump JaCoCo execution data: org.jacoco.agent.rt.RT
21:16:55 PIT >> INFO : MINION : Failed to set JaCoCo session: org.jacoco.agent.rt.RT
21:16:55 PIT >> INFO : MINION : Failed to dump JaCoCo execution data: org.jacoco.agent.rt.RT
21:16:55 PIT >> INFO : MINION : Failed to set JaCoCo session: org.jacoco.agent.rt.RT
21:16:55 PIT >> INFO : MINION : Failed to dump JaCoCo execution data: org.jacoco.agent.rt.RT
21:16:55 PIT >> INFO : MINION : Failed to set JaCoCo session: org.jacoco.agent.rt.RT
21:16:55 PIT >> INFO : MINION : Failed to dump JaCoCo execution data: org.jacoco.agent.rt.RT
21:16:55 PIT >> INFO : MINION : Failed to set JaCoCo session: org.jacoco.agent.rt.RT
21:16:55 PIT >> INFO : MINION : Failed to dump JaCoCo execution data: org.jacoco.agent.rt.RT
21:16:55 PIT >> INFO : MINION : Failed to set JaCoCo session: org.jacoco.agent.rt.RT
21:16:55 PIT >> INFO : MINION : Failed to dump JaCoCo execution data: org.jacoco.agent.rt.RT
21:16:55 PIT >> INFO : MINION : Failed to set JaCoCo session: org.jacoco.agent.rt.RT
21:16:55 PIT >> INFO : MINION : Failed to dump JaCoCo execution data: org.jacoco.agent.rt.RT
21:16:55 PIT >> INFO : MINION : Failed to set JaCoCo session: org.jacoco.agent.rt.RT
21:16:55 PIT >> INFO : MINION : Failed to dump JaCoCo execution data: org.jacoco.agent.rt.RT
21:16:55 PIT >> INFO : MINION : Failed to set JaCoCo session: org.jacoco.agent.rt.RT
21:16:55 PIT >> INFO : MINION : Failed to dump JaCoCo execution data: org.jacoco.agent.rt.RT
21:16:55 PIT >> INFO : MINION : Failed to set JaCoCo session: org.jacoco.agent.rt.RT
21:16:55 PIT >> INFO : MINION : Failed to dump JaCoCo execution data: org.jacoco.agent.rt.RT
21:16:55 PIT >> INFO : MINION : Failed to set JaCoCo session: org.jacoco.agent.rt.RT
21:16:55 PIT >> INFO : MINION : Failed to dump JaCoCo execution data: org.jacoco.agent.rt.RT
21:16:55 PIT >> INFO : MINION : Failed to set JaCoCo session: org.jacoco.agent.rt.RT
21:16:55 PIT >> INFO : MINION : Failed to dump JaCoCo execution data: org.jacoco.agent.rt.RT
21:16:55 PIT >> INFO : MINION : Failed to set JaCoCo session: org.jacoco.agent.rt.RT
21:16:55 PIT >> INFO : MINION : Failed to dump JaCoCo execution data: org.jacoco.agent.rt.RT
21:16:55 PIT >> INFO : MINION : Failed to set JaCoCo session: org.jacoco.agent.rt.RT
21:16:55 PIT >> INFO : MINION : Failed to dump JaCoCo execution data: org.jacoco.agent.rt.RT
21:16:55 PIT >> INFO : MINION : Failed to set JaCoCo session: org.jacoco.agent.rt.RT
21:16:55 PIT >> INFO : MINION : Failed to dump JaCoCo execution data: org.jacoco.agent.rt.RT
21:16:55 PIT >> INFO : MINION : Failed to set JaCoCo session: org.jacoco.agent.rt.RT
21:16:55 PIT >> INFO : MINION : Failed to dump JaCoCo execution data: org.jacoco.agent.rt.RT
21:16:55 PIT >> INFO : MINION : Failed to set JaCoCo session: org.jacoco.agent.rt.RT
21:16:55 PIT >> INFO : MINION : Failed to dump JaCoCo execution data: org.jacoco.agent.rt.RT
21:16:55 PIT >> INFO : MINION : Failed to set JaCoCo session: org.jacoco.agent.rt.RT
21:16:55 PIT >> INFO : MINION : Failed to dump JaCoCo execution data: org.jacoco.agent.rt.RT
21:16:55 PIT >> INFO : MINION : Failed to set JaCoCo session: org.jacoco.agent.rt.RT
21:16:55 PIT >> INFO : MINION : Failed to dump JaCoCo execution data: org.jacoco.agent.rt.RT
21:16:55 PIT >> INFO : MINION : Failed to set JaCoCo session: org.jacoco.agent.rt.RT
21:16:55 PIT >> INFO : MINION : Failed to dump JaCoCo execution data: org.jacoco.agent.rt.RT
21:16:55 PIT >> INFO : MINION : Failed to set JaCoCo session: org.jacoco.agent.rt.RT
21:16:55 PIT >> INFO : MINION : Failed to dump JaCoCo execution data: org.jacoco.agent.rt.RT
21:16:55 PIT >> INFO : MINION : Failed to set JaCoCo session: org.jacoco.agent.rt.RT
21:16:55 PIT >> INFO : MINION : Failed to dump JaCoCo execution data: org.jacoco.agent.rt.RT
21:16:55 PIT >> INFO : MINION : Failed to set JaCoCo session: org.jacoco.agent.rt.RT
21:16:55 PIT >> INFO : MINION : Failed to dump JaCoCo execution data: org.jacoco.agent.rt.RT
21:16:55 PIT >> INFO : MINION : Failed to set JaCoCo session: org.jacoco.agent.rt.RT
21:16:55 PIT >> INFO : MINION : Failed to dump JaCoCo execution data: org.jacoco.agent.rt.RT
21:16:55 PIT >> INFO : MINION : Failed to set JaCoCo session: org.jacoco.agent.rt.RT
21:16:55 PIT >> INFO : MINION : Failed to dump JaCoCo execution data: org.jacoco.agent.rt.RT
21:16:55 PIT >> INFO : MINION : Failed to set JaCoCo session: org.jacoco.agent.rt.RT
21:16:55 PIT >> INFO : MINION : Failed to dump JaCoCo execution data: org.jacoco.agent.rt.RT
21:16:55 PIT >> INFO : MINION : Failed to set JaCoCo session: org.jacoco.agent.rt.RT
21:16:55 PIT >> INFO : MINION : Failed to dump JaCoCo execution data: org.jacoco.agent.rt.RT
21:16:55 PIT >> INFO : MINION : Failed to set JaCoCo session: org.jacoco.agent.rt.RT
21:16:55 PIT >> INFO : MINION : Failed to dump JaCoCo execution data: org.jacoco.agent.rt.RT
21:16:55 PIT >> INFO : MINION : Failed to set JaCoCo session: org.jacoco.agent.rt.RT
21:16:55 PIT >> INFO : MINION : Failed to dump JaCoCo execution data: org.jacoco.agent.rt.RT
21:16:55 PIT >> INFO : MINION : Failed to set JaCoCo session: org.jacoco.agent.rt.RT
21:16:55 PIT >> INFO : MINION : Failed to dump JaCoCo execution data: org.jacoco.agent.rt.RT
21:16:55 PIT >> INFO : MINION : Failed to set JaCoCo session: org.jacoco.agent.rt.RT
21:16:55 PIT >> INFO : MINION : Failed to dump JaCoCo execution data: org.jacoco.agent.rt.RT
21:16:55 PIT >> INFO : MINION : Failed to set JaCoCo session: org.jacoco.agent.rt.RT
21:16:55 PIT >> INFO : MINION : Failed to dump JaCoCo execution data: org.jacoco.agent.rt.RT
21:16:55 PIT >> INFO : MINION : Failed to set JaCoCo session: org.jacoco.agent.rt.RT
21:16:55 PIT >> INFO : MINION : Failed to dump JaCoCo execution data: org.jacoco.agent.rt.RT
21:16:55 PIT >> INFO : MINION : Failed to set JaCoCo session: org.jacoco.agent.rt.RT
21:16:55 PIT >> INFO : MINION : Failed to dump JaCoCo execution data: org.jacoco.agent.rt.RT
21:16:55 PIT >> INFO : MINION : Failed to set JaCoCo session: org.jacoco.agent.rt.RT
21:16:55 PIT >> INFO : MINION : Failed to dump JaCoCo execution data: org.jacoco.agent.rt.RT
21:16:55 PIT >> INFO : MINION : Failed to set JaCoCo session: org.jacoco.agent.rt.RT
21:16:55 PIT >> INFO : MINION : Failed to dump JaCoCo execution data: org.jacoco.agent.rt.RT
21:16:55 PIT >> INFO : MINION : Failed to set JaCoCo session: org.jacoco.agent.rt.RT
21:16:55 PIT >> INFO : MINION : Failed to dump JaCoCo execution data: org.jacoco.agent.rt.RT
21:16:55 PIT >> INFO : MINION : Failed to set JaCoCo session: org.jacoco.agent.rt.RT
21:16:55 PIT >> INFO : MINION : Failed to dump JaCoCo execution data: org.jacoco.agent.rt.RT
21:16:55 PIT >> INFO : MINION : Failed to set JaCoCo session: org.jacoco.agent.rt.RT
21:16:55 PIT >> INFO : MINION : Failed to dump JaCoCo execution data: org.jacoco.agent.rt.RT
21:16:55 PIT >> INFO : MINION : Failed to set JaCoCo session: org.jacoco.agent.rt.RT
21:16:55 PIT >> INFO : MINION : Failed to dump JaCoCo execution data: org.jacoco.agent.rt.RT
21:16:55 PIT >> INFO : MINION : Failed to set JaCoCo session: org.jacoco.agent.rt.RT
21:16:55 PIT >> INFO : MINION : Failed to dump JaCoCo execution data: org.jacoco.agent.rt.RT
21:16:55 PIT >> INFO : MINION : Failed to set JaCoCo session: org.jacoco.agent.rt.RT
21:16:55 PIT >> INFO : MINION : Failed to dump JaCoCo execution data: org.jacoco.agent.rt.RT
21:16:55 PIT >> INFO : MINION : Failed to set JaCoCo session: org.jacoco.agent.rt.RT
21:16:55 PIT >> INFO : MINION : Failed to dump JaCoCo execution data: org.jacoco.agent.rt.RT
21:16:55 PIT >> INFO : MINION : Failed to set JaCoCo session: org.jacoco.agent.rt.RT
21:16:55 PIT >> INFO : MINION : Failed to dump JaCoCo execution data: org.jacoco.agent.rt.RT
21:16:55 PIT >> INFO : MINION : Failed to set JaCoCo session: org.jacoco.agent.rt.RT
21:16:55 PIT >> INFO : MINION : Failed to dump JaCoCo execution data: org.jacoco.agent.rt.RT
21:16:55 PIT >> INFO : MINION : Failed to set JaCoCo session: org.jacoco.agent.rt.RT
21:16:55 PIT >> INFO : MINION : Failed to dump JaCoCo execution data: org.jacoco.agent.rt.RT
21:16:55 PIT >> INFO : MINION : Failed to set JaCoCo session: org.jacoco.agent.rt.RT
21:16:55 PIT >> INFO : MINION : Failed to dump JaCoCo execution data: org.jacoco.agent.rt.RT
21:16:55 PIT >> INFO : MINION : Failed to set JaCoCo session: org.jacoco.agent.rt.RT
21:16:55 PIT >> INFO : MINION : Failed to dump JaCoCo execution data: org.jacoco.agent.rt.RT
21:16:55 PIT >> INFO : MINION : Failed to set JaCoCo session: org.jacoco.agent.rt.RT
21:16:55 PIT >> INFO : MINION : Failed to dump JaCoCo execution data: org.jacoco.agent.rt.RT
21:16:55 PIT >> INFO : MINION : Failed to set JaCoCo session: org.jacoco.agent.rt.RT
21:16:55 PIT >> INFO : MINION : Failed to dump JaCoCo execution data: org.jacoco.agent.rt.RT
21:16:55 PIT >> INFO : MINION : Failed to set JaCoCo session: org.jacoco.agent.rt.RT
21:16:55 PIT >> INFO : MINION : Failed to dump JaCoCo execution data: org.jacoco.agent.rt.RT
21:16:55 PIT >> INFO : MINION : Failed to set JaCoCo session: org.jacoco.agent.rt.RT
21:16:55 PIT >> INFO : MINION : Failed to dump JaCoCo execution data: org.jacoco.agent.rt.RT
21:16:55 PIT >> INFO : MINION : Failed to set JaCoCo session: org.jacoco.agent.rt.RT
21:16:55 PIT >> INFO : MINION : Failed to dump JaCoCo execution data: org.jacoco.agent.rt.RT
21:16:55 PIT >> INFO : MINION : Failed to set JaCoCo session: org.jacoco.agent.rt.RT
21:16:55 PIT >> INFO : MINION : Failed to dump JaCoCo execution data: org.jacoco.agent.rt.RT
21:16:55 PIT >> INFO : MINION : Failed to set JaCoCo session: org.jacoco.agent.rt.RT
21:16:55 PIT >> INFO : MINION : Failed to dump JaCoCo execution data: org.jacoco.agent.rt.RT
21:16:55 PIT >> INFO : MINION : Failed to set JaCoCo session: org.jacoco.agent.rt.RT
21:16:55 PIT >> INFO : MINION : Failed to dump JaCoCo execution data: org.jacoco.agent.rt.RT
21:16:55 PIT >> INFO : MINION : Failed to set JaCoCo session: org.jacoco.agent.rt.RT
21:16:55 PIT >> INFO : MINION : Failed to dump JaCoCo execution data: org.jacoco.agent.rt.RT
21:16:55 PIT >> INFO : MINION : Failed to set JaCoCo session: org.jacoco.agent.rt.RT
21:16:55 PIT >> INFO : MINION : Failed to dump JaCoCo execution data: org.jacoco.agent.rt.RT
21:16:55 PIT >> INFO : MINION : Failed to set JaCoCo session: org.jacoco.agent.rt.RT
21:16:55 PIT >> INFO : MINION : Failed to dump JaCoCo execution data: org.jacoco.agent.rt.RT
21:16:55 PIT >> INFO : MINION : Failed to set JaCoCo session: org.jacoco.agent.rt.RT
21:16:55 PIT >> INFO : MINION : Failed to dump JaCoCo execution data: org.jacoco.agent.rt.RT
21:16:55 PIT >> INFO : MINION : Failed to set JaCoCo session: org.jacoco.agent.rt.RT
21:16:55 PIT >> INFO : MINION : Failed to dump JaCoCo execution data: org.jacoco.agent.rt.RT
21:16:55 PIT >> INFO : MINION : Failed to set JaCoCo session: org.jacoco.agent.rt.RT
21:16:55 PIT >> INFO : MINION : Failed to dump JaCoCo execution data: org.jacoco.agent.rt.RT
21:16:55 PIT >> INFO : MINION : Failed to set JaCoCo session: org.jacoco.agent.rt.RT
21:16:55 PIT >> INFO : MINION : Failed to dump JaCoCo execution data: org.jacoco.agent.rt.RT
21:16:55 PIT >> INFO : MINION : Failed to set JaCoCo session: org.jacoco.agent.rt.RT
21:16:55 PIT >> INFO : MINION : Failed to dump JaCoCo execution data: org.jacoco.agent.rt.RT
21:16:55 PIT >> INFO : MINION : Failed to set JaCoCo session: org.jacoco.agent.rt.RT
21:16:55 PIT >> INFO : MINION : Failed to dump JaCoCo execution data: org.jacoco.agent.rt.RT
21:16:55 PIT >> INFO : MINION : Failed to set JaCoCo session: org.jacoco.agent.rt.RT
21:16:55 PIT >> INFO : MINION : Failed to dump JaCoCo execution data: org.jacoco.agent.rt.RT
21:16:55 PIT >> INFO : MINION : Failed to set JaCoCo session: org.jacoco.agent.rt.RT
21:16:55 PIT >> INFO : MINION : Failed to dump JaCoCo execution data: org.jacoco.agent.rt.RT
21:16:55 PIT >> INFO : MINION : Failed to set JaCoCo session: org.jacoco.agent.rt.RT
21:16:55 PIT >> INFO : MINION : Failed to dump JaCoCo execution data: org.jacoco.agent.rt.RT
21:16:55 PIT >> INFO : MINION : Failed to set JaCoCo session: org.jacoco.agent.rt.RT
21:16:55 PIT >> INFO : MINION : Failed to dump JaCoCo execution data: org.jacoco.agent.rt.RT
21:16:55 PIT >> INFO : MINION : Failed to set JaCoCo session: org.jacoco.agent.rt.RT
21:16:55 PIT >> INFO : MINION : Failed to dump JaCoCo execution data: org.jacoco.agent.rt.RT
21:16:55 PIT >> INFO : MINION : Failed to set JaCoCo session: org.jacoco.agent.rt.RT
21:16:55 PIT >> INFO : MINION : Failed to dump JaCoCo execution data: org.jacoco.agent.rt.RT
21:16:55 PIT >> INFO : MINION : Failed to set JaCoCo session: org.jacoco.agent.rt.RT
21:16:55 PIT >> INFO : MINION : Failed to dump JaCoCo execution data: org.jacoco.agent.rt.RT
21:16:55 PIT >> INFO : MINION : Failed to set JaCoCo session: org.jacoco.agent.rt.RT
21:16:55 PIT >> INFO : MINION : Failed to dump JaCoCo execution data: org.jacoco.agent.rt.RT
21:16:55 PIT >> INFO : MINION : Failed to set JaCoCo session: org.jacoco.agent.rt.RT
21:16:55 PIT >> INFO : MINION : Failed to dump JaCoCo execution data: org.jacoco.agent.rt.RT
21:16:55 PIT >> INFO : MINION : Failed to set JaCoCo session: org.jacoco.agent.rt.RT
21:16:55 PIT >> INFO : MINION : Failed to dump JaCoCo execution data: org.jacoco.agent.rt.RT
21:16:55 PIT >> INFO : MINION : Failed to set JaCoCo session: org.jacoco.agent.rt.RT
21:16:55 PIT >> INFO : MINION : Failed to dump JaCoCo execution data: org.jacoco.agent.rt.RT
21:16:55 PIT >> INFO : MINION : Failed to set JaCoCo session: org.jacoco.agent.rt.RT
21:16:55 PIT >> INFO : MINION : Failed to dump JaCoCo execution data: org.jacoco.agent.rt.RT
21:16:55 PIT >> INFO : MINION : Failed to set JaCoCo session: org.jacoco.agent.rt.RT
21:16:55 PIT >> INFO : MINION : Failed to dump JaCoCo execution data: org.jacoco.agent.rt.RT
21:16:55 PIT >> INFO : MINION : Failed to set JaCoCo session: org.jacoco.agent.rt.RT
21:16:55 PIT >> INFO : MINION : Failed to dump JaCoCo execution data: org.jacoco.agent.rt.RT
21:16:55 PIT >> INFO : MINION : Failed to set JaCoCo session: org.jacoco.agent.rt.RT
21:16:55 PIT >> INFO : MINION : Failed to dump JaCoCo execution data: org.jacoco.agent.rt.RT
21:16:55 PIT >> INFO : MINION : Failed to set JaCoCo session: org.jacoco.agent.rt.RT
21:16:55 PIT >> INFO : MINION : Failed to dump JaCoCo execution data: org.jacoco.agent.rt.RT
21:16:55 PIT >> INFO : MINION : Failed to set JaCoCo session: org.jacoco.agent.rt.RT
21:16:55 PIT >> INFO : MINION : Failed to dump JaCoCo execution data: org.jacoco.agent.rt.RT
21:16:55 PIT >> INFO : MINION : Failed to set JaCoCo session: org.jacoco.agent.rt.RT
21:16:55 PIT >> INFO : MINION : Failed to dump JaCoCo execution data: org.jacoco.agent.rt.RT
21:16:55 PIT >> INFO : MINION : Failed to set JaCoCo session: org.jacoco.agent.rt.RT
21:16:55 PIT >> INFO : MINION : Failed to dump JaCoCo execution data: org.jacoco.agent.rt.RT
21:16:55 PIT >> INFO : MINION : Failed to set JaCoCo session: org.jacoco.agent.rt.RT
21:16:55 PIT >> INFO : MINION : Failed to dump JaCoCo execution data: org.jacoco.agent.rt.RT
21:16:55 PIT >> INFO : MINION : Failed to set JaCoCo session: org.jacoco.agent.rt.RT
21:16:55 PIT >> INFO : MINION : Failed to dump JaCoCo execution data: org.jacoco.agent.rt.RT
21:16:55 PIT >> INFO : MINION : Failed to set JaCoCo session: org.jacoco.agent.rt.RT
21:16:55 PIT >> INFO : MINION : Failed to dump JaCoCo execution data: org.jacoco.agent.rt.RT
21:16:55 PIT >> INFO : MINION : Failed to set JaCoCo session: org.jacoco.agent.rt.RT
21:16:55 PIT >> INFO : MINION : Failed to dump JaCoCo execution data: org.jacoco.agent.rt.RT
21:16:55 PIT >> INFO : MINION : Failed to set JaCoCo session: org.jacoco.agent.rt.RT
21:16:55 PIT >> INFO : MINION : Failed to dump JaCoCo execution data: org.jacoco.agent.rt.RT
21:16:55 PIT >> INFO : MINION : Failed to set JaCoCo session: org.jacoco.agent.rt.RT
21:16:55 PIT >> INFO : MINION : Failed to dump JaCoCo execution data: org.jacoco.agent.rt.RT
21:16:55 PIT >> INFO : MINION : Failed to set JaCoCo session: org.jacoco.agent.rt.RT
21:16:55 PIT >> INFO : MINION : Failed to dump JaCoCo execution data: org.jacoco.agent.rt.RT
21:16:55 PIT >> INFO : MINION : Failed to set JaCoCo session: org.jacoco.agent.rt.RT
21:16:55 PIT >> INFO : MINION : Failed to dump JaCoCo execution data: org.jacoco.agent.rt.RT
21:16:55 PIT >> INFO : MINION : Failed to set JaCoCo session: org.jacoco.agent.rt.RT
21:16:55 PIT >> INFO : MINION : Failed to dump JaCoCo execution data: org.jacoco.agent.rt.RT
21:16:55 PIT >> INFO : MINION : Failed to set JaCoCo session: org.jacoco.agent.rt.RT
21:16:55 PIT >> INFO : MINION : Failed to dump JaCoCo execution data: org.jacoco.agent.rt.RT
21:16:55 PIT >> INFO : MINION : Failed to set JaCoCo session: org.jacoco.agent.rt.RT
21:16:55 PIT >> INFO : MINION : Failed to dump JaCoCo execution data: org.jacoco.agent.rt.RT
21:16:55 PIT >> INFO : MINION : Failed to set JaCoCo session: org.jacoco.agent.rt.RT
21:16:55 PIT >> INFO : MINION : Failed to dump JaCoCo execution data: org.jacoco.agent.rt.RT
21:16:55 PIT >> INFO : MINION : Failed to set JaCoCo session: org.jacoco.agent.rt.RT
21:16:55 PIT >> INFO : MINION : Failed to dump JaCoCo execution data: org.jacoco.agent.rt.RT
21:16:55 PIT >> INFO : MINION : Failed to set JaCoCo session: org.jacoco.agent.rt.RT
21:16:55 PIT >> INFO : MINION : Failed to dump JaCoCo execution data: org.jacoco.agent.rt.RT
21:16:55 PIT >> INFO : MINION : Failed to set JaCoCo session: org.jacoco.agent.rt.RT
21:16:55 PIT >> INFO : MINION : Failed to dump JaCoCo execution data: org.jacoco.agent.rt.RT
21:16:55 PIT >> INFO : MINION : Failed to set JaCoCo session: org.jacoco.agent.rt.RT
21:16:55 PIT >> INFO : MINION : Failed to dump JaCoCo execution data: org.jacoco.agent.rt.RT
21:16:55 PIT >> INFO : MINION : Failed to set JaCoCo session: org.jacoco.agent.rt.RT
21:16:55 PIT >> INFO : MINION : Failed to dump JaCoCo execution data: org.jacoco.agent.rt.RT
21:16:55 PIT >> INFO : MINION : Failed to set JaCoCo session: org.jacoco.agent.rt.RT
21:16:55 PIT >> INFO : MINION : Failed to dump JaCoCo execution data: org.jacoco.agent.rt.RT
21:16:55 PIT >> INFO : MINION : Failed to set JaCoCo session: org.jacoco.agent.rt.RT
21:16:55 PIT >> INFO : MINION : Failed to dump JaCoCo execution data: org.jacoco.agent.rt.RT
21:16:55 PIT >> INFO : MINION : Failed to set JaCoCo session: org.jacoco.agent.rt.RT
21:16:55 PIT >> INFO : MINION : Failed to dump JaCoCo execution data: org.jacoco.agent.rt.RT
21:16:55 PIT >> INFO : MINION : Failed to set JaCoCo session: org.jacoco.agent.rt.RT
21:16:55 PIT >> INFO : MINION : Failed to dump JaCoCo execution data: org.jacoco.agent.rt.RT
21:16:55 PIT >> INFO : MINION : Failed to set JaCoCo session: org.jacoco.agent.rt.RT
21:16:55 PIT >> INFO : MINION : Failed to dump JaCoCo execution data: org.jacoco.agent.rt.RT
21:16:55 PIT >> INFO : MINION : Failed to set JaCoCo session: org.jacoco.agent.rt.RT
21:16:55 PIT >> INFO : MINION : Failed to dump JaCoCo execution data: org.jacoco.agent.rt.RT
21:16:55 PIT >> INFO : MINION : Failed to set JaCoCo session: org.jacoco.agent.rt.RT
21:16:55 PIT >> INFO : MINION : Failed to dump JaCoCo execution data: org.jacoco.agent.rt.RT
21:16:55 PIT >> INFO : MINION : Failed to set JaCoCo session: org.jacoco.agent.rt.RT
21:16:55 PIT >> INFO : MINION : Failed to dump JaCoCo execution data: org.jacoco.agent.rt.RT
21:16:55 PIT >> INFO : MINION : Failed to set JaCoCo session: org.jacoco.agent.rt.RT
21:16:55 PIT >> INFO : MINION : Failed to dump JaCoCo execution data: org.jacoco.agent.rt.RT
21:16:55 PIT >> INFO : MINION : Failed to set JaCoCo session: org.jacoco.agent.rt.RT
21:16:55 PIT >> INFO : MINION : Failed to dump JaCoCo execution data: org.jacoco.agent.rt.RT
21:16:55 PIT >> INFO : MINION : Failed to set JaCoCo session: org.jacoco.agent.rt.RT
21:16:55 PIT >> INFO : MINION : Failed to dump JaCoCo execution data: org.jacoco.agent.rt.RT
21:16:55 PIT >> INFO : MINION : Failed to set JaCoCo session: org.jacoco.agent.rt.RT
21:16:55 PIT >> INFO : MINION : Failed to dump JaCoCo execution data: org.jacoco.agent.rt.RT
21:16:55 PIT >> INFO : MINION : Failed to set JaCoCo session: org.jacoco.agent.rt.RT
21:16:55 PIT >> INFO : MINION : Failed to dump JaCoCo execution data: org.jacoco.agent.rt.RT
21:16:55 PIT >> INFO : MINION : Failed to set JaCoCo session: org.jacoco.agent.rt.RT
21:16:55 PIT >> INFO : MINION : Failed to dump JaCoCo execution data: org.jacoco.agent.rt.RT
21:16:55 PIT >> INFO : MINION : Failed to set JaCoCo session: org.jacoco.agent.rt.RT
21:16:55 PIT >> INFO : MINION : Failed to dump JaCoCo execution data: org.jacoco.agent.rt.RT
21:16:56 PIT >> INFO : MINION : Failed to set JaCoCo session: org.jacoco.agent.rt.RT
21:16:56 PIT >> INFO : MINION : Failed to dump JaCoCo execution data: org.jacoco.agent.rt.RT
21:16:56 PIT >> INFO : MINION : Failed to set JaCoCo session: org.jacoco.agent.rt.RT
21:16:56 PIT >> INFO : MINION : Failed to dump JaCoCo execution data: org.jacoco.agent.rt.RT
21:16:56 PIT >> INFO : MINION : Failed to set JaCoCo session: org.jacoco.agent.rt.RT
21:16:56 PIT >> INFO : MINION : Failed to dump JaCoCo execution data: org.jacoco.agent.rt.RT
21:16:56 PIT >> INFO : MINION : Failed to set JaCoCo session: org.jacoco.agent.rt.RT
21:16:56 PIT >> INFO : MINION : Failed to dump JaCoCo execution data: org.jacoco.agent.rt.RT
21:16:56 PIT >> INFO : MINION : Failed to set JaCoCo session: org.jacoco.agent.rt.RT
21:16:56 PIT >> INFO : MINION : Failed to dump JaCoCo execution data: org.jacoco.agent.rt.RT
21:16:56 PIT >> INFO : MINION : Failed to set JaCoCo session: org.jacoco.agent.rt.RT
21:16:56 PIT >> INFO : MINION : Failed to dump JaCoCo execution data: org.jacoco.agent.rt.RT
21:16:56 PIT >> INFO : MINION : Failed to set JaCoCo session: org.jacoco.agent.rt.RT
21:16:56 PIT >> INFO : MINION : Failed to dump JaCoCo execution data: org.jacoco.agent.rt.RT
21:16:56 PIT >> INFO : MINION : Failed to set JaCoCo session: org.jacoco.agent.rt.RT
21:16:56 PIT >> INFO : MINION : Failed to dump JaCoCo execution data: org.jacoco.agent.rt.RT
21:16:56 PIT >> INFO : MINION : Failed to set JaCoCo session: org.jacoco.agent.rt.RT
21:16:56 PIT >> INFO : MINION : Failed to dump JaCoCo execution data: org.jacoco.agent.rt.RT
21:16:56 PIT >> INFO : MINION : Failed to set JaCoCo session: org.jacoco.agent.rt.RT
21:16:56 PIT >> INFO : MINION : Failed to dump JaCoCo execution data: org.jacoco.agent.rt.RT
21:16:56 PIT >> INFO : MINION : Failed to set JaCoCo session: org.jacoco.agent.rt.RT
21:16:56 PIT >> INFO : MINION : Failed to dump JaCoCo execution data: org.jacoco.agent.rt.RT
21:16:56 PIT >> INFO : MINION : Failed to set JaCoCo session: org.jacoco.agent.rt.RT
21:16:56 PIT >> INFO : MINION : Failed to dump JaCoCo execution data: org.jacoco.agent.rt.RT
21:16:56 PIT >> INFO : MINION : Failed to set JaCoCo session: org.jacoco.agent.rt.RT
21:16:56 PIT >> INFO : MINION : Failed to dump JaCoCo execution data: org.jacoco.agent.rt.RT
21:16:56 PIT >> INFO : MINION : Failed to set JaCoCo session: org.jacoco.agent.rt.RT
21:16:56 PIT >> INFO : MINION : Failed to dump JaCoCo execution data: org.jacoco.agent.rt.RT
21:16:56 PIT >> INFO : MINION : Failed to set JaCoCo session: org.jacoco.agent.rt.RT
21:16:56 PIT >> INFO : MINION : Failed to dump JaCoCo execution data: org.jacoco.agent.rt.RT
21:16:56 PIT >> INFO : MINION : Failed to set JaCoCo session: org.jacoco.agent.rt.RT
21:16:56 PIT >> INFO : MINION : Failed to dump JaCoCo execution data: org.jacoco.agent.rt.RT
21:16:56 PIT >> INFO : MINION : Failed to set JaCoCo session: org.jacoco.agent.rt.RT
21:16:56 PIT >> INFO : MINION : Failed to dump JaCoCo execution data: org.jacoco.agent.rt.RT
21:16:56 PIT >> INFO : MINION : Failed to set JaCoCo session: org.jacoco.agent.rt.RT
21:16:56 PIT >> INFO : MINION : Failed to dump JaCoCo execution data: org.jacoco.agent.rt.RT
21:16:56 PIT >> INFO : MINION : Failed to set JaCoCo session: org.jacoco.agent.rt.RT
21:16:56 PIT >> INFO : MINION : Failed to dump JaCoCo execution data: org.jacoco.agent.rt.RT
21:16:56 PIT >> INFO : MINION : Failed to set JaCoCo session: org.jacoco.agent.rt.RT
21:16:56 PIT >> INFO : MINION : Failed to dump JaCoCo execution data: org.jacoco.agent.rt.RT
21:16:56 PIT >> INFO : MINION : Failed to set JaCoCo session: org.jacoco.agent.rt.RT
21:16:56 PIT >> INFO : MINION : Failed to dump JaCoCo execution data: org.jacoco.agent.rt.RT
21:16:56 PIT >> INFO : MINION : Failed to set JaCoCo session: org.jacoco.agent.rt.RT
21:16:56 PIT >> INFO : MINION : Failed to dump JaCoCo execution data: org.jacoco.agent.rt.RT
21:16:56 PIT >> INFO : MINION : Failed to set JaCoCo session: org.jacoco.agent.rt.RT
21:16:56 PIT >> INFO : MINION : Failed to dump JaCoCo execution data: org.jacoco.agent.rt.RT
21:16:56 PIT >> INFO : MINION : Failed to set JaCoCo session: org.jacoco.agent.rt.RT
21:16:56 PIT >> INFO : MINION : Failed to dump JaCoCo execution data: org.jacoco.agent.rt.RT
21:16:56 PIT >> INFO : MINION : Failed to set JaCoCo session: org.jacoco.agent.rt.RT
21:16:56 PIT >> INFO : MINION : Failed to dump JaCoCo execution data: org.jacoco.agent.rt.RT
21:16:56 PIT >> INFO : MINION : Failed to set JaCoCo session: org.jacoco.agent.rt.RT
21:16:56 PIT >> INFO : MINION : Failed to dump JaCoCo execution data: org.jacoco.agent.rt.RT
21:16:56 PIT >> INFO : MINION : Failed to set JaCoCo session: org.jacoco.agent.rt.RT
21:16:56 PIT >> INFO : MINION : Failed to dump JaCoCo execution data: org.jacoco.agent.rt.RT
21:16:56 PIT >> INFO : MINION : Failed to set JaCoCo session: org.jacoco.agent.rt.RT
21:16:56 PIT >> INFO : MINION : Failed to dump JaCoCo execution data: org.jacoco.agent.rt.RT
21:16:56 PIT >> INFO : MINION : Failed to set JaCoCo session: org.jacoco.agent.rt.RT
21:16:56 PIT >> INFO : MINION : Failed to dump JaCoCo execution data: org.jacoco.agent.rt.RT
21:16:56 PIT >> INFO : MINION : Failed to set JaCoCo session: org.jacoco.agent.rt.RT
21:16:56 PIT >> INFO : MINION : Failed to dump JaCoCo execution data: org.jacoco.agent.rt.RT
21:16:56 PIT >> INFO : MINION : Failed to set JaCoCo session: org.jacoco.agent.rt.RT
21:16:56 PIT >> INFO : MINION : Failed to dump JaCoCo execution data: org.jacoco.agent.rt.RT
21:16:56 PIT >> INFO : MINION : Failed to set JaCoCo session: org.jacoco.agent.rt.RT
21:16:56 PIT >> INFO : MINION : Failed to dump JaCoCo execution data: org.jacoco.agent.rt.RT
21:16:56 PIT >> INFO : MINION : Failed to set JaCoCo session: org.jacoco.agent.rt.RT
21:16:56 PIT >> INFO : MINION : Failed to dump JaCoCo execution data: org.jacoco.agent.rt.RT
21:16:56 PIT >> INFO : MINION : Failed to set JaCoCo session: org.jacoco.agent.rt.RT
21:16:56 PIT >> INFO : MINION : Failed to dump JaCoCo execution data: org.jacoco.agent.rt.RT
21:16:56 PIT >> INFO : MINION : Failed to set JaCoCo session: org.jacoco.agent.rt.RT
21:16:56 PIT >> INFO : MINION : Failed to dump JaCoCo execution data: org.jacoco.agent.rt.RT
21:16:56 PIT >> INFO : MINION : Failed to set JaCoCo session: org.jacoco.agent.rt.RT
21:16:56 PIT >> INFO : MINION : Failed to dump JaCoCo execution data: org.jacoco.agent.rt.RT
21:16:56 PIT >> INFO : MINION : Failed to set JaCoCo session: org.jacoco.agent.rt.RT
21:16:56 PIT >> INFO : MINION : Failed to dump JaCoCo execution data: org.jacoco.agent.rt.RT
21:16:56 PIT >> INFO : MINION : Failed to set JaCoCo session: org.jacoco.agent.rt.RT
21:16:56 PIT >> INFO : MINION : Failed to dump JaCoCo execution data: org.jacoco.agent.rt.RT
21:16:56 PIT >> INFO : MINION : Failed to set JaCoCo session: org.jacoco.agent.rt.RT
21:16:56 PIT >> INFO : MINION : Failed to dump JaCoCo execution data: org.jacoco.agent.rt.RT
21:16:56 PIT >> INFO : MINION : Failed to set JaCoCo session: org.jacoco.agent.rt.RT
21:16:56 PIT >> INFO : MINION : Failed to dump JaCoCo execution data: org.jacoco.agent.rt.RT
21:16:56 PIT >> INFO : MINION : Failed to set JaCoCo session: org.jacoco.agent.rt.RT
21:16:56 PIT >> INFO : MINION : Failed to dump JaCoCo execution data: org.jacoco.agent.rt.RT
21:16:56 PIT >> INFO : MINION : Failed to set JaCoCo session: org.jacoco.agent.rt.RT
21:16:56 PIT >> INFO : MINION : Failed to dump JaCoCo execution data: org.jacoco.agent.rt.RT
21:16:56 PIT >> INFO : MINION : Failed to set JaCoCo session: org.jacoco.agent.rt.RT
21:16:56 PIT >> INFO : MINION : Failed to dump JaCoCo execution data: org.jacoco.agent.rt.RT
21:16:56 PIT >> INFO : MINION : Failed to set JaCoCo session: org.jacoco.agent.rt.RT
21:16:56 PIT >> INFO : MINION : Failed to dump JaCoCo execution data: org.jacoco.agent.rt.RT
21:16:56 PIT >> INFO : MINION : Failed to set JaCoCo session: org.jacoco.agent.rt.RT
21:16:56 PIT >> INFO : MINION : Failed to dump JaCoCo execution data: org.jacoco.agent.rt.RT
21:16:56 PIT >> INFO : MINION : Failed to set JaCoCo session: org.jacoco.agent.rt.RT
21:16:56 PIT >> INFO : MINION : Failed to dump JaCoCo execution data: org.jacoco.agent.rt.RT
21:16:56 PIT >> INFO : MINION : Failed to set JaCoCo session: org.jacoco.agent.rt.RT
21:16:56 PIT >> INFO : MINION : Failed to dump JaCoCo execution data: org.jacoco.agent.rt.RT
21:16:56 PIT >> INFO : MINION : Failed to set JaCoCo session: org.jacoco.agent.rt.RT
21:16:56 PIT >> INFO : MINION : Failed to dump JaCoCo execution data: org.jacoco.agent.rt.RT
21:16:56 PIT >> INFO : MINION : Failed to set JaCoCo session: org.jacoco.agent.rt.RT
21:16:56 PIT >> INFO : MINION : Failed to dump JaCoCo execution data: org.jacoco.agent.rt.RT
21:16:56 PIT >> INFO : MINION : Failed to set JaCoCo session: org.jacoco.agent.rt.RT
21:16:56 PIT >> INFO : MINION : Failed to dump JaCoCo execution data: org.jacoco.agent.rt.RT
21:16:56 PIT >> INFO : MINION : Failed to set JaCoCo session: org.jacoco.agent.rt.RT
21:16:56 PIT >> INFO : MINION : Failed to dump JaCoCo execution data: org.jacoco.agent.rt.RT
21:16:56 PIT >> INFO : MINION : Failed to set JaCoCo session: org.jacoco.agent.rt.RT
21:16:56 PIT >> INFO : MINION : Failed to dump JaCoCo execution data: org.jacoco.agent.rt.RT
21:16:56 PIT >> INFO : MINION : Failed to set JaCoCo session: org.jacoco.agent.rt.RT
21:16:56 PIT >> INFO : MINION : Failed to dump JaCoCo execution data: org.jacoco.agent.rt.RT
21:16:56 PIT >> INFO : MINION : Failed to set JaCoCo session: org.jacoco.agent.rt.RT
21:16:56 PIT >> INFO : MINION : Failed to dump JaCoCo execution data: org.jacoco.agent.rt.RT
21:16:56 PIT >> INFO : MINION : Failed to set JaCoCo session: org.jacoco.agent.rt.RT
21:16:56 PIT >> INFO : MINION : Failed to dump JaCoCo execution data: org.jacoco.agent.rt.RT
21:16:56 PIT >> INFO : MINION : Failed to set JaCoCo session: org.jacoco.agent.rt.RT
21:16:56 PIT >> INFO : MINION : Failed to dump JaCoCo execution data: org.jacoco.agent.rt.RT
21:16:56 PIT >> INFO : MINION : Failed to set JaCoCo session: org.jacoco.agent.rt.RT
21:16:56 PIT >> INFO : MINION : Failed to dump JaCoCo execution data: org.jacoco.agent.rt.RT
21:16:56 PIT >> INFO : MINION : Failed to set JaCoCo session: org.jacoco.agent.rt.RT
21:16:56 PIT >> INFO : MINION : Failed to dump JaCoCo execution data: org.jacoco.agent.rt.RT
21:16:56 PIT >> INFO : MINION : Failed to set JaCoCo session: org.jacoco.agent.rt.RT
21:16:56 PIT >> INFO : MINION : Failed to dump JaCoCo execution data: org.jacoco.agent.rt.RT
21:16:56 PIT >> INFO : MINION : Failed to set JaCoCo session: org.jacoco.agent.rt.RT
21:16:56 PIT >> INFO : MINION : Failed to dump JaCoCo execution data: org.jacoco.agent.rt.RT
21:16:56 PIT >> INFO : MINION : Failed to set JaCoCo session: org.jacoco.agent.rt.RT
21:16:56 PIT >> INFO : MINION : Failed to dump JaCoCo execution data: org.jacoco.agent.rt.RT
21:16:56 PIT >> INFO : MINION : Failed to set JaCoCo session: org.jacoco.agent.rt.RT
21:16:56 PIT >> INFO : MINION : Failed to dump JaCoCo execution data: org.jacoco.agent.rt.RT
21:16:56 PIT >> INFO : MINION : Failed to set JaCoCo session: org.jacoco.agent.rt.RT
21:16:56 PIT >> INFO : MINION : Failed to dump JaCoCo execution data: org.jacoco.agent.rt.RT
21:16:56 PIT >> INFO : MINION : Failed to set JaCoCo session: org.jacoco.agent.rt.RT
21:16:56 PIT >> INFO : MINION : Failed to dump JaCoCo execution data: org.jacoco.agent.rt.RT
21:16:56 PIT >> INFO : MINION : Failed to set JaCoCo session: org.jacoco.agent.rt.RT
21:16:56 PIT >> INFO : MINION : Failed to dump JaCoCo execution data: org.jacoco.agent.rt.RT
21:16:56 PIT >> INFO : MINION : Failed to set JaCoCo session: org.jacoco.agent.rt.RT
21:16:56 PIT >> INFO : MINION : Failed to dump JaCoCo execution data: org.jacoco.agent.rt.RT
21:16:56 PIT >> INFO : MINION : Failed to set JaCoCo session: org.jacoco.agent.rt.RT
21:16:56 PIT >> INFO : MINION : Failed to dump JaCoCo execution data: org.jacoco.agent.rt.RT
21:16:56 PIT >> INFO : MINION : Failed to set JaCoCo session: org.jacoco.agent.rt.RT
21:16:56 PIT >> INFO : MINION : Failed to dump JaCoCo execution data: org.jacoco.agent.rt.RT
21:16:56 PIT >> INFO : MINION : Failed to set JaCoCo session: org.jacoco.agent.rt.RT
21:16:56 PIT >> INFO : MINION : Failed to dump JaCoCo execution data: org.jacoco.agent.rt.RT
21:16:56 PIT >> INFO : MINION : Failed to set JaCoCo session: org.jacoco.agent.rt.RT
21:16:56 PIT >> INFO : MINION : Failed to dump JaCoCo execution data: org.jacoco.agent.rt.RT
21:16:56 PIT >> INFO : MINION : Failed to set JaCoCo session: org.jacoco.agent.rt.RT
21:16:56 PIT >> INFO : MINION : Failed to dump JaCoCo execution data: org.jacoco.agent.rt.RT
21:16:56 PIT >> INFO : MINION : Failed to set JaCoCo session: org.jacoco.agent.rt.RT
21:16:56 PIT >> INFO : MINION : Failed to dump JaCoCo execution data: org.jacoco.agent.rt.RT
21:16:56 PIT >> INFO : MINION : Failed to set JaCoCo session: org.jacoco.agent.rt.RT
21:16:56 PIT >> INFO : MINION : Failed to dump JaCoCo execution data: org.jacoco.agent.rt.RT
21:16:56 PIT >> INFO : MINION : Failed to set JaCoCo session: org.jacoco.agent.rt.RT
21:16:56 PIT >> INFO : MINION : Failed to dump JaCoCo execution data: org.jacoco.agent.rt.RT
21:16:56 PIT >> INFO : MINION : Failed to set JaCoCo session: org.jacoco.agent.rt.RT
21:16:56 PIT >> INFO : MINION : Failed to dump JaCoCo execution data: org.jacoco.agent.rt.RT
21:16:56 PIT >> INFO : MINION : Failed to set JaCoCo session: org.jacoco.agent.rt.RT
21:16:56 PIT >> INFO : MINION : Failed to dump JaCoCo execution data: org.jacoco.agent.rt.RT
21:16:56 PIT >> INFO : MINION : Failed to set JaCoCo session: org.jacoco.agent.rt.RT
21:16:56 PIT >> INFO : MINION : Failed to dump JaCoCo execution data: org.jacoco.agent.rt.RT
21:16:56 PIT >> INFO : MINION : Failed to set JaCoCo session: org.jacoco.agent.rt.RT
21:16:56 PIT >> INFO : MINION : Failed to dump JaCoCo execution data: org.jacoco.agent.rt.RT
21:16:56 PIT >> INFO : MINION : Failed to set JaCoCo session: org.jacoco.agent.rt.RT
21:16:56 PIT >> INFO : MINION : Failed to dump JaCoCo execution data: org.jacoco.agent.rt.RT
21:16:56 PIT >> INFO : MINION : Failed to set JaCoCo session: org.jacoco.agent.rt.RT
21:16:56 PIT >> INFO : MINION : Failed to dump JaCoCo execution data: org.jacoco.agent.rt.RT
21:16:56 PIT >> INFO : MINION : Failed to set JaCoCo session: org.jacoco.agent.rt.RT
21:16:56 PIT >> INFO : MINION : Failed to dump JaCoCo execution data: org.jacoco.agent.rt.RT
21:16:56 PIT >> INFO : MINION : Failed to set JaCoCo session: org.jacoco.agent.rt.RT
21:16:56 PIT >> INFO : MINION : Failed to dump JaCoCo execution data: org.jacoco.agent.rt.RT
21:16:56 PIT >> INFO : MINION : Failed to set JaCoCo session: org.jacoco.agent.rt.RT
21:16:56 PIT >> INFO : MINION : Failed to dump JaCoCo execution data: org.jacoco.agent.rt.RT
21:16:56 PIT >> INFO : MINION : Failed to set JaCoCo session: org.jacoco.agent.rt.RT
21:16:56 PIT >> INFO : MINION : Failed to dump JaCoCo execution data: org.jacoco.agent.rt.RT
21:16:56 PIT >> INFO : MINION : Failed to set JaCoCo session: org.jacoco.agent.rt.RT
21:16:56 PIT >> INFO : MINION : Failed to dump JaCoCo execution data: org.jacoco.agent.rt.RT
21:16:56 PIT >> INFO : MINION : Failed to set JaCoCo session: org.jacoco.agent.rt.RT
21:16:56 PIT >> INFO : MINION : Failed to dump JaCoCo execution data: org.jacoco.agent.rt.RT
21:16:56 PIT >> INFO : MINION : Failed to set JaCoCo session: org.jacoco.agent.rt.RT
21:16:56 PIT >> INFO : MINION : Failed to dump JaCoCo execution data: org.jacoco.agent.rt.RT
21:16:56 PIT >> INFO : MINION : Failed to set JaCoCo session: org.jacoco.agent.rt.RT
21:16:56 PIT >> INFO : MINION : Failed to dump JaCoCo execution data: org.jacoco.agent.rt.RT
21:16:56 PIT >> INFO : MINION : Failed to set JaCoCo session: org.jacoco.agent.rt.RT
21:16:56 PIT >> INFO : MINION : Failed to dump JaCoCo execution data: org.jacoco.agent.rt.RT
21:16:56 PIT >> INFO : MINION : Failed to set JaCoCo session: org.jacoco.agent.rt.RT
21:16:56 PIT >> INFO : MINION : Failed to dump JaCoCo execution data: org.jacoco.agent.rt.RT
21:16:56 PIT >> INFO : MINION : Failed to set JaCoCo session: org.jacoco.agent.rt.RT
21:16:56 PIT >> INFO : MINION : Failed to dump JaCoCo execution data: org.jacoco.agent.rt.RT
21:16:56 PIT >> INFO : MINION : Failed to set JaCoCo session: org.jacoco.agent.rt.RT
21:16:56 PIT >> INFO : MINION : Failed to dump JaCoCo execution data: org.jacoco.agent.rt.RT
21:16:56 PIT >> INFO : MINION : Failed to set JaCoCo session: org.jacoco.agent.rt.RT
21:16:56 PIT >> INFO : MINION : Failed to dump JaCoCo execution data: org.jacoco.agent.rt.RT
21:16:56 PIT >> INFO : MINION : Failed to set JaCoCo session: org.jacoco.agent.rt.RT
21:16:56 PIT >> INFO : MINION : Failed to dump JaCoCo execution data: org.jacoco.agent.rt.RT
21:16:56 PIT >> INFO : MINION : Failed to set JaCoCo session: org.jacoco.agent.rt.RT
21:16:56 PIT >> INFO : MINION : Failed to dump JaCoCo execution data: org.jacoco.agent.rt.RT
21:16:56 PIT >> INFO : MINION : Failed to set JaCoCo session: org.jacoco.agent.rt.RT
21:16:56 PIT >> INFO : MINION : Failed to dump JaCoCo execution data: org.jacoco.agent.rt.RT
21:16:56 PIT >> INFO : MINION : Failed to set JaCoCo session: org.jacoco.agent.rt.RT
21:16:56 PIT >> INFO : MINION : Failed to dump JaCoCo execution data: org.jacoco.agent.rt.RT
21:16:56 PIT >> INFO : MINION : Failed to set JaCoCo session: org.jacoco.agent.rt.RT
21:16:56 PIT >> INFO : MINION : Failed to dump JaCoCo execution data: org.jacoco.agent.rt.RT
21:16:56 PIT >> INFO : MINION : Failed to set JaCoCo session: org.jacoco.agent.rt.RT
21:16:56 PIT >> INFO : MINION : Failed to dump JaCoCo execution data: org.jacoco.agent.rt.RT
21:16:56 PIT >> INFO : MINION : Failed to set JaCoCo session: org.jacoco.agent.rt.RT
21:16:56 PIT >> INFO : MINION : Failed to dump JaCoCo execution data: org.jacoco.agent.rt.RT
21:16:56 PIT >> INFO : MINION : Failed to set JaCoCo session: org.jacoco.agent.rt.RT
21:16:56 PIT >> INFO : MINION : Failed to dump JaCoCo execution data: org.jacoco.agent.rt.RT
21:16:56 PIT >> INFO : MINION : Failed to set JaCoCo session: org.jacoco.agent.rt.RT
21:16:56 PIT >> INFO : MINION : Failed to dump JaCoCo execution data: org.jacoco.agent.rt.RT
21:16:56 PIT >> INFO : MINION : Failed to set JaCoCo session: org.jacoco.agent.rt.RT
21:16:56 PIT >> INFO : MINION : Failed to dump JaCoCo execution data: org.jacoco.agent.rt.RT
21:16:56 PIT >> INFO : MINION : Failed to set JaCoCo session: org.jacoco.agent.rt.RT
21:16:56 PIT >> INFO : MINION : Failed to dump JaCoCo execution data: org.jacoco.agent.rt.RT
21:16:56 PIT >> INFO : MINION : Failed to set JaCoCo session: org.jacoco.agent.rt.RT
21:16:56 PIT >> INFO : MINION : Failed to dump JaCoCo execution data: org.jacoco.agent.rt.RT
21:16:56 PIT >> INFO : MINION : Failed to set JaCoCo session: org.jacoco.agent.rt.RT
21:16:56 PIT >> INFO : MINION : Failed to dump JaCoCo execution data: org.jacoco.agent.rt.RT
21:16:56 PIT >> INFO : MINION : Failed to set JaCoCo session: org.jacoco.agent.rt.RT
21:16:56 PIT >> INFO : MINION : Failed to dump JaCoCo execution data: org.jacoco.agent.rt.RT
21:16:56 PIT >> INFO : MINION : Failed to set JaCoCo session: org.jacoco.agent.rt.RT
21:16:56 PIT >> INFO : MINION : Failed to dump JaCoCo execution data: org.jacoco.agent.rt.RT
21:16:56 PIT >> INFO : MINION : Failed to set JaCoCo session: org.jacoco.agent.rt.RT
21:16:56 PIT >> INFO : MINION : Failed to dump JaCoCo execution data: org.jacoco.agent.rt.RT
21:16:56 PIT >> INFO : MINION : Failed to set JaCoCo session: org.jacoco.agent.rt.RT
21:16:56 PIT >> INFO : MINION : Failed to dump JaCoCo execution data: org.jacoco.agent.rt.RT
21:16:56 PIT >> INFO : MINION : Failed to set JaCoCo session: org.jacoco.agent.rt.RT
21:16:56 PIT >> INFO : MINION : Failed to dump JaCoCo execution data: org.jacoco.agent.rt.RT
21:16:56 PIT >> INFO : MINION : Failed to set JaCoCo session: org.jacoco.agent.rt.RT
21:16:56 PIT >> INFO : MINION : Failed to dump JaCoCo execution data: org.jacoco.agent.rt.RT
21:16:56 PIT >> INFO : MINION : Failed to set JaCoCo session: org.jacoco.agent.rt.RT
21:16:56 PIT >> INFO : MINION : Failed to dump JaCoCo execution data: org.jacoco.agent.rt.RT
21:16:56 PIT >> INFO : MINION : Failed to set JaCoCo session: org.jacoco.agent.rt.RT
21:16:56 PIT >> INFO : MINION : Failed to dump JaCoCo execution data: org.jacoco.agent.rt.RT
21:16:56 PIT >> INFO : MINION : Failed to set JaCoCo session: org.jacoco.agent.rt.RT
21:16:56 PIT >> INFO : MINION : Failed to dump JaCoCo execution data: org.jacoco.agent.rt.RT
21:16:56 PIT >> INFO : MINION : Failed to set JaCoCo session: org.jacoco.agent.rt.RT
21:16:56 PIT >> INFO : MINION : Failed to dump JaCoCo execution data: org.jacoco.agent.rt.RT
21:16:56 PIT >> INFO : MINION : Failed to set JaCoCo session: org.jacoco.agent.rt.RT
21:16:56 PIT >> INFO : MINION : Failed to dump JaCoCo execution data: org.jacoco.agent.rt.RT
21:16:56 PIT >> INFO : MINION : Failed to set JaCoCo session: org.jacoco.agent.rt.RT
21:16:56 PIT >> INFO : MINION : Failed to dump JaCoCo execution data: org.jacoco.agent.rt.RT
21:16:56 PIT >> INFO : MINION : Failed to set JaCoCo session: org.jacoco.agent.rt.RT
21:16:56 PIT >> INFO : MINION : Failed to dump JaCoCo execution data: org.jacoco.agent.rt.RT
21:16:56 PIT >> INFO : MINION : Failed to set JaCoCo session: org.jacoco.agent.rt.RT
21:16:56 PIT >> INFO : MINION : Failed to dump JaCoCo execution data: org.jacoco.agent.rt.RT
21:16:56 PIT >> INFO : MINION : Failed to set JaCoCo session: org.jacoco.agent.rt.RT
21:16:56 PIT >> INFO : MINION : Failed to dump JaCoCo execution data: org.jacoco.agent.rt.RT
21:16:56 PIT >> INFO : MINION : Failed to set JaCoCo session: org.jacoco.agent.rt.RT
21:16:56 PIT >> INFO : MINION : Failed to dump JaCoCo execution data: org.jacoco.agent.rt.RT
21:16:56 PIT >> INFO : MINION : Failed to set JaCoCo session: org.jacoco.agent.rt.RT
21:16:56 PIT >> INFO : MINION : Failed to dump JaCoCo execution data: org.jacoco.agent.rt.RT
21:16:56 PIT >> INFO : MINION : Failed to set JaCoCo session: org.jacoco.agent.rt.RT
21:16:56 PIT >> INFO : MINION : Failed to dump JaCoCo execution data: org.jacoco.agent.rt.RT
21:16:56 PIT >> INFO : MINION : Failed to set JaCoCo session: org.jacoco.agent.rt.RT
21:16:56 PIT >> INFO : MINION : Failed to dump JaCoCo execution data: org.jacoco.agent.rt.RT
21:16:56 PIT >> INFO : MINION : Failed to set JaCoCo session: org.jacoco.agent.rt.RT
21:16:56 PIT >> INFO : MINION : Failed to dump JaCoCo execution data: org.jacoco.agent.rt.RT
21:16:56 PIT >> INFO : MINION : Failed to set JaCoCo session: org.jacoco.agent.rt.RT
21:16:56 PIT >> INFO : MINION : Failed to dump JaCoCo execution data: org.jacoco.agent.rt.RT
21:16:56 PIT >> INFO : MINION : Failed to set JaCoCo session: org.jacoco.agent.rt.RT
21:16:56 PIT >> INFO : MINION : Failed to dump JaCoCo execution data: org.jacoco.agent.rt.RT
21:16:56 PIT >> INFO : MINION : Failed to set JaCoCo session: org.jacoco.agent.rt.RT
21:16:56 PIT >> INFO : MINION : Failed to dump JaCoCo execution data: org.jacoco.agent.rt.RT
21:16:56 PIT >> INFO : MINION : Failed to set JaCoCo session: org.jacoco.agent.rt.RT
21:16:56 PIT >> INFO : MINION : Failed to dump JaCoCo execution data: org.jacoco.agent.rt.RT
21:16:56 PIT >> INFO : MINION : Failed to set JaCoCo session: org.jacoco.agent.rt.RT
21:16:56 PIT >> INFO : MINION : Failed to dump JaCoCo execution data: org.jacoco.agent.rt.RT
21:16:56 PIT >> INFO : MINION : Failed to set JaCoCo session: org.jacoco.agent.rt.RT
21:16:56 PIT >> INFO : MINION : Failed to dump JaCoCo execution data: org.jacoco.agent.rt.RT
21:16:56 PIT >> INFO : MINION : Failed to set JaCoCo session: org.jacoco.agent.rt.RT
21:16:56 PIT >> INFO : MINION : Failed to dump JaCoCo execution data: org.jacoco.agent.rt.RT
21:16:56 PIT >> INFO : MINION : Failed to set JaCoCo session: org.jacoco.agent.rt.RT
21:16:56 PIT >> INFO : MINION : Failed to dump JaCoCo execution data: org.jacoco.agent.rt.RT
21:16:57 PIT >> INFO : MINION : Failed to set JaCoCo session: org.jacoco.agent.rt.RT
21:16:57 PIT >> INFO : MINION : Failed to dump JaCoCo execution data: org.jacoco.agent.rt.RT
21:16:57 PIT >> INFO : MINION : Failed to set JaCoCo session: org.jacoco.agent.rt.RT
21:16:57 PIT >> INFO : MINION : Failed to dump JaCoCo execution data: org.jacoco.agent.rt.RT
21:16:57 PIT >> INFO : MINION : Failed to set JaCoCo session: org.jacoco.agent.rt.RT
21:16:57 PIT >> INFO : MINION : Failed to dump JaCoCo execution data: org.jacoco.agent.rt.RT
21:16:57 PIT >> INFO : MINION : Failed to set JaCoCo session: org.jacoco.agent.rt.RT
21:16:57 PIT >> INFO : MINION : Failed to dump JaCoCo execution data: org.jacoco.agent.rt.RT
21:16:57 PIT >> INFO : MINION : Failed to set JaCoCo session: org.jacoco.agent.rt.RT
21:16:57 PIT >> INFO : MINION : Failed to dump JaCoCo execution data: org.jacoco.agent.rt.RT
21:16:57 PIT >> INFO : MINION : Failed to set JaCoCo session: org.jacoco.agent.rt.RT
21:16:57 PIT >> INFO : MINION : Failed to dump JaCoCo execution data: org.jacoco.agent.rt.RT
21:16:57 PIT >> INFO : MINION : Failed to set JaCoCo session: org.jacoco.agent.rt.RT
21:16:57 PIT >> INFO : MINION : Failed to dump JaCoCo execution data: org.jacoco.agent.rt.RT
21:16:57 PIT >> INFO : MINION : Failed to set JaCoCo session: org.jacoco.agent.rt.RT
21:16:57 PIT >> INFO : MINION : Failed to dump JaCoCo execution data: org.jacoco.agent.rt.RT
21:16:57 PIT >> INFO : MINION : Failed to set JaCoCo session: org.jacoco.agent.rt.RT
21:16:57 PIT >> INFO : MINION : Failed to dump JaCoCo execution data: org.jacoco.agent.rt.RT
21:16:57 PIT >> INFO : MINION : Failed to set JaCoCo session: org.jacoco.agent.rt.RT
21:16:57 PIT >> INFO : MINION : Failed to dump JaCoCo execution data: org.jacoco.agent.rt.RT
21:16:57 PIT >> INFO : MINION : Failed to set JaCoCo session: org.jacoco.agent.rt.RT
21:16:57 PIT >> INFO : MINION : Failed to dump JaCoCo execution data: org.jacoco.agent.rt.RT
21:16:57 PIT >> INFO : MINION : Failed to set JaCoCo session: org.jacoco.agent.rt.RT
21:16:57 PIT >> INFO : MINION : Failed to dump JaCoCo execution data: org.jacoco.agent.rt.RT
21:16:57 PIT >> INFO : MINION : Failed to set JaCoCo session: org.jacoco.agent.rt.RT
21:16:57 PIT >> INFO : MINION : Failed to dump JaCoCo execution data: org.jacoco.agent.rt.RT
21:16:57 PIT >> INFO : MINION : Failed to set JaCoCo session: org.jacoco.agent.rt.RT
21:16:57 PIT >> INFO : MINION : Failed to dump JaCoCo execution data: org.jacoco.agent.rt.RT
21:16:57 PIT >> INFO : MINION : Failed to set JaCoCo session: org.jacoco.agent.rt.RT
21:16:57 PIT >> INFO : MINION : Failed to dump JaCoCo execution data: org.jacoco.agent.rt.RT
21:16:57 PIT >> INFO : MINION : Failed to set JaCoCo session: org.jacoco.agent.rt.RT
21:16:57 PIT >> INFO : MINION : Failed to dump JaCoCo execution data: org.jacoco.agent.rt.RT
21:16:57 PIT >> INFO : MINION : Failed to set JaCoCo session: org.jacoco.agent.rt.RT
21:16:57 PIT >> INFO : MINION : Failed to dump JaCoCo execution data: org.jacoco.agent.rt.RT
21:16:57 PIT >> INFO : MINION : Failed to set JaCoCo session: org.jacoco.agent.rt.RT
21:16:57 PIT >> INFO : MINION : Failed to dump JaCoCo execution data: org.jacoco.agent.rt.RT
21:16:57 PIT >> INFO : MINION : Failed to set JaCoCo session: org.jacoco.agent.rt.RT
21:16:57 PIT >> INFO : MINION : Failed to dump JaCoCo execution data: org.jacoco.agent.rt.RT
21:16:57 PIT >> INFO : MINION : Failed to set JaCoCo session: org.jacoco.agent.rt.RT
21:16:57 PIT >> INFO : MINION : Failed to dump JaCoCo execution data: org.jacoco.agent.rt.RT
21:16:57 PIT >> INFO : MINION : Failed to set JaCoCo session: org.jacoco.agent.rt.RT
21:16:57 PIT >> INFO : MINION : Failed to dump JaCoCo execution data: org.jacoco.agent.rt.RT
21:16:57 PIT >> INFO : MINION : Failed to set JaCoCo session: org.jacoco.agent.rt.RT
21:16:57 PIT >> INFO : MINION : Failed to dump JaCoCo execution data: org.jacoco.agent.rt.RT
21:16:57 PIT >> INFO : MINION : Failed to set JaCoCo session: org.jacoco.agent.rt.RT
21:16:57 PIT >> INFO : MINION : Failed to dump JaCoCo execution data: org.jacoco.agent.rt.RT
21:16:57 PIT >> INFO : MINION : Failed to set JaCoCo session: org.jacoco.agent.rt.RT
21:16:57 PIT >> INFO : MINION : Failed to dump JaCoCo execution data: org.jacoco.agent.rt.RT
21:16:57 PIT >> INFO : MINION : Failed to set JaCoCo session: org.jacoco.agent.rt.RT
21:16:57 PIT >> INFO : MINION : Failed to dump JaCoCo execution data: org.jacoco.agent.rt.RT
21:16:57 PIT >> INFO : MINION : Failed to set JaCoCo session: org.jacoco.agent.rt.RT
21:16:57 PIT >> INFO : MINION : Failed to dump JaCoCo execution data: org.jacoco.agent.rt.RT
21:16:57 PIT >> INFO : MINION : Failed to set JaCoCo session: org.jacoco.agent.rt.RT
21:16:57 PIT >> INFO : MINION : Failed to dump JaCoCo execution data: org.jacoco.agent.rt.RT
21:16:57 PIT >> INFO : MINION : Failed to set JaCoCo session: org.jacoco.agent.rt.RT
21:16:57 PIT >> INFO : MINION : Failed to dump JaCoCo execution data: org.jacoco.agent.rt.RT
21:16:57 PIT >> INFO : MINION : Failed to set JaCoCo session: org.jacoco.agent.rt.RT
21:16:57 PIT >> INFO : MINION : Failed to dump JaCoCo execution data: org.jacoco.agent.rt.RT
21:16:57 PIT >> INFO : MINION : Failed to set JaCoCo session: org.jacoco.agent.rt.RT
21:16:57 PIT >> INFO : MINION : Failed to dump JaCoCo execution data: org.jacoco.agent.rt.RT
21:16:57 PIT >> INFO : MINION : Failed to set JaCoCo session: org.jacoco.agent.rt.RT
21:16:57 PIT >> INFO : MINION : Failed to dump JaCoCo execution data: org.jacoco.agent.rt.RT
21:16:57 PIT >> INFO : MINION : Failed to set JaCoCo session: org.jacoco.agent.rt.RT
21:16:57 PIT >> INFO : MINION : Failed to dump JaCoCo execution data: org.jacoco.agent.rt.RT
21:16:57 PIT >> INFO : MINION : Failed to set JaCoCo session: org.jacoco.agent.rt.RT
21:16:57 PIT >> INFO : MINION : Failed to dump JaCoCo execution data: org.jacoco.agent.rt.RT
21:16:57 PIT >> INFO : MINION : Failed to set JaCoCo session: org.jacoco.agent.rt.RT
21:16:57 PIT >> INFO : MINION : Failed to dump JaCoCo execution data: org.jacoco.agent.rt.RT
21:16:57 PIT >> INFO : MINION : Failed to set JaCoCo session: org.jacoco.agent.rt.RT
21:16:57 PIT >> INFO : MINION : Failed to dump JaCoCo execution data: org.jacoco.agent.rt.RT
21:16:57 PIT >> INFO : MINION : Failed to set JaCoCo session: org.jacoco.agent.rt.RT
21:16:57 PIT >> INFO : MINION : Failed to dump JaCoCo execution data: org.jacoco.agent.rt.RT
21:16:57 PIT >> INFO : MINION : Failed to set JaCoCo session: org.jacoco.agent.rt.RT
21:16:57 PIT >> INFO : MINION : Failed to dump JaCoCo execution data: org.jacoco.agent.rt.RT
21:16:57 PIT >> INFO : MINION : Failed to set JaCoCo session: org.jacoco.agent.rt.RT
21:16:57 PIT >> INFO : MINION : Failed to dump JaCoCo execution data: org.jacoco.agent.rt.RT
21:16:57 PIT >> INFO : MINION : Failed to set JaCoCo session: org.jacoco.agent.rt.RT
21:16:57 PIT >> INFO : MINION : Failed to dump JaCoCo execution data: org.jacoco.agent.rt.RT
21:16:57 PIT >> INFO : MINION : Failed to set JaCoCo session: org.jacoco.agent.rt.RT
21:16:57 PIT >> INFO : MINION : Failed to dump JaCoCo execution data: org.jacoco.agent.rt.RT
21:16:57 PIT >> INFO : MINION : Failed to set JaCoCo session: org.jacoco.agent.rt.RT
21:16:57 PIT >> INFO : MINION : Failed to dump JaCoCo execution data: org.jacoco.agent.rt.RT
21:16:57 PIT >> INFO : MINION : Failed to set JaCoCo session: org.jacoco.agent.rt.RT
21:16:57 PIT >> INFO : MINION : Failed to dump JaCoCo execution data: org.jacoco.agent.rt.RT
21:16:57 PIT >> INFO : MINION : Failed to set JaCoCo session: org.jacoco.agent.rt.RT
21:16:57 PIT >> INFO : MINION : Failed to dump JaCoCo execution data: org.jacoco.agent.rt.RT
21:16:57 PIT >> INFO : MINION : Failed to set JaCoCo session: org.jacoco.agent.rt.RT
21:16:57 PIT >> INFO : MINION : Failed to dump JaCoCo execution data: org.jacoco.agent.rt.RT
21:16:57 PIT >> INFO : MINION : Failed to set JaCoCo session: org.jacoco.agent.rt.RT
21:16:57 PIT >> INFO : MINION : Failed to dump JaCoCo execution data: org.jacoco.agent.rt.RT
21:16:57 PIT >> INFO : MINION : Failed to set JaCoCo session: org.jacoco.agent.rt.RT
21:16:57 PIT >> INFO : MINION : Failed to dump JaCoCo execution data: org.jacoco.agent.rt.RT
21:16:57 PIT >> INFO : MINION : Failed to set JaCoCo session: org.jacoco.agent.rt.RT
21:16:57 PIT >> INFO : MINION : Failed to dump JaCoCo execution data: org.jacoco.agent.rt.RT
21:16:57 PIT >> INFO : MINION : Failed to set JaCoCo session: org.jacoco.agent.rt.RT
21:16:57 PIT >> INFO : MINION : Failed to dump JaCoCo execution data: org.jacoco.agent.rt.RT
21:16:57 PIT >> INFO : MINION : Failed to set JaCoCo session: org.jacoco.agent.rt.RT
21:16:57 PIT >> INFO : MINION : Failed to dump JaCoCo execution data: org.jacoco.agent.rt.RT
21:16:57 PIT >> INFO : MINION : Failed to set JaCoCo session: org.jacoco.agent.rt.RT
21:16:57 PIT >> INFO : MINION : Failed to dump JaCoCo execution data: org.jacoco.agent.rt.RT
21:16:57 PIT >> INFO : MINION : Failed to set JaCoCo session: org.jacoco.agent.rt.RT
21:16:57 PIT >> INFO : MINION : Failed to dump JaCoCo execution data: org.jacoco.agent.rt.RT
21:16:57 PIT >> INFO : MINION : Failed to set JaCoCo session: org.jacoco.agent.rt.RT
21:16:57 PIT >> INFO : MINION : Failed to dump JaCoCo execution data: org.jacoco.agent.rt.RT
21:16:57 PIT >> INFO : MINION : Failed to set JaCoCo session: org.jacoco.agent.rt.RT
21:16:57 PIT >> INFO : MINION : Failed to dump JaCoCo execution data: org.jacoco.agent.rt.RT
21:16:57 PIT >> INFO : MINION : Failed to set JaCoCo session: org.jacoco.agent.rt.RT
21:16:57 PIT >> INFO : MINION : Failed to dump JaCoCo execution data: org.jacoco.agent.rt.RT
21:16:57 PIT >> INFO : MINION : Failed to set JaCoCo session: org.jacoco.agent.rt.RT
21:16:57 PIT >> INFO : MINION : Failed to dump JaCoCo execution data: org.jacoco.agent.rt.RT
21:16:57 PIT >> INFO : MINION : Failed to set JaCoCo session: org.jacoco.agent.rt.RT
21:16:57 PIT >> INFO : MINION : Failed to dump JaCoCo execution data: org.jacoco.agent.rt.RT
21:16:57 PIT >> INFO : MINION : Failed to set JaCoCo session: org.jacoco.agent.rt.RT
21:16:57 PIT >> INFO : MINION : Failed to dump JaCoCo execution data: org.jacoco.agent.rt.RT
21:16:57 PIT >> INFO : MINION : Failed to set JaCoCo session: org.jacoco.agent.rt.RT
21:16:57 PIT >> INFO : MINION : Failed to dump JaCoCo execution data: org.jacoco.agent.rt.RT
21:16:57 PIT >> INFO : MINION : Failed to set JaCoCo session: org.jacoco.agent.rt.RT
21:16:57 PIT >> INFO : MINION : Failed to dump JaCoCo execution data: org.jacoco.agent.rt.RT
21:16:57 PIT >> INFO : MINION : Failed to set JaCoCo session: org.jacoco.agent.rt.RT
21:16:57 PIT >> INFO : MINION : Failed to dump JaCoCo execution data: org.jacoco.agent.rt.RT
21:16:57 PIT >> INFO : MINION : Failed to set JaCoCo session: org.jacoco.agent.rt.RT
21:16:57 PIT >> INFO : MINION : Failed to dump JaCoCo execution data: org.jacoco.agent.rt.RT
21:16:57 PIT >> INFO : MINION : Failed to set JaCoCo session: org.jacoco.agent.rt.RT
21:16:57 PIT >> INFO : MINION : Failed to dump JaCoCo execution data: org.jacoco.agent.rt.RT
21:16:57 PIT >> INFO : MINION : Failed to set JaCoCo session: org.jacoco.agent.rt.RT
21:16:57 PIT >> INFO : MINION : Failed to dump JaCoCo execution data: org.jacoco.agent.rt.RT
21:16:57 PIT >> INFO : MINION : Failed to set JaCoCo session: org.jacoco.agent.rt.RT
21:16:57 PIT >> INFO : MINION : Failed to dump JaCoCo execution data: org.jacoco.agent.rt.RT
21:16:57 PIT >> INFO : MINION : Failed to set JaCoCo session: org.jacoco.agent.rt.RT
21:16:57 PIT >> INFO : MINION : Failed to dump JaCoCo execution data: org.jacoco.agent.rt.RT
21:16:57 PIT >> INFO : MINION : Failed to set JaCoCo session: org.jacoco.agent.rt.RT
21:16:57 PIT >> INFO : MINION : Failed to dump JaCoCo execution data: org.jacoco.agent.rt.RT
21:16:57 PIT >> INFO : MINION : Failed to set JaCoCo session: org.jacoco.agent.rt.RT
21:16:57 PIT >> INFO : MINION : Failed to dump JaCoCo execution data: org.jacoco.agent.rt.RT
21:16:57 PIT >> INFO : MINION : Failed to set JaCoCo session: org.jacoco.agent.rt.RT
21:16:57 PIT >> INFO : MINION : Failed to dump JaCoCo execution data: org.jacoco.agent.rt.RT
21:16:57 PIT >> INFO : MINION : Failed to set JaCoCo session: org.jacoco.agent.rt.RT
21:16:57 PIT >> INFO : MINION : Failed to dump JaCoCo execution data: org.jacoco.agent.rt.RT
21:16:57 PIT >> INFO : MINION : Failed to set JaCoCo session: org.jacoco.agent.rt.RT
21:16:57 PIT >> INFO : MINION : Failed to dump JaCoCo execution data: org.jacoco.agent.rt.RT
21:16:57 PIT >> INFO : MINION : Failed to set JaCoCo session: org.jacoco.agent.rt.RT
21:16:57 PIT >> INFO : MINION : Failed to dump JaCoCo execution data: org.jacoco.agent.rt.RT
21:16:57 PIT >> INFO : MINION : Failed to set JaCoCo session: org.jacoco.agent.rt.RT
21:16:57 PIT >> INFO : MINION : Failed to dump JaCoCo execution data: org.jacoco.agent.rt.RT
21:16:57 PIT >> INFO : MINION : Failed to set JaCoCo session: org.jacoco.agent.rt.RT
21:16:57 PIT >> INFO : MINION : Failed to dump JaCoCo execution data: org.jacoco.agent.rt.RT
21:16:57 PIT >> INFO : MINION : Failed to set JaCoCo session: org.jacoco.agent.rt.RT
21:16:57 PIT >> INFO : MINION : Failed to dump JaCoCo execution data: org.jacoco.agent.rt.RT
21:16:57 PIT >> INFO : MINION : Failed to set JaCoCo session: org.jacoco.agent.rt.RT
21:16:57 PIT >> INFO : MINION : Failed to dump JaCoCo execution data: org.jacoco.agent.rt.RT
21:16:57 PIT >> INFO : MINION : Failed to set JaCoCo session: org.jacoco.agent.rt.RT
21:16:57 PIT >> INFO : MINION : Failed to dump JaCoCo execution data: org.jacoco.agent.rt.RT
21:16:57 PIT >> INFO : MINION : Failed to set JaCoCo session: org.jacoco.agent.rt.RT
21:16:57 PIT >> INFO : MINION : Failed to dump JaCoCo execution data: org.jacoco.agent.rt.RT
21:16:57 PIT >> INFO : MINION : Failed to set JaCoCo session: org.jacoco.agent.rt.RT
21:16:57 PIT >> INFO : MINION : Failed to dump JaCoCo execution data: org.jacoco.agent.rt.RT
21:16:57 PIT >> INFO : MINION : Failed to set JaCoCo session: org.jacoco.agent.rt.RT
21:16:57 PIT >> INFO : MINION : Failed to dump JaCoCo execution data: org.jacoco.agent.rt.RT
21:16:57 PIT >> INFO : MINION : Failed to set JaCoCo session: org.jacoco.agent.rt.RT
21:16:57 PIT >> INFO : MINION : Failed to dump JaCoCo execution data: org.jacoco.agent.rt.RT
21:16:57 PIT >> INFO : MINION : Failed to set JaCoCo session: org.jacoco.agent.rt.RT
21:16:57 PIT >> INFO : MINION : Failed to dump JaCoCo execution data: org.jacoco.agent.rt.RT
21:16:57 PIT >> INFO : MINION : Failed to set JaCoCo session: org.jacoco.agent.rt.RT
21:16:57 PIT >> INFO : MINION : Failed to dump JaCoCo execution data: org.jacoco.agent.rt.RT
21:16:57 PIT >> INFO : MINION : Failed to set JaCoCo session: org.jacoco.agent.rt.RT
21:16:57 PIT >> INFO : MINION : Failed to dump JaCoCo execution data: org.jacoco.agent.rt.RT
21:16:57 PIT >> INFO : MINION : Failed to set JaCoCo session: org.jacoco.agent.rt.RT
21:16:57 PIT >> INFO : MINION : Failed to dump JaCoCo execution data: org.jacoco.agent.rt.RT
21:16:57 PIT >> INFO : MINION : Failed to set JaCoCo session: org.jacoco.agent.rt.RT
21:16:57 PIT >> INFO : MINION : Failed to dump JaCoCo execution data: org.jacoco.agent.rt.RT
21:16:57 PIT >> INFO : MINION : Failed to set JaCoCo session: org.jacoco.agent.rt.RT
21:16:57 PIT >> INFO : MINION : Failed to dump JaCoCo execution data: org.jacoco.agent.rt.RT
21:16:57 PIT >> INFO : MINION : Failed to set JaCoCo session: org.jacoco.agent.rt.RT
21:16:57 PIT >> INFO : MINION : Failed to dump JaCoCo execution data: org.jacoco.agent.rt.RT
21:16:57 PIT >> INFO : MINION : Failed to set JaCoCo session: org.jacoco.agent.rt.RT
21:16:57 PIT >> INFO : MINION : Failed to dump JaCoCo execution data: org.jacoco.agent.rt.RT
21:16:57 PIT >> INFO : MINION : Failed to set JaCoCo session: org.jacoco.agent.rt.RT
21:16:57 PIT >> INFO : MINION : Failed to dump JaCoCo execution data: org.jacoco.agent.rt.RT
21:16:57 PIT >> INFO : MINION : Failed to set JaCoCo session: org.jacoco.agent.rt.RT
21:16:57 PIT >> INFO : MINION : Failed to dump JaCoCo execution data: org.jacoco.agent.rt.RT
21:16:57 PIT >> INFO : MINION : Failed to set JaCoCo session: org.jacoco.agent.rt.RT
21:16:57 PIT >> INFO : MINION : Failed to dump JaCoCo execution data: org.jacoco.agent.rt.RT
21:16:57 PIT >> INFO : MINION : Failed to set JaCoCo session: org.jacoco.agent.rt.RT
21:16:57 PIT >> INFO : MINION : Failed to dump JaCoCo execution data: org.jacoco.agent.rt.RT
21:16:57 PIT >> INFO : MINION : Failed to set JaCoCo session: org.jacoco.agent.rt.RT
21:16:57 PIT >> INFO : MINION : Failed to dump JaCoCo execution data: org.jacoco.agent.rt.RT
21:16:57 PIT >> INFO : MINION : Failed to set JaCoCo session: org.jacoco.agent.rt.RT
21:16:57 PIT >> INFO : MINION : Failed to dump JaCoCo execution data: org.jacoco.agent.rt.RT
21:16:57 PIT >> INFO : MINION : Failed to set JaCoCo session: org.jacoco.agent.rt.RT
21:16:57 PIT >> INFO : MINION : Failed to dump JaCoCo execution data: org.jacoco.agent.rt.RT
21:16:57 PIT >> INFO : MINION : Failed to set JaCoCo session: org.jacoco.agent.rt.RT
21:16:57 PIT >> INFO : MINION : Failed to dump JaCoCo execution data: org.jacoco.agent.rt.RT
21:16:57 PIT >> INFO : MINION : Failed to set JaCoCo session: org.jacoco.agent.rt.RT
21:16:57 PIT >> INFO : MINION : Failed to dump JaCoCo execution data: org.jacoco.agent.rt.RT
21:16:57 PIT >> INFO : MINION : Failed to set JaCoCo session: org.jacoco.agent.rt.RT
21:16:57 PIT >> INFO : MINION : Failed to dump JaCoCo execution data: org.jacoco.agent.rt.RT
21:16:57 PIT >> INFO : MINION : Failed to set JaCoCo session: org.jacoco.agent.rt.RT
21:16:57 PIT >> INFO : MINION : Failed to dump JaCoCo execution data: org.jacoco.agent.rt.RT
21:16:57 PIT >> INFO : MINION : Failed to set JaCoCo session: org.jacoco.agent.rt.RT
21:16:57 PIT >> INFO : MINION : Failed to dump JaCoCo execution data: org.jacoco.agent.rt.RT
21:16:57 PIT >> INFO : MINION : Failed to set JaCoCo session: org.jacoco.agent.rt.RT
21:16:57 PIT >> INFO : MINION : Failed to dump JaCoCo execution data: org.jacoco.agent.rt.RT
21:16:57 PIT >> INFO : MINION : Failed to set JaCoCo session: org.jacoco.agent.rt.RT
21:16:57 PIT >> INFO : MINION : Failed to dump JaCoCo execution data: org.jacoco.agent.rt.RT
21:16:57 PIT >> INFO : MINION : Failed to set JaCoCo session: org.jacoco.agent.rt.RT
21:16:57 PIT >> INFO : MINION : Failed to dump JaCoCo execution data: org.jacoco.agent.rt.RT
21:16:57 PIT >> INFO : MINION : Failed to set JaCoCo session: org.jacoco.agent.rt.RT
21:16:57 PIT >> INFO : MINION : Failed to dump JaCoCo execution data: org.jacoco.agent.rt.RT
21:16:57 PIT >> INFO : MINION : Failed to set JaCoCo session: org.jacoco.agent.rt.RT
21:16:57 PIT >> INFO : MINION : Failed to dump JaCoCo execution data: org.jacoco.agent.rt.RT
21:16:57 PIT >> INFO : MINION : Failed to set JaCoCo session: org.jacoco.agent.rt.RT
21:16:57 PIT >> INFO : MINION : Failed to dump JaCoCo execution data: org.jacoco.agent.rt.RT
21:16:57 PIT >> INFO : MINION : Failed to set JaCoCo session: org.jacoco.agent.rt.RT
21:16:57 PIT >> INFO : MINION : Failed to dump JaCoCo execution data: org.jacoco.agent.rt.RT
21:16:57 PIT >> INFO : MINION : Failed to set JaCoCo session: org.jacoco.agent.rt.RT
21:16:57 PIT >> INFO : MINION : Failed to dump JaCoCo execution data: org.jacoco.agent.rt.RT
21:16:57 PIT >> INFO : MINION : Failed to set JaCoCo session: org.jacoco.agent.rt.RT
21:16:57 PIT >> INFO : MINION : Failed to dump JaCoCo execution data: org.jacoco.agent.rt.RT
21:16:57 PIT >> INFO : MINION : Failed to set JaCoCo session: org.jacoco.agent.rt.RT
21:16:57 PIT >> INFO : MINION : Failed to dump JaCoCo execution data: org.jacoco.agent.rt.RT
21:16:57 PIT >> INFO : MINION : Failed to set JaCoCo session: org.jacoco.agent.rt.RT
21:16:57 PIT >> INFO : MINION : Failed to dump JaCoCo execution data: org.jacoco.agent.rt.RT
21:16:57 PIT >> INFO : MINION : Failed to set JaCoCo session: org.jacoco.agent.rt.RT
21:16:57 PIT >> INFO : MINION : Failed to dump JaCoCo execution data: org.jacoco.agent.rt.RT
21:16:57 PIT >> INFO : MINION : Failed to set JaCoCo session: org.jacoco.agent.rt.RT
21:16:57 PIT >> INFO : MINION : Failed to dump JaCoCo execution data: org.jacoco.agent.rt.RT
21:16:57 PIT >> INFO : MINION : Failed to set JaCoCo session: org.jacoco.agent.rt.RT
21:16:57 PIT >> INFO : MINION : Failed to dump JaCoCo execution data: org.jacoco.agent.rt.RT
21:16:57 PIT >> INFO : MINION : Failed to set JaCoCo session: org.jacoco.agent.rt.RT
21:16:57 PIT >> INFO : MINION : Failed to dump JaCoCo execution data: org.jacoco.agent.rt.RT
21:16:57 PIT >> INFO : MINION : Failed to set JaCoCo session: org.jacoco.agent.rt.RT
21:16:57 PIT >> INFO : MINION : Failed to dump JaCoCo execution data: org.jacoco.agent.rt.RT
21:16:57 PIT >> INFO : MINION : Failed to set JaCoCo session: org.jacoco.agent.rt.RT
21:16:57 PIT >> INFO : MINION : Failed to dump JaCoCo execution data: org.jacoco.agent.rt.RT
21:16:57 PIT >> INFO : MINION : Failed to set JaCoCo session: org.jacoco.agent.rt.RT
21:16:57 PIT >> INFO : MINION : Failed to dump JaCoCo execution data: org.jacoco.agent.rt.RT
21:16:57 PIT >> INFO : MINION : Failed to set JaCoCo session: org.jacoco.agent.rt.RT
21:16:57 PIT >> INFO : MINION : Failed to dump JaCoCo execution data: org.jacoco.agent.rt.RT
21:16:57 PIT >> INFO : MINION : Failed to set JaCoCo session: org.jacoco.agent.rt.RT
21:16:57 PIT >> INFO : MINION : Failed to dump JaCoCo execution data: org.jacoco.agent.rt.RT
21:16:57 PIT >> INFO : MINION : Failed to set JaCoCo session: org.jacoco.agent.rt.RT
21:16:57 PIT >> INFO : MINION : Failed to dump JaCoCo execution data: org.jacoco.agent.rt.RT
21:16:57 PIT >> INFO : MINION : Failed to set JaCoCo session: org.jacoco.agent.rt.RT
21:16:57 PIT >> INFO : MINION : Failed to dump JaCoCo execution data: org.jacoco.agent.rt.RT
21:16:57 PIT >> INFO : MINION : Failed to set JaCoCo session: org.jacoco.agent.rt.RT
21:16:57 PIT >> INFO : MINION : Failed to dump JaCoCo execution data: org.jacoco.agent.rt.RT
21:16:57 PIT >> INFO : MINION : Failed to set JaCoCo session: org.jacoco.agent.rt.RT
21:16:57 PIT >> INFO : MINION : Failed to dump JaCoCo execution data: org.jacoco.agent.rt.RT
21:16:57 PIT >> INFO : MINION : Failed to set JaCoCo session: org.jacoco.agent.rt.RT
21:16:57 PIT >> INFO : MINION : Failed to dump JaCoCo execution data: org.jacoco.agent.rt.RT
21:16:57 PIT >> INFO : MINION : Failed to set JaCoCo session: org.jacoco.agent.rt.RT
21:16:57 PIT >> INFO : MINION : Failed to dump JaCoCo execution data: org.jacoco.agent.rt.RT
21:16:57 PIT >> INFO : MINION : Failed to set JaCoCo session: org.jacoco.agent.rt.RT
21:16:57 PIT >> INFO : MINION : Failed to dump JaCoCo execution data: org.jacoco.agent.rt.RT
21:16:57 PIT >> INFO : MINION : Failed to set JaCoCo session: org.jacoco.agent.rt.RT
21:16:57 PIT >> INFO : MINION : Failed to dump JaCoCo execution data: org.jacoco.agent.rt.RT
21:16:57 PIT >> INFO : MINION : Failed to set JaCoCo session: org.jacoco.agent.rt.RT
21:16:57 PIT >> INFO : MINION : Failed to dump JaCoCo execution data: org.jacoco.agent.rt.RT
21:16:57 PIT >> INFO : MINION : Failed to set JaCoCo session: org.jacoco.agent.rt.RT
21:16:57 PIT >> INFO : MINION : Failed to dump JaCoCo execution data: org.jacoco.agent.rt.RT
21:16:57 PIT >> INFO : MINION : Failed to set JaCoCo session: org.jacoco.agent.rt.RT
21:16:57 PIT >> INFO : MINION : Failed to dump JaCoCo execution data: org.jacoco.agent.rt.RT
21:16:57 PIT >> INFO : MINION : Failed to set JaCoCo session: org.jacoco.agent.rt.RT
21:16:57 PIT >> INFO : MINION : Failed to dump JaCoCo execution data: org.jacoco.agent.rt.RT
21:16:57 PIT >> INFO : MINION : Failed to set JaCoCo session: org.jacoco.agent.rt.RT
21:16:57 PIT >> INFO : MINION : Failed to dump JaCoCo execution data: org.jacoco.agent.rt.RT
21:16:57 PIT >> INFO : MINION : Failed to set JaCoCo session: org.jacoco.agent.rt.RT
21:16:57 PIT >> INFO : MINION : Failed to dump JaCoCo execution data: org.jacoco.agent.rt.RT
21:16:57 PIT >> INFO : MINION : Failed to set JaCoCo session: org.jacoco.agent.rt.RT
21:16:57 PIT >> INFO : MINION : Failed to dump JaCoCo execution data: org.jacoco.agent.rt.RT
21:16:57 PIT >> INFO : MINION : Failed to set JaCoCo session: org.jacoco.agent.rt.RT
21:16:57 PIT >> INFO : MINION : Failed to dump JaCoCo execution data: org.jacoco.agent.rt.RT
21:16:57 PIT >> INFO : MINION : Failed to set JaCoCo session: org.jacoco.agent.rt.RT
21:16:57 PIT >> INFO : MINION : Failed to dump JaCoCo execution data: org.jacoco.agent.rt.RT
21:16:57 PIT >> INFO : MINION : Failed to set JaCoCo session: org.jacoco.agent.rt.RT
21:16:57 PIT >> INFO : MINION : Failed to dump JaCoCo execution data: org.jacoco.agent.rt.RT
21:16:57 PIT >> INFO : MINION : Failed to set JaCoCo session: org.jacoco.agent.rt.RT
21:16:57 PIT >> INFO : MINION : Failed to dump JaCoCo execution data: org.jacoco.agent.rt.RT
21:16:57 PIT >> INFO : MINION : Failed to set JaCoCo session: org.jacoco.agent.rt.RT
21:16:57 PIT >> INFO : MINION : Failed to dump JaCoCo execution data: org.jacoco.agent.rt.RT
21:16:57 PIT >> INFO : MINION : Failed to set JaCoCo session: org.jacoco.agent.rt.RT
21:16:57 PIT >> INFO : MINION : Failed to dump JaCoCo execution data: org.jacoco.agent.rt.RT
21:16:57 PIT >> INFO : MINION : Failed to set JaCoCo session: org.jacoco.agent.rt.RT
21:16:57 PIT >> INFO : MINION : Failed to dump JaCoCo execution data: org.jacoco.agent.rt.RT
21:16:57 PIT >> INFO : MINION : Failed to set JaCoCo session: org.jacoco.agent.rt.RT
21:16:57 PIT >> INFO : MINION : Failed to dump JaCoCo execution data: org.jacoco.agent.rt.RT
21:16:57 PIT >> INFO : MINION : Failed to set JaCoCo session: org.jacoco.agent.rt.RT
21:16:57 PIT >> INFO : MINION : Failed to dump JaCoCo execution data: org.jacoco.agent.rt.RT
21:16:57 PIT >> INFO : MINION : Failed to set JaCoCo session: org.jacoco.agent.rt.RT
21:16:57 PIT >> INFO : MINION : Failed to dump JaCoCo execution data: org.jacoco.agent.rt.RT
21:16:57 PIT >> INFO : MINION : Failed to set JaCoCo session: org.jacoco.agent.rt.RT
21:16:57 PIT >> INFO : MINION : Failed to dump JaCoCo execution data: org.jacoco.agent.rt.RT
21:16:57 PIT >> INFO : MINION : Failed to set JaCoCo session: org.jacoco.agent.rt.RT
21:16:57 PIT >> INFO : MINION : Failed to dump JaCoCo execution data: org.jacoco.agent.rt.RT
21:16:57 PIT >> INFO : MINION : Failed to set JaCoCo session: org.jacoco.agent.rt.RT
21:16:57 PIT >> INFO : MINION : Failed to dump JaCoCo execution data: org.jacoco.agent.rt.RT
21:16:57 PIT >> INFO : MINION : Failed to set JaCoCo session: org.jacoco.agent.rt.RT
21:16:57 PIT >> INFO : MINION : Failed to dump JaCoCo execution data: org.jacoco.agent.rt.RT
21:16:57 PIT >> INFO : MINION : Failed to set JaCoCo session: org.jacoco.agent.rt.RT
21:16:57 PIT >> INFO : MINION : Failed to dump JaCoCo execution data: org.jacoco.agent.rt.RT
21:16:57 PIT >> INFO : MINION : Failed to set JaCoCo session: org.jacoco.agent.rt.RT
21:16:57 PIT >> INFO : MINION : Failed to dump JaCoCo execution data: org.jacoco.agent.rt.RT
21:16:57 PIT >> INFO : MINION : Failed to set JaCoCo session: org.jacoco.agent.rt.RT
21:16:57 PIT >> INFO : MINION : Failed to dump JaCoCo execution data: org.jacoco.agent.rt.RT
21:16:57 PIT >> INFO : MINION : Failed to set JaCoCo session: org.jacoco.agent.rt.RT
21:16:57 PIT >> INFO : MINION : Failed to dump JaCoCo execution data: org.jacoco.agent.rt.RT
21:16:57 PIT >> INFO : MINION : Failed to set JaCoCo session: org.jacoco.agent.rt.RT
21:16:57 PIT >> INFO : MINION : Failed to dump JaCoCo execution data: org.jacoco.agent.rt.RT
21:16:57 PIT >> INFO : MINION : Failed to set JaCoCo session: org.jacoco.agent.rt.RT
21:16:57 PIT >> INFO : MINION : Failed to dump JaCoCo execution data: org.jacoco.agent.rt.RT
21:16:57 PIT >> INFO : MINION : Failed to set JaCoCo session: org.jacoco.agent.rt.RT
21:16:57 PIT >> INFO : MINION : Failed to dump JaCoCo execution data: org.jacoco.agent.rt.RT
21:16:58 PIT >> INFO : MINION : Failed to set JaCoCo session: org.jacoco.agent.rt.RT
21:16:58 PIT >> INFO : MINION : Failed to dump JaCoCo execution data: org.jacoco.agent.rt.RT
21:16:58 PIT >> INFO : MINION : Failed to set JaCoCo session: org.jacoco.agent.rt.RT
21:16:58 PIT >> INFO : MINION : Failed to dump JaCoCo execution data: org.jacoco.agent.rt.RT
21:16:58 PIT >> INFO : MINION : Failed to set JaCoCo session: org.jacoco.agent.rt.RT
21:16:58 PIT >> INFO : MINION : Failed to dump JaCoCo execution data: org.jacoco.agent.rt.RT
21:16:58 PIT >> INFO : MINION : Failed to set JaCoCo session: org.jacoco.agent.rt.RT
21:16:58 PIT >> INFO : MINION : Failed to dump JaCoCo execution data: org.jacoco.agent.rt.RT
21:16:58 PIT >> INFO : MINION : Failed to set JaCoCo session: org.jacoco.agent.rt.RT
21:16:58 PIT >> INFO : MINION : Failed to dump JaCoCo execution data: org.jacoco.agent.rt.RT
21:16:58 PIT >> INFO : MINION : Failed to set JaCoCo session: org.jacoco.agent.rt.RT
21:16:58 PIT >> INFO : MINION : Failed to dump JaCoCo execution data: org.jacoco.agent.rt.RT
21:16:58 PIT >> INFO : MINION : Failed to set JaCoCo session: org.jacoco.agent.rt.RT
21:16:58 PIT >> INFO : MINION : Failed to dump JaCoCo execution data: org.jacoco.agent.rt.RT
21:16:58 PIT >> INFO : MINION : Failed to set JaCoCo session: org.jacoco.agent.rt.RT
21:16:58 PIT >> INFO : MINION : Failed to dump JaCoCo execution data: org.jacoco.agent.rt.RT
21:16:58 PIT >> INFO : MINION : Failed to set JaCoCo session: org.jacoco.agent.rt.RT
21:16:58 PIT >> INFO : MINION : Failed to dump JaCoCo execution data: org.jacoco.agent.rt.RT
21:16:58 PIT >> INFO : MINION : Failed to set JaCoCo session: org.jacoco.agent.rt.RT
21:16:58 PIT >> INFO : MINION : Failed to dump JaCoCo execution data: org.jacoco.agent.rt.RT
21:16:58 PIT >> INFO : MINION : Failed to set JaCoCo session: org.jacoco.agent.rt.RT
21:16:58 PIT >> INFO : MINION : Failed to dump JaCoCo execution data: org.jacoco.agent.rt.RT
21:16:58 PIT >> INFO : MINION : Failed to set JaCoCo session: org.jacoco.agent.rt.RT
21:16:58 PIT >> INFO : MINION : Failed to dump JaCoCo execution data: org.jacoco.agent.rt.RT
21:16:58 PIT >> INFO : MINION : Failed to set JaCoCo session: org.jacoco.agent.rt.RT
21:16:58 PIT >> INFO : MINION : Failed to dump JaCoCo execution data: org.jacoco.agent.rt.RT
21:16:58 PIT >> INFO : MINION : Failed to set JaCoCo session: org.jacoco.agent.rt.RT
21:16:58 PIT >> INFO : MINION : Failed to dump JaCoCo execution data: org.jacoco.agent.rt.RT
21:16:58 PIT >> INFO : MINION : Failed to set JaCoCo session: org.jacoco.agent.rt.RT
21:16:58 PIT >> INFO : MINION : Failed to dump JaCoCo execution data: org.jacoco.agent.rt.RT
21:16:58 PIT >> INFO : MINION : Failed to set JaCoCo session: org.jacoco.agent.rt.RT
21:16:58 PIT >> INFO : MINION : Failed to dump JaCoCo execution data: org.jacoco.agent.rt.RT
21:16:58 PIT >> INFO : MINION : Failed to set JaCoCo session: org.jacoco.agent.rt.RT
21:16:58 PIT >> INFO : MINION : Failed to dump JaCoCo execution data: org.jacoco.agent.rt.RT
21:16:58 PIT >> INFO : MINION : Failed to set JaCoCo session: org.jacoco.agent.rt.RT
21:16:58 PIT >> INFO : MINION : Failed to dump JaCoCo execution data: org.jacoco.agent.rt.RT
21:16:58 PIT >> INFO : MINION : Failed to set JaCoCo session: org.jacoco.agent.rt.RT
21:16:58 PIT >> INFO : MINION : Failed to dump JaCoCo execution data: org.jacoco.agent.rt.RT
21:16:58 PIT >> INFO : MINION : Failed to set JaCoCo session: org.jacoco.agent.rt.RT
21:16:58 PIT >> INFO : MINION : Failed to dump JaCoCo execution data: org.jacoco.agent.rt.RT
21:16:58 PIT >> INFO : MINION : Failed to set JaCoCo session: org.jacoco.agent.rt.RT
21:16:58 PIT >> INFO : MINION : Failed to dump JaCoCo execution data: org.jacoco.agent.rt.RT
21:16:58 PIT >> INFO : MINION : Failed to set JaCoCo session: org.jacoco.agent.rt.RT
21:16:58 PIT >> INFO : MINION : Failed to dump JaCoCo execution data: org.jacoco.agent.rt.RT
21:16:58 PIT >> INFO : MINION : Failed to set JaCoCo session: org.jacoco.agent.rt.RT
21:16:58 PIT >> INFO : MINION : Failed to dump JaCoCo execution data: org.jacoco.agent.rt.RT
21:16:58 PIT >> INFO : MINION : Failed to set JaCoCo session: org.jacoco.agent.rt.RT
21:16:58 PIT >> INFO : MINION : Failed to dump JaCoCo execution data: org.jacoco.agent.rt.RT
21:16:58 PIT >> INFO : MINION : Failed to set JaCoCo session: org.jacoco.agent.rt.RT
21:16:58 PIT >> INFO : MINION : Failed to dump JaCoCo execution data: org.jacoco.agent.rt.RT
21:16:58 PIT >> INFO : MINION : Failed to set JaCoCo session: org.jacoco.agent.rt.RT
21:16:58 PIT >> INFO : MINION : Failed to dump JaCoCo execution data: org.jacoco.agent.rt.RT
21:16:58 PIT >> INFO : MINION : Failed to set JaCoCo session: org.jacoco.agent.rt.RT
21:16:58 PIT >> INFO : MINION : Failed to dump JaCoCo execution data: org.jacoco.agent.rt.RT
21:16:58 PIT >> INFO : MINION : Failed to set JaCoCo session: org.jacoco.agent.rt.RT
21:16:58 PIT >> INFO : MINION : Failed to dump JaCoCo execution data: org.jacoco.agent.rt.RT
21:16:58 PIT >> INFO : MINION : Failed to set JaCoCo session: org.jacoco.agent.rt.RT
21:16:58 PIT >> INFO : MINION : Failed to dump JaCoCo execution data: org.jacoco.agent.rt.RT
21:16:58 PIT >> INFO : MINION : Failed to set JaCoCo session: org.jacoco.agent.rt.RT
21:16:58 PIT >> INFO : MINION : Failed to dump JaCoCo execution data: org.jacoco.agent.rt.RT
21:16:58 PIT >> INFO : MINION : Failed to set JaCoCo session: org.jacoco.agent.rt.RT
21:16:58 PIT >> INFO : MINION : Failed to dump JaCoCo execution data: org.jacoco.agent.rt.RT
21:16:58 PIT >> INFO : MINION : Failed to set JaCoCo session: org.jacoco.agent.rt.RT
21:16:58 PIT >> INFO : MINION : Failed to dump JaCoCo execution data: org.jacoco.agent.rt.RT
21:16:58 PIT >> INFO : MINION : Failed to set JaCoCo session: org.jacoco.agent.rt.RT
21:16:58 PIT >> INFO : MINION : Failed to dump JaCoCo execution data: org.jacoco.agent.rt.RT
21:16:58 PIT >> INFO : MINION : Failed to set JaCoCo session: org.jacoco.agent.rt.RT
21:16:58 PIT >> INFO : MINION : Failed to dump JaCoCo execution data: org.jacoco.agent.rt.RT
21:16:58 PIT >> INFO : MINION : Failed to set JaCoCo session: org.jacoco.agent.rt.RT
21:16:58 PIT >> INFO : MINION : Failed to dump JaCoCo execution data: org.jacoco.agent.rt.RT
21:16:58 PIT >> INFO : MINION : Failed to set JaCoCo session: org.jacoco.agent.rt.RT
21:16:58 PIT >> INFO : MINION : Failed to dump JaCoCo execution data: org.jacoco.agent.rt.RT
21:16:58 PIT >> INFO : MINION : Failed to set JaCoCo session: org.jacoco.agent.rt.RT
21:16:58 PIT >> INFO : MINION : Failed to dump JaCoCo execution data: org.jacoco.agent.rt.RT
21:16:58 PIT >> INFO : MINION : Failed to set JaCoCo session: org.jacoco.agent.rt.RT
21:16:58 PIT >> INFO : MINION : Failed to dump JaCoCo execution data: org.jacoco.agent.rt.RT
21:16:58 PIT >> INFO : MINION : Failed to set JaCoCo session: org.jacoco.agent.rt.RT
21:16:58 PIT >> INFO : MINION : Failed to dump JaCoCo execution data: org.jacoco.agent.rt.RT
21:16:58 PIT >> INFO : MINION : Failed to set JaCoCo session: org.jacoco.agent.rt.RT
21:16:58 PIT >> INFO : MINION : Failed to dump JaCoCo execution data: org.jacoco.agent.rt.RT
21:16:58 PIT >> INFO : MINION : Failed to set JaCoCo session: org.jacoco.agent.rt.RT
21:16:58 PIT >> INFO : MINION : Failed to dump JaCoCo execution data: org.jacoco.agent.rt.RT
21:16:58 PIT >> INFO : MINION : Failed to set JaCoCo session: org.jacoco.agent.rt.RT
21:16:58 PIT >> INFO : MINION : Failed to dump JaCoCo execution data: org.jacoco.agent.rt.RT
21:16:58 PIT >> INFO : MINION : Failed to set JaCoCo session: org.jacoco.agent.rt.RT
21:16:58 PIT >> INFO : MINION : Failed to dump JaCoCo execution data: org.jacoco.agent.rt.RT
21:16:58 PIT >> INFO : MINION : Failed to set JaCoCo session: org.jacoco.agent.rt.RT
21:16:58 PIT >> INFO : MINION : Failed to dump JaCoCo execution data: org.jacoco.agent.rt.RT
21:16:58 PIT >> INFO : MINION : Failed to set JaCoCo session: org.jacoco.agent.rt.RT
21:16:58 PIT >> INFO : MINION : Failed to dump JaCoCo execution data: org.jacoco.agent.rt.RT
21:16:58 PIT >> INFO : MINION : Failed to set JaCoCo session: org.jacoco.agent.rt.RT
21:16:58 PIT >> INFO : MINION : Failed to dump JaCoCo execution data: org.jacoco.agent.rt.RT
21:16:58 PIT >> INFO : MINION : Failed to set JaCoCo session: org.jacoco.agent.rt.RT
21:16:58 PIT >> INFO : MINION : Failed to dump JaCoCo execution data: org.jacoco.agent.rt.RT
21:16:58 PIT >> INFO : MINION : Failed to set JaCoCo session: org.jacoco.agent.rt.RT
21:16:58 PIT >> INFO : MINION : Failed to dump JaCoCo execution data: org.jacoco.agent.rt.RT
21:16:58 PIT >> INFO : MINION : Failed to set JaCoCo session: org.jacoco.agent.rt.RT
21:16:58 PIT >> INFO : MINION : Failed to dump JaCoCo execution data: org.jacoco.agent.rt.RT
21:16:58 PIT >> INFO : MINION : Failed to set JaCoCo session: org.jacoco.agent.rt.RT
21:16:58 PIT >> INFO : MINION : Failed to dump JaCoCo execution data: org.jacoco.agent.rt.RT
21:16:58 PIT >> INFO : MINION : Failed to set JaCoCo session: org.jacoco.agent.rt.RT
21:16:58 PIT >> INFO : MINION : Failed to dump JaCoCo execution data: org.jacoco.agent.rt.RT
21:16:58 PIT >> INFO : MINION : Failed to set JaCoCo session: org.jacoco.agent.rt.RT
21:16:58 PIT >> INFO : MINION : Failed to dump JaCoCo execution data: org.jacoco.agent.rt.RT
21:16:58 PIT >> INFO : MINION : Failed to set JaCoCo session: org.jacoco.agent.rt.RT
21:16:58 PIT >> INFO : MINION : Failed to dump JaCoCo execution data: org.jacoco.agent.rt.RT
21:16:58 PIT >> INFO : MINION : Failed to set JaCoCo session: org.jacoco.agent.rt.RT
21:16:58 PIT >> INFO : MINION : Failed to dump JaCoCo execution data: org.jacoco.agent.rt.RT
21:16:58 PIT >> INFO : MINION : Failed to set JaCoCo session: org.jacoco.agent.rt.RT
21:16:58 PIT >> INFO : MINION : Failed to dump JaCoCo execution data: org.jacoco.agent.rt.RT
21:16:58 PIT >> INFO : MINION : Failed to set JaCoCo session: org.jacoco.agent.rt.RT
21:16:58 PIT >> INFO : MINION : Failed to dump JaCoCo execution data: org.jacoco.agent.rt.RT
21:16:58 PIT >> INFO : MINION : Failed to set JaCoCo session: org.jacoco.agent.rt.RT
21:16:58 PIT >> INFO : MINION : Failed to dump JaCoCo execution data: org.jacoco.agent.rt.RT
21:16:58 PIT >> INFO : MINION : Failed to set JaCoCo session: org.jacoco.agent.rt.RT
21:16:58 PIT >> INFO : MINION : Failed to dump JaCoCo execution data: org.jacoco.agent.rt.RT
21:16:58 PIT >> INFO : MINION : Failed to set JaCoCo session: org.jacoco.agent.rt.RT
21:16:58 PIT >> INFO : MINION : Failed to dump JaCoCo execution data: org.jacoco.agent.rt.RT
21:16:58 PIT >> INFO : MINION : Failed to set JaCoCo session: org.jacoco.agent.rt.RT
21:16:58 PIT >> INFO : MINION : Failed to dump JaCoCo execution data: org.jacoco.agent.rt.RT
21:16:58 PIT >> INFO : MINION : Failed to set JaCoCo session: org.jacoco.agent.rt.RT
21:16:58 PIT >> INFO : MINION : Failed to dump JaCoCo execution data: org.jacoco.agent.rt.RT
21:16:58 PIT >> INFO : MINION : Failed to set JaCoCo session: org.jacoco.agent.rt.RT
21:16:58 PIT >> INFO : MINION : Failed to dump JaCoCo execution data: org.jacoco.agent.rt.RT
21:16:58 PIT >> INFO : MINION : Failed to set JaCoCo session: org.jacoco.agent.rt.RT
21:16:58 PIT >> INFO : MINION : Failed to dump JaCoCo execution data: org.jacoco.agent.rt.RT
21:16:58 PIT >> INFO : MINION : Failed to set JaCoCo session: org.jacoco.agent.rt.RT
21:16:58 PIT >> INFO : MINION : Failed to dump JaCoCo execution data: org.jacoco.agent.rt.RT
21:16:58 PIT >> INFO : MINION : Failed to set JaCoCo session: org.jacoco.agent.rt.RT
21:16:58 PIT >> INFO : MINION : Failed to dump JaCoCo execution data: org.jacoco.agent.rt.RT
21:16:58 PIT >> INFO : MINION : Failed to set JaCoCo session: org.jacoco.agent.rt.RT
21:16:58 PIT >> INFO : MINION : Failed to dump JaCoCo execution data: org.jacoco.agent.rt.RT
21:16:58 PIT >> INFO : MINION : Failed to set JaCoCo session: org.jacoco.agent.rt.RT
21:16:58 PIT >> INFO : MINION : Failed to dump JaCoCo execution data: org.jacoco.agent.rt.RT
21:16:58 PIT >> INFO : MINION : Failed to set JaCoCo session: org.jacoco.agent.rt.RT
21:16:58 PIT >> INFO : MINION : Failed to dump JaCoCo execution data: org.jacoco.agent.rt.RT
21:16:58 PIT >> INFO : MINION : Failed to set JaCoCo session: org.jacoco.agent.rt.RT
21:16:58 PIT >> INFO : MINION : Failed to dump JaCoCo execution data: org.jacoco.agent.rt.RT
21:16:58 PIT >> INFO : MINION : Failed to set JaCoCo session: org.jacoco.agent.rt.RT
21:16:58 PIT >> INFO : MINION : Failed to dump JaCoCo execution data: org.jacoco.agent.rt.RT
21:16:58 PIT >> INFO : MINION : Failed to set JaCoCo session: org.jacoco.agent.rt.RT
21:16:58 PIT >> INFO : MINION : Failed to dump JaCoCo execution data: org.jacoco.agent.rt.RT
21:16:58 PIT >> INFO : MINION : Failed to set JaCoCo session: org.jacoco.agent.rt.RT
21:16:58 PIT >> INFO : MINION : Failed to dump JaCoCo execution data: org.jacoco.agent.rt.RT
21:16:58 PIT >> INFO : MINION : Failed to set JaCoCo session: org.jacoco.agent.rt.RT
21:16:58 PIT >> INFO : MINION : Failed to dump JaCoCo execution data: org.jacoco.agent.rt.RT
21:16:58 PIT >> INFO : MINION : Failed to set JaCoCo session: org.jacoco.agent.rt.RT
21:16:58 PIT >> INFO : MINION : Failed to dump JaCoCo execution data: org.jacoco.agent.rt.RT
21:16:58 PIT >> INFO : MINION : Failed to set JaCoCo session: org.jacoco.agent.rt.RT
21:16:58 PIT >> INFO : MINION : Failed to dump JaCoCo execution data: org.jacoco.agent.rt.RT
21:16:58 PIT >> INFO : MINION : Failed to set JaCoCo session: org.jacoco.agent.rt.RT
21:16:58 PIT >> INFO : MINION : Failed to dump JaCoCo execution data: org.jacoco.agent.rt.RT
21:16:58 PIT >> INFO : MINION : Failed to set JaCoCo session: org.jacoco.agent.rt.RT
21:16:58 PIT >> INFO : MINION : Failed to dump JaCoCo execution data: org.jacoco.agent.rt.RT
21:16:58 PIT >> INFO : MINION : Failed to set JaCoCo session: org.jacoco.agent.rt.RT
21:16:58 PIT >> INFO : MINION : Failed to dump JaCoCo execution data: org.jacoco.agent.rt.RT
21:16:58 PIT >> INFO : MINION : Failed to set JaCoCo session: org.jacoco.agent.rt.RT
21:16:58 PIT >> INFO : MINION : Failed to dump JaCoCo execution data: org.jacoco.agent.rt.RT
21:16:58 PIT >> INFO : MINION : Failed to set JaCoCo session: org.jacoco.agent.rt.RT
21:16:58 PIT >> INFO : MINION : Failed to dump JaCoCo execution data: org.jacoco.agent.rt.RT
21:16:58 PIT >> INFO : MINION : Failed to set JaCoCo session: org.jacoco.agent.rt.RT
21:16:58 PIT >> INFO : MINION : Failed to dump JaCoCo execution data: org.jacoco.agent.rt.RT
21:16:58 PIT >> INFO : MINION : Failed to set JaCoCo session: org.jacoco.agent.rt.RT
21:16:58 PIT >> INFO : MINION : Failed to dump JaCoCo execution data: org.jacoco.agent.rt.RT
21:16:58 PIT >> INFO : MINION : Failed to set JaCoCo session: org.jacoco.agent.rt.RT
21:16:58 PIT >> INFO : MINION : Failed to dump JaCoCo execution data: org.jacoco.agent.rt.RT
21:16:58 PIT >> INFO : MINION : Failed to set JaCoCo session: org.jacoco.agent.rt.RT
21:16:58 PIT >> INFO : MINION : Failed to dump JaCoCo execution data: org.jacoco.agent.rt.RT
21:16:58 PIT >> INFO : MINION : Failed to set JaCoCo session: org.jacoco.agent.rt.RT
21:16:58 PIT >> INFO : MINION : Failed to dump JaCoCo execution data: org.jacoco.agent.rt.RT
21:16:58 PIT >> INFO : MINION : Failed to set JaCoCo session: org.jacoco.agent.rt.RT
21:16:58 PIT >> INFO : MINION : Failed to dump JaCoCo execution data: org.jacoco.agent.rt.RT
21:16:58 PIT >> INFO : MINION : Failed to set JaCoCo session: org.jacoco.agent.rt.RT
21:16:58 PIT >> INFO : MINION : Failed to dump JaCoCo execution data: org.jacoco.agent.rt.RT
21:16:58 PIT >> INFO : MINION : Failed to set JaCoCo session: org.jacoco.agent.rt.RT
21:16:58 PIT >> INFO : MINION : Failed to dump JaCoCo execution data: org.jacoco.agent.rt.RT
21:16:58 PIT >> INFO : MINION : Failed to set JaCoCo session: org.jacoco.agent.rt.RT
21:16:58 PIT >> INFO : MINION : Failed to dump JaCoCo execution data: org.jacoco.agent.rt.RT
21:16:58 PIT >> INFO : MINION : Failed to set JaCoCo session: org.jacoco.agent.rt.RT
21:16:58 PIT >> INFO : MINION : Failed to dump JaCoCo execution data: org.jacoco.agent.rt.RT
21:16:58 PIT >> INFO : MINION : Failed to set JaCoCo session: org.jacoco.agent.rt.RT
21:16:58 PIT >> INFO : MINION : Failed to dump JaCoCo execution data: org.jacoco.agent.rt.RT
21:16:58 PIT >> INFO : MINION : Failed to set JaCoCo session: org.jacoco.agent.rt.RT
21:16:58 PIT >> INFO : MINION : Failed to dump JaCoCo execution data: org.jacoco.agent.rt.RT
21:16:58 PIT >> INFO : MINION : Failed to set JaCoCo session: org.jacoco.agent.rt.RT
21:16:58 PIT >> INFO : MINION : Failed to dump JaCoCo execution data: org.jacoco.agent.rt.RT
21:16:58 PIT >> INFO : MINION : Failed to set JaCoCo session: org.jacoco.agent.rt.RT
21:16:58 PIT >> INFO : MINION : Failed to dump JaCoCo execution data: org.jacoco.agent.rt.RT
21:16:58 PIT >> INFO : MINION : Failed to set JaCoCo session: org.jacoco.agent.rt.RT
21:16:58 PIT >> INFO : MINION : Failed to dump JaCoCo execution data: org.jacoco.agent.rt.RT
21:16:58 PIT >> INFO : MINION : Failed to set JaCoCo session: org.jacoco.agent.rt.RT
21:16:58 PIT >> INFO : MINION : Failed to dump JaCoCo execution data: org.jacoco.agent.rt.RT
21:16:58 PIT >> INFO : MINION : Failed to set JaCoCo session: org.jacoco.agent.rt.RT
21:16:58 PIT >> INFO : MINION : Failed to dump JaCoCo execution data: org.jacoco.agent.rt.RT
21:16:58 PIT >> INFO : MINION : Failed to set JaCoCo session: org.jacoco.agent.rt.RT
21:16:58 PIT >> INFO : MINION : Failed to dump JaCoCo execution data: org.jacoco.agent.rt.RT
21:16:58 PIT >> INFO : MINION : Failed to set JaCoCo session: org.jacoco.agent.rt.RT
21:16:58 PIT >> INFO : MINION : Failed to dump JaCoCo execution data: org.jacoco.agent.rt.RT
21:16:58 PIT >> INFO : MINION : Failed to set JaCoCo session: org.jacoco.agent.rt.RT
21:16:58 PIT >> INFO : MINION : Failed to dump JaCoCo execution data: org.jacoco.agent.rt.RT
21:16:58 PIT >> INFO : MINION : Failed to set JaCoCo session: org.jacoco.agent.rt.RT
21:16:58 PIT >> INFO : MINION : Failed to dump JaCoCo execution data: org.jacoco.agent.rt.RT
21:16:58 PIT >> INFO : MINION : Failed to set JaCoCo session: org.jacoco.agent.rt.RT
21:16:58 PIT >> INFO : MINION : Failed to dump JaCoCo execution data: org.jacoco.agent.rt.RT
21:16:58 PIT >> INFO : MINION : Failed to set JaCoCo session: org.jacoco.agent.rt.RT
21:16:58 PIT >> INFO : MINION : Failed to dump JaCoCo execution data: org.jacoco.agent.rt.RT
21:16:58 PIT >> INFO : MINION : Failed to set JaCoCo session: org.jacoco.agent.rt.RT
21:16:58 PIT >> INFO : MINION : Failed to dump JaCoCo execution data: org.jacoco.agent.rt.RT
21:16:58 PIT >> INFO : MINION : Failed to set JaCoCo session: org.jacoco.agent.rt.RT
21:16:58 PIT >> INFO : MINION : Failed to dump JaCoCo execution data: org.jacoco.agent.rt.RT
21:16:58 PIT >> INFO : MINION : Failed to set JaCoCo session: org.jacoco.agent.rt.RT
21:16:58 PIT >> INFO : MINION : Failed to dump JaCoCo execution data: org.jacoco.agent.rt.RT
21:16:58 PIT >> INFO : MINION : Failed to set JaCoCo session: org.jacoco.agent.rt.RT
21:16:58 PIT >> INFO : MINION : Failed to dump JaCoCo execution data: org.jacoco.agent.rt.RT
21:16:58 PIT >> INFO : MINION : Failed to set JaCoCo session: org.jacoco.agent.rt.RT
21:16:58 PIT >> INFO : MINION : Failed to dump JaCoCo execution data: org.jacoco.agent.rt.RT
21:16:58 PIT >> INFO : MINION : Failed to set JaCoCo session: org.jacoco.agent.rt.RT
21:16:58 PIT >> INFO : MINION : Failed to dump JaCoCo execution data: org.jacoco.agent.rt.RT
21:16:58 PIT >> INFO : MINION : Failed to set JaCoCo session: org.jacoco.agent.rt.RT
21:16:58 PIT >> INFO : MINION : Failed to dump JaCoCo execution data: org.jacoco.agent.rt.RT
21:16:58 PIT >> INFO : MINION : Failed to set JaCoCo session: org.jacoco.agent.rt.RT
21:16:58 PIT >> INFO : MINION : Failed to dump JaCoCo execution data: org.jacoco.agent.rt.RT
21:16:58 PIT >> INFO : MINION : Failed to set JaCoCo session: org.jacoco.agent.rt.RT
21:16:58 PIT >> INFO : MINION : Failed to dump JaCoCo execution data: org.jacoco.agent.rt.RT
21:16:58 PIT >> INFO : MINION : Failed to set JaCoCo session: org.jacoco.agent.rt.RT
21:16:58 PIT >> INFO : MINION : Failed to dump JaCoCo execution data: org.jacoco.agent.rt.RT
21:16:58 PIT >> INFO : MINION : Failed to set JaCoCo session: org.jacoco.agent.rt.RT
21:16:58 PIT >> INFO : MINION : Failed to dump JaCoCo execution data: org.jacoco.agent.rt.RT
21:16:58 PIT >> INFO : MINION : Failed to set JaCoCo session: org.jacoco.agent.rt.RT
21:16:58 PIT >> INFO : MINION : Failed to dump JaCoCo execution data: org.jacoco.agent.rt.RT
21:16:58 PIT >> INFO : MINION : Failed to set JaCoCo session: org.jacoco.agent.rt.RT
21:16:58 PIT >> INFO : MINION : Failed to dump JaCoCo execution data: org.jacoco.agent.rt.RT
21:16:58 PIT >> INFO : MINION : Failed to set JaCoCo session: org.jacoco.agent.rt.RT
21:16:58 PIT >> INFO : MINION : Failed to dump JaCoCo execution data: org.jacoco.agent.rt.RT
21:16:58 PIT >> INFO : MINION : Failed to set JaCoCo session: org.jacoco.agent.rt.RT
21:16:58 PIT >> INFO : MINION : Failed to dump JaCoCo execution data: org.jacoco.agent.rt.RT
21:16:58 PIT >> INFO : MINION : Failed to set JaCoCo session: org.jacoco.agent.rt.RT
21:16:58 PIT >> INFO : MINION : Failed to dump JaCoCo execution data: org.jacoco.agent.rt.RT
21:16:58 PIT >> INFO : MINION : Failed to set JaCoCo session: org.jacoco.agent.rt.RT
21:16:58 PIT >> INFO : MINION : Failed to dump JaCoCo execution data: org.jacoco.agent.rt.RT
21:16:58 PIT >> INFO : MINION : Failed to set JaCoCo session: org.jacoco.agent.rt.RT
21:16:58 PIT >> INFO : MINION : Failed to dump JaCoCo execution data: org.jacoco.agent.rt.RT
21:16:58 PIT >> INFO : MINION : Failed to set JaCoCo session: org.jacoco.agent.rt.RT
21:16:58 PIT >> INFO : MINION : Failed to dump JaCoCo execution data: org.jacoco.agent.rt.RT
21:16:58 PIT >> INFO : MINION : Failed to set JaCoCo session: org.jacoco.agent.rt.RT
21:16:58 PIT >> INFO : MINION : Failed to dump JaCoCo execution data: org.jacoco.agent.rt.RT
21:16:58 PIT >> INFO : MINION : Failed to set JaCoCo session: org.jacoco.agent.rt.RT
21:16:58 PIT >> INFO : MINION : Failed to dump JaCoCo execution data: org.jacoco.agent.rt.RT
21:16:58 PIT >> INFO : MINION : Failed to set JaCoCo session: org.jacoco.agent.rt.RT
21:16:58 PIT >> INFO : MINION : Failed to dump JaCoCo execution data: org.jacoco.agent.rt.RT
21:16:58 PIT >> INFO : MINION : Failed to set JaCoCo session: org.jacoco.agent.rt.RT
21:16:58 PIT >> INFO : MINION : Failed to dump JaCoCo execution data: org.jacoco.agent.rt.RT
21:16:58 PIT >> INFO : MINION : Failed to set JaCoCo session: org.jacoco.agent.rt.RT
21:16:58 PIT >> INFO : MINION : Failed to dump JaCoCo execution data: org.jacoco.agent.rt.RT
21:16:58 PIT >> INFO : MINION : Failed to set JaCoCo session: org.jacoco.agent.rt.RT
21:16:58 PIT >> INFO : MINION : Failed to dump JaCoCo execution data: org.jacoco.agent.rt.RT
21:16:58 PIT >> INFO : MINION : Failed to set JaCoCo session: org.jacoco.agent.rt.RT
21:16:58 PIT >> INFO : MINION : Failed to dump JaCoCo execution data: org.jacoco.agent.rt.RT
21:16:58 PIT >> INFO : MINION : Failed to set JaCoCo session: org.jacoco.agent.rt.RT
21:16:58 PIT >> INFO : MINION : Failed to dump JaCoCo execution data: org.jacoco.agent.rt.RT
21:16:58 PIT >> INFO : MINION : Failed to set JaCoCo session: org.jacoco.agent.rt.RT
21:16:58 PIT >> INFO : MINION : Failed to dump JaCoCo execution data: org.jacoco.agent.rt.RT
21:16:58 PIT >> INFO : MINION : Failed to set JaCoCo session: org.jacoco.agent.rt.RT
21:16:58 PIT >> INFO : MINION : Failed to dump JaCoCo execution data: org.jacoco.agent.rt.RT
21:16:58 PIT >> INFO : MINION : Failed to set JaCoCo session: org.jacoco.agent.rt.RT
21:16:58 PIT >> INFO : MINION : Failed to dump JaCoCo execution data: org.jacoco.agent.rt.RT
21:16:58 PIT >> INFO : MINION : Failed to set JaCoCo session: org.jacoco.agent.rt.RT
21:16:58 PIT >> INFO : MINION : Failed to dump JaCoCo execution data: org.jacoco.agent.rt.RT
21:16:58 PIT >> INFO : MINION : Failed to set JaCoCo session: org.jacoco.agent.rt.RT
21:16:58 PIT >> INFO : MINION : Failed to dump JaCoCo execution data: org.jacoco.agent.rt.RT
21:16:58 PIT >> INFO : MINION : Failed to set JaCoCo session: org.jacoco.agent.rt.RT
21:16:58 PIT >> INFO : MINION : Failed to dump JaCoCo execution data: org.jacoco.agent.rt.RT
21:16:58 PIT >> INFO : MINION : Failed to set JaCoCo session: org.jacoco.agent.rt.RT
21:16:58 PIT >> INFO : MINION : Failed to dump JaCoCo execution data: org.jacoco.agent.rt.RT
21:16:58 PIT >> INFO : MINION : Failed to set JaCoCo session: org.jacoco.agent.rt.RT
21:16:58 PIT >> INFO : MINION : Failed to dump JaCoCo execution data: org.jacoco.agent.rt.RT
21:16:58 PIT >> INFO : MINION : Failed to set JaCoCo session: org.jacoco.agent.rt.RT
21:16:58 PIT >> INFO : MINION : Failed to dump JaCoCo execution data: org.jacoco.agent.rt.RT
21:16:58 PIT >> INFO : MINION : Failed to set JaCoCo session: org.jacoco.agent.rt.RT
21:16:58 PIT >> INFO : MINION : Failed to dump JaCoCo execution data: org.jacoco.agent.rt.RT
21:16:58 PIT >> INFO : MINION : Failed to set JaCoCo session: org.jacoco.agent.rt.RT
21:16:58 PIT >> INFO : MINION : Failed to dump JaCoCo execution data: org.jacoco.agent.rt.RT
21:16:58 PIT >> INFO : MINION : Failed to set JaCoCo session: org.jacoco.agent.rt.RT
21:16:58 PIT >> INFO : MINION : Failed to dump JaCoCo execution data: org.jacoco.agent.rt.RT
21:16:58 PIT >> INFO : MINION : Failed to set JaCoCo session: org.jacoco.agent.rt.RT
21:16:58 PIT >> INFO : MINION : Failed to dump JaCoCo execution data: org.jacoco.agent.rt.RT
21:16:58 PIT >> INFO : MINION : Failed to set JaCoCo session: org.jacoco.agent.rt.RT
21:16:58 PIT >> INFO : MINION : Failed to dump JaCoCo execution data: org.jacoco.agent.rt.RT
21:16:58 PIT >> INFO : MINION : Failed to set JaCoCo session: org.jacoco.agent.rt.RT
21:16:58 PIT >> INFO : MINION : Failed to dump JaCoCo execution data: org.jacoco.agent.rt.RT
21:16:58 PIT >> INFO : MINION : Failed to set JaCoCo session: org.jacoco.agent.rt.RT
21:16:58 PIT >> INFO : MINION : Failed to dump JaCoCo execution data: org.jacoco.agent.rt.RT
21:16:58 PIT >> INFO : MINION : Failed to set JaCoCo session: org.jacoco.agent.rt.RT
21:16:58 PIT >> INFO : MINION : Failed to dump JaCoCo execution data: org.jacoco.agent.rt.RT
21:16:58 PIT >> INFO : MINION : Failed to set JaCoCo session: org.jacoco.agent.rt.RT
21:16:58 PIT >> INFO : MINION : Failed to dump JaCoCo execution data: org.jacoco.agent.rt.RT
21:16:58 PIT >> INFO : MINION : Failed to set JaCoCo session: org.jacoco.agent.rt.RT
21:16:58 PIT >> INFO : MINION : Failed to dump JaCoCo execution data: org.jacoco.agent.rt.RT
21:16:58 PIT >> INFO : MINION : Failed to set JaCoCo session: org.jacoco.agent.rt.RT
21:16:58 PIT >> INFO : MINION : Failed to dump JaCoCo execution data: org.jacoco.agent.rt.RT
21:16:58 PIT >> INFO : MINION : Failed to set JaCoCo session: org.jacoco.agent.rt.RT
21:16:58 PIT >> INFO : MINION : Failed to dump JaCoCo execution data: org.jacoco.agent.rt.RT
21:16:58 PIT >> INFO : MINION : Failed to set JaCoCo session: org.jacoco.agent.rt.RT
21:16:58 PIT >> INFO : MINION : Failed to dump JaCoCo execution data: org.jacoco.agent.rt.RT
21:16:58 PIT >> INFO : MINION : Failed to set JaCoCo session: org.jacoco.agent.rt.RT
21:16:58 PIT >> INFO : MINION : Failed to dump JaCoCo execution data: org.jacoco.agent.rt.RT
21:16:58 PIT >> INFO : MINION : Failed to set JaCoCo session: org.jacoco.agent.rt.RT
21:16:58 PIT >> INFO : MINION : Failed to dump JaCoCo execution data: org.jacoco.agent.rt.RT
21:16:59 PIT >> INFO : MINION : Failed to set JaCoCo session: org.jacoco.agent.rt.RT
21:16:59 PIT >> INFO : MINION : Failed to dump JaCoCo execution data: org.jacoco.agent.rt.RT
21:16:59 PIT >> INFO : MINION : Failed to set JaCoCo session: org.jacoco.agent.rt.RT
21:16:59 PIT >> INFO : MINION : Failed to dump JaCoCo execution data: org.jacoco.agent.rt.RT
21:16:59 PIT >> INFO : MINION : Failed to set JaCoCo session: org.jacoco.agent.rt.RT
21:16:59 PIT >> INFO : MINION : Failed to dump JaCoCo execution data: org.jacoco.agent.rt.RT
21:16:59 PIT >> INFO : MINION : Failed to set JaCoCo session: org.jacoco.agent.rt.RT
21:16:59 PIT >> INFO : MINION : Failed to dump JaCoCo execution data: org.jacoco.agent.rt.RT
21:16:59 PIT >> INFO : MINION : Failed to set JaCoCo session: org.jacoco.agent.rt.RT
21:16:59 PIT >> INFO : MINION : Failed to dump JaCoCo execution data: org.jacoco.agent.rt.RT
21:16:59 PIT >> INFO : MINION : Failed to set JaCoCo session: org.jacoco.agent.rt.RT
21:16:59 PIT >> INFO : MINION : Failed to dump JaCoCo execution data: org.jacoco.agent.rt.RT
21:16:59 PIT >> INFO : MINION : Failed to set JaCoCo session: org.jacoco.agent.rt.RT
21:16:59 PIT >> INFO : MINION : Failed to dump JaCoCo execution data: org.jacoco.agent.rt.RT
21:16:59 PIT >> INFO : MINION : Failed to set JaCoCo session: org.jacoco.agent.rt.RT
21:16:59 PIT >> INFO : MINION : Failed to dump JaCoCo execution data: org.jacoco.agent.rt.RT
21:16:59 PIT >> INFO : MINION : Failed to set JaCoCo session: org.jacoco.agent.rt.RT
21:16:59 PIT >> INFO : MINION : Failed to dump JaCoCo execution data: org.jacoco.agent.rt.RT
21:16:59 PIT >> INFO : MINION : Failed to set JaCoCo session: org.jacoco.agent.rt.RT
21:16:59 PIT >> INFO : MINION : Failed to dump JaCoCo execution data: org.jacoco.agent.rt.RT
21:16:59 PIT >> INFO : MINION : Failed to set JaCoCo session: org.jacoco.agent.rt.RT
21:16:59 PIT >> INFO : MINION : Failed to dump JaCoCo execution data: org.jacoco.agent.rt.RT
21:16:59 PIT >> INFO : MINION : Failed to set JaCoCo session: org.jacoco.agent.rt.RT
21:16:59 PIT >> INFO : MINION : Failed to dump JaCoCo execution data: org.jacoco.agent.rt.RT
21:16:59 PIT >> INFO : MINION : Failed to set JaCoCo session: org.jacoco.agent.rt.RT
21:16:59 PIT >> INFO : MINION : Failed to dump JaCoCo execution data: org.jacoco.agent.rt.RT
21:16:59 PIT >> INFO : MINION : Failed to set JaCoCo session: org.jacoco.agent.rt.RT
21:16:59 PIT >> INFO : MINION : Failed to dump JaCoCo execution data: org.jacoco.agent.rt.RT
21:16:59 PIT >> INFO : MINION : Failed to set JaCoCo session: org.jacoco.agent.rt.RT
21:16:59 PIT >> INFO : MINION : Failed to dump JaCoCo execution data: org.jacoco.agent.rt.RT
21:16:59 PIT >> INFO : MINION : Failed to set JaCoCo session: org.jacoco.agent.rt.RT
21:16:59 PIT >> INFO : MINION : Failed to dump JaCoCo execution data: org.jacoco.agent.rt.RT
21:16:59 PIT >> INFO : MINION : Failed to set JaCoCo session: org.jacoco.agent.rt.RT
21:16:59 PIT >> INFO : MINION : Failed to dump JaCoCo execution data: org.jacoco.agent.rt.RT
21:16:59 PIT >> INFO : MINION : Failed to set JaCoCo session: org.jacoco.agent.rt.RT
21:16:59 PIT >> INFO : MINION : Failed to dump JaCoCo execution data: org.jacoco.agent.rt.RT
21:16:59 PIT >> INFO : MINION : Failed to set JaCoCo session: org.jacoco.agent.rt.RT
21:16:59 PIT >> INFO : MINION : Failed to dump JaCoCo execution data: org.jacoco.agent.rt.RT
21:16:59 PIT >> INFO : MINION : Failed to set JaCoCo session: org.jacoco.agent.rt.RT
21:16:59 PIT >> INFO : MINION : Failed to dump JaCoCo execution data: org.jacoco.agent.rt.RT
21:16:59 PIT >> INFO : MINION : Failed to set JaCoCo session: org.jacoco.agent.rt.RT
21:16:59 PIT >> INFO : MINION : Failed to dump JaCoCo execution data: org.jacoco.agent.rt.RT
21:16:59 PIT >> INFO : MINION : Failed to set JaCoCo session: org.jacoco.agent.rt.RT
21:16:59 PIT >> INFO : MINION : Failed to dump JaCoCo execution data: org.jacoco.agent.rt.RT
21:16:59 PIT >> INFO : MINION : Failed to set JaCoCo session: org.jacoco.agent.rt.RT
21:16:59 PIT >> INFO : MINION : Failed to dump JaCoCo execution data: org.jacoco.agent.rt.RT
21:16:59 PIT >> INFO : MINION : Failed to set JaCoCo session: org.jacoco.agent.rt.RT
21:16:59 PIT >> INFO : MINION : Failed to dump JaCoCo execution data: org.jacoco.agent.rt.RT
21:16:59 PIT >> INFO : MINION : Failed to set JaCoCo session: org.jacoco.agent.rt.RT
21:16:59 PIT >> INFO : MINION : Failed to dump JaCoCo execution data: org.jacoco.agent.rt.RT
21:16:59 PIT >> INFO : MINION : Failed to set JaCoCo session: org.jacoco.agent.rt.RT
21:16:59 PIT >> INFO : MINION : Failed to dump JaCoCo execution data: org.jacoco.agent.rt.RT
21:16:59 PIT >> INFO : MINION : Failed to set JaCoCo session: org.jacoco.agent.rt.RT
21:16:59 PIT >> INFO : MINION : Failed to dump JaCoCo execution data: org.jacoco.agent.rt.RT
21:16:59 PIT >> INFO : MINION : Failed to set JaCoCo session: org.jacoco.agent.rt.RT
21:16:59 PIT >> INFO : MINION : Failed to dump JaCoCo execution data: org.jacoco.agent.rt.RT
21:16:59 PIT >> INFO : MINION : Failed to set JaCoCo session: org.jacoco.agent.rt.RT
21:16:59 PIT >> INFO : MINION : Failed to dump JaCoCo execution data: org.jacoco.agent.rt.RT
21:16:59 PIT >> INFO : MINION : Failed to set JaCoCo session: org.jacoco.agent.rt.RT
21:16:59 PIT >> INFO : MINION : Failed to dump JaCoCo execution data: org.jacoco.agent.rt.RT
21:16:59 PIT >> INFO : MINION : Failed to set JaCoCo session: org.jacoco.agent.rt.RT
21:16:59 PIT >> INFO : MINION : Failed to dump JaCoCo execution data: org.jacoco.agent.rt.RT
21:16:59 PIT >> INFO : MINION : Failed to set JaCoCo session: org.jacoco.agent.rt.RT
21:16:59 PIT >> INFO : MINION : Failed to dump JaCoCo execution data: org.jacoco.agent.rt.RT
21:16:59 PIT >> INFO : MINION : Failed to set JaCoCo session: org.jacoco.agent.rt.RT
21:16:59 PIT >> INFO : MINION : Failed to dump JaCoCo execution data: org.jacoco.agent.rt.RT
21:16:59 PIT >> INFO : MINION : Failed to set JaCoCo session: org.jacoco.agent.rt.RT
21:16:59 PIT >> INFO : MINION : Failed to dump JaCoCo execution data: org.jacoco.agent.rt.RT
21:16:59 PIT >> INFO : MINION : Failed to set JaCoCo session: org.jacoco.agent.rt.RT
21:16:59 PIT >> INFO : MINION : Failed to dump JaCoCo execution data: org.jacoco.agent.rt.RT
21:16:59 PIT >> INFO : MINION : Failed to set JaCoCo session: org.jacoco.agent.rt.RT
21:16:59 PIT >> INFO : MINION : Failed to dump JaCoCo execution data: org.jacoco.agent.rt.RT
21:16:59 PIT >> INFO : MINION : Failed to set JaCoCo session: org.jacoco.agent.rt.RT
21:16:59 PIT >> INFO : MINION : Failed to dump JaCoCo execution data: org.jacoco.agent.rt.RT
21:16:59 PIT >> INFO : MINION : Failed to set JaCoCo session: org.jacoco.agent.rt.RT
21:16:59 PIT >> INFO : MINION : Failed to dump JaCoCo execution data: org.jacoco.agent.rt.RT
21:16:59 PIT >> INFO : MINION : Failed to set JaCoCo session: org.jacoco.agent.rt.RT
21:16:59 PIT >> INFO : MINION : Failed to dump JaCoCo execution data: org.jacoco.agent.rt.RT
21:16:59 PIT >> INFO : MINION : Failed to set JaCoCo session: org.jacoco.agent.rt.RT
21:16:59 PIT >> INFO : MINION : Failed to dump JaCoCo execution data: org.jacoco.agent.rt.RT
21:16:59 PIT >> INFO : MINION : Failed to set JaCoCo session: org.jacoco.agent.rt.RT
21:16:59 PIT >> INFO : MINION : Failed to dump JaCoCo execution data: org.jacoco.agent.rt.RT
21:16:59 PIT >> INFO : MINION : Failed to set JaCoCo session: org.jacoco.agent.rt.RT
21:16:59 PIT >> INFO : MINION : Failed to dump JaCoCo execution data: org.jacoco.agent.rt.RT
21:16:59 PIT >> INFO : MINION : Failed to set JaCoCo session: org.jacoco.agent.rt.RT
21:16:59 PIT >> INFO : MINION : Failed to dump JaCoCo execution data: org.jacoco.agent.rt.RT
21:16:59 PIT >> INFO : MINION : Failed to set JaCoCo session: org.jacoco.agent.rt.RT
21:16:59 PIT >> INFO : MINION : Failed to dump JaCoCo execution data: org.jacoco.agent.rt.RT
21:16:59 PIT >> INFO : MINION : Failed to set JaCoCo session: org.jacoco.agent.rt.RT
21:16:59 PIT >> INFO : MINION : Failed to dump JaCoCo execution data: org.jacoco.agent.rt.RT
21:16:59 PIT >> INFO : MINION : Failed to set JaCoCo session: org.jacoco.agent.rt.RT
21:16:59 PIT >> INFO : MINION : Failed to dump JaCoCo execution data: org.jacoco.agent.rt.RT
21:16:59 PIT >> INFO : MINION : Failed to set JaCoCo session: org.jacoco.agent.rt.RT
21:16:59 PIT >> INFO : MINION : Failed to dump JaCoCo execution data: org.jacoco.agent.rt.RT
21:16:59 PIT >> INFO : MINION : Failed to set JaCoCo session: org.jacoco.agent.rt.RT
21:16:59 PIT >> INFO : MINION : Failed to dump JaCoCo execution data: org.jacoco.agent.rt.RT
21:16:59 PIT >> INFO : MINION : Failed to set JaCoCo session: org.jacoco.agent.rt.RT
21:16:59 PIT >> INFO : MINION : Failed to dump JaCoCo execution data: org.jacoco.agent.rt.RT
21:16:59 PIT >> INFO : MINION : Failed to set JaCoCo session: org.jacoco.agent.rt.RT
21:16:59 PIT >> INFO : MINION : Failed to dump JaCoCo execution data: org.jacoco.agent.rt.RT
21:16:59 PIT >> INFO : MINION : Failed to set JaCoCo session: org.jacoco.agent.rt.RT
21:16:59 PIT >> INFO : MINION : Failed to dump JaCoCo execution data: org.jacoco.agent.rt.RT
21:16:59 PIT >> INFO : MINION : Failed to set JaCoCo session: org.jacoco.agent.rt.RT
21:16:59 PIT >> INFO : MINION : Failed to dump JaCoCo execution data: org.jacoco.agent.rt.RT
21:16:59 PIT >> INFO : MINION : Failed to set JaCoCo session: org.jacoco.agent.rt.RT
21:16:59 PIT >> INFO : MINION : Failed to dump JaCoCo execution data: org.jacoco.agent.rt.RT
21:16:59 PIT >> INFO : MINION : Failed to set JaCoCo session: org.jacoco.agent.rt.RT
21:16:59 PIT >> INFO : MINION : Failed to dump JaCoCo execution data: org.jacoco.agent.rt.RT
21:16:59 PIT >> INFO : MINION : Failed to set JaCoCo session: org.jacoco.agent.rt.RT
21:16:59 PIT >> INFO : MINION : Failed to dump JaCoCo execution data: org.jacoco.agent.rt.RT
21:16:59 PIT >> INFO : MINION : Failed to set JaCoCo session: org.jacoco.agent.rt.RT
21:16:59 PIT >> INFO : MINION : Failed to dump JaCoCo execution data: org.jacoco.agent.rt.RT
21:16:59 PIT >> INFO : MINION : Failed to set JaCoCo session: org.jacoco.agent.rt.RT
21:16:59 PIT >> INFO : MINION : Failed to dump JaCoCo execution data: org.jacoco.agent.rt.RT
21:16:59 PIT >> INFO : MINION : Failed to set JaCoCo session: org.jacoco.agent.rt.RT
21:16:59 PIT >> INFO : MINION : Failed to dump JaCoCo execution data: org.jacoco.agent.rt.RT
21:16:59 PIT >> INFO : MINION : Failed to set JaCoCo session: org.jacoco.agent.rt.RT
21:16:59 PIT >> INFO : MINION : Failed to dump JaCoCo execution data: org.jacoco.agent.rt.RT
21:16:59 PIT >> INFO : MINION : Failed to set JaCoCo session: org.jacoco.agent.rt.RT
21:16:59 PIT >> INFO : MINION : Failed to dump JaCoCo execution data: org.jacoco.agent.rt.RT
21:16:59 PIT >> INFO : MINION : Failed to set JaCoCo session: org.jacoco.agent.rt.RT
21:16:59 PIT >> INFO : MINION : Failed to dump JaCoCo execution data: org.jacoco.agent.rt.RT
21:16:59 PIT >> INFO : MINION : Failed to set JaCoCo session: org.jacoco.agent.rt.RT
21:16:59 PIT >> INFO : MINION : Failed to dump JaCoCo execution data: org.jacoco.agent.rt.RT
21:16:59 PIT >> INFO : MINION : Failed to set JaCoCo session: org.jacoco.agent.rt.RT
21:16:59 PIT >> INFO : MINION : Failed to dump JaCoCo execution data: org.jacoco.agent.rt.RT
21:16:59 PIT >> INFO : MINION : Failed to set JaCoCo session: org.jacoco.agent.rt.RT
21:16:59 PIT >> INFO : MINION : Failed to dump JaCoCo execution data: org.jacoco.agent.rt.RT
21:16:59 PIT >> INFO : MINION : Failed to set JaCoCo session: org.jacoco.agent.rt.RT
21:16:59 PIT >> INFO : MINION : Failed to dump JaCoCo execution data: org.jacoco.agent.rt.RT
21:16:59 PIT >> INFO : MINION : Failed to set JaCoCo session: org.jacoco.agent.rt.RT
21:16:59 PIT >> INFO : MINION : Failed to dump JaCoCo execution data: org.jacoco.agent.rt.RT
21:16:59 PIT >> INFO : MINION : Failed to set JaCoCo session: org.jacoco.agent.rt.RT
21:16:59 PIT >> INFO : MINION : Failed to dump JaCoCo execution data: org.jacoco.agent.rt.RT
21:16:59 PIT >> INFO : MINION : Failed to set JaCoCo session: org.jacoco.agent.rt.RT
21:16:59 PIT >> INFO : MINION : Failed to dump JaCoCo execution data: org.jacoco.agent.rt.RT
21:16:59 PIT >> INFO : MINION : Failed to set JaCoCo session: org.jacoco.agent.rt.RT
21:16:59 PIT >> INFO : MINION : Failed to dump JaCoCo execution data: org.jacoco.agent.rt.RT
21:16:59 PIT >> INFO : MINION : Failed to set JaCoCo session: org.jacoco.agent.rt.RT
21:16:59 PIT >> INFO : MINION : Failed to dump JaCoCo execution data: org.jacoco.agent.rt.RT
21:16:59 PIT >> INFO : MINION : Failed to set JaCoCo session: org.jacoco.agent.rt.RT
21:16:59 PIT >> INFO : MINION : Failed to dump JaCoCo execution data: org.jacoco.agent.rt.RT
21:16:59 PIT >> INFO : MINION : Failed to set JaCoCo session: org.jacoco.agent.rt.RT
21:16:59 PIT >> INFO : MINION : Failed to dump JaCoCo execution data: org.jacoco.agent.rt.RT
21:16:59 PIT >> INFO : MINION : Failed to set JaCoCo session: org.jacoco.agent.rt.RT
21:16:59 PIT >> INFO : MINION : Failed to dump JaCoCo execution data: org.jacoco.agent.rt.RT
21:16:59 PIT >> INFO : MINION : Failed to set JaCoCo session: org.jacoco.agent.rt.RT
21:16:59 PIT >> INFO : MINION : Failed to dump JaCoCo execution data: org.jacoco.agent.rt.RT
21:16:59 PIT >> INFO : MINION : Failed to set JaCoCo session: org.jacoco.agent.rt.RT
21:16:59 PIT >> INFO : MINION : Failed to dump JaCoCo execution data: org.jacoco.agent.rt.RT
21:16:59 PIT >> INFO : MINION : Failed to set JaCoCo session: org.jacoco.agent.rt.RT
21:16:59 PIT >> INFO : MINION : Failed to dump JaCoCo execution data: org.jacoco.agent.rt.RT
21:16:59 PIT >> INFO : MINION : Failed to set JaCoCo session: org.jacoco.agent.rt.RT
21:16:59 PIT >> INFO : MINION : Failed to dump JaCoCo execution data: org.jacoco.agent.rt.RT
21:16:59 PIT >> INFO : MINION : Failed to set JaCoCo session: org.jacoco.agent.rt.RT
21:16:59 PIT >> INFO : MINION : Failed to dump JaCoCo execution data: org.jacoco.agent.rt.RT
21:16:59 PIT >> INFO : MINION : Failed to set JaCoCo session: org.jacoco.agent.rt.RT
21:16:59 PIT >> INFO : MINION : Failed to dump JaCoCo execution data: org.jacoco.agent.rt.RT
21:16:59 PIT >> INFO : MINION : Failed to set JaCoCo session: org.jacoco.agent.rt.RT
21:16:59 PIT >> INFO : MINION : Failed to dump JaCoCo execution data: org.jacoco.agent.rt.RT
21:16:59 PIT >> INFO : MINION : Failed to set JaCoCo session: org.jacoco.agent.rt.RT
21:16:59 PIT >> INFO : MINION : Failed to dump JaCoCo execution data: org.jacoco.agent.rt.RT
21:16:59 PIT >> INFO : MINION : Failed to set JaCoCo session: org.jacoco.agent.rt.RT
21:16:59 PIT >> INFO : MINION : Failed to dump JaCoCo execution data: org.jacoco.agent.rt.RT
21:16:59 PIT >> INFO : MINION : Failed to set JaCoCo session: org.jacoco.agent.rt.RT
21:16:59 PIT >> INFO : MINION : Failed to dump JaCoCo execution data: org.jacoco.agent.rt.RT
21:16:59 PIT >> INFO : MINION : Failed to set JaCoCo session: org.jacoco.agent.rt.RT
21:16:59 PIT >> INFO : MINION : Failed to dump JaCoCo execution data: org.jacoco.agent.rt.RT
21:16:59 PIT >> INFO : MINION : Failed to set JaCoCo session: org.jacoco.agent.rt.RT
21:16:59 PIT >> INFO : MINION : Failed to dump JaCoCo execution data: org.jacoco.agent.rt.RT
21:16:59 PIT >> INFO : MINION : Failed to set JaCoCo session: org.jacoco.agent.rt.RT
21:16:59 PIT >> INFO : MINION : Failed to dump JaCoCo execution data: org.jacoco.agent.rt.RT
21:16:59 PIT >> INFO : MINION : Failed to set JaCoCo session: org.jacoco.agent.rt.RT
21:16:59 PIT >> INFO : MINION : Failed to dump JaCoCo execution data: org.jacoco.agent.rt.RT
21:16:59 PIT >> INFO : MINION : Failed to set JaCoCo session: org.jacoco.agent.rt.RT
21:16:59 PIT >> INFO : MINION : Failed to dump JaCoCo execution data: org.jacoco.agent.rt.RT
21:16:59 PIT >> INFO : MINION : Failed to set JaCoCo session: org.jacoco.agent.rt.RT
21:16:59 PIT >> INFO : MINION : Failed to dump JaCoCo execution data: org.jacoco.agent.rt.RT
21:16:59 PIT >> INFO : MINION : Failed to set JaCoCo session: org.jacoco.agent.rt.RT
21:16:59 PIT >> INFO : MINION : Failed to dump JaCoCo execution data: org.jacoco.agent.rt.RT
21:16:59 PIT >> INFO : MINION : Failed to set JaCoCo session: org.jacoco.agent.rt.RT
21:16:59 PIT >> INFO : MINION : Failed to dump JaCoCo execution data: org.jacoco.agent.rt.RT
21:16:59 PIT >> INFO : MINION : Failed to set JaCoCo session: org.jacoco.agent.rt.RT
21:16:59 PIT >> INFO : MINION : Failed to dump JaCoCo execution data: org.jacoco.agent.rt.RT
21:16:59 PIT >> INFO : MINION : Failed to set JaCoCo session: org.jacoco.agent.rt.RT
21:16:59 PIT >> INFO : MINION : Failed to dump JaCoCo execution data: org.jacoco.agent.rt.RT
21:16:59 PIT >> INFO : MINION : Failed to set JaCoCo session: org.jacoco.agent.rt.RT
21:16:59 PIT >> INFO : MINION : Failed to dump JaCoCo execution data: org.jacoco.agent.rt.RT
21:16:59 PIT >> INFO : MINION : Failed to set JaCoCo session: org.jacoco.agent.rt.RT
21:16:59 PIT >> INFO : MINION : Failed to dump JaCoCo execution data: org.jacoco.agent.rt.RT
21:16:59 PIT >> INFO : MINION : Failed to set JaCoCo session: org.jacoco.agent.rt.RT
21:16:59 PIT >> INFO : MINION : Failed to dump JaCoCo execution data: org.jacoco.agent.rt.RT
21:16:59 PIT >> INFO : MINION : Failed to set JaCoCo session: org.jacoco.agent.rt.RT
21:16:59 PIT >> INFO : MINION : Failed to dump JaCoCo execution data: org.jacoco.agent.rt.RT
21:16:59 PIT >> INFO : MINION : Failed to set JaCoCo session: org.jacoco.agent.rt.RT
21:16:59 PIT >> INFO : MINION : Failed to dump JaCoCo execution data: org.jacoco.agent.rt.RT
21:16:59 PIT >> INFO : MINION : Failed to set JaCoCo session: org.jacoco.agent.rt.RT
21:16:59 PIT >> INFO : MINION : Failed to dump JaCoCo execution data: org.jacoco.agent.rt.RT
21:16:59 PIT >> INFO : MINION : Failed to set JaCoCo session: org.jacoco.agent.rt.RT
21:16:59 PIT >> INFO : MINION : Failed to dump JaCoCo execution data: org.jacoco.agent.rt.RT
21:16:59 PIT >> INFO : MINION : Failed to set JaCoCo session: org.jacoco.agent.rt.RT
21:16:59 PIT >> INFO : MINION : Failed to dump JaCoCo execution data: org.jacoco.agent.rt.RT
21:16:59 PIT >> INFO : MINION : Failed to set JaCoCo session: org.jacoco.agent.rt.RT
21:16:59 PIT >> INFO : MINION : Failed to dump JaCoCo execution data: org.jacoco.agent.rt.RT
21:16:59 PIT >> INFO : MINION : Failed to set JaCoCo session: org.jacoco.agent.rt.RT
21:16:59 PIT >> INFO : MINION : Failed to dump JaCoCo execution data: org.jacoco.agent.rt.RT
21:16:59 PIT >> INFO : MINION : Failed to set JaCoCo session: org.jacoco.agent.rt.RT
21:16:59 PIT >> INFO : MINION : Failed to dump JaCoCo execution data: org.jacoco.agent.rt.RT
21:16:59 PIT >> INFO : MINION : Failed to set JaCoCo session: org.jacoco.agent.rt.RT
21:16:59 PIT >> INFO : MINION : Failed to dump JaCoCo execution data: org.jacoco.agent.rt.RT
21:16:59 PIT >> INFO : MINION : Failed to set JaCoCo session: org.jacoco.agent.rt.RT
21:16:59 PIT >> INFO : MINION : Failed to dump JaCoCo execution data: org.jacoco.agent.rt.RT
21:16:59 PIT >> INFO : MINION : Failed to set JaCoCo session: org.jacoco.agent.rt.RT
21:16:59 PIT >> INFO : MINION : Failed to dump JaCoCo execution data: org.jacoco.agent.rt.RT
21:16:59 PIT >> INFO : MINION : Failed to set JaCoCo session: org.jacoco.agent.rt.RT
21:16:59 PIT >> INFO : MINION : Failed to dump JaCoCo execution data: org.jacoco.agent.rt.RT
21:16:59 PIT >> INFO : MINION : Failed to set JaCoCo session: org.jacoco.agent.rt.RT
21:16:59 PIT >> INFO : MINION : Failed to dump JaCoCo execution data: org.jacoco.agent.rt.RT
21:16:59 PIT >> INFO : MINION : Failed to set JaCoCo session: org.jacoco.agent.rt.RT
21:16:59 PIT >> INFO : MINION : Failed to dump JaCoCo execution data: org.jacoco.agent.rt.RT
21:16:59 PIT >> INFO : MINION : Failed to set JaCoCo session: org.jacoco.agent.rt.RT
21:16:59 PIT >> INFO : MINION : Failed to dump JaCoCo execution data: org.jacoco.agent.rt.RT
21:16:59 PIT >> INFO : MINION : Failed to set JaCoCo session: org.jacoco.agent.rt.RT
21:16:59 PIT >> INFO : MINION : Failed to dump JaCoCo execution data: org.jacoco.agent.rt.RT
21:16:59 PIT >> INFO : MINION : Failed to set JaCoCo session: org.jacoco.agent.rt.RT
21:16:59 PIT >> INFO : MINION : Failed to dump JaCoCo execution data: org.jacoco.agent.rt.RT
21:16:59 PIT >> INFO : MINION : Failed to set JaCoCo session: org.jacoco.agent.rt.RT
21:16:59 PIT >> INFO : MINION : Failed to dump JaCoCo execution data: org.jacoco.agent.rt.RT
21:16:59 PIT >> INFO : MINION : Failed to set JaCoCo session: org.jacoco.agent.rt.RT
21:16:59 PIT >> INFO : MINION : Failed to dump JaCoCo execution data: org.jacoco.agent.rt.RT
21:16:59 PIT >> INFO : MINION : Failed to set JaCoCo session: org.jacoco.agent.rt.RT
21:16:59 PIT >> INFO : MINION : Failed to dump JaCoCo execution data: org.jacoco.agent.rt.RT
21:16:59 PIT >> INFO : MINION : Failed to set JaCoCo session: org.jacoco.agent.rt.RT
21:16:59 PIT >> INFO : MINION : Failed to dump JaCoCo execution data: org.jacoco.agent.rt.RT
21:16:59 PIT >> INFO : MINION : Failed to set JaCoCo session: org.jacoco.agent.rt.RT
21:16:59 PIT >> INFO : MINION : Failed to dump JaCoCo execution data: org.jacoco.agent.rt.RT
21:16:59 PIT >> INFO : MINION : Failed to set JaCoCo session: org.jacoco.agent.rt.RT
21:16:59 PIT >> INFO : MINION : Failed to dump JaCoCo execution data: org.jacoco.agent.rt.RT
21:16:59 PIT >> INFO : MINION : Failed to set JaCoCo session: org.jacoco.agent.rt.RT
21:16:59 PIT >> INFO : MINION : Failed to dump JaCoCo execution data: org.jacoco.agent.rt.RT
21:16:59 PIT >> INFO : MINION : Failed to set JaCoCo session: org.jacoco.agent.rt.RT
21:16:59 PIT >> INFO : MINION : Failed to dump JaCoCo execution data: org.jacoco.agent.rt.RT
21:16:59 PIT >> INFO : MINION : Failed to set JaCoCo session: org.jacoco.agent.rt.RT
21:16:59 PIT >> INFO : MINION : Failed to dump JaCoCo execution data: org.jacoco.agent.rt.RT
21:16:59 PIT >> INFO : MINION : Failed to set JaCoCo session: org.jacoco.agent.rt.RT
21:16:59 PIT >> INFO : MINION : Failed to dump JaCoCo execution data: org.jacoco.agent.rt.RT
21:16:59 PIT >> INFO : MINION : Failed to set JaCoCo session: org.jacoco.agent.rt.RT
21:16:59 PIT >> INFO : MINION : Failed to dump JaCoCo execution data: org.jacoco.agent.rt.RT
21:16:59 PIT >> INFO : MINION : Failed to set JaCoCo session: org.jacoco.agent.rt.RT
21:16:59 PIT >> INFO : MINION : Failed to dump JaCoCo execution data: org.jacoco.agent.rt.RT
21:16:59 PIT >> INFO : MINION : Failed to set JaCoCo session: org.jacoco.agent.rt.RT
21:16:59 PIT >> INFO : MINION : Failed to dump JaCoCo execution data: org.jacoco.agent.rt.RT
21:16:59 PIT >> INFO : MINION : Failed to set JaCoCo session: org.jacoco.agent.rt.RT
21:16:59 PIT >> INFO : MINION : Failed to dump JaCoCo execution data: org.jacoco.agent.rt.RT
21:16:59 PIT >> INFO : MINION : Failed to set JaCoCo session: org.jacoco.agent.rt.RT
21:16:59 PIT >> INFO : MINION : Failed to dump JaCoCo execution data: org.jacoco.agent.rt.RT
21:16:59 PIT >> INFO : MINION : Failed to set JaCoCo session: org.jacoco.agent.rt.RT
21:16:59 PIT >> INFO : MINION : Failed to dump JaCoCo execution data: org.jacoco.agent.rt.RT
21:16:59 PIT >> INFO : MINION : Failed to set JaCoCo session: org.jacoco.agent.rt.RT
21:16:59 PIT >> INFO : MINION : Failed to dump JaCoCo execution data: org.jacoco.agent.rt.RT
21:16:59 PIT >> INFO : MINION : Failed to set JaCoCo session: org.jacoco.agent.rt.RT
21:16:59 PIT >> INFO : MINION : Failed to dump JaCoCo execution data: org.jacoco.agent.rt.RT
21:16:59 PIT >> INFO : MINION : Failed to set JaCoCo session: org.jacoco.agent.rt.RT
21:16:59 PIT >> INFO : MINION : Failed to dump JaCoCo execution data: org.jacoco.agent.rt.RT
21:16:59 PIT >> INFO : MINION : Failed to set JaCoCo session: org.jacoco.agent.rt.RT
21:16:59 PIT >> INFO : MINION : Failed to dump JaCoCo execution data: org.jacoco.agent.rt.RT
21:16:59 PIT >> INFO : MINION : Failed to set JaCoCo session: org.jacoco.agent.rt.RT
21:16:59 PIT >> INFO : MINION : Failed to dump JaCoCo execution data: org.jacoco.agent.rt.RT
21:16:59 PIT >> INFO : MINION : Failed to set JaCoCo session: org.jacoco.agent.rt.RT
21:16:59 PIT >> INFO : MINION : Failed to dump JaCoCo execution data: org.jacoco.agent.rt.RT
21:16:59 PIT >> INFO : MINION : Failed to set JaCoCo session: org.jacoco.agent.rt.RT
21:16:59 PIT >> INFO : MINION : Failed to dump JaCoCo execution data: org.jacoco.agent.rt.RT
21:16:59 PIT >> INFO : MINION : Failed to set JaCoCo session: org.jacoco.agent.rt.RT
21:16:59 PIT >> INFO : MINION : Failed to dump JaCoCo execution data: org.jacoco.agent.rt.RT
21:16:59 PIT >> INFO : MINION : Failed to set JaCoCo session: org.jacoco.agent.rt.RT
21:16:59 PIT >> INFO : MINION : Failed to dump JaCoCo execution data: org.jacoco.agent.rt.RT
21:16:59 PIT >> INFO : MINION : Failed to set JaCoCo session: org.jacoco.agent.rt.RT
21:16:59 PIT >> INFO : MINION : Failed to dump JaCoCo execution data: org.jacoco.agent.rt.RT
21:16:59 PIT >> INFO : MINION : Failed to set JaCoCo session: org.jacoco.agent.rt.RT
21:16:59 PIT >> INFO : MINION : Failed to dump JaCoCo execution data: org.jacoco.agent.rt.RT
21:16:59 PIT >> INFO : MINION : Failed to set JaCoCo session: org.jacoco.agent.rt.RT
21:16:59 PIT >> INFO : MINION : Failed to dump JaCoCo execution data: org.jacoco.agent.rt.RT
21:16:59 PIT >> INFO : MINION : Failed to set JaCoCo session: org.jacoco.agent.rt.RT
21:16:59 PIT >> INFO : MINION : Failed to dump JaCoCo execution data: org.jacoco.agent.rt.RT
21:16:59 PIT >> INFO : MINION : Failed to set JaCoCo session: org.jacoco.agent.rt.RT
21:16:59 PIT >> INFO : MINION : Failed to dump JaCoCo execution data: org.jacoco.agent.rt.RT
21:16:59 PIT >> INFO : MINION : Failed to set JaCoCo session: org.jacoco.agent.rt.RT
21:16:59 PIT >> INFO : MINION : Failed to dump JaCoCo execution data: org.jacoco.agent.rt.RT
21:16:59 PIT >> INFO : MINION : Failed to set JaCoCo session: org.jacoco.agent.rt.RT
21:16:59 PIT >> INFO : MINION : Failed to dump JaCoCo execution data: org.jacoco.agent.rt.RT
21:16:59 PIT >> INFO : MINION : Failed to set JaCoCo session: org.jacoco.agent.rt.RT
21:16:59 PIT >> INFO : MINION : Failed to dump JaCoCo execution data: org.jacoco.agent.rt.RT
21:16:59 PIT >> INFO : MINION : Failed to set JaCoCo session: org.jacoco.agent.rt.RT
21:16:59 PIT >> INFO : MINION : Failed to dump JaCoCo execution data: org.jacoco.agent.rt.RT
21:16:59 PIT >> INFO : MINION : Failed to set JaCoCo session: org.jacoco.agent.rt.RT
21:16:59 PIT >> INFO : MINION : Failed to dump JaCoCo execution data: org.jacoco.agent.rt.RT
21:16:59 PIT >> INFO : MINION : Failed to set JaCoCo session: org.jacoco.agent.rt.RT
21:16:59 PIT >> INFO : MINION : Failed to dump JaCoCo execution data: org.jacoco.agent.rt.RT
21:16:59 PIT >> INFO : MINION : Failed to set JaCoCo session: org.jacoco.agent.rt.RT
21:16:59 PIT >> INFO : MINION : Failed to dump JaCoCo execution data: org.jacoco.agent.rt.RT
21:16:59 PIT >> INFO : MINION : Failed to set JaCoCo session: org.jacoco.agent.rt.RT
21:16:59 PIT >> INFO : MINION : Failed to dump JaCoCo execution data: org.jacoco.agent.rt.RT
21:16:59 PIT >> INFO : MINION : Failed to set JaCoCo session: org.jacoco.agent.rt.RT
21:16:59 PIT >> INFO : MINION : Failed to dump JaCoCo execution data: org.jacoco.agent.rt.RT
21:16:59 PIT >> INFO : MINION : Failed to set JaCoCo session: org.jacoco.agent.rt.RT
21:16:59 PIT >> INFO : MINION : Failed to dump JaCoCo execution data: org.jacoco.agent.rt.RT
21:16:59 PIT >> INFO : MINION : Failed to set JaCoCo session: org.jacoco.agent.rt.RT
21:16:59 PIT >> INFO : MINION : Failed to dump JaCoCo execution data: org.jacoco.agent.rt.RT
21:16:59 PIT >> INFO : MINION : Failed to set JaCoCo session: org.jacoco.agent.rt.RT
21:16:59 PIT >> INFO : MINION : Failed to dump JaCoCo execution data: org.jacoco.agent.rt.RT
21:16:59 PIT >> INFO : MINION : Failed to set JaCoCo session: org.jacoco.agent.rt.RT
21:16:59 PIT >> INFO : MINION : Failed to dump JaCoCo execution data: org.jacoco.agent.rt.RT
21:16:59 PIT >> INFO : MINION : Failed to set JaCoCo session: org.jacoco.agent.rt.RT
21:16:59 PIT >> INFO : MINION : Failed to dump JaCoCo execution data: org.jacoco.agent.rt.RT
21:16:59 PIT >> INFO : MINION : Failed to set JaCoCo session: org.jacoco.agent.rt.RT
21:16:59 PIT >> INFO : MINION : Failed to dump JaCoCo execution data: org.jacoco.agent.rt.RT
21:16:59 PIT >> INFO : MINION : Failed to set JaCoCo session: org.jacoco.agent.rt.RT
21:16:59 PIT >> INFO : MINION : Failed to dump JaCoCo execution data: org.jacoco.agent.rt.RT
21:16:59 PIT >> INFO : MINION : Failed to set JaCoCo session: org.jacoco.agent.rt.RT
21:16:59 PIT >> INFO : MINION : Failed to dump JaCoCo execution data: org.jacoco.agent.rt.RT
21:16:59 PIT >> INFO : MINION : Failed to set JaCoCo session: org.jacoco.agent.rt.RT
21:16:59 PIT >> INFO : MINION : Failed to dump JaCoCo execution data: org.jacoco.agent.rt.RT
21:16:59 PIT >> INFO : MINION : Failed to set JaCoCo session: org.jacoco.agent.rt.RT
21:16:59 PIT >> INFO : MINION : Failed to dump JaCoCo execution data: org.jacoco.agent.rt.RT
21:16:59 PIT >> INFO : MINION : Failed to set JaCoCo session: org.jacoco.agent.rt.RT
21:16:59 PIT >> INFO : MINION : Failed to dump JaCoCo execution data: org.jacoco.agent.rt.RT
21:17:00 PIT >> INFO : MINION : Failed to set JaCoCo session: org.jacoco.agent.rt.RT
21:17:00 PIT >> INFO : MINION : Failed to dump JaCoCo execution data: org.jacoco.agent.rt.RT
21:17:00 PIT >> INFO : MINION : Failed to set JaCoCo session: org.jacoco.agent.rt.RT
21:17:00 PIT >> INFO : MINION : Failed to dump JaCoCo execution data: org.jacoco.agent.rt.RT
21:17:00 PIT >> INFO : MINION : Failed to set JaCoCo session: org.jacoco.agent.rt.RT
21:17:00 PIT >> INFO : MINION : Failed to dump JaCoCo execution data: org.jacoco.agent.rt.RT
21:17:00 PIT >> INFO : MINION : Failed to set JaCoCo session: org.jacoco.agent.rt.RT
21:17:00 PIT >> INFO : MINION : Failed to dump JaCoCo execution data: org.jacoco.agent.rt.RT
21:17:00 PIT >> INFO : MINION : Failed to set JaCoCo session: org.jacoco.agent.rt.RT
21:17:00 PIT >> INFO : MINION : Failed to dump JaCoCo execution data: org.jacoco.agent.rt.RT
21:17:00 PIT >> INFO : MINION : Failed to set JaCoCo session: org.jacoco.agent.rt.RT
21:17:00 PIT >> INFO : MINION : Failed to dump JaCoCo execution data: org.jacoco.agent.rt.RT
21:17:00 PIT >> INFO : MINION : Failed to set JaCoCo session: org.jacoco.agent.rt.RT
21:17:00 PIT >> INFO : MINION : Failed to dump JaCoCo execution data: org.jacoco.agent.rt.RT
21:17:00 PIT >> INFO : MINION : Failed to set JaCoCo session: org.jacoco.agent.rt.RT
21:17:00 PIT >> INFO : MINION : Failed to dump JaCoCo execution data: org.jacoco.agent.rt.RT
21:17:00 PIT >> INFO : MINION : Failed to set JaCoCo session: org.jacoco.agent.rt.RT
21:17:00 PIT >> INFO : MINION : Failed to dump JaCoCo execution data: org.jacoco.agent.rt.RT
21:17:00 PIT >> INFO : MINION : Failed to set JaCoCo session: org.jacoco.agent.rt.RT
21:17:00 PIT >> INFO : MINION : Failed to dump JaCoCo execution data: org.jacoco.agent.rt.RT
21:17:00 PIT >> INFO : MINION : Failed to set JaCoCo session: org.jacoco.agent.rt.RT
21:17:00 PIT >> INFO : MINION : Failed to dump JaCoCo execution data: org.jacoco.agent.rt.RT
21:17:00 PIT >> INFO : MINION : Failed to set JaCoCo session: org.jacoco.agent.rt.RT
21:17:00 PIT >> INFO : MINION : Failed to dump JaCoCo execution data: org.jacoco.agent.rt.RT
21:17:00 PIT >> INFO : MINION : Failed to set JaCoCo session: org.jacoco.agent.rt.RT
21:17:00 PIT >> INFO : MINION : Failed to dump JaCoCo execution data: org.jacoco.agent.rt.RT
21:17:00 PIT >> INFO : MINION : Failed to set JaCoCo session: org.jacoco.agent.rt.RT
21:17:00 PIT >> INFO : MINION : Failed to dump JaCoCo execution data: org.jacoco.agent.rt.RT
21:17:00 PIT >> INFO : MINION : Failed to set JaCoCo session: org.jacoco.agent.rt.RT
21:17:00 PIT >> INFO : MINION : Failed to dump JaCoCo execution data: org.jacoco.agent.rt.RT
21:17:00 PIT >> INFO : MINION : Failed to set JaCoCo session: org.jacoco.agent.rt.RT
21:17:00 PIT >> INFO : MINION : Failed to dump JaCoCo execution data: org.jacoco.agent.rt.RT
21:17:00 PIT >> INFO : MINION : Failed to set JaCoCo session: org.jacoco.agent.rt.RT
21:17:00 PIT >> INFO : MINION : Failed to dump JaCoCo execution data: org.jacoco.agent.rt.RT
21:17:00 PIT >> INFO : MINION : Failed to set JaCoCo session: org.jacoco.agent.rt.RT
21:17:00 PIT >> INFO : MINION : Failed to dump JaCoCo execution data: org.jacoco.agent.rt.RT
21:17:00 PIT >> INFO : MINION : Failed to set JaCoCo session: org.jacoco.agent.rt.RT
21:17:00 PIT >> INFO : MINION : Failed to dump JaCoCo execution data: org.jacoco.agent.rt.RT
21:17:00 PIT >> INFO : MINION : Failed to set JaCoCo session: org.jacoco.agent.rt.RT
21:17:00 PIT >> INFO : MINION : Failed to dump JaCoCo execution data: org.jacoco.agent.rt.RT
21:17:00 PIT >> INFO : MINION : Failed to set JaCoCo session: org.jacoco.agent.rt.RT
21:17:00 PIT >> INFO : MINION : Failed to dump JaCoCo execution data: org.jacoco.agent.rt.RT
21:17:00 PIT >> INFO : MINION : Failed to set JaCoCo session: org.jacoco.agent.rt.RT
21:17:00 PIT >> INFO : MINION : Failed to dump JaCoCo execution data: org.jacoco.agent.rt.RT
21:17:00 PIT >> INFO : MINION : OpenJDK 64-Bit Server VM warning: Sharing is only supported for boot loader classes because bootstrap classpath has been appended
21:17:00 PIT >> INFO : MINION : Failed to set JaCoCo session: org.jacoco.agent.rt.RT
21:17:00 PIT >> INFO : MINION : Failed to dump JaCoCo execution data: org.jacoco.agent.rt.RT
21:17:00 PIT >> INFO : MINION : Failed to set JaCoCo session: org.jacoco.agent.rt.RT
21:17:00 PIT >> INFO : MINION : Failed to dump JaCoCo execution data: org.jacoco.agent.rt.RT
21:17:00 PIT >> INFO : MINION : Failed to set JaCoCo session: org.jacoco.agent.rt.RT
21:17:00 PIT >> INFO : MINION : Failed to dump JaCoCo execution data: org.jacoco.agent.rt.RT
21:17:00 PIT >> INFO : MINION : Failed to set JaCoCo session: org.jacoco.agent.rt.RT
21:17:00 PIT >> INFO : MINION : Failed to dump JaCoCo execution data: org.jacoco.agent.rt.RT
21:17:00 PIT >> INFO : MINION : Failed to set JaCoCo session: org.jacoco.agent.rt.RT
21:17:00 PIT >> INFO : MINION : Failed to dump JaCoCo execution data: org.jacoco.agent.rt.RT
21:17:00 PIT >> INFO : MINION : Failed to set JaCoCo session: org.jacoco.agent.rt.RT
21:17:00 PIT >> INFO : MINION : Failed to dump JaCoCo execution data: org.jacoco.agent.rt.RT
21:17:00 PIT >> INFO : MINION : Failed to set JaCoCo session: org.jacoco.agent.rt.RT
21:17:00 PIT >> INFO : MINION : Failed to dump JaCoCo execution data: org.jacoco.agent.rt.RT
21:17:00 PIT >> INFO : MINION : Failed to set JaCoCo session: org.jacoco.agent.rt.RT
21:17:00 PIT >> INFO : MINION : Failed to dump JaCoCo execution data: org.jacoco.agent.rt.RT
21:17:00 PIT >> INFO : MINION : Failed to set JaCoCo session: org.jacoco.agent.rt.RT
21:17:00 PIT >> INFO : MINION : Failed to dump JaCoCo execution data: org.jacoco.agent.rt.RT
21:17:00 PIT >> INFO : MINION : Failed to set JaCoCo session: org.jacoco.agent.rt.RT
21:17:00 PIT >> INFO : MINION : Failed to dump JaCoCo execution data: org.jacoco.agent.rt.RT
21:17:00 PIT >> INFO : MINION : Failed to set JaCoCo session: org.jacoco.agent.rt.RT
21:17:00 PIT >> INFO : MINION : Failed to dump JaCoCo execution data: org.jacoco.agent.rt.RT
21:17:00 PIT >> INFO : MINION : Failed to set JaCoCo session: org.jacoco.agent.rt.RT
21:17:00 PIT >> INFO : MINION : Failed to dump JaCoCo execution data: org.jacoco.agent.rt.RT
21:17:00 PIT >> INFO : MINION : Failed to set JaCoCo session: org.jacoco.agent.rt.RT
21:17:00 PIT >> INFO : MINION : Failed to dump JaCoCo execution data: org.jacoco.agent.rt.RT
21:17:00 PIT >> INFO : MINION : Failed to set JaCoCo session: org.jacoco.agent.rt.RT
21:17:00 PIT >> INFO : MINION : Failed to dump JaCoCo execution data: org.jacoco.agent.rt.RT
21:17:00 PIT >> INFO : MINION : Failed to set JaCoCo session: org.jacoco.agent.rt.RT
21:17:00 PIT >> INFO : MINION : Failed to dump JaCoCo execution data: org.jacoco.agent.rt.RT
21:17:00 PIT >> INFO : MINION : Failed to set JaCoCo session: org.jacoco.agent.rt.RT
21:17:00 PIT >> INFO : MINION : Failed to dump JaCoCo execution data: org.jacoco.agent.rt.RT
21:17:00 PIT >> INFO : MINION : Failed to set JaCoCo session: org.jacoco.agent.rt.RT
21:17:00 PIT >> INFO : MINION : Failed to dump JaCoCo execution data: org.jacoco.agent.rt.RT
21:17:00 PIT >> INFO : MINION : Failed to set JaCoCo session: org.jacoco.agent.rt.RT
21:17:00 PIT >> INFO : MINION : Failed to dump JaCoCo execution data: org.jacoco.agent.rt.RT
21:17:00 PIT >> INFO : MINION : Failed to set JaCoCo session: org.jacoco.agent.rt.RT
21:17:00 PIT >> INFO : MINION : Failed to dump JaCoCo execution data: org.jacoco.agent.rt.RT
21:17:00 PIT >> INFO : MINION : Failed to set JaCoCo session: org.jacoco.agent.rt.RT
21:17:00 PIT >> INFO : MINION : Failed to dump JaCoCo execution data: org.jacoco.agent.rt.RT
21:17:00 PIT >> INFO : MINION : Failed to set JaCoCo session: org.jacoco.agent.rt.RT
21:17:00 PIT >> INFO : MINION : Failed to dump JaCoCo execution data: org.jacoco.agent.rt.RT
21:17:00 PIT >> INFO : MINION : Failed to set JaCoCo session: org.jacoco.agent.rt.RT
21:17:00 PIT >> INFO : MINION : Failed to dump JaCoCo execution data: org.jacoco.agent.rt.RT
21:17:00 PIT >> INFO : MINION : Failed to set JaCoCo session: org.jacoco.agent.rt.RT
21:17:00 PIT >> INFO : MINION : Failed to dump JaCoCo execution data: org.jacoco.agent.rt.RT
21:17:00 PIT >> INFO : MINION : Failed to set JaCoCo session: org.jacoco.agent.rt.RT
21:17:00 PIT >> INFO : MINION : Failed to dump JaCoCo execution data: org.jacoco.agent.rt.RT
21:17:00 PIT >> INFO : MINION : Failed to set JaCoCo session: org.jacoco.agent.rt.RT
21:17:00 PIT >> INFO : MINION : Failed to dump JaCoCo execution data: org.jacoco.agent.rt.RT
21:17:00 PIT >> INFO : MINION : Failed to set JaCoCo session: org.jacoco.agent.rt.RT
21:17:00 PIT >> INFO : MINION : Failed to dump JaCoCo execution data: org.jacoco.agent.rt.RT
21:17:00 PIT >> INFO : MINION : Failed to set JaCoCo session: org.jacoco.agent.rt.RT
21:17:00 PIT >> INFO : MINION : Failed to dump JaCoCo execution data: org.jacoco.agent.rt.RT
21:17:00 PIT >> INFO : MINION : Failed to set JaCoCo session: org.jacoco.agent.rt.RT
21:17:00 PIT >> INFO : MINION : Failed to dump JaCoCo execution data: org.jacoco.agent.rt.RT
21:17:00 PIT >> INFO : MINION : Failed to set JaCoCo session: org.jacoco.agent.rt.RT
21:17:00 PIT >> INFO : MINION : Failed to dump JaCoCo execution data: org.jacoco.agent.rt.RT
21:17:00 PIT >> INFO : MINION : Failed to set JaCoCo session: org.jacoco.agent.rt.RT
21:17:00 PIT >> INFO : MINION : Failed to dump JaCoCo execution data: org.jacoco.agent.rt.RT
21:17:00 PIT >> INFO : MINION : Failed to set JaCoCo session: org.jacoco.agent.rt.RT
21:17:00 PIT >> INFO : MINION : Failed to dump JaCoCo execution data: org.jacoco.agent.rt.RT
21:17:00 PIT >> INFO : MINION : Failed to set JaCoCo session: org.jacoco.agent.rt.RT
21:17:00 PIT >> INFO : MINION : Failed to dump JaCoCo execution data: org.jacoco.agent.rt.RT
21:17:00 PIT >> INFO : MINION : Failed to set JaCoCo session: org.jacoco.agent.rt.RT
21:17:00 PIT >> INFO : MINION : Failed to dump JaCoCo execution data: org.jacoco.agent.rt.RT
21:17:00 PIT >> INFO : MINION : Failed to set JaCoCo session: org.jacoco.agent.rt.RT
21:17:00 PIT >> INFO : MINION : Failed to dump JaCoCo execution data: org.jacoco.agent.rt.RT
21:17:00 PIT >> INFO : MINION : Failed to set JaCoCo session: org.jacoco.agent.rt.RT
21:17:00 PIT >> INFO : MINION : Failed to dump JaCoCo execution data: org.jacoco.agent.rt.RT
21:17:00 PIT >> INFO : MINION : Failed to set JaCoCo session: org.jacoco.agent.rt.RT
21:17:00 PIT >> INFO : MINION : Failed to dump JaCoCo execution data: org.jacoco.agent.rt.RT
21:17:00 PIT >> INFO : MINION : Failed to set JaCoCo session: org.jacoco.agent.rt.RT
21:17:00 PIT >> INFO : MINION : Failed to dump JaCoCo execution data: org.jacoco.agent.rt.RT
21:17:00 PIT >> INFO : MINION : Failed to set JaCoCo session: org.jacoco.agent.rt.RT
21:17:00 PIT >> INFO : MINION : Failed to dump JaCoCo execution data: org.jacoco.agent.rt.RT
21:17:00 PIT >> INFO : MINION : Failed to set JaCoCo session: org.jacoco.agent.rt.RT
21:17:00 PIT >> INFO : MINION : Failed to dump JaCoCo execution data: org.jacoco.agent.rt.RT
21:17:00 PIT >> INFO : MINION : Failed to set JaCoCo session: org.jacoco.agent.rt.RT
21:17:00 PIT >> INFO : MINION : Failed to dump JaCoCo execution data: org.jacoco.agent.rt.RT
21:17:00 PIT >> INFO : MINION : Failed to set JaCoCo session: org.jacoco.agent.rt.RT
21:17:00 PIT >> INFO : MINION : Failed to dump JaCoCo execution data: org.jacoco.agent.rt.RT
21:17:00 PIT >> INFO : MINION : Failed to set JaCoCo session: org.jacoco.agent.rt.RT
21:17:00 PIT >> INFO : MINION : Failed to dump JaCoCo execution data: org.jacoco.agent.rt.RT
21:17:00 PIT >> INFO : MINION : Failed to set JaCoCo session: org.jacoco.agent.rt.RT
21:17:00 PIT >> INFO : MINION : Failed to dump JaCoCo execution data: org.jacoco.agent.rt.RT
21:17:00 PIT >> INFO : MINION : Failed to set JaCoCo session: org.jacoco.agent.rt.RT
21:17:00 PIT >> INFO : MINION : Failed to dump JaCoCo execution data: org.jacoco.agent.rt.RT
21:17:00 PIT >> INFO : MINION : Failed to set JaCoCo session: org.jacoco.agent.rt.RT
21:17:00 PIT >> INFO : MINION : Failed to dump JaCoCo execution data: org.jacoco.agent.rt.RT
21:17:00 PIT >> INFO : MINION : Failed to set JaCoCo session: org.jacoco.agent.rt.RT
21:17:00 PIT >> INFO : MINION : Failed to dump JaCoCo execution data: org.jacoco.agent.rt.RT
21:17:00 PIT >> INFO : MINION : Failed to set JaCoCo session: org.jacoco.agent.rt.RT
21:17:00 PIT >> INFO : MINION : Failed to dump JaCoCo execution data: org.jacoco.agent.rt.RT
21:17:00 PIT >> INFO : MINION : Failed to set JaCoCo session: org.jacoco.agent.rt.RT
21:17:00 PIT >> INFO : MINION : Failed to dump JaCoCo execution data: org.jacoco.agent.rt.RT
21:17:00 PIT >> INFO : MINION : Failed to set JaCoCo session: org.jacoco.agent.rt.RT
21:17:00 PIT >> INFO : MINION : Failed to dump JaCoCo execution data: org.jacoco.agent.rt.RT
21:17:00 PIT >> INFO : MINION : Failed to set JaCoCo session: org.jacoco.agent.rt.RT
21:17:00 PIT >> INFO : MINION : Failed to dump JaCoCo execution data: org.jacoco.agent.rt.RT
21:17:00 PIT >> INFO : MINION : Failed to set JaCoCo session: org.jacoco.agent.rt.RT
21:17:00 PIT >> INFO : MINION : Failed to dump JaCoCo execution data: org.jacoco.agent.rt.RT
21:17:00 PIT >> INFO : MINION : Failed to set JaCoCo session: org.jacoco.agent.rt.RT
21:17:00 PIT >> INFO : MINION : Failed to dump JaCoCo execution data: org.jacoco.agent.rt.RT
21:17:00 PIT >> INFO : MINION : Failed to set JaCoCo session: org.jacoco.agent.rt.RT
21:17:00 PIT >> INFO : MINION : Failed to dump JaCoCo execution data: org.jacoco.agent.rt.RT
21:17:00 PIT >> INFO : MINION : Failed to set JaCoCo session: org.jacoco.agent.rt.RT
21:17:00 PIT >> INFO : MINION : Failed to dump JaCoCo execution data: org.jacoco.agent.rt.RT
21:17:00 PIT >> INFO : MINION : Failed to set JaCoCo session: org.jacoco.agent.rt.RT
21:17:00 PIT >> INFO : MINION : Failed to dump JaCoCo execution data: org.jacoco.agent.rt.RT
21:17:00 PIT >> INFO : MINION : Failed to set JaCoCo session: org.jacoco.agent.rt.RT
21:17:00 PIT >> INFO : MINION : Failed to dump JaCoCo execution data: org.jacoco.agent.rt.RT
21:17:00 PIT >> INFO : MINION : Failed to set JaCoCo session: org.jacoco.agent.rt.RT
21:17:00 PIT >> INFO : MINION : Failed to dump JaCoCo execution data: org.jacoco.agent.rt.RT
21:17:00 PIT >> INFO : MINION : Failed to set JaCoCo session: org.jacoco.agent.rt.RT
21:17:00 PIT >> INFO : MINION : Failed to dump JaCoCo execution data: org.jacoco.agent.rt.RT
21:17:00 PIT >> INFO : MINION : Failed to set JaCoCo session: org.jacoco.agent.rt.RT
21:17:00 PIT >> INFO : MINION : Failed to dump JaCoCo execution data: org.jacoco.agent.rt.RT
21:17:00 PIT >> INFO : MINION : Failed to set JaCoCo session: org.jacoco.agent.rt.RT
21:17:00 PIT >> INFO : MINION : Failed to dump JaCoCo execution data: org.jacoco.agent.rt.RT
21:17:00 PIT >> INFO : MINION : Failed to set JaCoCo session: org.jacoco.agent.rt.RT
21:17:00 PIT >> INFO : MINION : Failed to dump JaCoCo execution data: org.jacoco.agent.rt.RT
21:17:00 PIT >> INFO : MINION : Failed to set JaCoCo session: org.jacoco.agent.rt.RT
21:17:00 PIT >> INFO : MINION : Failed to dump JaCoCo execution data: org.jacoco.agent.rt.RT
21:17:00 PIT >> INFO : MINION : Failed to set JaCoCo session: org.jacoco.agent.rt.RT
21:17:00 PIT >> INFO : MINION : Failed to dump JaCoCo execution data: org.jacoco.agent.rt.RT
21:17:00 PIT >> INFO : MINION : Failed to set JaCoCo session: org.jacoco.agent.rt.RT
21:17:00 PIT >> INFO : MINION : Failed to dump JaCoCo execution data: org.jacoco.agent.rt.RT
21:17:00 PIT >> INFO : MINION : Failed to set JaCoCo session: org.jacoco.agent.rt.RT
21:17:00 PIT >> INFO : MINION : Failed to dump JaCoCo execution data: org.jacoco.agent.rt.RT
21:17:00 PIT >> INFO : MINION : Failed to set JaCoCo session: org.jacoco.agent.rt.RT
21:17:00 PIT >> INFO : MINION : Failed to dump JaCoCo execution data: org.jacoco.agent.rt.RT
21:17:00 PIT >> INFO : MINION : Failed to set JaCoCo session: org.jacoco.agent.rt.RT
21:17:00 PIT >> INFO : MINION : Failed to dump JaCoCo execution data: org.jacoco.agent.rt.RT
21:17:00 PIT >> INFO : MINION : Failed to set JaCoCo session: org.jacoco.agent.rt.RT
21:17:00 PIT >> INFO : MINION : Failed to dump JaCoCo execution data: org.jacoco.agent.rt.RT
21:17:00 PIT >> INFO : MINION : Failed to set JaCoCo session: org.jacoco.agent.rt.RT
21:17:00 PIT >> INFO : MINION : Failed to dump JaCoCo execution data: org.jacoco.agent.rt.RT
21:17:00 PIT >> INFO : MINION : Failed to set JaCoCo session: org.jacoco.agent.rt.RT
21:17:00 PIT >> INFO : MINION : Failed to dump JaCoCo execution data: org.jacoco.agent.rt.RT
21:17:00 PIT >> INFO : MINION : Failed to set JaCoCo session: org.jacoco.agent.rt.RT
21:17:00 PIT >> INFO : MINION : Failed to dump JaCoCo execution data: org.jacoco.agent.rt.RT
21:17:00 PIT >> INFO : MINION : Failed to set JaCoCo session: org.jacoco.agent.rt.RT
21:17:00 PIT >> INFO : MINION : Failed to dump JaCoCo execution data: org.jacoco.agent.rt.RT
21:17:00 PIT >> INFO : MINION : Failed to set JaCoCo session: org.jacoco.agent.rt.RT
21:17:00 PIT >> INFO : MINION : Failed to dump JaCoCo execution data: org.jacoco.agent.rt.RT
21:17:00 PIT >> INFO : MINION : Failed to set JaCoCo session: org.jacoco.agent.rt.RT
21:17:00 PIT >> INFO : MINION : Failed to dump JaCoCo execution data: org.jacoco.agent.rt.RT
21:17:00 PIT >> INFO : MINION : Failed to set JaCoCo session: org.jacoco.agent.rt.RT
21:17:00 PIT >> INFO : MINION : Failed to dump JaCoCo execution data: org.jacoco.agent.rt.RT
21:17:00 PIT >> INFO : MINION : Failed to set JaCoCo session: org.jacoco.agent.rt.RT
21:17:00 PIT >> INFO : MINION : Failed to dump JaCoCo execution data: org.jacoco.agent.rt.RT
21:17:00 PIT >> INFO : MINION : Failed to set JaCoCo session: org.jacoco.agent.rt.RT
21:17:00 PIT >> INFO : MINION : Failed to dump JaCoCo execution data: org.jacoco.agent.rt.RT
21:17:00 PIT >> INFO : MINION : Failed to set JaCoCo session: org.jacoco.agent.rt.RT
21:17:00 PIT >> INFO : MINION : Failed to dump JaCoCo execution data: org.jacoco.agent.rt.RT
21:17:00 PIT >> INFO : MINION : Failed to set JaCoCo session: org.jacoco.agent.rt.RT
21:17:00 PIT >> INFO : MINION : Failed to dump JaCoCo execution data: org.jacoco.agent.rt.RT
21:17:00 PIT >> INFO : MINION : Failed to set JaCoCo session: org.jacoco.agent.rt.RT
21:17:00 PIT >> INFO : MINION : Failed to dump JaCoCo execution data: org.jacoco.agent.rt.RT
21:17:00 PIT >> INFO : MINION : Failed to set JaCoCo session: org.jacoco.agent.rt.RT
21:17:00 PIT >> INFO : MINION : Failed to dump JaCoCo execution data: org.jacoco.agent.rt.RT
21:17:00 PIT >> INFO : MINION : Failed to set JaCoCo session: org.jacoco.agent.rt.RT
21:17:00 PIT >> INFO : MINION : Failed to dump JaCoCo execution data: org.jacoco.agent.rt.RT
21:17:00 PIT >> INFO : MINION : Failed to set JaCoCo session: org.jacoco.agent.rt.RT
21:17:00 PIT >> INFO : MINION : Failed to dump JaCoCo execution data: org.jacoco.agent.rt.RT
21:17:00 PIT >> INFO : MINION : Failed to set JaCoCo session: org.jacoco.agent.rt.RT
21:17:00 PIT >> INFO : MINION : Failed to dump JaCoCo execution data: org.jacoco.agent.rt.RT
21:17:00 PIT >> INFO : MINION : Failed to set JaCoCo session: org.jacoco.agent.rt.RT
21:17:00 PIT >> INFO : MINION : Failed to dump JaCoCo execution data: org.jacoco.agent.rt.RT
21:17:00 PIT >> INFO : MINION : Failed to set JaCoCo session: org.jacoco.agent.rt.RT
21:17:00 PIT >> INFO : MINION : Failed to dump JaCoCo execution data: org.jacoco.agent.rt.RT
21:17:00 PIT >> INFO : MINION : Failed to set JaCoCo session: org.jacoco.agent.rt.RT
21:17:00 PIT >> INFO : MINION : Failed to dump JaCoCo execution data: org.jacoco.agent.rt.RT
21:17:00 PIT >> INFO : MINION : Failed to set JaCoCo session: org.jacoco.agent.rt.RT
21:17:00 PIT >> INFO : MINION : Failed to dump JaCoCo execution data: org.jacoco.agent.rt.RT
21:17:00 PIT >> INFO : MINION : Failed to set JaCoCo session: org.jacoco.agent.rt.RT
21:17:00 PIT >> INFO : MINION : Failed to dump JaCoCo execution data: org.jacoco.agent.rt.RT
21:17:00 PIT >> INFO : MINION : Failed to set JaCoCo session: org.jacoco.agent.rt.RT
21:17:00 PIT >> INFO : MINION : Failed to dump JaCoCo execution data: org.jacoco.agent.rt.RT
21:17:00 PIT >> INFO : MINION : Failed to set JaCoCo session: org.jacoco.agent.rt.RT
21:17:00 PIT >> INFO : MINION : Failed to dump JaCoCo execution data: org.jacoco.agent.rt.RT
21:17:00 PIT >> INFO : MINION : Failed to set JaCoCo session: org.jacoco.agent.rt.RT
21:17:00 PIT >> INFO : MINION : Failed to dump JaCoCo execution data: org.jacoco.agent.rt.RT
21:17:00 PIT >> INFO : MINION : Failed to set JaCoCo session: org.jacoco.agent.rt.RT
21:17:00 PIT >> INFO : MINION : Failed to dump JaCoCo execution data: org.jacoco.agent.rt.RT
21:17:00 PIT >> INFO : MINION : Failed to set JaCoCo session: org.jacoco.agent.rt.RT
21:17:00 PIT >> INFO : MINION : Failed to dump JaCoCo execution data: org.jacoco.agent.rt.RT
21:17:00 PIT >> INFO : MINION : Failed to set JaCoCo session: org.jacoco.agent.rt.RT
21:17:00 PIT >> INFO : MINION : Failed to dump JaCoCo execution data: org.jacoco.agent.rt.RT
21:17:00 PIT >> INFO : MINION : Failed to set JaCoCo session: org.jacoco.agent.rt.RT
21:17:00 PIT >> INFO : MINION : Failed to dump JaCoCo execution data: org.jacoco.agent.rt.RT
21:17:00 PIT >> INFO : MINION : Failed to set JaCoCo session: org.jacoco.agent.rt.RT
21:17:00 PIT >> INFO : MINION : Failed to dump JaCoCo execution data: org.jacoco.agent.rt.RT
21:17:00 PIT >> INFO : MINION : Failed to set JaCoCo session: org.jacoco.agent.rt.RT
21:17:00 PIT >> INFO : MINION : Failed to dump JaCoCo execution data: org.jacoco.agent.rt.RT
21:17:00 PIT >> INFO : MINION : Failed to set JaCoCo session: org.jacoco.agent.rt.RT
21:17:00 PIT >> INFO : MINION : Failed to dump JaCoCo execution data: org.jacoco.agent.rt.RT
21:17:00 PIT >> INFO : MINION : Failed to set JaCoCo session: org.jacoco.agent.rt.RT
21:17:00 PIT >> INFO : MINION : Failed to dump JaCoCo execution data: org.jacoco.agent.rt.RT
21:17:00 PIT >> INFO : MINION : Failed to set JaCoCo session: org.jacoco.agent.rt.RT
21:17:00 PIT >> INFO : MINION : Failed to dump JaCoCo execution data: org.jacoco.agent.rt.RT
21:17:00 PIT >> INFO : MINION : Failed to set JaCoCo session: org.jacoco.agent.rt.RT
21:17:00 PIT >> INFO : MINION : Failed to dump JaCoCo execution data: org.jacoco.agent.rt.RT
21:17:00 PIT >> INFO : MINION : Failed to set JaCoCo session: org.jacoco.agent.rt.RT
21:17:00 PIT >> INFO : MINION : Failed to dump JaCoCo execution data: org.jacoco.agent.rt.RT
21:17:00 PIT >> INFO : MINION : Failed to set JaCoCo session: org.jacoco.agent.rt.RT
21:17:00 PIT >> INFO : MINION : Failed to dump JaCoCo execution data: org.jacoco.agent.rt.RT
21:17:00 PIT >> INFO : MINION : Failed to set JaCoCo session: org.jacoco.agent.rt.RT
21:17:00 PIT >> INFO : MINION : Failed to dump JaCoCo execution data: org.jacoco.agent.rt.RT
21:17:00 PIT >> INFO : MINION : Failed to set JaCoCo session: org.jacoco.agent.rt.RT
21:17:00 PIT >> INFO : MINION : Failed to dump JaCoCo execution data: org.jacoco.agent.rt.RT
21:17:00 PIT >> INFO : MINION : Failed to set JaCoCo session: org.jacoco.agent.rt.RT
21:17:00 PIT >> INFO : MINION : Failed to dump JaCoCo execution data: org.jacoco.agent.rt.RT
21:17:01 PIT >> INFO : MINION : Failed to set JaCoCo session: org.jacoco.agent.rt.RT
21:17:01 PIT >> INFO : MINION : Oct 05, 2026 9:17:01 PM org.junit.jupiter.engine.extension.TempDirectory$CloseablePath close
21:17:01 PIT >> INFO : MINION : INFO: Skipping cleanup of temp dir /var/folders/b_/kfwtjnkn3b786hkqn6dxb56m0000gn/T/junit3784267449577923074 due to cleanup mode configuration.
21:17:01 PIT >> INFO : MINION : Failed to dump JaCoCo execution data: org.jacoco.agent.rt.RT
21:17:01 PIT >> INFO : MINION : Failed to set JaCoCo session: org.jacoco.agent.rt.RT
21:17:01 PIT >> INFO : MINION : Failed to dump JaCoCo execution data: org.jacoco.agent.rt.RT
21:17:01 PIT >> INFO : MINION : Failed to set JaCoCo session: org.jacoco.agent.rt.RT
21:17:01 PIT >> INFO : MINION : Failed to dump JaCoCo execution data: org.jacoco.agent.rt.RT
21:17:01 PIT >> INFO : MINION : Failed to set JaCoCo session: org.jacoco.agent.rt.RT
21:17:01 PIT >> INFO : MINION : Failed to dump JaCoCo execution data: org.jacoco.agent.rt.RT
21:17:01 PIT >> INFO : MINION : Failed to set JaCoCo session: org.jacoco.agent.rt.RT
21:17:01 PIT >> INFO : MINION : Failed to dump JaCoCo execution data: org.jacoco.agent.rt.RT
21:17:01 PIT >> INFO : MINION : Failed to set JaCoCo session: org.jacoco.agent.rt.RT
21:17:01 PIT >> INFO : MINION : Failed to dump JaCoCo execution data: org.jacoco.agent.rt.RT
21:17:01 PIT >> INFO : MINION : Failed to set JaCoCo session: org.jacoco.agent.rt.RT
21:17:01 PIT >> INFO : MINION : Failed to dump JaCoCo execution data: org.jacoco.agent.rt.RT
21:17:01 PIT >> INFO : MINION : Failed to set JaCoCo session: org.jacoco.agent.rt.RT
21:17:01 PIT >> INFO : MINION : Failed to dump JaCoCo execution data: org.jacoco.agent.rt.RT
21:17:01 PIT >> INFO : MINION : Failed to set JaCoCo session: org.jacoco.agent.rt.RT
21:17:01 PIT >> INFO : MINION : Failed to dump JaCoCo execution data: org.jacoco.agent.rt.RT
21:17:01 PIT >> INFO : MINION : Failed to set JaCoCo session: org.jacoco.agent.rt.RT
21:17:01 PIT >> INFO : MINION : Failed to dump JaCoCo execution data: org.jacoco.agent.rt.RT
21:17:01 PIT >> INFO : MINION : Failed to set JaCoCo session: org.jacoco.agent.rt.RT
21:17:01 PIT >> INFO : MINION : Failed to dump JaCoCo execution data: org.jacoco.agent.rt.RT
21:17:01 PIT >> INFO : MINION : Failed to set JaCoCo session: org.jacoco.agent.rt.RT
21:17:01 PIT >> INFO : MINION : Failed to dump JaCoCo execution data: org.jacoco.agent.rt.RT
21:17:01 PIT >> INFO : MINION : Failed to set JaCoCo session: org.jacoco.agent.rt.RT
21:17:01 PIT >> INFO : MINION : Failed to dump JaCoCo execution data: org.jacoco.agent.rt.RT
21:17:01 PIT >> INFO : MINION : Failed to set JaCoCo session: org.jacoco.agent.rt.RT
21:17:01 PIT >> INFO : MINION : Failed to dump JaCoCo execution data: org.jacoco.agent.rt.RT
21:17:01 PIT >> INFO : MINION : Failed to set JaCoCo session: org.jacoco.agent.rt.RT
21:17:01 PIT >> INFO : MINION : Failed to dump JaCoCo execution data: org.jacoco.agent.rt.RT
21:17:01 PIT >> INFO : MINION : Failed to set JaCoCo session: org.jacoco.agent.rt.RT
21:17:01 PIT >> INFO : MINION : Failed to dump JaCoCo execution data: org.jacoco.agent.rt.RT
21:17:01 PIT >> INFO : MINION : Failed to set JaCoCo session: org.jacoco.agent.rt.RT
21:17:01 PIT >> INFO : MINION : Failed to dump JaCoCo execution data: org.jacoco.agent.rt.RT
21:17:01 PIT >> INFO : MINION : Failed to set JaCoCo session: org.jacoco.agent.rt.RT
21:17:01 PIT >> INFO : MINION : Failed to dump JaCoCo execution data: org.jacoco.agent.rt.RT
21:17:01 PIT >> INFO : MINION : Failed to set JaCoCo session: org.jacoco.agent.rt.RT
21:17:01 PIT >> INFO : MINION : Failed to dump JaCoCo execution data: org.jacoco.agent.rt.RT
21:17:01 PIT >> INFO : MINION : Failed to set JaCoCo session: org.jacoco.agent.rt.RT
21:17:01 PIT >> INFO : MINION : Failed to dump JaCoCo execution data: org.jacoco.agent.rt.RT
21:17:01 PIT >> INFO : MINION : Failed to set JaCoCo session: org.jacoco.agent.rt.RT
21:17:01 PIT >> INFO : MINION : Failed to dump JaCoCo execution data: org.jacoco.agent.rt.RT
21:17:01 PIT >> INFO : MINION : Failed to set JaCoCo session: org.jacoco.agent.rt.RT
21:17:01 PIT >> INFO : MINION : Failed to dump JaCoCo execution data: org.jacoco.agent.rt.RT
21:17:01 PIT >> INFO : MINION : Failed to set JaCoCo session: org.jacoco.agent.rt.RT
21:17:01 PIT >> INFO : MINION : Failed to dump JaCoCo execution data: org.jacoco.agent.rt.RT
21:17:01 PIT >> INFO : MINION : Failed to set JaCoCo session: org.jacoco.agent.rt.RT
21:17:01 PIT >> INFO : MINION : Failed to dump JaCoCo execution data: org.jacoco.agent.rt.RT
21:17:01 PIT >> INFO : MINION : Failed to set JaCoCo session: org.jacoco.agent.rt.RT
21:17:01 PIT >> INFO : MINION : Failed to dump JaCoCo execution data: org.jacoco.agent.rt.RT
21:17:01 PIT >> INFO : MINION : Failed to set JaCoCo session: org.jacoco.agent.rt.RT
21:17:01 PIT >> INFO : MINION : Failed to dump JaCoCo execution data: org.jacoco.agent.rt.RT
21:17:01 PIT >> INFO : MINION : Failed to set JaCoCo session: org.jacoco.agent.rt.RT
21:17:01 PIT >> INFO : MINION : Failed to dump JaCoCo execution data: org.jacoco.agent.rt.RT
21:17:01 PIT >> INFO : MINION : Failed to set JaCoCo session: org.jacoco.agent.rt.RT
21:17:01 PIT >> INFO : MINION : Failed to dump JaCoCo execution data: org.jacoco.agent.rt.RT
21:17:01 PIT >> INFO : MINION : Failed to set JaCoCo session: org.jacoco.agent.rt.RT
21:17:01 PIT >> INFO : MINION : Failed to dump JaCoCo execution data: org.jacoco.agent.rt.RT
21:17:01 PIT >> INFO : MINION : Failed to set JaCoCo session: org.jacoco.agent.rt.RT
21:17:01 PIT >> INFO : MINION : Failed to dump JaCoCo execution data: org.jacoco.agent.rt.RT
21:17:01 PIT >> SEVERE : Description [testClass=org.springframework.core.io.PathResourceTests, name=[engine:junit-jupiter]/[class:org.springframework.core.io.PathResourceTests]/[method:dirExists()]] did not pass without mutation.
21:17:01 PIT >> INFO : MINION : Failed to set JaCoCo session: org.jacoco.agent.rt.RT
21:17:01 PIT >> INFO : MINION : Failed to dump JaCoCo execution data: org.jacoco.agent.rt.RT
21:17:01 PIT >> INFO : MINION : Failed to set JaCoCo session: org.jacoco.agent.rt.RT
21:17:01 PIT >> INFO : MINION : Failed to dump JaCoCo execution data: org.jacoco.agent.rt.RT
21:17:01 PIT >> INFO : MINION : Failed to set JaCoCo session: org.jacoco.agent.rt.RT
21:17:01 PIT >> INFO : MINION : Failed to dump JaCoCo execution data: org.jacoco.agent.rt.RT
21:17:01 PIT >> INFO : MINION : Failed to set JaCoCo session: org.jacoco.agent.rt.RT
21:17:01 PIT >> INFO : MINION : Failed to dump JaCoCo execution data: org.jacoco.agent.rt.RT
21:17:01 PIT >> INFO : MINION : Failed to set JaCoCo session: org.jacoco.agent.rt.RT
21:17:01 PIT >> INFO : MINION : Failed to dump JaCoCo execution data: org.jacoco.agent.rt.RT
21:17:01 PIT >> INFO : MINION : Failed to set JaCoCo session: org.jacoco.agent.rt.RT
21:17:01 PIT >> INFO : MINION : Failed to dump JaCoCo execution data: org.jacoco.agent.rt.RT
21:17:01 PIT >> INFO : MINION : Failed to set JaCoCo session: org.jacoco.agent.rt.RT
21:17:01 PIT >> INFO : MINION : Failed to dump JaCoCo execution data: org.jacoco.agent.rt.RT
21:17:01 PIT >> INFO : MINION : Failed to set JaCoCo session: org.jacoco.agent.rt.RT
21:17:01 PIT >> INFO : MINION : Failed to dump JaCoCo execution data: org.jacoco.agent.rt.RT
21:17:01 PIT >> INFO : MINION : Failed to set JaCoCo session: org.jacoco.agent.rt.RT
21:17:01 PIT >> INFO : MINION : Failed to dump JaCoCo execution data: org.jacoco.agent.rt.RT
21:17:01 PIT >> INFO : MINION : Failed to set JaCoCo session: org.jacoco.agent.rt.RT
21:17:01 PIT >> INFO : MINION : Failed to dump JaCoCo execution data: org.jacoco.agent.rt.RT
21:17:01 PIT >> INFO : MINION : Failed to set JaCoCo session: org.jacoco.agent.rt.RT
21:17:01 PIT >> INFO : MINION : Failed to dump JaCoCo execution data: org.jacoco.agent.rt.RT
21:17:01 PIT >> INFO : MINION : Failed to set JaCoCo session: org.jacoco.agent.rt.RT
21:17:01 PIT >> INFO : MINION : Failed to dump JaCoCo execution data: org.jacoco.agent.rt.RT
21:17:01 PIT >> INFO : MINION : Failed to set JaCoCo session: org.jacoco.agent.rt.RT
21:17:01 PIT >> INFO : MINION : Failed to dump JaCoCo execution data: org.jacoco.agent.rt.RT
21:17:01 PIT >> INFO : MINION : Failed to set JaCoCo session: org.jacoco.agent.rt.RT
21:17:01 PIT >> INFO : MINION : Failed to dump JaCoCo execution data: org.jacoco.agent.rt.RT
21:17:01 PIT >> INFO : MINION : Failed to set JaCoCo session: org.jacoco.agent.rt.RT
21:17:01 PIT >> INFO : MINION : Failed to dump JaCoCo execution data: org.jacoco.agent.rt.RT
21:17:01 PIT >> INFO : MINION : Failed to set JaCoCo session: org.jacoco.agent.rt.RT
21:17:01 PIT >> INFO : MINION : Failed to dump JaCoCo execution data: org.jacoco.agent.rt.RT
21:17:01 PIT >> INFO : MINION : Failed to set JaCoCo session: org.jacoco.agent.rt.RT
21:17:01 PIT >> INFO : MINION : Failed to dump JaCoCo execution data: org.jacoco.agent.rt.RT
21:17:01 PIT >> INFO : MINION : Failed to set JaCoCo session: org.jacoco.agent.rt.RT
21:17:01 PIT >> INFO : MINION : Failed to dump JaCoCo execution data: org.jacoco.agent.rt.RT
21:17:01 PIT >> INFO : MINION : Failed to set JaCoCo session: org.jacoco.agent.rt.RT
21:17:01 PIT >> INFO : MINION : Failed to dump JaCoCo execution data: org.jacoco.agent.rt.RT
21:17:01 PIT >> INFO : MINION : Failed to set JaCoCo session: org.jacoco.agent.rt.RT
21:17:01 PIT >> INFO : MINION : Failed to dump JaCoCo execution data: org.jacoco.agent.rt.RT
21:17:01 PIT >> INFO : MINION : Failed to set JaCoCo session: org.jacoco.agent.rt.RT
21:17:01 PIT >> INFO : MINION : Failed to dump JaCoCo execution data: org.jacoco.agent.rt.RT
21:17:01 PIT >> INFO : MINION : Failed to set JaCoCo session: org.jacoco.agent.rt.RT
21:17:01 PIT >> INFO : MINION : Failed to dump JaCoCo execution data: org.jacoco.agent.rt.RT
21:17:01 PIT >> INFO : MINION : Failed to set JaCoCo session: org.jacoco.agent.rt.RT
21:17:01 PIT >> INFO : MINION : Failed to dump JaCoCo execution data: org.jacoco.agent.rt.RT
21:17:01 PIT >> INFO : MINION : Failed to set JaCoCo session: org.jacoco.agent.rt.RT
21:17:01 PIT >> INFO : MINION : Failed to dump JaCoCo execution data: org.jacoco.agent.rt.RT
21:17:01 PIT >> INFO : MINION : Failed to set JaCoCo session: org.jacoco.agent.rt.RT
21:17:01 PIT >> INFO : MINION : Failed to dump JaCoCo execution data: org.jacoco.agent.rt.RT
21:17:01 PIT >> INFO : MINION : Failed to set JaCoCo session: org.jacoco.agent.rt.RT
21:17:01 PIT >> INFO : MINION : Failed to dump JaCoCo execution data: org.jacoco.agent.rt.RT
21:17:01 PIT >> INFO : MINION : Failed to set JaCoCo session: org.jacoco.agent.rt.RT
21:17:01 PIT >> INFO : MINION : Failed to dump JaCoCo execution data: org.jacoco.agent.rt.RT
21:17:01 PIT >> INFO : MINION : Failed to set JaCoCo session: org.jacoco.agent.rt.RT
21:17:01 PIT >> INFO : MINION : Failed to dump JaCoCo execution data: org.jacoco.agent.rt.RT
21:17:01 PIT >> INFO : MINION : Failed to set JaCoCo session: org.jacoco.agent.rt.RT
21:17:01 PIT >> INFO : MINION : Failed to dump JaCoCo execution data: org.jacoco.agent.rt.RT
21:17:01 PIT >> INFO : MINION : Failed to set JaCoCo session: org.jacoco.agent.rt.RT
21:17:01 PIT >> INFO : MINION : Failed to dump JaCoCo execution data: org.jacoco.agent.rt.RT
21:17:01 PIT >> SEVERE : Description [testClass=org.springframework.core.io.PathResourceTests, name=[engine:junit-jupiter]/[class:org.springframework.core.io.PathResourceTests]/[method:fileIsWritable()]] did not pass without mutation.
21:17:01 PIT >> SEVERE : Description [testClass=org.springframework.core.io.PathResourceTests, name=[engine:junit-jupiter]/[class:org.springframework.core.io.PathResourceTests]/[method:getInputStream()]] did not pass without mutation.
21:17:01 PIT >> SEVERE : Description [testClass=org.springframework.core.io.PathResourceTests, name=[engine:junit-jupiter]/[class:org.springframework.core.io.PathResourceTests]/[method:contentLength()]] did not pass without mutation.
21:17:01 PIT >> SEVERE : Description [testClass=org.springframework.core.io.PathResourceTests, name=[engine:junit-jupiter]/[class:org.springframework.core.io.PathResourceTests]/[method:fileIsReadable()]] did not pass without mutation.
21:17:01 PIT >> SEVERE : Description [testClass=org.springframework.core.io.PathResourceTests, name=[engine:junit-jupiter]/[class:org.springframework.core.io.PathResourceTests]/[method:getOutputStreamForDirectory()]] did not pass without mutation.
21:17:01 PIT >> SEVERE : Description [testClass=org.springframework.core.io.PathResourceTests, name=[engine:junit-jupiter]/[class:org.springframework.core.io.PathResourceTests]/[method:getReadableByteChannel()]] did not pass without mutation.
21:17:01 PIT >> SEVERE : Description [testClass=org.springframework.core.io.PathResourceTests, name=[engine:junit-jupiter]/[class:org.springframework.core.io.PathResourceTests]/[method:contentLengthForDirectory()]] did not pass without mutation.
21:17:01 PIT >> SEVERE : Description [testClass=org.springframework.core.io.PathResourceTests, name=[engine:junit-jupiter]/[class:org.springframework.core.io.PathResourceTests]/[method:getReadableByteChannelForDir()]] did not pass without mutation.
21:17:01 PIT >> SEVERE : Description [testClass=org.springframework.core.io.PathResourceTests, name=[engine:junit-jupiter]/[class:org.springframework.core.io.PathResourceTests]/[method:fileExists()]] did not pass without mutation.
21:17:01 PIT >> INFO : MINION : Failed to set JaCoCo session: org.jacoco.agent.rt.RT
21:17:01 PIT >> INFO : MINION : Failed to dump JaCoCo execution data: org.jacoco.agent.rt.RT
21:17:01 PIT >> INFO : MINION : Failed to set JaCoCo session: org.jacoco.agent.rt.RT
21:17:01 PIT >> INFO : MINION : Failed to dump JaCoCo execution data: org.jacoco.agent.rt.RT
21:17:01 PIT >> INFO : MINION : Failed to set JaCoCo session: org.jacoco.agent.rt.RT
21:17:01 PIT >> INFO : MINION : Failed to dump JaCoCo execution data: org.jacoco.agent.rt.RT
21:17:01 PIT >> INFO : MINION : Failed to set JaCoCo session: org.jacoco.agent.rt.RT
21:17:01 PIT >> INFO : MINION : Failed to dump JaCoCo execution data: org.jacoco.agent.rt.RT
21:17:01 PIT >> INFO : MINION : Failed to set JaCoCo session: org.jacoco.agent.rt.RT
21:17:01 PIT >> INFO : MINION : Failed to dump JaCoCo execution data: org.jacoco.agent.rt.RT
21:17:01 PIT >> INFO : MINION : Failed to set JaCoCo session: org.jacoco.agent.rt.RT
21:17:01 PIT >> INFO : MINION : Failed to dump JaCoCo execution data: org.jacoco.agent.rt.RT
21:17:01 PIT >> INFO : MINION : Failed to set JaCoCo session: org.jacoco.agent.rt.RT
21:17:01 PIT >> INFO : MINION : Failed to dump JaCoCo execution data: org.jacoco.agent.rt.RT
21:17:01 PIT >> INFO : MINION : Failed to set JaCoCo session: org.jacoco.agent.rt.RT
21:17:01 PIT >> INFO : MINION : Failed to dump JaCoCo execution data: org.jacoco.agent.rt.RT
21:17:01 PIT >> INFO : MINION : Failed to set JaCoCo session: org.jacoco.agent.rt.RT
21:17:01 PIT >> INFO : MINION : Failed to dump JaCoCo execution data: org.jacoco.agent.rt.RT
21:17:01 PIT >> INFO : MINION : Failed to set JaCoCo session: org.jacoco.agent.rt.RT
21:17:01 PIT >> INFO : MINION : Failed to dump JaCoCo execution data: org.jacoco.agent.rt.RT
21:17:01 PIT >> INFO : MINION : Failed to set JaCoCo session: org.jacoco.agent.rt.RT
21:17:01 PIT >> INFO : MINION : Failed to dump JaCoCo execution data: org.jacoco.agent.rt.RT
21:17:01 PIT >> INFO : MINION : Failed to set JaCoCo session: org.jacoco.agent.rt.RT
21:17:01 PIT >> INFO : MINION : Failed to dump JaCoCo execution data: org.jacoco.agent.rt.RT
21:17:01 PIT >> INFO : MINION : Failed to set JaCoCo session: org.jacoco.agent.rt.RT
21:17:01 PIT >> INFO : MINION : Failed to dump JaCoCo execution data: org.jacoco.agent.rt.RT
21:17:01 PIT >> INFO : MINION : Failed to set JaCoCo session: org.jacoco.agent.rt.RT
21:17:01 PIT >> INFO : MINION : Failed to dump JaCoCo execution data: org.jacoco.agent.rt.RT
21:17:01 PIT >> INFO : MINION : Failed to set JaCoCo session: org.jacoco.agent.rt.RT
21:17:01 PIT >> INFO : MINION : Failed to dump JaCoCo execution data: org.jacoco.agent.rt.RT
21:17:01 PIT >> INFO : MINION : Failed to set JaCoCo session: org.jacoco.agent.rt.RT
21:17:01 PIT >> INFO : MINION : Failed to dump JaCoCo execution data: org.jacoco.agent.rt.RT
21:17:01 PIT >> INFO : MINION : Failed to set JaCoCo session: org.jacoco.agent.rt.RT
21:17:01 PIT >> INFO : MINION : Failed to dump JaCoCo execution data: org.jacoco.agent.rt.RT
21:17:01 PIT >> INFO : MINION : Failed to set JaCoCo session: org.jacoco.agent.rt.RT
21:17:01 PIT >> INFO : MINION : Failed to dump JaCoCo execution data: org.jacoco.agent.rt.RT
21:17:01 PIT >> INFO : MINION : Failed to set JaCoCo session: org.jacoco.agent.rt.RT
21:17:01 PIT >> INFO : MINION : Failed to dump JaCoCo execution data: org.jacoco.agent.rt.RT
21:17:01 PIT >> INFO : MINION : Failed to set JaCoCo session: org.jacoco.agent.rt.RT
21:17:01 PIT >> INFO : MINION : Failed to dump JaCoCo execution data: org.jacoco.agent.rt.RT
21:17:01 PIT >> INFO : MINION : Failed to set JaCoCo session: org.jacoco.agent.rt.RT
21:17:01 PIT >> INFO : MINION : Failed to dump JaCoCo execution data: org.jacoco.agent.rt.RT
21:17:01 PIT >> INFO : MINION : Failed to set JaCoCo session: org.jacoco.agent.rt.RT
21:17:01 PIT >> INFO : MINION : Failed to dump JaCoCo execution data: org.jacoco.agent.rt.RT
21:17:01 PIT >> INFO : MINION : Failed to set JaCoCo session: org.jacoco.agent.rt.RT
21:17:01 PIT >> INFO : MINION : Failed to dump JaCoCo execution data: org.jacoco.agent.rt.RT
21:17:01 PIT >> INFO : MINION : Failed to set JaCoCo session: org.jacoco.agent.rt.RT
21:17:01 PIT >> INFO : MINION : Failed to dump JaCoCo execution data: org.jacoco.agent.rt.RT
21:17:01 PIT >> INFO : MINION : Failed to set JaCoCo session: org.jacoco.agent.rt.RT
21:17:01 PIT >> INFO : MINION : Failed to dump JaCoCo execution data: org.jacoco.agent.rt.RT
21:17:01 PIT >> SEVERE : Description [testClass=org.springframework.core.io.PathResourceTests, name=[engine:junit-jupiter]/[class:org.springframework.core.io.PathResourceTests]/[method:lastModified()]] did not pass without mutation.
21:17:01 PIT >> INFO : MINION : Failed to set JaCoCo session: org.jacoco.agent.rt.RT
21:17:01 PIT >> INFO : MINION : Failed to dump JaCoCo execution data: org.jacoco.agent.rt.RT
21:17:01 PIT >> INFO : MINION : Failed to set JaCoCo session: org.jacoco.agent.rt.RT
21:17:01 PIT >> INFO : MINION : Failed to dump JaCoCo execution data: org.jacoco.agent.rt.RT
21:17:01 PIT >> INFO : MINION : Failed to set JaCoCo session: org.jacoco.agent.rt.RT
21:17:01 PIT >> INFO : MINION : Failed to dump JaCoCo execution data: org.jacoco.agent.rt.RT
21:17:01 PIT >> INFO : MINION : Failed to set JaCoCo session: org.jacoco.agent.rt.RT
21:17:01 PIT >> INFO : MINION : Failed to dump JaCoCo execution data: org.jacoco.agent.rt.RT
21:17:01 PIT >> INFO : MINION : Failed to set JaCoCo session: org.jacoco.agent.rt.RT
21:17:01 PIT >> INFO : MINION : Failed to dump JaCoCo execution data: org.jacoco.agent.rt.RT
21:17:01 PIT >> INFO : MINION : Failed to set JaCoCo session: org.jacoco.agent.rt.RT
21:17:01 PIT >> INFO : MINION : Failed to dump JaCoCo execution data: org.jacoco.agent.rt.RT
21:17:01 PIT >> INFO : MINION : Failed to set JaCoCo session: org.jacoco.agent.rt.RT
21:17:01 PIT >> INFO : MINION : Failed to dump JaCoCo execution data: org.jacoco.agent.rt.RT
21:17:01 PIT >> INFO : MINION : Failed to set JaCoCo session: org.jacoco.agent.rt.RT
21:17:01 PIT >> INFO : MINION : Failed to dump JaCoCo execution data: org.jacoco.agent.rt.RT
21:17:01 PIT >> INFO : MINION : Failed to set JaCoCo session: org.jacoco.agent.rt.RT
21:17:01 PIT >> INFO : MINION : Failed to dump JaCoCo execution data: org.jacoco.agent.rt.RT
21:17:01 PIT >> INFO : MINION : Failed to set JaCoCo session: org.jacoco.agent.rt.RT
21:17:01 PIT >> INFO : MINION : Failed to dump JaCoCo execution data: org.jacoco.agent.rt.RT
21:17:01 PIT >> INFO : MINION : Failed to set JaCoCo session: org.jacoco.agent.rt.RT
21:17:01 PIT >> INFO : MINION : Failed to dump JaCoCo execution data: org.jacoco.agent.rt.RT
21:17:01 PIT >> INFO : MINION : Failed to set JaCoCo session: org.jacoco.agent.rt.RT
21:17:01 PIT >> INFO : MINION : Failed to dump JaCoCo execution data: org.jacoco.agent.rt.RT
21:17:01 PIT >> INFO : MINION : Failed to set JaCoCo session: org.jacoco.agent.rt.RT
21:17:01 PIT >> INFO : MINION : Failed to dump JaCoCo execution data: org.jacoco.agent.rt.RT
21:17:01 PIT >> INFO : MINION : Failed to set JaCoCo session: org.jacoco.agent.rt.RT
21:17:01 PIT >> INFO : MINION : Failed to dump JaCoCo execution data: org.jacoco.agent.rt.RT
21:17:01 PIT >> INFO : MINION : Failed to set JaCoCo session: org.jacoco.agent.rt.RT
21:17:01 PIT >> INFO : MINION : Failed to dump JaCoCo execution data: org.jacoco.agent.rt.RT
21:17:01 PIT >> INFO : MINION : Failed to set JaCoCo session: org.jacoco.agent.rt.RT
21:17:01 PIT >> INFO : MINION : Failed to dump JaCoCo execution data: org.jacoco.agent.rt.RT
21:17:01 PIT >> INFO : MINION : Failed to set JaCoCo session: org.jacoco.agent.rt.RT
21:17:01 PIT >> INFO : MINION : Failed to dump JaCoCo execution data: org.jacoco.agent.rt.RT
21:17:01 PIT >> INFO : MINION : Failed to set JaCoCo session: org.jacoco.agent.rt.RT
21:17:01 PIT >> INFO : MINION : Failed to dump JaCoCo execution data: org.jacoco.agent.rt.RT
21:17:01 PIT >> INFO : MINION : Failed to set JaCoCo session: org.jacoco.agent.rt.RT
21:17:01 PIT >> INFO : MINION : Failed to dump JaCoCo execution data: org.jacoco.agent.rt.RT
21:17:01 PIT >> INFO : MINION : Failed to set JaCoCo session: org.jacoco.agent.rt.RT
21:17:01 PIT >> INFO : MINION : Failed to dump JaCoCo execution data: org.jacoco.agent.rt.RT
21:17:01 PIT >> INFO : MINION : Failed to set JaCoCo session: org.jacoco.agent.rt.RT
21:17:01 PIT >> INFO : MINION : Failed to dump JaCoCo execution data: org.jacoco.agent.rt.RT
21:17:01 PIT >> INFO : MINION : Failed to set JaCoCo session: org.jacoco.agent.rt.RT
21:17:01 PIT >> INFO : MINION : Oct 05, 2026 9:17:01 PM okhttp3.mockwebserver.MockWebServer$3 execute
21:17:01 PIT >> INFO : MINION : INFO: MockWebServer[65008] starting to accept connections
21:17:01 PIT >> INFO : MINION : Oct 05, 2026 9:17:01 PM okhttp3.mockwebserver.MockWebServer$4 processOneRequest
21:17:01 PIT >> INFO : MINION : INFO: MockWebServer[65008] received request: HEAD /resource HTTP/1.1 and responded: HTTP/1.1 200 OK
21:17:01 PIT >> INFO : MINION : Oct 05, 2026 9:17:01 PM okhttp3.mockwebserver.MockWebServer$3 acceptConnections
21:17:01 PIT >> INFO : MINION : INFO: MockWebServer[65008] done accepting connections: Socket closed
21:17:01 PIT >> INFO : MINION : Failed to dump JaCoCo execution data: org.jacoco.agent.rt.RT
21:17:01 PIT >> INFO : MINION : Failed to set JaCoCo session: org.jacoco.agent.rt.RT
21:17:01 PIT >> INFO : MINION : Oct 05, 2026 9:17:01 PM okhttp3.mockwebserver.MockWebServer$3 execute
21:17:01 PIT >> INFO : MINION : INFO: MockWebServer[65010] starting to accept connections
21:17:01 PIT >> INFO : MINION : Oct 05, 2026 9:17:01 PM okhttp3.mockwebserver.MockWebServer$4 processOneRequest
21:17:01 PIT >> INFO : MINION : INFO: MockWebServer[65010] received request: HEAD /missing HTTP/1.1 and responded: HTTP/1.1 404 Client Error
21:17:01 PIT >> INFO : MINION : Oct 05, 2026 9:17:01 PM okhttp3.mockwebserver.MockWebServer$3 acceptConnections
21:17:01 PIT >> INFO : MINION : INFO: MockWebServer[65010] done accepting connections: Socket closed
21:17:01 PIT >> INFO : MINION : Failed to dump JaCoCo execution data: org.jacoco.agent.rt.RT
21:17:01 PIT >> INFO : MINION : Failed to set JaCoCo session: org.jacoco.agent.rt.RT
21:17:01 PIT >> INFO : MINION : Oct 05, 2026 9:17:01 PM okhttp3.mockwebserver.MockWebServer$3 execute
21:17:01 PIT >> INFO : MINION : INFO: MockWebServer[65012] starting to accept connections
21:17:01 PIT >> INFO : MINION : Oct 05, 2026 9:17:01 PM okhttp3.mockwebserver.MockWebServer$4 processOneRequest
21:17:01 PIT >> INFO : MINION : INFO: MockWebServer[65012] received request: GET /resource HTTP/1.1 and responded: HTTP/1.1 200 OK
21:17:01 PIT >> INFO : MINION : Oct 05, 2026 9:17:01 PM okhttp3.mockwebserver.MockWebServer$3 acceptConnections
21:17:01 PIT >> INFO : MINION : INFO: MockWebServer[65012] done accepting connections: Socket closed
21:17:01 PIT >> INFO : MINION : Failed to dump JaCoCo execution data: org.jacoco.agent.rt.RT
21:17:01 PIT >> INFO : MINION : Failed to set JaCoCo session: org.jacoco.agent.rt.RT
21:17:01 PIT >> INFO : MINION : Failed to dump JaCoCo execution data: org.jacoco.agent.rt.RT
21:17:01 PIT >> INFO : MINION : Failed to set JaCoCo session: org.jacoco.agent.rt.RT
21:17:01 PIT >> INFO : MINION : Failed to dump JaCoCo execution data: org.jacoco.agent.rt.RT
21:17:02 PIT >> INFO : MINION : Failed to set JaCoCo session: org.jacoco.agent.rt.RT
21:17:02 PIT >> INFO : MINION : Oct 05, 2026 9:17:02 PM okhttp3.mockwebserver.MockWebServer$3 execute
21:17:02 PIT >> INFO : MINION : INFO: MockWebServer[65014] starting to accept connections
21:17:02 PIT >> INFO : MINION : Oct 05, 2026 9:17:02 PM okhttp3.mockwebserver.MockWebServer$4 processOneRequest
21:17:02 PIT >> INFO : MINION : INFO: MockWebServer[65014] received request: GET /resource HTTP/1.1 and responded: HTTP/1.1 200 OK
21:17:02 PIT >> INFO : MINION : Oct 05, 2026 9:17:02 PM okhttp3.mockwebserver.MockWebServer$3 acceptConnections
21:17:02 PIT >> INFO : MINION : INFO: MockWebServer[65014] done accepting connections: Socket closed
21:17:02 PIT >> INFO : MINION : Failed to dump JaCoCo execution data: org.jacoco.agent.rt.RT
21:17:02 PIT >> INFO : MINION : Failed to set JaCoCo session: org.jacoco.agent.rt.RT
21:17:02 PIT >> INFO : MINION : Oct 05, 2026 9:17:02 PM okhttp3.mockwebserver.MockWebServer$3 execute
21:17:02 PIT >> INFO : MINION : INFO: MockWebServer[65016] starting to accept connections
21:17:02 PIT >> INFO : MINION : Oct 05, 2026 9:17:02 PM okhttp3.mockwebserver.MockWebServer$4 processOneRequest
21:17:02 PIT >> INFO : MINION : INFO: MockWebServer[65016] received request: HEAD /resource HTTP/1.1 and responded: HTTP/1.1 200 OK
21:17:02 PIT >> INFO : MINION : Oct 05, 2026 9:17:02 PM okhttp3.mockwebserver.MockWebServer$4 processOneRequest
21:17:02 PIT >> INFO : MINION : INFO: MockWebServer[65016] received request: HEAD /resource HTTP/1.1 and responded: HTTP/1.1 200 OK
21:17:02 PIT >> INFO : MINION : Oct 05, 2026 9:17:02 PM okhttp3.mockwebserver.MockWebServer$3 acceptConnections
21:17:02 PIT >> INFO : MINION : INFO: MockWebServer[65016] done accepting connections: Socket closed
21:17:02 PIT >> INFO : MINION : Failed to dump JaCoCo execution data: org.jacoco.agent.rt.RT
21:17:02 PIT >> INFO : MINION : Failed to set JaCoCo session: org.jacoco.agent.rt.RT
21:17:02 PIT >> INFO : MINION : Failed to dump JaCoCo execution data: org.jacoco.agent.rt.RT
21:17:02 PIT >> INFO : MINION : Failed to set JaCoCo session: org.jacoco.agent.rt.RT
21:17:02 PIT >> INFO : MINION : Failed to dump JaCoCo execution data: org.jacoco.agent.rt.RT
21:17:02 PIT >> INFO : MINION : Failed to set JaCoCo session: org.jacoco.agent.rt.RT
21:17:02 PIT >> INFO : MINION : Failed to dump JaCoCo execution data: org.jacoco.agent.rt.RT
21:17:02 PIT >> INFO : MINION : Failed to set JaCoCo session: org.jacoco.agent.rt.RT
21:17:02 PIT >> INFO : MINION : Failed to dump JaCoCo execution data: org.jacoco.agent.rt.RT
21:17:02 PIT >> INFO : MINION : Failed to set JaCoCo session: org.jacoco.agent.rt.RT
21:17:02 PIT >> INFO : MINION : Failed to dump JaCoCo execution data: org.jacoco.agent.rt.RT
21:17:02 PIT >> INFO : MINION : Failed to set JaCoCo session: org.jacoco.agent.rt.RT
21:17:02 PIT >> INFO : MINION : Failed to dump JaCoCo execution data: org.jacoco.agent.rt.RT
21:17:02 PIT >> INFO : MINION : Failed to set JaCoCo session: org.jacoco.agent.rt.RT
21:17:02 PIT >> INFO : MINION : Failed to dump JaCoCo execution data: org.jacoco.agent.rt.RT
21:17:02 PIT >> INFO : MINION : Failed to set JaCoCo session: org.jacoco.agent.rt.RT
21:17:02 PIT >> INFO : MINION : Failed to dump JaCoCo execution data: org.jacoco.agent.rt.RT
21:17:02 PIT >> INFO : MINION : Failed to set JaCoCo session: org.jacoco.agent.rt.RT
21:17:02 PIT >> INFO : MINION : Failed to dump JaCoCo execution data: org.jacoco.agent.rt.RT
21:17:02 PIT >> INFO : MINION : Failed to set JaCoCo session: org.jacoco.agent.rt.RT
21:17:02 PIT >> INFO : MINION : Failed to dump JaCoCo execution data: org.jacoco.agent.rt.RT
21:17:02 PIT >> INFO : MINION : Failed to set JaCoCo session: org.jacoco.agent.rt.RT
21:17:02 PIT >> INFO : MINION : Failed to dump JaCoCo execution data: org.jacoco.agent.rt.RT
21:17:02 PIT >> INFO : MINION : Failed to set JaCoCo session: org.jacoco.agent.rt.RT
21:17:02 PIT >> INFO : MINION : Failed to dump JaCoCo execution data: org.jacoco.agent.rt.RT
21:17:02 PIT >> INFO : MINION : Failed to set JaCoCo session: org.jacoco.agent.rt.RT
21:17:02 PIT >> INFO : MINION : Failed to dump JaCoCo execution data: org.jacoco.agent.rt.RT
21:17:02 PIT >> INFO : MINION : Failed to set JaCoCo session: org.jacoco.agent.rt.RT
21:17:02 PIT >> INFO : MINION : Failed to dump JaCoCo execution data: org.jacoco.agent.rt.RT
21:17:02 PIT >> INFO : MINION : Failed to set JaCoCo session: org.jacoco.agent.rt.RT
21:17:02 PIT >> INFO : MINION : Failed to dump JaCoCo execution data: org.jacoco.agent.rt.RT
21:17:02 PIT >> INFO : MINION : Failed to set JaCoCo session: org.jacoco.agent.rt.RT
21:17:02 PIT >> INFO : MINION : Failed to dump JaCoCo execution data: org.jacoco.agent.rt.RT
21:17:02 PIT >> INFO : MINION : Failed to set JaCoCo session: org.jacoco.agent.rt.RT
21:17:02 PIT >> INFO : MINION : Failed to dump JaCoCo execution data: org.jacoco.agent.rt.RT
21:17:02 PIT >> INFO : MINION : Failed to set JaCoCo session: org.jacoco.agent.rt.RT
21:17:02 PIT >> INFO : MINION : Failed to dump JaCoCo execution data: org.jacoco.agent.rt.RT
21:17:02 PIT >> INFO : MINION : Failed to set JaCoCo session: org.jacoco.agent.rt.RT
21:17:02 PIT >> INFO : MINION : Failed to dump JaCoCo execution data: org.jacoco.agent.rt.RT
21:17:02 PIT >> INFO : MINION : Failed to set JaCoCo session: org.jacoco.agent.rt.RT
21:17:02 PIT >> INFO : MINION : Failed to dump JaCoCo execution data: org.jacoco.agent.rt.RT
21:17:02 PIT >> INFO : MINION : Failed to set JaCoCo session: org.jacoco.agent.rt.RT
21:17:02 PIT >> INFO : MINION : Failed to dump JaCoCo execution data: org.jacoco.agent.rt.RT
21:17:02 PIT >> INFO : MINION : Failed to set JaCoCo session: org.jacoco.agent.rt.RT
21:17:02 PIT >> INFO : MINION : Failed to dump JaCoCo execution data: org.jacoco.agent.rt.RT
21:17:02 PIT >> INFO : MINION : Failed to set JaCoCo session: org.jacoco.agent.rt.RT
21:17:02 PIT >> INFO : MINION : Failed to dump JaCoCo execution data: org.jacoco.agent.rt.RT
21:17:02 PIT >> INFO : MINION : Failed to set JaCoCo session: org.jacoco.agent.rt.RT
21:17:02 PIT >> INFO : MINION : Failed to dump JaCoCo execution data: org.jacoco.agent.rt.RT
21:17:02 PIT >> INFO : MINION : Failed to set JaCoCo session: org.jacoco.agent.rt.RT
21:17:02 PIT >> INFO : MINION : Failed to dump JaCoCo execution data: org.jacoco.agent.rt.RT
21:17:02 PIT >> INFO : MINION : Failed to set JaCoCo session: org.jacoco.agent.rt.RT
21:17:02 PIT >> INFO : MINION : Failed to dump JaCoCo execution data: org.jacoco.agent.rt.RT
21:17:02 PIT >> INFO : MINION : Failed to set JaCoCo session: org.jacoco.agent.rt.RT
21:17:02 PIT >> INFO : MINION : Failed to dump JaCoCo execution data: org.jacoco.agent.rt.RT
21:17:02 PIT >> INFO : MINION : Failed to set JaCoCo session: org.jacoco.agent.rt.RT
21:17:02 PIT >> INFO : MINION : Failed to dump JaCoCo execution data: org.jacoco.agent.rt.RT
21:17:02 PIT >> INFO : MINION : Failed to set JaCoCo session: org.jacoco.agent.rt.RT
21:17:02 PIT >> INFO : MINION : Failed to dump JaCoCo execution data: org.jacoco.agent.rt.RT
21:17:02 PIT >> INFO : MINION : Failed to set JaCoCo session: org.jacoco.agent.rt.RT
21:17:02 PIT >> INFO : MINION : Failed to dump JaCoCo execution data: org.jacoco.agent.rt.RT
21:17:02 PIT >> INFO : MINION : Failed to set JaCoCo session: org.jacoco.agent.rt.RT
21:17:02 PIT >> INFO : MINION : Failed to dump JaCoCo execution data: org.jacoco.agent.rt.RT
21:17:02 PIT >> INFO : MINION : Failed to set JaCoCo session: org.jacoco.agent.rt.RT
21:17:02 PIT >> INFO : MINION : Failed to dump JaCoCo execution data: org.jacoco.agent.rt.RT
21:17:02 PIT >> INFO : MINION : Failed to set JaCoCo session: org.jacoco.agent.rt.RT
21:17:02 PIT >> INFO : MINION : Failed to dump JaCoCo execution data: org.jacoco.agent.rt.RT
21:17:02 PIT >> INFO : MINION : Failed to set JaCoCo session: org.jacoco.agent.rt.RT
21:17:02 PIT >> INFO : MINION : Failed to dump JaCoCo execution data: org.jacoco.agent.rt.RT
21:17:02 PIT >> INFO : MINION : Failed to set JaCoCo session: org.jacoco.agent.rt.RT
21:17:02 PIT >> INFO : MINION : Failed to dump JaCoCo execution data: org.jacoco.agent.rt.RT
21:17:02 PIT >> INFO : MINION : Failed to set JaCoCo session: org.jacoco.agent.rt.RT
21:17:02 PIT >> INFO : MINION : Failed to dump JaCoCo execution data: org.jacoco.agent.rt.RT
21:17:02 PIT >> INFO : MINION : Failed to set JaCoCo session: org.jacoco.agent.rt.RT
21:17:02 PIT >> INFO : MINION : Failed to dump JaCoCo execution data: org.jacoco.agent.rt.RT
21:17:02 PIT >> INFO : MINION : Failed to set JaCoCo session: org.jacoco.agent.rt.RT
21:17:02 PIT >> INFO : MINION : Failed to dump JaCoCo execution data: org.jacoco.agent.rt.RT
21:17:02 PIT >> INFO : MINION : Failed to set JaCoCo session: org.jacoco.agent.rt.RT
21:17:02 PIT >> INFO : MINION : Failed to dump JaCoCo execution data: org.jacoco.agent.rt.RT
21:17:02 PIT >> INFO : MINION : Failed to set JaCoCo session: org.jacoco.agent.rt.RT
21:17:02 PIT >> INFO : MINION : Failed to dump JaCoCo execution data: org.jacoco.agent.rt.RT
21:17:02 PIT >> INFO : MINION : Failed to set JaCoCo session: org.jacoco.agent.rt.RT
21:17:02 PIT >> INFO : MINION : Failed to dump JaCoCo execution data: org.jacoco.agent.rt.RT
21:17:02 PIT >> INFO : MINION : Failed to set JaCoCo session: org.jacoco.agent.rt.RT
21:17:02 PIT >> INFO : MINION : Failed to dump JaCoCo execution data: org.jacoco.agent.rt.RT
21:17:02 PIT >> INFO : MINION : Failed to set JaCoCo session: org.jacoco.agent.rt.RT
21:17:02 PIT >> INFO : MINION : Failed to dump JaCoCo execution data: org.jacoco.agent.rt.RT
21:17:02 PIT >> INFO : MINION : Failed to set JaCoCo session: org.jacoco.agent.rt.RT
21:17:02 PIT >> INFO : MINION : Failed to dump JaCoCo execution data: org.jacoco.agent.rt.RT
21:17:02 PIT >> INFO : MINION : Failed to set JaCoCo session: org.jacoco.agent.rt.RT
21:17:02 PIT >> INFO : MINION : Failed to dump JaCoCo execution data: org.jacoco.agent.rt.RT
21:17:02 PIT >> INFO : MINION : Failed to set JaCoCo session: org.jacoco.agent.rt.RT
21:17:02 PIT >> INFO : MINION : Failed to dump JaCoCo execution data: org.jacoco.agent.rt.RT
21:17:02 PIT >> INFO : MINION : Failed to set JaCoCo session: org.jacoco.agent.rt.RT
21:17:02 PIT >> INFO : MINION : Failed to dump JaCoCo execution data: org.jacoco.agent.rt.RT
21:17:02 PIT >> INFO : MINION : Failed to set JaCoCo session: org.jacoco.agent.rt.RT
21:17:02 PIT >> INFO : MINION : Failed to dump JaCoCo execution data: org.jacoco.agent.rt.RT
21:17:02 PIT >> INFO : MINION : Failed to set JaCoCo session: org.jacoco.agent.rt.RT
21:17:02 PIT >> INFO : MINION : Failed to dump JaCoCo execution data: org.jacoco.agent.rt.RT
21:17:02 PIT >> INFO : MINION : Failed to set JaCoCo session: org.jacoco.agent.rt.RT
21:17:02 PIT >> INFO : MINION : Failed to dump JaCoCo execution data: org.jacoco.agent.rt.RT
21:17:02 PIT >> INFO : MINION : Failed to set JaCoCo session: org.jacoco.agent.rt.RT
21:17:02 PIT >> INFO : MINION : Failed to dump JaCoCo execution data: org.jacoco.agent.rt.RT
21:17:02 PIT >> INFO : MINION : Failed to set JaCoCo session: org.jacoco.agent.rt.RT
21:17:02 PIT >> INFO : MINION : Failed to dump JaCoCo execution data: org.jacoco.agent.rt.RT
21:17:02 PIT >> INFO : MINION : Failed to set JaCoCo session: org.jacoco.agent.rt.RT
21:17:02 PIT >> INFO : MINION : Failed to dump JaCoCo execution data: org.jacoco.agent.rt.RT
21:17:02 PIT >> INFO : MINION : Failed to set JaCoCo session: org.jacoco.agent.rt.RT
21:17:02 PIT >> INFO : MINION : Failed to dump JaCoCo execution data: org.jacoco.agent.rt.RT
21:17:02 PIT >> INFO : MINION : Failed to set JaCoCo session: org.jacoco.agent.rt.RT
21:17:02 PIT >> INFO : MINION : Failed to dump JaCoCo execution data: org.jacoco.agent.rt.RT
21:17:02 PIT >> INFO : MINION : Failed to set JaCoCo session: org.jacoco.agent.rt.RT
21:17:02 PIT >> INFO : MINION : Failed to dump JaCoCo execution data: org.jacoco.agent.rt.RT
21:17:02 PIT >> INFO : MINION : Failed to set JaCoCo session: org.jacoco.agent.rt.RT
21:17:02 PIT >> INFO : MINION : Failed to dump JaCoCo execution data: org.jacoco.agent.rt.RT
21:17:02 PIT >> INFO : MINION : Failed to set JaCoCo session: org.jacoco.agent.rt.RT
21:17:02 PIT >> INFO : MINION : Failed to dump JaCoCo execution data: org.jacoco.agent.rt.RT
21:17:02 PIT >> INFO : MINION : Failed to set JaCoCo session: org.jacoco.agent.rt.RT
21:17:02 PIT >> INFO : MINION : Failed to dump JaCoCo execution data: org.jacoco.agent.rt.RT
21:17:02 PIT >> INFO : MINION : Failed to set JaCoCo session: org.jacoco.agent.rt.RT
21:17:02 PIT >> INFO : MINION : Failed to dump JaCoCo execution data: org.jacoco.agent.rt.RT
21:17:02 PIT >> INFO : MINION : Failed to set JaCoCo session: org.jacoco.agent.rt.RT
21:17:02 PIT >> INFO : MINION : Failed to dump JaCoCo execution data: org.jacoco.agent.rt.RT
21:17:02 PIT >> INFO : MINION : Failed to set JaCoCo session: org.jacoco.agent.rt.RT
21:17:02 PIT >> INFO : MINION : Failed to dump JaCoCo execution data: org.jacoco.agent.rt.RT
21:17:02 PIT >> INFO : MINION : Failed to set JaCoCo session: org.jacoco.agent.rt.RT
21:17:02 PIT >> INFO : MINION : Failed to dump JaCoCo execution data: org.jacoco.agent.rt.RT
21:17:02 PIT >> INFO : MINION : Failed to set JaCoCo session: org.jacoco.agent.rt.RT
21:17:02 PIT >> INFO : MINION : Failed to dump JaCoCo execution data: org.jacoco.agent.rt.RT
21:17:02 PIT >> INFO : MINION : Failed to set JaCoCo session: org.jacoco.agent.rt.RT
21:17:02 PIT >> INFO : MINION : Failed to dump JaCoCo execution data: org.jacoco.agent.rt.RT
21:17:02 PIT >> INFO : MINION : Failed to set JaCoCo session: org.jacoco.agent.rt.RT
21:17:02 PIT >> INFO : MINION : Failed to dump JaCoCo execution data: org.jacoco.agent.rt.RT
21:17:02 PIT >> INFO : MINION : Failed to set JaCoCo session: org.jacoco.agent.rt.RT
21:17:02 PIT >> INFO : MINION : Failed to dump JaCoCo execution data: org.jacoco.agent.rt.RT
21:17:02 PIT >> INFO : MINION : Failed to set JaCoCo session: org.jacoco.agent.rt.RT
21:17:02 PIT >> INFO : MINION : Failed to dump JaCoCo execution data: org.jacoco.agent.rt.RT
21:17:02 PIT >> INFO : MINION : Failed to set JaCoCo session: org.jacoco.agent.rt.RT
21:17:02 PIT >> INFO : MINION : Failed to dump JaCoCo execution data: org.jacoco.agent.rt.RT
21:17:02 PIT >> INFO : MINION : Failed to set JaCoCo session: org.jacoco.agent.rt.RT
21:17:02 PIT >> INFO : MINION : Failed to dump JaCoCo execution data: org.jacoco.agent.rt.RT
21:17:02 PIT >> INFO : MINION : Failed to set JaCoCo session: org.jacoco.agent.rt.RT
21:17:02 PIT >> INFO : MINION : Failed to dump JaCoCo execution data: org.jacoco.agent.rt.RT
21:17:02 PIT >> INFO : MINION : Failed to set JaCoCo session: org.jacoco.agent.rt.RT
21:17:02 PIT >> INFO : MINION : Failed to dump JaCoCo execution data: org.jacoco.agent.rt.RT
21:17:02 PIT >> INFO : MINION : Failed to set JaCoCo session: org.jacoco.agent.rt.RT
21:17:02 PIT >> INFO : MINION : Failed to dump JaCoCo execution data: org.jacoco.agent.rt.RT
21:17:02 PIT >> INFO : MINION : Failed to set JaCoCo session: org.jacoco.agent.rt.RT
21:17:02 PIT >> INFO : MINION : Failed to dump JaCoCo execution data: org.jacoco.agent.rt.RT
21:17:02 PIT >> INFO : MINION : Failed to set JaCoCo session: org.jacoco.agent.rt.RT
21:17:02 PIT >> INFO : MINION : Failed to dump JaCoCo execution data: org.jacoco.agent.rt.RT
21:17:02 PIT >> INFO : MINION : Failed to set JaCoCo session: org.jacoco.agent.rt.RT
21:17:02 PIT >> INFO : MINION : Failed to dump JaCoCo execution data: org.jacoco.agent.rt.RT
21:17:02 PIT >> INFO : MINION : Failed to set JaCoCo session: org.jacoco.agent.rt.RT
21:17:02 PIT >> INFO : MINION : Failed to dump JaCoCo execution data: org.jacoco.agent.rt.RT
21:17:02 PIT >> INFO : MINION : Failed to set JaCoCo session: org.jacoco.agent.rt.RT
21:17:02 PIT >> INFO : MINION : Failed to dump JaCoCo execution data: org.jacoco.agent.rt.RT
21:17:02 PIT >> INFO : MINION : Failed to set JaCoCo session: org.jacoco.agent.rt.RT
21:17:02 PIT >> INFO : MINION : Failed to dump JaCoCo execution data: org.jacoco.agent.rt.RT
21:17:02 PIT >> INFO : MINION : Failed to set JaCoCo session: org.jacoco.agent.rt.RT
21:17:02 PIT >> INFO : MINION : Failed to dump JaCoCo execution data: org.jacoco.agent.rt.RT
21:17:02 PIT >> INFO : MINION : Failed to set JaCoCo session: org.jacoco.agent.rt.RT
21:17:02 PIT >> INFO : MINION : Failed to dump JaCoCo execution data: org.jacoco.agent.rt.RT
21:17:02 PIT >> INFO : MINION : Failed to set JaCoCo session: org.jacoco.agent.rt.RT
21:17:02 PIT >> INFO : MINION : Failed to dump JaCoCo execution data: org.jacoco.agent.rt.RT
21:17:02 PIT >> INFO : MINION : Failed to set JaCoCo session: org.jacoco.agent.rt.RT
21:17:02 PIT >> INFO : MINION : Failed to dump JaCoCo execution data: org.jacoco.agent.rt.RT
21:17:02 PIT >> INFO : MINION : Failed to set JaCoCo session: org.jacoco.agent.rt.RT
21:17:02 PIT >> INFO : MINION : Failed to dump JaCoCo execution data: org.jacoco.agent.rt.RT
21:17:02 PIT >> INFO : MINION : Failed to set JaCoCo session: org.jacoco.agent.rt.RT
21:17:02 PIT >> INFO : MINION : Failed to dump JaCoCo execution data: org.jacoco.agent.rt.RT
21:17:02 PIT >> INFO : MINION : Failed to set JaCoCo session: org.jacoco.agent.rt.RT
21:17:02 PIT >> INFO : MINION : Failed to dump JaCoCo execution data: org.jacoco.agent.rt.RT
21:17:02 PIT >> INFO : MINION : Failed to set JaCoCo session: org.jacoco.agent.rt.RT
21:17:02 PIT >> INFO : MINION : Failed to dump JaCoCo execution data: org.jacoco.agent.rt.RT
21:17:02 PIT >> INFO : MINION : Failed to set JaCoCo session: org.jacoco.agent.rt.RT
21:17:02 PIT >> INFO : MINION : Failed to dump JaCoCo execution data: org.jacoco.agent.rt.RT
21:17:02 PIT >> INFO : MINION : Failed to set JaCoCo session: org.jacoco.agent.rt.RT
21:17:02 PIT >> INFO : MINION : Failed to dump JaCoCo execution data: org.jacoco.agent.rt.RT
21:17:02 PIT >> INFO : MINION : Failed to set JaCoCo session: org.jacoco.agent.rt.RT
21:17:02 PIT >> INFO : MINION : Failed to dump JaCoCo execution data: org.jacoco.agent.rt.RT
21:17:02 PIT >> INFO : MINION : Failed to set JaCoCo session: org.jacoco.agent.rt.RT
21:17:02 PIT >> INFO : MINION : Failed to dump JaCoCo execution data: org.jacoco.agent.rt.RT
21:17:02 PIT >> INFO : MINION : Failed to set JaCoCo session: org.jacoco.agent.rt.RT
21:17:02 PIT >> INFO : MINION : Failed to dump JaCoCo execution data: org.jacoco.agent.rt.RT
21:17:02 PIT >> INFO : MINION : Failed to set JaCoCo session: org.jacoco.agent.rt.RT
21:17:02 PIT >> INFO : MINION : Failed to dump JaCoCo execution data: org.jacoco.agent.rt.RT
21:17:02 PIT >> INFO : MINION : Failed to set JaCoCo session: org.jacoco.agent.rt.RT
21:17:02 PIT >> INFO : MINION : Failed to dump JaCoCo execution data: org.jacoco.agent.rt.RT
21:17:02 PIT >> INFO : MINION : Failed to set JaCoCo session: org.jacoco.agent.rt.RT
21:17:02 PIT >> INFO : MINION : Failed to dump JaCoCo execution data: org.jacoco.agent.rt.RT
21:17:02 PIT >> INFO : MINION : Failed to set JaCoCo session: org.jacoco.agent.rt.RT
21:17:02 PIT >> INFO : MINION : Failed to dump JaCoCo execution data: org.jacoco.agent.rt.RT
21:17:02 PIT >> INFO : MINION : Failed to set JaCoCo session: org.jacoco.agent.rt.RT
21:17:02 PIT >> INFO : MINION : Failed to dump JaCoCo execution data: org.jacoco.agent.rt.RT
21:17:02 PIT >> INFO : MINION : Failed to set JaCoCo session: org.jacoco.agent.rt.RT
21:17:02 PIT >> INFO : MINION : Failed to dump JaCoCo execution data: org.jacoco.agent.rt.RT
21:17:02 PIT >> INFO : MINION : Failed to set JaCoCo session: org.jacoco.agent.rt.RT
21:17:02 PIT >> INFO : MINION : Failed to dump JaCoCo execution data: org.jacoco.agent.rt.RT
21:17:02 PIT >> INFO : MINION : Failed to set JaCoCo session: org.jacoco.agent.rt.RT
21:17:02 PIT >> INFO : MINION : Failed to dump JaCoCo execution data: org.jacoco.agent.rt.RT
21:17:02 PIT >> INFO : MINION : Failed to set JaCoCo session: org.jacoco.agent.rt.RT
21:17:02 PIT >> INFO : MINION : Failed to dump JaCoCo execution data: org.jacoco.agent.rt.RT
21:17:02 PIT >> INFO : MINION : Failed to set JaCoCo session: org.jacoco.agent.rt.RT
21:17:02 PIT >> INFO : MINION : Failed to dump JaCoCo execution data: org.jacoco.agent.rt.RT
21:17:02 PIT >> INFO : MINION : Failed to set JaCoCo session: org.jacoco.agent.rt.RT
21:17:02 PIT >> INFO : MINION : Failed to dump JaCoCo execution data: org.jacoco.agent.rt.RT
21:17:02 PIT >> INFO : MINION : Failed to set JaCoCo session: org.jacoco.agent.rt.RT
21:17:02 PIT >> INFO : MINION : Failed to dump JaCoCo execution data: org.jacoco.agent.rt.RT
21:17:02 PIT >> INFO : MINION : Failed to set JaCoCo session: org.jacoco.agent.rt.RT
21:17:02 PIT >> INFO : MINION : Failed to dump JaCoCo execution data: org.jacoco.agent.rt.RT
21:17:02 PIT >> INFO : MINION : Failed to set JaCoCo session: org.jacoco.agent.rt.RT
21:17:02 PIT >> INFO : MINION : Failed to dump JaCoCo execution data: org.jacoco.agent.rt.RT
21:17:02 PIT >> INFO : MINION : Failed to set JaCoCo session: org.jacoco.agent.rt.RT
21:17:02 PIT >> INFO : MINION : Failed to dump JaCoCo execution data: org.jacoco.agent.rt.RT
21:17:02 PIT >> INFO : MINION : Failed to set JaCoCo session: org.jacoco.agent.rt.RT
21:17:02 PIT >> INFO : MINION : Failed to dump JaCoCo execution data: org.jacoco.agent.rt.RT
21:17:02 PIT >> INFO : MINION : Failed to set JaCoCo session: org.jacoco.agent.rt.RT
21:17:02 PIT >> INFO : MINION : Failed to dump JaCoCo execution data: org.jacoco.agent.rt.RT
21:17:02 PIT >> INFO : MINION : Failed to set JaCoCo session: org.jacoco.agent.rt.RT
21:17:02 PIT >> INFO : MINION : Failed to dump JaCoCo execution data: org.jacoco.agent.rt.RT
21:17:02 PIT >> INFO : MINION : Failed to set JaCoCo session: org.jacoco.agent.rt.RT
21:17:02 PIT >> INFO : MINION : Failed to dump JaCoCo execution data: org.jacoco.agent.rt.RT
21:17:02 PIT >> INFO : MINION : Failed to set JaCoCo session: org.jacoco.agent.rt.RT
21:17:02 PIT >> INFO : MINION : Failed to dump JaCoCo execution data: org.jacoco.agent.rt.RT
21:17:02 PIT >> INFO : MINION : Failed to set JaCoCo session: org.jacoco.agent.rt.RT
21:17:02 PIT >> INFO : MINION : Failed to dump JaCoCo execution data: org.jacoco.agent.rt.RT
21:17:02 PIT >> INFO : MINION : Failed to set JaCoCo session: org.jacoco.agent.rt.RT
21:17:02 PIT >> INFO : MINION : Failed to dump JaCoCo execution data: org.jacoco.agent.rt.RT
21:17:02 PIT >> INFO : MINION : Failed to set JaCoCo session: org.jacoco.agent.rt.RT
21:17:02 PIT >> INFO : MINION : Failed to dump JaCoCo execution data: org.jacoco.agent.rt.RT
21:17:02 PIT >> INFO : MINION : Failed to set JaCoCo session: org.jacoco.agent.rt.RT
21:17:02 PIT >> INFO : MINION : Failed to dump JaCoCo execution data: org.jacoco.agent.rt.RT
21:17:02 PIT >> INFO : MINION : Failed to set JaCoCo session: org.jacoco.agent.rt.RT
21:17:02 PIT >> INFO : MINION : Failed to dump JaCoCo execution data: org.jacoco.agent.rt.RT
21:17:02 PIT >> INFO : MINION : Failed to set JaCoCo session: org.jacoco.agent.rt.RT
21:17:02 PIT >> INFO : MINION : Failed to dump JaCoCo execution data: org.jacoco.agent.rt.RT
21:17:02 PIT >> INFO : MINION : Failed to set JaCoCo session: org.jacoco.agent.rt.RT
21:17:02 PIT >> INFO : MINION : Failed to dump JaCoCo execution data: org.jacoco.agent.rt.RT
21:17:02 PIT >> INFO : MINION : Failed to set JaCoCo session: org.jacoco.agent.rt.RT
21:17:02 PIT >> INFO : MINION : Failed to dump JaCoCo execution data: org.jacoco.agent.rt.RT
21:17:02 PIT >> INFO : MINION : Failed to set JaCoCo session: org.jacoco.agent.rt.RT
21:17:02 PIT >> INFO : MINION : Failed to dump JaCoCo execution data: org.jacoco.agent.rt.RT
21:17:02 PIT >> INFO : MINION : Failed to set JaCoCo session: org.jacoco.agent.rt.RT
21:17:02 PIT >> INFO : MINION : Failed to dump JaCoCo execution data: org.jacoco.agent.rt.RT
21:17:02 PIT >> INFO : MINION : Failed to set JaCoCo session: org.jacoco.agent.rt.RT
21:17:02 PIT >> INFO : MINION : Failed to dump JaCoCo execution data: org.jacoco.agent.rt.RT
21:17:02 PIT >> INFO : MINION : Failed to set JaCoCo session: org.jacoco.agent.rt.RT
21:17:02 PIT >> INFO : MINION : Failed to dump JaCoCo execution data: org.jacoco.agent.rt.RT
21:17:02 PIT >> INFO : MINION : Failed to set JaCoCo session: org.jacoco.agent.rt.RT
21:17:02 PIT >> INFO : MINION : Failed to dump JaCoCo execution data: org.jacoco.agent.rt.RT
21:17:02 PIT >> INFO : MINION : Failed to set JaCoCo session: org.jacoco.agent.rt.RT
21:17:02 PIT >> INFO : MINION : Failed to dump JaCoCo execution data: org.jacoco.agent.rt.RT
21:17:02 PIT >> INFO : MINION : Failed to set JaCoCo session: org.jacoco.agent.rt.RT
21:17:02 PIT >> INFO : MINION : Failed to dump JaCoCo execution data: org.jacoco.agent.rt.RT
21:17:02 PIT >> INFO : MINION : Failed to set JaCoCo session: org.jacoco.agent.rt.RT
21:17:02 PIT >> INFO : MINION : Failed to dump JaCoCo execution data: org.jacoco.agent.rt.RT
21:17:02 PIT >> INFO : MINION : Failed to set JaCoCo session: org.jacoco.agent.rt.RT
21:17:02 PIT >> INFO : MINION : Failed to dump JaCoCo execution data: org.jacoco.agent.rt.RT
21:17:02 PIT >> INFO : MINION : Failed to set JaCoCo session: org.jacoco.agent.rt.RT
21:17:02 PIT >> INFO : MINION : Failed to dump JaCoCo execution data: org.jacoco.agent.rt.RT
21:17:02 PIT >> INFO : MINION : Failed to set JaCoCo session: org.jacoco.agent.rt.RT
21:17:02 PIT >> INFO : MINION : Failed to dump JaCoCo execution data: org.jacoco.agent.rt.RT
21:17:02 PIT >> INFO : MINION : Failed to set JaCoCo session: org.jacoco.agent.rt.RT
21:17:02 PIT >> INFO : MINION : Failed to dump JaCoCo execution data: org.jacoco.agent.rt.RT
21:17:02 PIT >> INFO : MINION : Failed to set JaCoCo session: org.jacoco.agent.rt.RT
21:17:02 PIT >> INFO : MINION : Failed to dump JaCoCo execution data: org.jacoco.agent.rt.RT
21:17:02 PIT >> INFO : MINION : Failed to set JaCoCo session: org.jacoco.agent.rt.RT
21:17:02 PIT >> INFO : MINION : Failed to dump JaCoCo execution data: org.jacoco.agent.rt.RT
21:17:02 PIT >> INFO : MINION : Failed to set JaCoCo session: org.jacoco.agent.rt.RT
21:17:02 PIT >> INFO : MINION : Failed to dump JaCoCo execution data: org.jacoco.agent.rt.RT
21:17:02 PIT >> INFO : MINION : Failed to set JaCoCo session: org.jacoco.agent.rt.RT
21:17:02 PIT >> INFO : MINION : Failed to dump JaCoCo execution data: org.jacoco.agent.rt.RT
21:17:02 PIT >> INFO : MINION : Failed to set JaCoCo session: org.jacoco.agent.rt.RT
21:17:02 PIT >> INFO : MINION : Failed to dump JaCoCo execution data: org.jacoco.agent.rt.RT
21:17:02 PIT >> INFO : MINION : Failed to set JaCoCo session: org.jacoco.agent.rt.RT
21:17:02 PIT >> INFO : MINION : Failed to dump JaCoCo execution data: org.jacoco.agent.rt.RT
21:17:02 PIT >> INFO : MINION : Failed to set JaCoCo session: org.jacoco.agent.rt.RT
21:17:02 PIT >> INFO : MINION : Failed to dump JaCoCo execution data: org.jacoco.agent.rt.RT
21:17:02 PIT >> INFO : MINION : Failed to set JaCoCo session: org.jacoco.agent.rt.RT
21:17:02 PIT >> INFO : MINION : Failed to dump JaCoCo execution data: org.jacoco.agent.rt.RT
21:17:02 PIT >> INFO : MINION : Failed to set JaCoCo session: org.jacoco.agent.rt.RT
21:17:02 PIT >> INFO : MINION : Failed to dump JaCoCo execution data: org.jacoco.agent.rt.RT
21:17:02 PIT >> INFO : MINION : Failed to set JaCoCo session: org.jacoco.agent.rt.RT
21:17:02 PIT >> INFO : MINION : Failed to dump JaCoCo execution data: org.jacoco.agent.rt.RT
21:17:02 PIT >> INFO : MINION : Failed to set JaCoCo session: org.jacoco.agent.rt.RT
21:17:02 PIT >> INFO : MINION : Failed to dump JaCoCo execution data: org.jacoco.agent.rt.RT
21:17:02 PIT >> INFO : MINION : Failed to set JaCoCo session: org.jacoco.agent.rt.RT
21:17:02 PIT >> INFO : MINION : Failed to dump JaCoCo execution data: org.jacoco.agent.rt.RT
21:17:02 PIT >> INFO : MINION : Failed to set JaCoCo session: org.jacoco.agent.rt.RT
21:17:02 PIT >> INFO : MINION : Failed to dump JaCoCo execution data: org.jacoco.agent.rt.RT
21:17:02 PIT >> INFO : MINION : Failed to set JaCoCo session: org.jacoco.agent.rt.RT
21:17:02 PIT >> INFO : MINION : Failed to dump JaCoCo execution data: org.jacoco.agent.rt.RT
21:17:02 PIT >> INFO : MINION : Failed to set JaCoCo session: org.jacoco.agent.rt.RT
21:17:02 PIT >> INFO : MINION : Failed to dump JaCoCo execution data: org.jacoco.agent.rt.RT
21:17:02 PIT >> INFO : MINION : Failed to set JaCoCo session: org.jacoco.agent.rt.RT
21:17:02 PIT >> INFO : MINION : Failed to dump JaCoCo execution data: org.jacoco.agent.rt.RT
21:17:02 PIT >> INFO : MINION : Failed to set JaCoCo session: org.jacoco.agent.rt.RT
21:17:02 PIT >> INFO : MINION : Failed to dump JaCoCo execution data: org.jacoco.agent.rt.RT
21:17:02 PIT >> INFO : MINION : Failed to set JaCoCo session: org.jacoco.agent.rt.RT
21:17:02 PIT >> INFO : MINION : Failed to dump JaCoCo execution data: org.jacoco.agent.rt.RT
21:17:02 PIT >> INFO : MINION : Failed to set JaCoCo session: org.jacoco.agent.rt.RT
21:17:02 PIT >> INFO : MINION : Failed to dump JaCoCo execution data: org.jacoco.agent.rt.RT
21:17:02 PIT >> INFO : MINION : Failed to set JaCoCo session: org.jacoco.agent.rt.RT
21:17:02 PIT >> INFO : MINION : Failed to dump JaCoCo execution data: org.jacoco.agent.rt.RT
21:17:02 PIT >> INFO : MINION : Failed to set JaCoCo session: org.jacoco.agent.rt.RT
21:17:02 PIT >> INFO : MINION : Failed to dump JaCoCo execution data: org.jacoco.agent.rt.RT
21:17:02 PIT >> INFO : MINION : Failed to set JaCoCo session: org.jacoco.agent.rt.RT
21:17:02 PIT >> INFO : MINION : Failed to dump JaCoCo execution data: org.jacoco.agent.rt.RT
21:17:02 PIT >> INFO : MINION : Failed to set JaCoCo session: org.jacoco.agent.rt.RT
21:17:02 PIT >> INFO : MINION : Failed to dump JaCoCo execution data: org.jacoco.agent.rt.RT
21:17:02 PIT >> INFO : MINION : Failed to set JaCoCo session: org.jacoco.agent.rt.RT
21:17:02 PIT >> INFO : MINION : Failed to dump JaCoCo execution data: org.jacoco.agent.rt.RT
21:17:02 PIT >> INFO : MINION : Failed to set JaCoCo session: org.jacoco.agent.rt.RT
21:17:02 PIT >> INFO : MINION : Failed to dump JaCoCo execution data: org.jacoco.agent.rt.RT
21:17:02 PIT >> INFO : MINION : Failed to set JaCoCo session: org.jacoco.agent.rt.RT
21:17:02 PIT >> INFO : MINION : Failed to dump JaCoCo execution data: org.jacoco.agent.rt.RT
21:17:02 PIT >> INFO : MINION : Failed to set JaCoCo session: org.jacoco.agent.rt.RT
21:17:02 PIT >> INFO : MINION : Failed to dump JaCoCo execution data: org.jacoco.agent.rt.RT
21:17:02 PIT >> INFO : MINION : Failed to set JaCoCo session: org.jacoco.agent.rt.RT
21:17:02 PIT >> INFO : MINION : Failed to dump JaCoCo execution data: org.jacoco.agent.rt.RT
21:17:02 PIT >> INFO : MINION : Failed to set JaCoCo session: org.jacoco.agent.rt.RT
21:17:02 PIT >> INFO : MINION : Failed to dump JaCoCo execution data: org.jacoco.agent.rt.RT
21:17:02 PIT >> INFO : MINION : Failed to set JaCoCo session: org.jacoco.agent.rt.RT
21:17:02 PIT >> INFO : MINION : Failed to dump JaCoCo execution data: org.jacoco.agent.rt.RT
21:17:02 PIT >> INFO : MINION : Failed to set JaCoCo session: org.jacoco.agent.rt.RT
21:17:02 PIT >> INFO : MINION : Failed to dump JaCoCo execution data: org.jacoco.agent.rt.RT
21:17:02 PIT >> INFO : MINION : Failed to set JaCoCo session: org.jacoco.agent.rt.RT
21:17:02 PIT >> INFO : MINION : Failed to dump JaCoCo execution data: org.jacoco.agent.rt.RT
21:17:02 PIT >> INFO : MINION : Failed to set JaCoCo session: org.jacoco.agent.rt.RT
21:17:02 PIT >> INFO : MINION : Failed to dump JaCoCo execution data: org.jacoco.agent.rt.RT
21:17:02 PIT >> INFO : MINION : Failed to set JaCoCo session: org.jacoco.agent.rt.RT
21:17:02 PIT >> INFO : MINION : Failed to dump JaCoCo execution data: org.jacoco.agent.rt.RT
21:17:02 PIT >> INFO : MINION : Failed to set JaCoCo session: org.jacoco.agent.rt.RT
21:17:02 PIT >> INFO : MINION : Failed to dump JaCoCo execution data: org.jacoco.agent.rt.RT
21:17:02 PIT >> INFO : MINION : Failed to set JaCoCo session: org.jacoco.agent.rt.RT
21:17:02 PIT >> INFO : MINION : Failed to dump JaCoCo execution data: org.jacoco.agent.rt.RT
21:17:02 PIT >> INFO : MINION : Failed to set JaCoCo session: org.jacoco.agent.rt.RT
21:17:02 PIT >> INFO : MINION : Failed to dump JaCoCo execution data: org.jacoco.agent.rt.RT
21:17:02 PIT >> INFO : MINION : Failed to set JaCoCo session: org.jacoco.agent.rt.RT
21:17:02 PIT >> INFO : MINION : Failed to dump JaCoCo execution data: org.jacoco.agent.rt.RT
21:17:02 PIT >> INFO : MINION : Failed to set JaCoCo session: org.jacoco.agent.rt.RT
21:17:02 PIT >> INFO : MINION : Failed to dump JaCoCo execution data: org.jacoco.agent.rt.RT
21:17:02 PIT >> INFO : MINION : Failed to set JaCoCo session: org.jacoco.agent.rt.RT
21:17:02 PIT >> INFO : MINION : Failed to dump JaCoCo execution data: org.jacoco.agent.rt.RT
21:17:02 PIT >> INFO : MINION : Failed to set JaCoCo session: org.jacoco.agent.rt.RT
21:17:02 PIT >> INFO : MINION : Failed to dump JaCoCo execution data: org.jacoco.agent.rt.RT
21:17:02 PIT >> INFO : MINION : Failed to set JaCoCo session: org.jacoco.agent.rt.RT
21:17:02 PIT >> INFO : MINION : Failed to dump JaCoCo execution data: org.jacoco.agent.rt.RT
21:17:02 PIT >> INFO : MINION : Failed to set JaCoCo session: org.jacoco.agent.rt.RT
21:17:02 PIT >> INFO : MINION : Failed to dump JaCoCo execution data: org.jacoco.agent.rt.RT
21:17:02 PIT >> INFO : MINION : Failed to set JaCoCo session: org.jacoco.agent.rt.RT
21:17:02 PIT >> INFO : MINION : Failed to dump JaCoCo execution data: org.jacoco.agent.rt.RT
21:17:02 PIT >> INFO : MINION : Failed to set JaCoCo session: org.jacoco.agent.rt.RT
21:17:02 PIT >> INFO : MINION : Failed to dump JaCoCo execution data: org.jacoco.agent.rt.RT
21:17:02 PIT >> INFO : MINION : Failed to set JaCoCo session: org.jacoco.agent.rt.RT
21:17:02 PIT >> INFO : MINION : Failed to dump JaCoCo execution data: org.jacoco.agent.rt.RT
21:17:02 PIT >> INFO : MINION : Failed to set JaCoCo session: org.jacoco.agent.rt.RT
21:17:02 PIT >> INFO : MINION : Failed to dump JaCoCo execution data: org.jacoco.agent.rt.RT
21:17:02 PIT >> INFO : MINION : Failed to set JaCoCo session: org.jacoco.agent.rt.RT
21:17:02 PIT >> INFO : MINION : Failed to dump JaCoCo execution data: org.jacoco.agent.rt.RT
21:17:02 PIT >> INFO : MINION : Failed to set JaCoCo session: org.jacoco.agent.rt.RT
21:17:02 PIT >> INFO : MINION : Failed to dump JaCoCo execution data: org.jacoco.agent.rt.RT
21:17:02 PIT >> INFO : MINION : Failed to set JaCoCo session: org.jacoco.agent.rt.RT
21:17:02 PIT >> INFO : MINION : Failed to dump JaCoCo execution data: org.jacoco.agent.rt.RT
21:17:02 PIT >> INFO : MINION : Failed to set JaCoCo session: org.jacoco.agent.rt.RT
21:17:02 PIT >> INFO : MINION : Failed to dump JaCoCo execution data: org.jacoco.agent.rt.RT
21:17:02 PIT >> INFO : MINION : Failed to set JaCoCo session: org.jacoco.agent.rt.RT
21:17:02 PIT >> INFO : MINION : Failed to dump JaCoCo execution data: org.jacoco.agent.rt.RT
21:17:02 PIT >> INFO : MINION : Failed to set JaCoCo session: org.jacoco.agent.rt.RT
21:17:02 PIT >> INFO : MINION : Failed to dump JaCoCo execution data: org.jacoco.agent.rt.RT
21:17:02 PIT >> INFO : MINION : Failed to set JaCoCo session: org.jacoco.agent.rt.RT
21:17:02 PIT >> INFO : MINION : Failed to dump JaCoCo execution data: org.jacoco.agent.rt.RT
21:17:02 PIT >> INFO : MINION : Failed to set JaCoCo session: org.jacoco.agent.rt.RT
21:17:02 PIT >> INFO : MINION : Failed to dump JaCoCo execution data: org.jacoco.agent.rt.RT
21:17:02 PIT >> INFO : MINION : Failed to set JaCoCo session: org.jacoco.agent.rt.RT
21:17:02 PIT >> INFO : MINION : Failed to dump JaCoCo execution data: org.jacoco.agent.rt.RT
21:17:02 PIT >> INFO : MINION : Failed to set JaCoCo session: org.jacoco.agent.rt.RT
21:17:02 PIT >> INFO : MINION : Failed to dump JaCoCo execution data: org.jacoco.agent.rt.RT
21:17:02 PIT >> INFO : MINION : Failed to set JaCoCo session: org.jacoco.agent.rt.RT
21:17:02 PIT >> INFO : MINION : Failed to dump JaCoCo execution data: org.jacoco.agent.rt.RT
21:17:02 PIT >> INFO : MINION : Failed to set JaCoCo session: org.jacoco.agent.rt.RT
21:17:02 PIT >> INFO : MINION : Failed to dump JaCoCo execution data: org.jacoco.agent.rt.RT
21:17:02 PIT >> INFO : MINION : Failed to set JaCoCo session: org.jacoco.agent.rt.RT
21:17:02 PIT >> INFO : MINION : Failed to dump JaCoCo execution data: org.jacoco.agent.rt.RT
21:17:02 PIT >> INFO : MINION : Failed to set JaCoCo session: org.jacoco.agent.rt.RT
21:17:02 PIT >> INFO : MINION : Failed to dump JaCoCo execution data: org.jacoco.agent.rt.RT
21:17:02 PIT >> INFO : MINION : Failed to set JaCoCo session: org.jacoco.agent.rt.RT
21:17:02 PIT >> INFO : MINION : Failed to dump JaCoCo execution data: org.jacoco.agent.rt.RT
21:17:02 PIT >> INFO : MINION : Failed to set JaCoCo session: org.jacoco.agent.rt.RT
21:17:02 PIT >> INFO : MINION : Failed to dump JaCoCo execution data: org.jacoco.agent.rt.RT
21:17:02 PIT >> INFO : MINION : Failed to set JaCoCo session: org.jacoco.agent.rt.RT
21:17:02 PIT >> INFO : MINION : Failed to dump JaCoCo execution data: org.jacoco.agent.rt.RT
21:17:02 PIT >> INFO : MINION : Failed to set JaCoCo session: org.jacoco.agent.rt.RT
21:17:02 PIT >> INFO : MINION : Failed to dump JaCoCo execution data: org.jacoco.agent.rt.RT
21:17:02 PIT >> INFO : MINION : Failed to set JaCoCo session: org.jacoco.agent.rt.RT
21:17:02 PIT >> INFO : MINION : Failed to dump JaCoCo execution data: org.jacoco.agent.rt.RT
21:17:02 PIT >> INFO : MINION : Failed to set JaCoCo session: org.jacoco.agent.rt.RT
21:17:02 PIT >> INFO : MINION : Failed to dump JaCoCo execution data: org.jacoco.agent.rt.RT
21:17:02 PIT >> INFO : MINION : Failed to set JaCoCo session: org.jacoco.agent.rt.RT
21:17:02 PIT >> INFO : MINION : Failed to dump JaCoCo execution data: org.jacoco.agent.rt.RT
21:17:02 PIT >> INFO : MINION : Failed to set JaCoCo session: org.jacoco.agent.rt.RT
21:17:02 PIT >> INFO : MINION : Failed to dump JaCoCo execution data: org.jacoco.agent.rt.RT
21:17:02 PIT >> INFO : MINION : Failed to set JaCoCo session: org.jacoco.agent.rt.RT
21:17:02 PIT >> INFO : MINION : Failed to dump JaCoCo execution data: org.jacoco.agent.rt.RT
21:17:02 PIT >> INFO : MINION : Failed to set JaCoCo session: org.jacoco.agent.rt.RT
21:17:02 PIT >> INFO : MINION : Failed to dump JaCoCo execution data: org.jacoco.agent.rt.RT
21:17:02 PIT >> INFO : MINION : Failed to set JaCoCo session: org.jacoco.agent.rt.RT
21:17:02 PIT >> INFO : MINION : Failed to dump JaCoCo execution data: org.jacoco.agent.rt.RT
21:17:02 PIT >> INFO : MINION : Failed to set JaCoCo session: org.jacoco.agent.rt.RT
21:17:02 PIT >> INFO : MINION : Failed to dump JaCoCo execution data: org.jacoco.agent.rt.RT
21:17:02 PIT >> INFO : MINION : Failed to set JaCoCo session: org.jacoco.agent.rt.RT
21:17:02 PIT >> INFO : MINION : Failed to dump JaCoCo execution data: org.jacoco.agent.rt.RT
21:17:02 PIT >> INFO : MINION : Failed to set JaCoCo session: org.jacoco.agent.rt.RT
21:17:02 PIT >> INFO : MINION : Failed to dump JaCoCo execution data: org.jacoco.agent.rt.RT
21:17:02 PIT >> INFO : MINION : Failed to set JaCoCo session: org.jacoco.agent.rt.RT
21:17:02 PIT >> INFO : MINION : Failed to dump JaCoCo execution data: org.jacoco.agent.rt.RT
21:17:02 PIT >> INFO : MINION : Failed to set JaCoCo session: org.jacoco.agent.rt.RT
21:17:02 PIT >> INFO : MINION : Failed to dump JaCoCo execution data: org.jacoco.agent.rt.RT
21:17:02 PIT >> INFO : MINION : Failed to set JaCoCo session: org.jacoco.agent.rt.RT
21:17:02 PIT >> INFO : MINION : Failed to dump JaCoCo execution data: org.jacoco.agent.rt.RT
21:17:02 PIT >> INFO : MINION : Failed to set JaCoCo session: org.jacoco.agent.rt.RT
21:17:02 PIT >> INFO : MINION : Failed to dump JaCoCo execution data: org.jacoco.agent.rt.RT
21:17:02 PIT >> INFO : MINION : Failed to set JaCoCo session: org.jacoco.agent.rt.RT
21:17:02 PIT >> INFO : MINION : Failed to dump JaCoCo execution data: org.jacoco.agent.rt.RT
21:17:02 PIT >> INFO : MINION : Failed to set JaCoCo session: org.jacoco.agent.rt.RT
21:17:02 PIT >> INFO : MINION : Failed to dump JaCoCo execution data: org.jacoco.agent.rt.RT
21:17:02 PIT >> INFO : MINION : Failed to set JaCoCo session: org.jacoco.agent.rt.RT
21:17:02 PIT >> INFO : MINION : Failed to dump JaCoCo execution data: org.jacoco.agent.rt.RT
21:17:02 PIT >> INFO : MINION : Failed to set JaCoCo session: org.jacoco.agent.rt.RT
21:17:02 PIT >> INFO : MINION : Failed to dump JaCoCo execution data: org.jacoco.agent.rt.RT
21:17:02 PIT >> INFO : MINION : Failed to set JaCoCo session: org.jacoco.agent.rt.RT
21:17:02 PIT >> INFO : MINION : Failed to dump JaCoCo execution data: org.jacoco.agent.rt.RT
21:17:02 PIT >> INFO : MINION : Failed to set JaCoCo session: org.jacoco.agent.rt.RT
21:17:02 PIT >> INFO : MINION : Failed to dump JaCoCo execution data: org.jacoco.agent.rt.RT
21:17:02 PIT >> INFO : MINION : Failed to set JaCoCo session: org.jacoco.agent.rt.RT
21:17:02 PIT >> INFO : MINION : Failed to dump JaCoCo execution data: org.jacoco.agent.rt.RT
21:17:02 PIT >> INFO : MINION : Failed to set JaCoCo session: org.jacoco.agent.rt.RT
21:17:02 PIT >> INFO : MINION : Failed to dump JaCoCo execution data: org.jacoco.agent.rt.RT
21:17:02 PIT >> INFO : MINION : Failed to set JaCoCo session: org.jacoco.agent.rt.RT
21:17:02 PIT >> INFO : MINION : Failed to dump JaCoCo execution data: org.jacoco.agent.rt.RT
21:17:02 PIT >> INFO : MINION : Failed to set JaCoCo session: org.jacoco.agent.rt.RT
21:17:02 PIT >> INFO : MINION : Failed to dump JaCoCo execution data: org.jacoco.agent.rt.RT
21:17:02 PIT >> INFO : MINION : Failed to set JaCoCo session: org.jacoco.agent.rt.RT
21:17:02 PIT >> INFO : MINION : Failed to dump JaCoCo execution data: org.jacoco.agent.rt.RT
21:17:02 PIT >> INFO : MINION : Failed to set JaCoCo session: org.jacoco.agent.rt.RT
21:17:02 PIT >> INFO : MINION : Failed to dump JaCoCo execution data: org.jacoco.agent.rt.RT
21:17:02 PIT >> INFO : MINION : Failed to set JaCoCo session: org.jacoco.agent.rt.RT
21:17:02 PIT >> INFO : MINION : Failed to dump JaCoCo execution data: org.jacoco.agent.rt.RT
21:17:02 PIT >> INFO : MINION : Failed to set JaCoCo session: org.jacoco.agent.rt.RT
21:17:02 PIT >> INFO : MINION : Failed to dump JaCoCo execution data: org.jacoco.agent.rt.RT
21:17:02 PIT >> INFO : MINION : Failed to set JaCoCo session: org.jacoco.agent.rt.RT
21:17:02 PIT >> INFO : MINION : Failed to dump JaCoCo execution data: org.jacoco.agent.rt.RT
21:17:02 PIT >> INFO : MINION : Failed to set JaCoCo session: org.jacoco.agent.rt.RT
21:17:02 PIT >> INFO : MINION : Failed to dump JaCoCo execution data: org.jacoco.agent.rt.RT
21:17:02 PIT >> INFO : MINION : Failed to set JaCoCo session: org.jacoco.agent.rt.RT
21:17:02 PIT >> INFO : MINION : Failed to dump JaCoCo execution data: org.jacoco.agent.rt.RT
21:17:02 PIT >> INFO : MINION : Failed to set JaCoCo session: org.jacoco.agent.rt.RT
21:17:02 PIT >> INFO : MINION : Failed to dump JaCoCo execution data: org.jacoco.agent.rt.RT
21:17:02 PIT >> INFO : MINION : Failed to set JaCoCo session: org.jacoco.agent.rt.RT
21:17:02 PIT >> INFO : MINION : Failed to dump JaCoCo execution data: org.jacoco.agent.rt.RT
21:17:02 PIT >> INFO : MINION : Failed to set JaCoCo session: org.jacoco.agent.rt.RT
21:17:02 PIT >> INFO : MINION : Failed to dump JaCoCo execution data: org.jacoco.agent.rt.RT
21:17:02 PIT >> INFO : MINION : Failed to set JaCoCo session: org.jacoco.agent.rt.RT
21:17:02 PIT >> INFO : MINION : Failed to dump JaCoCo execution data: org.jacoco.agent.rt.RT
21:17:02 PIT >> INFO : MINION : Failed to set JaCoCo session: org.jacoco.agent.rt.RT
21:17:02 PIT >> INFO : MINION : Failed to dump JaCoCo execution data: org.jacoco.agent.rt.RT
21:17:02 PIT >> INFO : MINION : Failed to set JaCoCo session: org.jacoco.agent.rt.RT
21:17:02 PIT >> INFO : MINION : Failed to dump JaCoCo execution data: org.jacoco.agent.rt.RT
21:17:02 PIT >> INFO : MINION : Failed to set JaCoCo session: org.jacoco.agent.rt.RT
21:17:02 PIT >> INFO : MINION : Failed to dump JaCoCo execution data: org.jacoco.agent.rt.RT
21:17:02 PIT >> INFO : MINION : Failed to set JaCoCo session: org.jacoco.agent.rt.RT
21:17:02 PIT >> INFO : MINION : Failed to dump JaCoCo execution data: org.jacoco.agent.rt.RT
21:17:02 PIT >> INFO : MINION : Failed to set JaCoCo session: org.jacoco.agent.rt.RT
21:17:02 PIT >> INFO : MINION : Failed to dump JaCoCo execution data: org.jacoco.agent.rt.RT
21:17:02 PIT >> INFO : MINION : Failed to set JaCoCo session: org.jacoco.agent.rt.RT
21:17:02 PIT >> INFO : MINION : Failed to dump JaCoCo execution data: org.jacoco.agent.rt.RT
21:17:02 PIT >> INFO : MINION : Failed to set JaCoCo session: org.jacoco.agent.rt.RT
21:17:02 PIT >> INFO : MINION : Failed to dump JaCoCo execution data: org.jacoco.agent.rt.RT
21:17:02 PIT >> INFO : MINION : Failed to set JaCoCo session: org.jacoco.agent.rt.RT
21:17:02 PIT >> INFO : MINION : Failed to dump JaCoCo execution data: org.jacoco.agent.rt.RT
21:17:02 PIT >> INFO : MINION : Failed to set JaCoCo session: org.jacoco.agent.rt.RT
21:17:02 PIT >> INFO : MINION : Failed to dump JaCoCo execution data: org.jacoco.agent.rt.RT
21:17:02 PIT >> INFO : MINION : Failed to set JaCoCo session: org.jacoco.agent.rt.RT
21:17:02 PIT >> INFO : MINION : Failed to dump JaCoCo execution data: org.jacoco.agent.rt.RT
21:17:02 PIT >> INFO : MINION : Failed to set JaCoCo session: org.jacoco.agent.rt.RT
21:17:02 PIT >> INFO : MINION : Failed to dump JaCoCo execution data: org.jacoco.agent.rt.RT
21:17:02 PIT >> INFO : MINION : Failed to set JaCoCo session: org.jacoco.agent.rt.RT
21:17:02 PIT >> INFO : MINION : Failed to dump JaCoCo execution data: org.jacoco.agent.rt.RT
21:17:02 PIT >> INFO : MINION : Failed to set JaCoCo session: org.jacoco.agent.rt.RT
21:17:02 PIT >> INFO : MINION : Failed to dump JaCoCo execution data: org.jacoco.agent.rt.RT
21:17:02 PIT >> INFO : MINION : Failed to set JaCoCo session: org.jacoco.agent.rt.RT
21:17:02 PIT >> INFO : MINION : Failed to dump JaCoCo execution data: org.jacoco.agent.rt.RT
21:17:02 PIT >> INFO : MINION : Failed to set JaCoCo session: org.jacoco.agent.rt.RT
21:17:02 PIT >> INFO : MINION : Failed to dump JaCoCo execution data: org.jacoco.agent.rt.RT
21:17:02 PIT >> INFO : MINION : Failed to set JaCoCo session: org.jacoco.agent.rt.RT
21:17:02 PIT >> INFO : MINION : Failed to dump JaCoCo execution data: org.jacoco.agent.rt.RT
21:17:02 PIT >> INFO : MINION : Failed to set JaCoCo session: org.jacoco.agent.rt.RT
21:17:02 PIT >> INFO : MINION : Failed to dump JaCoCo execution data: org.jacoco.agent.rt.RT
21:17:02 PIT >> INFO : MINION : Failed to set JaCoCo session: org.jacoco.agent.rt.RT
21:17:02 PIT >> INFO : MINION : Failed to dump JaCoCo execution data: org.jacoco.agent.rt.RT
21:17:02 PIT >> INFO : MINION : Failed to set JaCoCo session: org.jacoco.agent.rt.RT
21:17:02 PIT >> INFO : MINION : Failed to dump JaCoCo execution data: org.jacoco.agent.rt.RT
21:17:02 PIT >> INFO : MINION : Failed to set JaCoCo session: org.jacoco.agent.rt.RT
21:17:02 PIT >> INFO : MINION : Failed to dump JaCoCo execution data: org.jacoco.agent.rt.RT
21:17:02 PIT >> INFO : MINION : Failed to set JaCoCo session: org.jacoco.agent.rt.RT
21:17:02 PIT >> INFO : MINION : Failed to dump JaCoCo execution data: org.jacoco.agent.rt.RT
21:17:02 PIT >> INFO : MINION : Failed to set JaCoCo session: org.jacoco.agent.rt.RT
21:17:02 PIT >> INFO : MINION : Failed to dump JaCoCo execution data: org.jacoco.agent.rt.RT
21:17:02 PIT >> INFO : MINION : Failed to set JaCoCo session: org.jacoco.agent.rt.RT
21:17:02 PIT >> INFO : MINION : Failed to dump JaCoCo execution data: org.jacoco.agent.rt.RT
21:17:02 PIT >> INFO : MINION : Failed to set JaCoCo session: org.jacoco.agent.rt.RT
21:17:02 PIT >> INFO : MINION : Failed to dump JaCoCo execution data: org.jacoco.agent.rt.RT
21:17:02 PIT >> INFO : MINION : Failed to set JaCoCo session: org.jacoco.agent.rt.RT
21:17:02 PIT >> INFO : MINION : Failed to dump JaCoCo execution data: org.jacoco.agent.rt.RT
21:17:02 PIT >> INFO : MINION : Failed to set JaCoCo session: org.jacoco.agent.rt.RT
21:17:02 PIT >> INFO : MINION : Failed to dump JaCoCo execution data: org.jacoco.agent.rt.RT
21:17:02 PIT >> INFO : MINION : Failed to set JaCoCo session: org.jacoco.agent.rt.RT
21:17:02 PIT >> INFO : MINION : Failed to dump JaCoCo execution data: org.jacoco.agent.rt.RT
21:17:02 PIT >> INFO : MINION : Failed to set JaCoCo session: org.jacoco.agent.rt.RT
21:17:02 PIT >> INFO : MINION : Failed to dump JaCoCo execution data: org.jacoco.agent.rt.RT
21:17:02 PIT >> INFO : MINION : Failed to set JaCoCo session: org.jacoco.agent.rt.RT
21:17:02 PIT >> INFO : MINION : Failed to dump JaCoCo execution data: org.jacoco.agent.rt.RT
21:17:02 PIT >> INFO : MINION : Failed to set JaCoCo session: org.jacoco.agent.rt.RT
21:17:02 PIT >> INFO : MINION : Failed to dump JaCoCo execution data: org.jacoco.agent.rt.RT
21:17:02 PIT >> INFO : MINION : Failed to set JaCoCo session: org.jacoco.agent.rt.RT
21:17:02 PIT >> INFO : MINION : Failed to dump JaCoCo execution data: org.jacoco.agent.rt.RT
21:17:02 PIT >> INFO : MINION : Failed to set JaCoCo session: org.jacoco.agent.rt.RT
21:17:02 PIT >> INFO : MINION : Failed to dump JaCoCo execution data: org.jacoco.agent.rt.RT
21:17:02 PIT >> INFO : MINION : Failed to set JaCoCo session: org.jacoco.agent.rt.RT
21:17:02 PIT >> INFO : MINION : Failed to dump JaCoCo execution data: org.jacoco.agent.rt.RT
21:17:02 PIT >> INFO : MINION : Failed to set JaCoCo session: org.jacoco.agent.rt.RT
21:17:02 PIT >> INFO : MINION : Failed to dump JaCoCo execution data: org.jacoco.agent.rt.RT
21:17:02 PIT >> INFO : MINION : Failed to set JaCoCo session: org.jacoco.agent.rt.RT
21:17:02 PIT >> INFO : MINION : Failed to dump JaCoCo execution data: org.jacoco.agent.rt.RT
21:17:02 PIT >> INFO : MINION : Failed to set JaCoCo session: org.jacoco.agent.rt.RT
21:17:02 PIT >> INFO : MINION : Failed to dump JaCoCo execution data: org.jacoco.agent.rt.RT
21:17:02 PIT >> INFO : MINION : Failed to set JaCoCo session: org.jacoco.agent.rt.RT
21:17:02 PIT >> INFO : MINION : Failed to dump JaCoCo execution data: org.jacoco.agent.rt.RT
21:17:02 PIT >> INFO : MINION : Failed to set JaCoCo session: org.jacoco.agent.rt.RT
21:17:02 PIT >> INFO : MINION : Failed to dump JaCoCo execution data: org.jacoco.agent.rt.RT
21:17:02 PIT >> INFO : MINION : Failed to set JaCoCo session: org.jacoco.agent.rt.RT
21:17:02 PIT >> INFO : MINION : Failed to dump JaCoCo execution data: org.jacoco.agent.rt.RT
21:17:02 PIT >> INFO : MINION : Failed to set JaCoCo session: org.jacoco.agent.rt.RT
21:17:02 PIT >> INFO : MINION : Failed to dump JaCoCo execution data: org.jacoco.agent.rt.RT
21:17:02 PIT >> INFO : MINION : Failed to set JaCoCo session: org.jacoco.agent.rt.RT
21:17:02 PIT >> INFO : MINION : Failed to dump JaCoCo execution data: org.jacoco.agent.rt.RT
21:17:02 PIT >> INFO : MINION : Failed to set JaCoCo session: org.jacoco.agent.rt.RT
21:17:02 PIT >> INFO : MINION : Failed to dump JaCoCo execution data: org.jacoco.agent.rt.RT
21:17:02 PIT >> INFO : MINION : Failed to set JaCoCo session: org.jacoco.agent.rt.RT
21:17:02 PIT >> INFO : MINION : Failed to dump JaCoCo execution data: org.jacoco.agent.rt.RT
21:17:02 PIT >> INFO : MINION : Failed to set JaCoCo session: org.jacoco.agent.rt.RT
21:17:02 PIT >> INFO : MINION : Failed to dump JaCoCo execution data: org.jacoco.agent.rt.RT
21:17:02 PIT >> INFO : MINION : Failed to set JaCoCo session: org.jacoco.agent.rt.RT
21:17:02 PIT >> INFO : MINION : Failed to dump JaCoCo execution data: org.jacoco.agent.rt.RT
21:17:02 PIT >> INFO : MINION : Failed to set JaCoCo session: org.jacoco.agent.rt.RT
21:17:02 PIT >> INFO : MINION : Failed to dump JaCoCo execution data: org.jacoco.agent.rt.RT
21:17:02 PIT >> INFO : MINION : Failed to set JaCoCo session: org.jacoco.agent.rt.RT
21:17:02 PIT >> INFO : MINION : Failed to dump JaCoCo execution data: org.jacoco.agent.rt.RT
21:17:02 PIT >> INFO : MINION : Failed to set JaCoCo session: org.jacoco.agent.rt.RT
21:17:02 PIT >> INFO : MINION : Failed to dump JaCoCo execution data: org.jacoco.agent.rt.RT
21:17:02 PIT >> INFO : MINION : Failed to set JaCoCo session: org.jacoco.agent.rt.RT
21:17:02 PIT >> INFO : MINION : Failed to dump JaCoCo execution data: org.jacoco.agent.rt.RT
21:17:02 PIT >> INFO : MINION : Failed to set JaCoCo session: org.jacoco.agent.rt.RT
21:17:02 PIT >> INFO : MINION : Failed to dump JaCoCo execution data: org.jacoco.agent.rt.RT
21:17:02 PIT >> INFO : MINION : Failed to set JaCoCo session: org.jacoco.agent.rt.RT
21:17:02 PIT >> INFO : MINION : Failed to dump JaCoCo execution data: org.jacoco.agent.rt.RT
21:17:02 PIT >> INFO : MINION : Failed to set JaCoCo session: org.jacoco.agent.rt.RT
21:17:02 PIT >> INFO : MINION : Failed to dump JaCoCo execution data: org.jacoco.agent.rt.RT
21:17:02 PIT >> INFO : MINION : Failed to set JaCoCo session: org.jacoco.agent.rt.RT
21:17:02 PIT >> INFO : MINION : Failed to dump JaCoCo execution data: org.jacoco.agent.rt.RT
21:17:02 PIT >> INFO : MINION : Failed to set JaCoCo session: org.jacoco.agent.rt.RT
21:17:02 PIT >> INFO : MINION : Failed to dump JaCoCo execution data: org.jacoco.agent.rt.RT
21:17:02 PIT >> INFO : MINION : Failed to set JaCoCo session: org.jacoco.agent.rt.RT
21:17:02 PIT >> INFO : MINION : Failed to dump JaCoCo execution data: org.jacoco.agent.rt.RT
21:17:02 PIT >> INFO : MINION : Failed to set JaCoCo session: org.jacoco.agent.rt.RT
21:17:02 PIT >> INFO : MINION : Failed to dump JaCoCo execution data: org.jacoco.agent.rt.RT
21:17:02 PIT >> INFO : MINION : Failed to set JaCoCo session: org.jacoco.agent.rt.RT
21:17:02 PIT >> INFO : MINION : Failed to dump JaCoCo execution data: org.jacoco.agent.rt.RT
21:17:02 PIT >> INFO : MINION : Failed to set JaCoCo session: org.jacoco.agent.rt.RT
21:17:02 PIT >> INFO : MINION : Failed to dump JaCoCo execution data: org.jacoco.agent.rt.RT
21:17:02 PIT >> INFO : MINION : Failed to set JaCoCo session: org.jacoco.agent.rt.RT
21:17:02 PIT >> INFO : MINION : Failed to dump JaCoCo execution data: org.jacoco.agent.rt.RT
21:17:02 PIT >> INFO : MINION : Failed to set JaCoCo session: org.jacoco.agent.rt.RT
21:17:02 PIT >> INFO : MINION : Failed to dump JaCoCo execution data: org.jacoco.agent.rt.RT
21:17:02 PIT >> INFO : MINION : Failed to set JaCoCo session: org.jacoco.agent.rt.RT
21:17:02 PIT >> INFO : MINION : Failed to dump JaCoCo execution data: org.jacoco.agent.rt.RT
21:17:02 PIT >> INFO : MINION : Failed to set JaCoCo session: org.jacoco.agent.rt.RT
21:17:02 PIT >> INFO : MINION : Failed to dump JaCoCo execution data: org.jacoco.agent.rt.RT
21:17:02 PIT >> INFO : MINION : Failed to set JaCoCo session: org.jacoco.agent.rt.RT
21:17:02 PIT >> INFO : MINION : Failed to dump JaCoCo execution data: org.jacoco.agent.rt.RT
21:17:02 PIT >> INFO : MINION : Failed to set JaCoCo session: org.jacoco.agent.rt.RT
21:17:02 PIT >> INFO : MINION : Failed to dump JaCoCo execution data: org.jacoco.agent.rt.RT
21:17:02 PIT >> INFO : MINION : Failed to set JaCoCo session: org.jacoco.agent.rt.RT
21:17:02 PIT >> INFO : MINION : Failed to dump JaCoCo execution data: org.jacoco.agent.rt.RT
21:17:02 PIT >> INFO : MINION : Failed to set JaCoCo session: org.jacoco.agent.rt.RT
21:17:02 PIT >> INFO : MINION : Failed to dump JaCoCo execution data: org.jacoco.agent.rt.RT
21:17:02 PIT >> INFO : MINION : Failed to set JaCoCo session: org.jacoco.agent.rt.RT
21:17:02 PIT >> INFO : MINION : Failed to dump JaCoCo execution data: org.jacoco.agent.rt.RT
21:17:02 PIT >> INFO : MINION : Failed to set JaCoCo session: org.jacoco.agent.rt.RT
21:17:02 PIT >> INFO : MINION : Failed to dump JaCoCo execution data: org.jacoco.agent.rt.RT
21:17:02 PIT >> INFO : MINION : Failed to set JaCoCo session: org.jacoco.agent.rt.RT
21:17:02 PIT >> INFO : MINION : Failed to dump JaCoCo execution data: org.jacoco.agent.rt.RT
21:17:02 PIT >> INFO : MINION : Failed to set JaCoCo session: org.jacoco.agent.rt.RT
21:17:02 PIT >> INFO : MINION : Failed to dump JaCoCo execution data: org.jacoco.agent.rt.RT
21:17:02 PIT >> INFO : MINION : Failed to set JaCoCo session: org.jacoco.agent.rt.RT
21:17:02 PIT >> INFO : MINION : Failed to dump JaCoCo execution data: org.jacoco.agent.rt.RT
21:17:02 PIT >> INFO : MINION : Failed to set JaCoCo session: org.jacoco.agent.rt.RT
21:17:02 PIT >> INFO : MINION : Failed to dump JaCoCo execution data: org.jacoco.agent.rt.RT
21:17:03 PIT >> INFO : MINION : Failed to set JaCoCo session: org.jacoco.agent.rt.RT
21:17:03 PIT >> INFO : MINION : Failed to dump JaCoCo execution data: org.jacoco.agent.rt.RT
21:17:03 PIT >> INFO : MINION : Failed to set JaCoCo session: org.jacoco.agent.rt.RT
21:17:03 PIT >> INFO : MINION : Failed to dump JaCoCo execution data: org.jacoco.agent.rt.RT
21:17:03 PIT >> INFO : MINION : Failed to set JaCoCo session: org.jacoco.agent.rt.RT
21:17:03 PIT >> INFO : MINION : Failed to dump JaCoCo execution data: org.jacoco.agent.rt.RT
21:17:03 PIT >> INFO : MINION : Failed to set JaCoCo session: org.jacoco.agent.rt.RT
21:17:03 PIT >> INFO : MINION : Failed to dump JaCoCo execution data: org.jacoco.agent.rt.RT
21:17:03 PIT >> INFO : MINION : Failed to set JaCoCo session: org.jacoco.agent.rt.RT
21:17:03 PIT >> INFO : MINION : Failed to dump JaCoCo execution data: org.jacoco.agent.rt.RT
21:17:03 PIT >> INFO : MINION : Failed to set JaCoCo session: org.jacoco.agent.rt.RT
21:17:03 PIT >> INFO : MINION : Failed to dump JaCoCo execution data: org.jacoco.agent.rt.RT
21:17:03 PIT >> INFO : MINION : Failed to set JaCoCo session: org.jacoco.agent.rt.RT
21:17:03 PIT >> INFO : MINION : Failed to dump JaCoCo execution data: org.jacoco.agent.rt.RT
21:17:03 PIT >> INFO : MINION : Failed to set JaCoCo session: org.jacoco.agent.rt.RT
21:17:03 PIT >> INFO : MINION : Failed to dump JaCoCo execution data: org.jacoco.agent.rt.RT
21:17:03 PIT >> INFO : MINION : Failed to set JaCoCo session: org.jacoco.agent.rt.RT
21:17:03 PIT >> INFO : MINION : Failed to dump JaCoCo execution data: org.jacoco.agent.rt.RT
21:17:03 PIT >> INFO : MINION : Failed to set JaCoCo session: org.jacoco.agent.rt.RT
21:17:03 PIT >> INFO : MINION : Failed to dump JaCoCo execution data: org.jacoco.agent.rt.RT
21:17:03 PIT >> INFO : MINION : Failed to set JaCoCo session: org.jacoco.agent.rt.RT
21:17:03 PIT >> INFO : MINION : Failed to dump JaCoCo execution data: org.jacoco.agent.rt.RT
21:17:03 PIT >> INFO : MINION : Failed to set JaCoCo session: org.jacoco.agent.rt.RT
21:17:03 PIT >> INFO : MINION : Failed to dump JaCoCo execution data: org.jacoco.agent.rt.RT
21:17:03 PIT >> INFO : MINION : Failed to set JaCoCo session: org.jacoco.agent.rt.RT
21:17:03 PIT >> INFO : MINION : Failed to dump JaCoCo execution data: org.jacoco.agent.rt.RT
21:17:03 PIT >> INFO : MINION : Failed to set JaCoCo session: org.jacoco.agent.rt.RT
21:17:03 PIT >> INFO : MINION : Failed to dump JaCoCo execution data: org.jacoco.agent.rt.RT
21:17:03 PIT >> INFO : MINION : Failed to set JaCoCo session: org.jacoco.agent.rt.RT
21:17:03 PIT >> INFO : MINION : Failed to dump JaCoCo execution data: org.jacoco.agent.rt.RT
21:17:03 PIT >> INFO : MINION : Failed to set JaCoCo session: org.jacoco.agent.rt.RT
21:17:03 PIT >> INFO : MINION : Failed to dump JaCoCo execution data: org.jacoco.agent.rt.RT
21:17:03 PIT >> INFO : MINION : Failed to set JaCoCo session: org.jacoco.agent.rt.RT
21:17:03 PIT >> INFO : MINION : Failed to dump JaCoCo execution data: org.jacoco.agent.rt.RT
21:17:03 PIT >> INFO : MINION : Failed to set JaCoCo session: org.jacoco.agent.rt.RT
21:17:03 PIT >> INFO : MINION : Failed to dump JaCoCo execution data: org.jacoco.agent.rt.RT
21:17:03 PIT >> INFO : MINION : Failed to set JaCoCo session: org.jacoco.agent.rt.RT
21:17:03 PIT >> INFO : MINION : Failed to dump JaCoCo execution data: org.jacoco.agent.rt.RT
21:17:03 PIT >> INFO : MINION : Failed to set JaCoCo session: org.jacoco.agent.rt.RT
21:17:03 PIT >> INFO : MINION : Failed to dump JaCoCo execution data: org.jacoco.agent.rt.RT
21:17:03 PIT >> INFO : MINION : Failed to set JaCoCo session: org.jacoco.agent.rt.RT
21:17:03 PIT >> INFO : MINION : Failed to dump JaCoCo execution data: org.jacoco.agent.rt.RT
21:17:03 PIT >> INFO : MINION : Failed to set JaCoCo session: org.jacoco.agent.rt.RT
21:17:03 PIT >> INFO : MINION : Failed to dump JaCoCo execution data: org.jacoco.agent.rt.RT
21:17:03 PIT >> INFO : MINION : Failed to set JaCoCo session: org.jacoco.agent.rt.RT
21:17:03 PIT >> INFO : MINION : Failed to dump JaCoCo execution data: org.jacoco.agent.rt.RT
21:17:03 PIT >> INFO : MINION : Failed to set JaCoCo session: org.jacoco.agent.rt.RT
21:17:03 PIT >> INFO : MINION : Failed to dump JaCoCo execution data: org.jacoco.agent.rt.RT
21:17:03 PIT >> INFO : MINION : Failed to set JaCoCo session: org.jacoco.agent.rt.RT
21:17:03 PIT >> INFO : MINION : Failed to dump JaCoCo execution data: org.jacoco.agent.rt.RT
21:17:03 PIT >> INFO : MINION : Failed to set JaCoCo session: org.jacoco.agent.rt.RT
21:17:03 PIT >> INFO : MINION : Failed to dump JaCoCo execution data: org.jacoco.agent.rt.RT
21:17:03 PIT >> INFO : MINION : Failed to set JaCoCo session: org.jacoco.agent.rt.RT
21:17:03 PIT >> INFO : MINION : Failed to dump JaCoCo execution data: org.jacoco.agent.rt.RT
21:17:03 PIT >> INFO : MINION : Failed to set JaCoCo session: org.jacoco.agent.rt.RT
21:17:03 PIT >> INFO : MINION : Failed to dump JaCoCo execution data: org.jacoco.agent.rt.RT
21:17:03 PIT >> INFO : MINION : Failed to set JaCoCo session: org.jacoco.agent.rt.RT
21:17:03 PIT >> INFO : MINION : Failed to dump JaCoCo execution data: org.jacoco.agent.rt.RT
21:17:03 PIT >> INFO : MINION : Failed to set JaCoCo session: org.jacoco.agent.rt.RT
21:17:03 PIT >> INFO : MINION : Failed to dump JaCoCo execution data: org.jacoco.agent.rt.RT
21:17:03 PIT >> INFO : MINION : Failed to set JaCoCo session: org.jacoco.agent.rt.RT
21:17:03 PIT >> INFO : MINION : Failed to dump JaCoCo execution data: org.jacoco.agent.rt.RT
21:17:03 PIT >> INFO : MINION : Failed to set JaCoCo session: org.jacoco.agent.rt.RT
21:17:03 PIT >> INFO : MINION : Failed to dump JaCoCo execution data: org.jacoco.agent.rt.RT
21:17:03 PIT >> INFO : MINION : Failed to set JaCoCo session: org.jacoco.agent.rt.RT
21:17:03 PIT >> INFO : MINION : Failed to dump JaCoCo execution data: org.jacoco.agent.rt.RT
21:17:03 PIT >> INFO : MINION : Failed to set JaCoCo session: org.jacoco.agent.rt.RT
21:17:03 PIT >> INFO : MINION : Failed to dump JaCoCo execution data: org.jacoco.agent.rt.RT
21:17:03 PIT >> INFO : MINION : Failed to set JaCoCo session: org.jacoco.agent.rt.RT
21:17:03 PIT >> INFO : MINION : Failed to dump JaCoCo execution data: org.jacoco.agent.rt.RT
21:17:03 PIT >> INFO : MINION : Failed to set JaCoCo session: org.jacoco.agent.rt.RT
21:17:03 PIT >> INFO : MINION : Failed to dump JaCoCo execution data: org.jacoco.agent.rt.RT
21:17:03 PIT >> INFO : MINION : Failed to set JaCoCo session: org.jacoco.agent.rt.RT
21:17:03 PIT >> INFO : MINION : Failed to dump JaCoCo execution data: org.jacoco.agent.rt.RT
21:17:03 PIT >> INFO : MINION : Failed to set JaCoCo session: org.jacoco.agent.rt.RT
21:17:03 PIT >> INFO : MINION : Failed to dump JaCoCo execution data: org.jacoco.agent.rt.RT
21:17:03 PIT >> INFO : MINION : Failed to set JaCoCo session: org.jacoco.agent.rt.RT
21:17:03 PIT >> INFO : MINION : Failed to dump JaCoCo execution data: org.jacoco.agent.rt.RT
21:17:03 PIT >> INFO : MINION : Failed to set JaCoCo session: org.jacoco.agent.rt.RT
21:17:03 PIT >> INFO : MINION : Failed to dump JaCoCo execution data: org.jacoco.agent.rt.RT
21:17:03 PIT >> INFO : MINION : Failed to set JaCoCo session: org.jacoco.agent.rt.RT
21:17:03 PIT >> INFO : MINION : Failed to dump JaCoCo execution data: org.jacoco.agent.rt.RT
21:17:03 PIT >> INFO : MINION : Failed to set JaCoCo session: org.jacoco.agent.rt.RT
21:17:03 PIT >> INFO : MINION : Failed to dump JaCoCo execution data: org.jacoco.agent.rt.RT
21:17:03 PIT >> INFO : MINION : Failed to set JaCoCo session: org.jacoco.agent.rt.RT
21:17:03 PIT >> INFO : MINION : Failed to dump JaCoCo execution data: org.jacoco.agent.rt.RT
21:17:03 PIT >> INFO : MINION : Failed to set JaCoCo session: org.jacoco.agent.rt.RT
21:17:03 PIT >> INFO : MINION : Failed to dump JaCoCo execution data: org.jacoco.agent.rt.RT
21:17:03 PIT >> INFO : MINION : Failed to set JaCoCo session: org.jacoco.agent.rt.RT
21:17:03 PIT >> INFO : MINION : Failed to dump JaCoCo execution data: org.jacoco.agent.rt.RT
21:17:03 PIT >> INFO : MINION : Failed to set JaCoCo session: org.jacoco.agent.rt.RT
21:17:03 PIT >> INFO : MINION : Failed to dump JaCoCo execution data: org.jacoco.agent.rt.RT
21:17:03 PIT >> INFO : MINION : Failed to set JaCoCo session: org.jacoco.agent.rt.RT
21:17:03 PIT >> INFO : MINION : Failed to dump JaCoCo execution data: org.jacoco.agent.rt.RT
21:17:03 PIT >> INFO : MINION : Failed to set JaCoCo session: org.jacoco.agent.rt.RT
21:17:03 PIT >> INFO : MINION : Failed to dump JaCoCo execution data: org.jacoco.agent.rt.RT
21:17:03 PIT >> INFO : MINION : Failed to set JaCoCo session: org.jacoco.agent.rt.RT
21:17:03 PIT >> INFO : MINION : Failed to dump JaCoCo execution data: org.jacoco.agent.rt.RT
21:17:03 PIT >> INFO : MINION : Failed to set JaCoCo session: org.jacoco.agent.rt.RT
21:17:03 PIT >> INFO : MINION : Failed to dump JaCoCo execution data: org.jacoco.agent.rt.RT
21:17:03 PIT >> INFO : MINION : Failed to set JaCoCo session: org.jacoco.agent.rt.RT
21:17:03 PIT >> INFO : MINION : Failed to dump JaCoCo execution data: org.jacoco.agent.rt.RT
21:17:03 PIT >> INFO : MINION : Failed to set JaCoCo session: org.jacoco.agent.rt.RT
21:17:03 PIT >> INFO : MINION : Failed to dump JaCoCo execution data: org.jacoco.agent.rt.RT
21:17:03 PIT >> INFO : MINION : Failed to set JaCoCo session: org.jacoco.agent.rt.RT
21:17:03 PIT >> INFO : MINION : Failed to dump JaCoCo execution data: org.jacoco.agent.rt.RT
21:17:03 PIT >> INFO : MINION : Failed to set JaCoCo session: org.jacoco.agent.rt.RT
21:17:03 PIT >> INFO : MINION : Failed to dump JaCoCo execution data: org.jacoco.agent.rt.RT
21:17:03 PIT >> INFO : MINION : Failed to set JaCoCo session: org.jacoco.agent.rt.RT
21:17:03 PIT >> INFO : MINION : Failed to dump JaCoCo execution data: org.jacoco.agent.rt.RT
21:17:03 PIT >> INFO : MINION : Failed to set JaCoCo session: org.jacoco.agent.rt.RT
21:17:03 PIT >> INFO : MINION : Failed to dump JaCoCo execution data: org.jacoco.agent.rt.RT
21:17:03 PIT >> INFO : MINION : Failed to set JaCoCo session: org.jacoco.agent.rt.RT
21:17:03 PIT >> INFO : MINION : Failed to dump JaCoCo execution data: org.jacoco.agent.rt.RT
21:17:03 PIT >> INFO : MINION : Failed to set JaCoCo session: org.jacoco.agent.rt.RT
21:17:03 PIT >> INFO : MINION : Failed to dump JaCoCo execution data: org.jacoco.agent.rt.RT
21:17:03 PIT >> INFO : MINION : Failed to set JaCoCo session: org.jacoco.agent.rt.RT
21:17:03 PIT >> INFO : MINION : Failed to dump JaCoCo execution data: org.jacoco.agent.rt.RT
21:17:03 PIT >> INFO : MINION : Failed to set JaCoCo session: org.jacoco.agent.rt.RT
21:17:03 PIT >> INFO : MINION : Failed to dump JaCoCo execution data: org.jacoco.agent.rt.RT
21:17:03 PIT >> INFO : MINION : Failed to set JaCoCo session: org.jacoco.agent.rt.RT
21:17:03 PIT >> INFO : MINION : Failed to dump JaCoCo execution data: org.jacoco.agent.rt.RT
21:17:03 PIT >> INFO : MINION : Failed to set JaCoCo session: org.jacoco.agent.rt.RT
21:17:03 PIT >> INFO : MINION : Failed to dump JaCoCo execution data: org.jacoco.agent.rt.RT
21:17:03 PIT >> INFO : MINION : Failed to set JaCoCo session: org.jacoco.agent.rt.RT
21:17:03 PIT >> INFO : MINION : Failed to dump JaCoCo execution data: org.jacoco.agent.rt.RT
21:17:03 PIT >> INFO : MINION : Failed to set JaCoCo session: org.jacoco.agent.rt.RT
21:17:03 PIT >> INFO : MINION : Failed to dump JaCoCo execution data: org.jacoco.agent.rt.RT
21:17:03 PIT >> INFO : MINION : Failed to set JaCoCo session: org.jacoco.agent.rt.RT
21:17:03 PIT >> INFO : MINION : Failed to dump JaCoCo execution data: org.jacoco.agent.rt.RT
21:17:03 PIT >> INFO : MINION : Failed to set JaCoCo session: org.jacoco.agent.rt.RT
21:17:03 PIT >> INFO : MINION : Failed to dump JaCoCo execution data: org.jacoco.agent.rt.RT
21:17:03 PIT >> INFO : MINION : Failed to set JaCoCo session: org.jacoco.agent.rt.RT
21:17:03 PIT >> INFO : MINION : Failed to dump JaCoCo execution data: org.jacoco.agent.rt.RT
21:17:03 PIT >> INFO : MINION : Failed to set JaCoCo session: org.jacoco.agent.rt.RT
21:17:03 PIT >> INFO : MINION : Failed to dump JaCoCo execution data: org.jacoco.agent.rt.RT
21:17:03 PIT >> INFO : MINION : Failed to set JaCoCo session: org.jacoco.agent.rt.RT
21:17:03 PIT >> INFO : MINION : Failed to dump JaCoCo execution data: org.jacoco.agent.rt.RT
21:17:03 PIT >> INFO : MINION : Failed to set JaCoCo session: org.jacoco.agent.rt.RT
21:17:03 PIT >> INFO : MINION : Failed to dump JaCoCo execution data: org.jacoco.agent.rt.RT
21:17:03 PIT >> INFO : MINION : Failed to set JaCoCo session: org.jacoco.agent.rt.RT
21:17:03 PIT >> INFO : MINION : Failed to dump JaCoCo execution data: org.jacoco.agent.rt.RT
21:17:03 PIT >> INFO : MINION : Failed to set JaCoCo session: org.jacoco.agent.rt.RT
21:17:03 PIT >> INFO : MINION : Failed to dump JaCoCo execution data: org.jacoco.agent.rt.RT
21:17:03 PIT >> INFO : MINION : Failed to set JaCoCo session: org.jacoco.agent.rt.RT
21:17:03 PIT >> INFO : MINION : Failed to dump JaCoCo execution data: org.jacoco.agent.rt.RT
21:17:03 PIT >> INFO : MINION : Failed to set JaCoCo session: org.jacoco.agent.rt.RT
21:17:03 PIT >> INFO : MINION : Failed to dump JaCoCo execution data: org.jacoco.agent.rt.RT
21:17:03 PIT >> INFO : MINION : Failed to set JaCoCo session: org.jacoco.agent.rt.RT
21:17:03 PIT >> INFO : MINION : Failed to dump JaCoCo execution data: org.jacoco.agent.rt.RT
21:17:03 PIT >> INFO : MINION : Failed to set JaCoCo session: org.jacoco.agent.rt.RT
21:17:03 PIT >> INFO : MINION : Failed to dump JaCoCo execution data: org.jacoco.agent.rt.RT
21:17:03 PIT >> INFO : MINION : Failed to set JaCoCo session: org.jacoco.agent.rt.RT
21:17:03 PIT >> INFO : MINION : Failed to dump JaCoCo execution data: org.jacoco.agent.rt.RT
21:17:03 PIT >> INFO : MINION : Failed to set JaCoCo session: org.jacoco.agent.rt.RT
21:17:03 PIT >> INFO : MINION : Failed to dump JaCoCo execution data: org.jacoco.agent.rt.RT
21:17:03 PIT >> INFO : MINION : Failed to set JaCoCo session: org.jacoco.agent.rt.RT
21:17:03 PIT >> INFO : MINION : Failed to dump JaCoCo execution data: org.jacoco.agent.rt.RT
21:17:03 PIT >> INFO : MINION : Failed to set JaCoCo session: org.jacoco.agent.rt.RT
21:17:03 PIT >> INFO : MINION : Failed to dump JaCoCo execution data: org.jacoco.agent.rt.RT
21:17:03 PIT >> INFO : MINION : Failed to set JaCoCo session: org.jacoco.agent.rt.RT
21:17:03 PIT >> INFO : MINION : Failed to dump JaCoCo execution data: org.jacoco.agent.rt.RT
21:17:03 PIT >> INFO : MINION : Failed to set JaCoCo session: org.jacoco.agent.rt.RT
21:17:03 PIT >> INFO : MINION : Failed to dump JaCoCo execution data: org.jacoco.agent.rt.RT
21:17:03 PIT >> INFO : MINION : Failed to set JaCoCo session: org.jacoco.agent.rt.RT
21:17:03 PIT >> INFO : MINION : Failed to dump JaCoCo execution data: org.jacoco.agent.rt.RT
21:17:03 PIT >> INFO : MINION : Failed to set JaCoCo session: org.jacoco.agent.rt.RT
21:17:03 PIT >> INFO : MINION : Failed to dump JaCoCo execution data: org.jacoco.agent.rt.RT
21:17:03 PIT >> INFO : MINION : Failed to set JaCoCo session: org.jacoco.agent.rt.RT
21:17:03 PIT >> INFO : MINION : Failed to dump JaCoCo execution data: org.jacoco.agent.rt.RT
21:17:03 PIT >> INFO : MINION : Failed to set JaCoCo session: org.jacoco.agent.rt.RT
21:17:03 PIT >> INFO : MINION : Failed to dump JaCoCo execution data: org.jacoco.agent.rt.RT
21:17:03 PIT >> INFO : MINION : Failed to set JaCoCo session: org.jacoco.agent.rt.RT
21:17:03 PIT >> INFO : MINION : Failed to dump JaCoCo execution data: org.jacoco.agent.rt.RT
21:17:03 PIT >> INFO : MINION : Failed to set JaCoCo session: org.jacoco.agent.rt.RT
21:17:03 PIT >> INFO : MINION : Failed to dump JaCoCo execution data: org.jacoco.agent.rt.RT
21:17:03 PIT >> INFO : MINION : Failed to set JaCoCo session: org.jacoco.agent.rt.RT
21:17:03 PIT >> INFO : MINION : Failed to dump JaCoCo execution data: org.jacoco.agent.rt.RT
21:17:03 PIT >> INFO : MINION : Failed to set JaCoCo session: org.jacoco.agent.rt.RT
21:17:03 PIT >> INFO : MINION : Failed to dump JaCoCo execution data: org.jacoco.agent.rt.RT
21:17:03 PIT >> INFO : MINION : Failed to set JaCoCo session: org.jacoco.agent.rt.RT
21:17:03 PIT >> INFO : MINION : Failed to dump JaCoCo execution data: org.jacoco.agent.rt.RT
21:17:03 PIT >> INFO : MINION : Failed to set JaCoCo session: org.jacoco.agent.rt.RT
21:17:03 PIT >> INFO : MINION : Failed to dump JaCoCo execution data: org.jacoco.agent.rt.RT
21:17:03 PIT >> INFO : MINION : Failed to set JaCoCo session: org.jacoco.agent.rt.RT
21:17:03 PIT >> INFO : MINION : Failed to dump JaCoCo execution data: org.jacoco.agent.rt.RT
21:17:03 PIT >> INFO : MINION : Failed to set JaCoCo session: org.jacoco.agent.rt.RT
21:17:03 PIT >> INFO : MINION : Failed to dump JaCoCo execution data: org.jacoco.agent.rt.RT
21:17:03 PIT >> INFO : MINION : Failed to set JaCoCo session: org.jacoco.agent.rt.RT
21:17:03 PIT >> INFO : MINION : Failed to dump JaCoCo execution data: org.jacoco.agent.rt.RT
21:17:03 PIT >> INFO : MINION : Failed to set JaCoCo session: org.jacoco.agent.rt.RT
21:17:03 PIT >> INFO : MINION : Failed to dump JaCoCo execution data: org.jacoco.agent.rt.RT
21:17:03 PIT >> INFO : MINION : Failed to set JaCoCo session: org.jacoco.agent.rt.RT
21:17:03 PIT >> INFO : MINION : Failed to dump JaCoCo execution data: org.jacoco.agent.rt.RT
21:17:03 PIT >> INFO : MINION : Failed to set JaCoCo session: org.jacoco.agent.rt.RT
21:17:03 PIT >> INFO : MINION : Failed to dump JaCoCo execution data: org.jacoco.agent.rt.RT
21:17:03 PIT >> INFO : MINION : Failed to set JaCoCo session: org.jacoco.agent.rt.RT
21:17:03 PIT >> INFO : MINION : Failed to dump JaCoCo execution data: org.jacoco.agent.rt.RT
21:17:03 PIT >> INFO : MINION : Failed to set JaCoCo session: org.jacoco.agent.rt.RT
21:17:03 PIT >> INFO : MINION : Failed to dump JaCoCo execution data: org.jacoco.agent.rt.RT
21:17:03 PIT >> INFO : MINION : Failed to set JaCoCo session: org.jacoco.agent.rt.RT
21:17:03 PIT >> INFO : MINION : Failed to dump JaCoCo execution data: org.jacoco.agent.rt.RT
21:17:03 PIT >> INFO : MINION : Failed to set JaCoCo session: org.jacoco.agent.rt.RT
21:17:03 PIT >> INFO : MINION : Failed to dump JaCoCo execution data: org.jacoco.agent.rt.RT
21:17:03 PIT >> INFO : MINION : Failed to set JaCoCo session: org.jacoco.agent.rt.RT
21:17:03 PIT >> INFO : MINION : Failed to dump JaCoCo execution data: org.jacoco.agent.rt.RT
21:17:03 PIT >> INFO : MINION : Failed to set JaCoCo session: org.jacoco.agent.rt.RT
21:17:03 PIT >> INFO : MINION : Failed to dump JaCoCo execution data: org.jacoco.agent.rt.RT
21:17:03 PIT >> INFO : MINION : Failed to set JaCoCo session: org.jacoco.agent.rt.RT
21:17:03 PIT >> INFO : MINION : Failed to dump JaCoCo execution data: org.jacoco.agent.rt.RT
21:17:03 PIT >> INFO : MINION : Failed to set JaCoCo session: org.jacoco.agent.rt.RT
21:17:03 PIT >> INFO : MINION : Failed to dump JaCoCo execution data: org.jacoco.agent.rt.RT
21:17:03 PIT >> INFO : MINION : Failed to set JaCoCo session: org.jacoco.agent.rt.RT
21:17:03 PIT >> INFO : MINION : Failed to dump JaCoCo execution data: org.jacoco.agent.rt.RT
21:17:03 PIT >> INFO : MINION : Failed to set JaCoCo session: org.jacoco.agent.rt.RT
21:17:03 PIT >> INFO : MINION : Failed to dump JaCoCo execution data: org.jacoco.agent.rt.RT
21:17:03 PIT >> INFO : MINION : Failed to set JaCoCo session: org.jacoco.agent.rt.RT
21:17:03 PIT >> INFO : MINION : Failed to dump JaCoCo execution data: org.jacoco.agent.rt.RT
21:17:03 PIT >> INFO : MINION : Failed to set JaCoCo session: org.jacoco.agent.rt.RT
21:17:03 PIT >> INFO : MINION : Failed to dump JaCoCo execution data: org.jacoco.agent.rt.RT
21:17:03 PIT >> INFO : MINION : Failed to set JaCoCo session: org.jacoco.agent.rt.RT
21:17:03 PIT >> INFO : MINION : Failed to dump JaCoCo execution data: org.jacoco.agent.rt.RT
21:17:03 PIT >> INFO : MINION : Failed to set JaCoCo session: org.jacoco.agent.rt.RT
21:17:03 PIT >> INFO : MINION : Failed to dump JaCoCo execution data: org.jacoco.agent.rt.RT
21:17:03 PIT >> INFO : MINION : Failed to set JaCoCo session: org.jacoco.agent.rt.RT
21:17:03 PIT >> INFO : MINION : Failed to dump JaCoCo execution data: org.jacoco.agent.rt.RT
21:17:03 PIT >> INFO : MINION : Failed to set JaCoCo session: org.jacoco.agent.rt.RT
21:17:03 PIT >> INFO : MINION : Failed to dump JaCoCo execution data: org.jacoco.agent.rt.RT
21:17:03 PIT >> INFO : MINION : Failed to set JaCoCo session: org.jacoco.agent.rt.RT
21:17:03 PIT >> INFO : MINION : Failed to dump JaCoCo execution data: org.jacoco.agent.rt.RT
21:17:03 PIT >> INFO : MINION : Failed to set JaCoCo session: org.jacoco.agent.rt.RT
21:17:03 PIT >> INFO : MINION : Failed to dump JaCoCo execution data: org.jacoco.agent.rt.RT
21:17:03 PIT >> INFO : MINION : Failed to set JaCoCo session: org.jacoco.agent.rt.RT
21:17:03 PIT >> INFO : MINION : Failed to dump JaCoCo execution data: org.jacoco.agent.rt.RT
21:17:03 PIT >> INFO : MINION : Failed to set JaCoCo session: org.jacoco.agent.rt.RT
21:17:03 PIT >> INFO : MINION : Failed to dump JaCoCo execution data: org.jacoco.agent.rt.RT
21:17:03 PIT >> INFO : MINION : Failed to set JaCoCo session: org.jacoco.agent.rt.RT
21:17:03 PIT >> INFO : MINION : Failed to dump JaCoCo execution data: org.jacoco.agent.rt.RT
21:17:03 PIT >> INFO : MINION : Failed to set JaCoCo session: org.jacoco.agent.rt.RT
21:17:03 PIT >> INFO : MINION : Failed to dump JaCoCo execution data: org.jacoco.agent.rt.RT
21:17:03 PIT >> INFO : MINION : Failed to set JaCoCo session: org.jacoco.agent.rt.RT
21:17:03 PIT >> INFO : MINION : Failed to dump JaCoCo execution data: org.jacoco.agent.rt.RT
21:17:03 PIT >> INFO : MINION : Failed to set JaCoCo session: org.jacoco.agent.rt.RT
21:17:03 PIT >> INFO : MINION : Failed to dump JaCoCo execution data: org.jacoco.agent.rt.RT
21:17:03 PIT >> INFO : MINION : Failed to set JaCoCo session: org.jacoco.agent.rt.RT
21:17:03 PIT >> INFO : MINION : Failed to dump JaCoCo execution data: org.jacoco.agent.rt.RT
21:17:03 PIT >> INFO : MINION : Failed to set JaCoCo session: org.jacoco.agent.rt.RT
21:17:03 PIT >> INFO : MINION : Failed to dump JaCoCo execution data: org.jacoco.agent.rt.RT
21:17:03 PIT >> INFO : MINION : Failed to set JaCoCo session: org.jacoco.agent.rt.RT
21:17:03 PIT >> INFO : MINION : Failed to dump JaCoCo execution data: org.jacoco.agent.rt.RT
21:17:03 PIT >> INFO : MINION : Failed to set JaCoCo session: org.jacoco.agent.rt.RT
21:17:03 PIT >> INFO : MINION : Failed to dump JaCoCo execution data: org.jacoco.agent.rt.RT
21:17:03 PIT >> INFO : MINION : Failed to set JaCoCo session: org.jacoco.agent.rt.RT
21:17:03 PIT >> INFO : MINION : Failed to dump JaCoCo execution data: org.jacoco.agent.rt.RT
21:17:03 PIT >> INFO : MINION : Failed to set JaCoCo session: org.jacoco.agent.rt.RT
21:17:03 PIT >> INFO : MINION : Failed to dump JaCoCo execution data: org.jacoco.agent.rt.RT
21:17:03 PIT >> INFO : MINION : Failed to set JaCoCo session: org.jacoco.agent.rt.RT
21:17:03 PIT >> INFO : MINION : Failed to dump JaCoCo execution data: org.jacoco.agent.rt.RT
21:17:03 PIT >> INFO : MINION : Failed to set JaCoCo session: org.jacoco.agent.rt.RT
21:17:03 PIT >> INFO : MINION : Failed to dump JaCoCo execution data: org.jacoco.agent.rt.RT
21:17:03 PIT >> INFO : MINION : Failed to set JaCoCo session: org.jacoco.agent.rt.RT
21:17:03 PIT >> INFO : MINION : Failed to dump JaCoCo execution data: org.jacoco.agent.rt.RT
21:17:03 PIT >> INFO : MINION : Failed to set JaCoCo session: org.jacoco.agent.rt.RT
21:17:03 PIT >> INFO : MINION : Failed to dump JaCoCo execution data: org.jacoco.agent.rt.RT
21:17:03 PIT >> INFO : MINION : Failed to set JaCoCo session: org.jacoco.agent.rt.RT
21:17:03 PIT >> INFO : MINION : Failed to dump JaCoCo execution data: org.jacoco.agent.rt.RT
21:17:03 PIT >> INFO : MINION : Failed to set JaCoCo session: org.jacoco.agent.rt.RT
21:17:03 PIT >> INFO : MINION : Failed to dump JaCoCo execution data: org.jacoco.agent.rt.RT
21:17:03 PIT >> INFO : MINION : Failed to set JaCoCo session: org.jacoco.agent.rt.RT
21:17:03 PIT >> INFO : MINION : Failed to dump JaCoCo execution data: org.jacoco.agent.rt.RT
21:17:03 PIT >> INFO : MINION : Failed to set JaCoCo session: org.jacoco.agent.rt.RT
21:17:03 PIT >> INFO : MINION : Failed to dump JaCoCo execution data: org.jacoco.agent.rt.RT
21:17:03 PIT >> INFO : MINION : Failed to set JaCoCo session: org.jacoco.agent.rt.RT
21:17:03 PIT >> INFO : MINION : Failed to dump JaCoCo execution data: org.jacoco.agent.rt.RT
21:17:03 PIT >> INFO : MINION : Failed to set JaCoCo session: org.jacoco.agent.rt.RT
21:17:03 PIT >> INFO : MINION : Failed to dump JaCoCo execution data: org.jacoco.agent.rt.RT
21:17:03 PIT >> INFO : MINION : Failed to set JaCoCo session: org.jacoco.agent.rt.RT
21:17:03 PIT >> INFO : MINION : Failed to dump JaCoCo execution data: org.jacoco.agent.rt.RT
21:17:03 PIT >> INFO : MINION : Failed to set JaCoCo session: org.jacoco.agent.rt.RT
21:17:03 PIT >> INFO : MINION : Failed to dump JaCoCo execution data: org.jacoco.agent.rt.RT
21:17:03 PIT >> INFO : MINION : Failed to set JaCoCo session: org.jacoco.agent.rt.RT
21:17:03 PIT >> INFO : MINION : Failed to dump JaCoCo execution data: org.jacoco.agent.rt.RT
21:17:03 PIT >> INFO : MINION : Failed to set JaCoCo session: org.jacoco.agent.rt.RT
21:17:03 PIT >> INFO : MINION : Failed to dump JaCoCo execution data: org.jacoco.agent.rt.RT
21:17:03 PIT >> INFO : MINION : Failed to set JaCoCo session: org.jacoco.agent.rt.RT
21:17:03 PIT >> INFO : MINION : Failed to dump JaCoCo execution data: org.jacoco.agent.rt.RT
21:17:03 PIT >> INFO : MINION : Failed to set JaCoCo session: org.jacoco.agent.rt.RT
21:17:03 PIT >> INFO : MINION : Failed to dump JaCoCo execution data: org.jacoco.agent.rt.RT
21:17:03 PIT >> INFO : MINION : Failed to set JaCoCo session: org.jacoco.agent.rt.RT
21:17:03 PIT >> INFO : MINION : Failed to dump JaCoCo execution data: org.jacoco.agent.rt.RT
21:17:03 PIT >> INFO : MINION : Failed to set JaCoCo session: org.jacoco.agent.rt.RT
21:17:03 PIT >> INFO : MINION : Failed to dump JaCoCo execution data: org.jacoco.agent.rt.RT
21:17:03 PIT >> INFO : MINION : Failed to set JaCoCo session: org.jacoco.agent.rt.RT
21:17:03 PIT >> INFO : MINION : Failed to dump JaCoCo execution data: org.jacoco.agent.rt.RT
21:17:03 PIT >> INFO : MINION : Failed to set JaCoCo session: org.jacoco.agent.rt.RT
21:17:03 PIT >> INFO : MINION : Failed to dump JaCoCo execution data: org.jacoco.agent.rt.RT
21:17:03 PIT >> INFO : MINION : Failed to set JaCoCo session: org.jacoco.agent.rt.RT
21:17:03 PIT >> INFO : MINION : Failed to dump JaCoCo execution data: org.jacoco.agent.rt.RT
21:17:03 PIT >> INFO : MINION : Failed to set JaCoCo session: org.jacoco.agent.rt.RT
21:17:03 PIT >> INFO : MINION : Failed to dump JaCoCo execution data: org.jacoco.agent.rt.RT
21:17:03 PIT >> INFO : MINION : Failed to set JaCoCo session: org.jacoco.agent.rt.RT
21:17:03 PIT >> INFO : MINION : Failed to dump JaCoCo execution data: org.jacoco.agent.rt.RT
21:17:03 PIT >> INFO : MINION : Failed to set JaCoCo session: org.jacoco.agent.rt.RT
21:17:03 PIT >> INFO : MINION : Failed to dump JaCoCo execution data: org.jacoco.agent.rt.RT
21:17:03 PIT >> INFO : MINION : Failed to set JaCoCo session: org.jacoco.agent.rt.RT
21:17:03 PIT >> INFO : MINION : Failed to dump JaCoCo execution data: org.jacoco.agent.rt.RT
21:17:03 PIT >> INFO : MINION : Failed to set JaCoCo session: org.jacoco.agent.rt.RT
21:17:03 PIT >> INFO : MINION : Failed to dump JaCoCo execution data: org.jacoco.agent.rt.RT
21:17:03 PIT >> INFO : MINION : Failed to set JaCoCo session: org.jacoco.agent.rt.RT
21:17:03 PIT >> INFO : MINION : Failed to dump JaCoCo execution data: org.jacoco.agent.rt.RT
21:17:03 PIT >> INFO : MINION : Failed to set JaCoCo session: org.jacoco.agent.rt.RT
21:17:03 PIT >> INFO : MINION : Failed to dump JaCoCo execution data: org.jacoco.agent.rt.RT
21:17:03 PIT >> INFO : MINION : Failed to set JaCoCo session: org.jacoco.agent.rt.RT
21:17:03 PIT >> INFO : MINION : Failed to dump JaCoCo execution data: org.jacoco.agent.rt.RT
21:17:03 PIT >> INFO : MINION : Failed to set JaCoCo session: org.jacoco.agent.rt.RT
21:17:03 PIT >> INFO : MINION : Failed to dump JaCoCo execution data: org.jacoco.agent.rt.RT
21:17:03 PIT >> INFO : MINION : Failed to set JaCoCo session: org.jacoco.agent.rt.RT
21:17:03 PIT >> INFO : MINION : Failed to dump JaCoCo execution data: org.jacoco.agent.rt.RT
21:17:03 PIT >> INFO : MINION : Failed to set JaCoCo session: org.jacoco.agent.rt.RT
21:17:03 PIT >> INFO : MINION : Failed to dump JaCoCo execution data: org.jacoco.agent.rt.RT
21:17:03 PIT >> INFO : MINION : Failed to set JaCoCo session: org.jacoco.agent.rt.RT
21:17:03 PIT >> INFO : MINION : Failed to dump JaCoCo execution data: org.jacoco.agent.rt.RT
21:17:03 PIT >> INFO : MINION : Failed to set JaCoCo session: org.jacoco.agent.rt.RT
21:17:03 PIT >> INFO : MINION : Failed to dump JaCoCo execution data: org.jacoco.agent.rt.RT
21:17:03 PIT >> INFO : MINION : Failed to set JaCoCo session: org.jacoco.agent.rt.RT
21:17:03 PIT >> INFO : MINION : Failed to dump JaCoCo execution data: org.jacoco.agent.rt.RT
21:17:03 PIT >> INFO : MINION : Failed to set JaCoCo session: org.jacoco.agent.rt.RT
21:17:03 PIT >> INFO : MINION : Failed to dump JaCoCo execution data: org.jacoco.agent.rt.RT
21:17:03 PIT >> INFO : MINION : Failed to set JaCoCo session: org.jacoco.agent.rt.RT
21:17:03 PIT >> INFO : MINION : Failed to dump JaCoCo execution data: org.jacoco.agent.rt.RT
21:17:03 PIT >> INFO : MINION : Failed to set JaCoCo session: org.jacoco.agent.rt.RT
21:17:03 PIT >> INFO : MINION : Failed to dump JaCoCo execution data: org.jacoco.agent.rt.RT
21:17:03 PIT >> INFO : MINION : Failed to set JaCoCo session: org.jacoco.agent.rt.RT
21:17:03 PIT >> INFO : MINION : Failed to dump JaCoCo execution data: org.jacoco.agent.rt.RT
21:17:03 PIT >> INFO : MINION : Failed to set JaCoCo session: org.jacoco.agent.rt.RT
21:17:03 PIT >> INFO : MINION : Failed to dump JaCoCo execution data: org.jacoco.agent.rt.RT
21:17:03 PIT >> INFO : MINION : Failed to set JaCoCo session: org.jacoco.agent.rt.RT
21:17:03 PIT >> INFO : MINION : Failed to dump JaCoCo execution data: org.jacoco.agent.rt.RT
21:17:03 PIT >> INFO : MINION : Failed to set JaCoCo session: org.jacoco.agent.rt.RT
21:17:03 PIT >> INFO : MINION : Failed to dump JaCoCo execution data: org.jacoco.agent.rt.RT
21:17:03 PIT >> INFO : MINION : Failed to set JaCoCo session: org.jacoco.agent.rt.RT
21:17:03 PIT >> INFO : MINION : Failed to dump JaCoCo execution data: org.jacoco.agent.rt.RT
21:17:03 PIT >> INFO : MINION : Failed to set JaCoCo session: org.jacoco.agent.rt.RT
21:17:03 PIT >> INFO : MINION : Failed to dump JaCoCo execution data: org.jacoco.agent.rt.RT
21:17:03 PIT >> INFO : MINION : Failed to set JaCoCo session: org.jacoco.agent.rt.RT
21:17:03 PIT >> INFO : MINION : Failed to dump JaCoCo execution data: org.jacoco.agent.rt.RT
21:17:03 PIT >> INFO : MINION : Failed to set JaCoCo session: org.jacoco.agent.rt.RT
21:17:03 PIT >> INFO : MINION : Failed to dump JaCoCo execution data: org.jacoco.agent.rt.RT
21:17:03 PIT >> INFO : MINION : Failed to set JaCoCo session: org.jacoco.agent.rt.RT
21:17:03 PIT >> INFO : MINION : Failed to dump JaCoCo execution data: org.jacoco.agent.rt.RT
21:17:03 PIT >> INFO : MINION : Failed to set JaCoCo session: org.jacoco.agent.rt.RT
21:17:03 PIT >> INFO : MINION : Failed to dump JaCoCo execution data: org.jacoco.agent.rt.RT
21:17:03 PIT >> INFO : MINION : Failed to set JaCoCo session: org.jacoco.agent.rt.RT
21:17:03 PIT >> INFO : MINION : Failed to dump JaCoCo execution data: org.jacoco.agent.rt.RT
21:17:03 PIT >> INFO : MINION : Failed to set JaCoCo session: org.jacoco.agent.rt.RT
21:17:03 PIT >> INFO : MINION : Failed to dump JaCoCo execution data: org.jacoco.agent.rt.RT
21:17:03 PIT >> INFO : MINION : Failed to set JaCoCo session: org.jacoco.agent.rt.RT
21:17:03 PIT >> INFO : MINION : Failed to dump JaCoCo execution data: org.jacoco.agent.rt.RT
21:17:03 PIT >> INFO : MINION : Failed to set JaCoCo session: org.jacoco.agent.rt.RT
21:17:03 PIT >> INFO : MINION : Failed to dump JaCoCo execution data: org.jacoco.agent.rt.RT
21:17:03 PIT >> INFO : MINION : Failed to set JaCoCo session: org.jacoco.agent.rt.RT
21:17:03 PIT >> INFO : MINION : Failed to dump JaCoCo execution data: org.jacoco.agent.rt.RT
21:17:03 PIT >> INFO : MINION : Failed to set JaCoCo session: org.jacoco.agent.rt.RT
21:17:03 PIT >> INFO : MINION : Failed to dump JaCoCo execution data: org.jacoco.agent.rt.RT
21:17:03 PIT >> INFO : MINION : Failed to set JaCoCo session: org.jacoco.agent.rt.RT
21:17:03 PIT >> INFO : MINION : Failed to dump JaCoCo execution data: org.jacoco.agent.rt.RT
21:17:03 PIT >> INFO : MINION : Failed to set JaCoCo session: org.jacoco.agent.rt.RT
21:17:03 PIT >> INFO : MINION : Failed to dump JaCoCo execution data: org.jacoco.agent.rt.RT
21:17:03 PIT >> INFO : MINION : Failed to set JaCoCo session: org.jacoco.agent.rt.RT
21:17:03 PIT >> INFO : MINION : Failed to dump JaCoCo execution data: org.jacoco.agent.rt.RT
21:17:03 PIT >> INFO : MINION : Failed to set JaCoCo session: org.jacoco.agent.rt.RT
21:17:03 PIT >> INFO : MINION : Failed to dump JaCoCo execution data: org.jacoco.agent.rt.RT
21:17:03 PIT >> INFO : MINION : Failed to set JaCoCo session: org.jacoco.agent.rt.RT
21:17:03 PIT >> INFO : MINION : Failed to dump JaCoCo execution data: org.jacoco.agent.rt.RT
21:17:03 PIT >> INFO : MINION : Failed to set JaCoCo session: org.jacoco.agent.rt.RT
21:17:03 PIT >> INFO : MINION : Failed to dump JaCoCo execution data: org.jacoco.agent.rt.RT
21:17:03 PIT >> INFO : MINION : Failed to set JaCoCo session: org.jacoco.agent.rt.RT
21:17:03 PIT >> INFO : MINION : Failed to dump JaCoCo execution data: org.jacoco.agent.rt.RT
21:17:03 PIT >> INFO : MINION : Failed to set JaCoCo session: org.jacoco.agent.rt.RT
21:17:03 PIT >> INFO : MINION : Failed to dump JaCoCo execution data: org.jacoco.agent.rt.RT
21:17:03 PIT >> INFO : MINION : Failed to set JaCoCo session: org.jacoco.agent.rt.RT
21:17:03 PIT >> INFO : MINION : Failed to dump JaCoCo execution data: org.jacoco.agent.rt.RT
21:17:03 PIT >> INFO : MINION : Failed to set JaCoCo session: org.jacoco.agent.rt.RT
21:17:03 PIT >> INFO : MINION : Failed to dump JaCoCo execution data: org.jacoco.agent.rt.RT
21:17:03 PIT >> INFO : MINION : Failed to set JaCoCo session: org.jacoco.agent.rt.RT
21:17:03 PIT >> INFO : MINION : Failed to dump JaCoCo execution data: org.jacoco.agent.rt.RT
21:17:03 PIT >> INFO : MINION : Failed to set JaCoCo session: org.jacoco.agent.rt.RT
21:17:03 PIT >> INFO : MINION : Failed to dump JaCoCo execution data: org.jacoco.agent.rt.RT
21:17:03 PIT >> INFO : MINION : Failed to set JaCoCo session: org.jacoco.agent.rt.RT
21:17:03 PIT >> INFO : MINION : Failed to dump JaCoCo execution data: org.jacoco.agent.rt.RT
21:17:03 PIT >> INFO : MINION : Failed to set JaCoCo session: org.jacoco.agent.rt.RT
21:17:03 PIT >> INFO : MINION : Failed to dump JaCoCo execution data: org.jacoco.agent.rt.RT
21:17:03 PIT >> INFO : MINION : Failed to set JaCoCo session: org.jacoco.agent.rt.RT
21:17:03 PIT >> INFO : MINION : Failed to dump JaCoCo execution data: org.jacoco.agent.rt.RT
21:17:03 PIT >> INFO : MINION : Failed to set JaCoCo session: org.jacoco.agent.rt.RT
21:17:03 PIT >> INFO : MINION : Failed to dump JaCoCo execution data: org.jacoco.agent.rt.RT
21:17:03 PIT >> INFO : MINION : Failed to set JaCoCo session: org.jacoco.agent.rt.RT
21:17:03 PIT >> INFO : MINION : Failed to dump JaCoCo execution data: org.jacoco.agent.rt.RT
21:17:03 PIT >> INFO : MINION : Failed to set JaCoCo session: org.jacoco.agent.rt.RT
21:17:03 PIT >> INFO : MINION : Failed to dump JaCoCo execution data: org.jacoco.agent.rt.RT
21:17:03 PIT >> INFO : MINION : Failed to set JaCoCo session: org.jacoco.agent.rt.RT
21:17:03 PIT >> INFO : MINION : Failed to dump JaCoCo execution data: org.jacoco.agent.rt.RT
21:17:03 PIT >> INFO : MINION : Failed to set JaCoCo session: org.jacoco.agent.rt.RT
21:17:03 PIT >> INFO : MINION : Failed to dump JaCoCo execution data: org.jacoco.agent.rt.RT
21:17:03 PIT >> INFO : MINION : Failed to set JaCoCo session: org.jacoco.agent.rt.RT
21:17:03 PIT >> INFO : MINION : Failed to dump JaCoCo execution data: org.jacoco.agent.rt.RT
21:17:03 PIT >> INFO : MINION : Failed to set JaCoCo session: org.jacoco.agent.rt.RT
21:17:03 PIT >> INFO : MINION : Failed to dump JaCoCo execution data: org.jacoco.agent.rt.RT
21:17:03 PIT >> INFO : MINION : Failed to set JaCoCo session: org.jacoco.agent.rt.RT
21:17:03 PIT >> INFO : MINION : Failed to dump JaCoCo execution data: org.jacoco.agent.rt.RT
21:17:03 PIT >> INFO : MINION : Failed to set JaCoCo session: org.jacoco.agent.rt.RT
21:17:03 PIT >> INFO : MINION : Failed to dump JaCoCo execution data: org.jacoco.agent.rt.RT
21:17:03 PIT >> INFO : MINION : Failed to set JaCoCo session: org.jacoco.agent.rt.RT
21:17:03 PIT >> INFO : MINION : Failed to dump JaCoCo execution data: org.jacoco.agent.rt.RT
21:17:03 PIT >> INFO : MINION : Failed to set JaCoCo session: org.jacoco.agent.rt.RT
21:17:03 PIT >> INFO : MINION : Failed to dump JaCoCo execution data: org.jacoco.agent.rt.RT
21:17:03 PIT >> INFO : MINION : Failed to set JaCoCo session: org.jacoco.agent.rt.RT
21:17:03 PIT >> INFO : MINION : Failed to dump JaCoCo execution data: org.jacoco.agent.rt.RT
21:17:03 PIT >> INFO : MINION : Failed to set JaCoCo session: org.jacoco.agent.rt.RT
21:17:03 PIT >> INFO : MINION : Failed to dump JaCoCo execution data: org.jacoco.agent.rt.RT
21:17:03 PIT >> INFO : MINION : Failed to set JaCoCo session: org.jacoco.agent.rt.RT
21:17:03 PIT >> INFO : MINION : Failed to dump JaCoCo execution data: org.jacoco.agent.rt.RT
21:17:03 PIT >> INFO : MINION : Failed to set JaCoCo session: org.jacoco.agent.rt.RT
21:17:03 PIT >> INFO : MINION : Failed to dump JaCoCo execution data: org.jacoco.agent.rt.RT
21:17:03 PIT >> INFO : MINION : Failed to set JaCoCo session: org.jacoco.agent.rt.RT
21:17:03 PIT >> INFO : MINION : Failed to dump JaCoCo execution data: org.jacoco.agent.rt.RT
21:17:03 PIT >> INFO : MINION : Failed to set JaCoCo session: org.jacoco.agent.rt.RT
21:17:03 PIT >> INFO : MINION : Failed to dump JaCoCo execution data: org.jacoco.agent.rt.RT
21:17:03 PIT >> INFO : MINION : Failed to set JaCoCo session: org.jacoco.agent.rt.RT
21:17:03 PIT >> INFO : MINION : Failed to dump JaCoCo execution data: org.jacoco.agent.rt.RT
21:17:03 PIT >> INFO : MINION : Failed to set JaCoCo session: org.jacoco.agent.rt.RT
21:17:03 PIT >> INFO : MINION : Failed to dump JaCoCo execution data: org.jacoco.agent.rt.RT
21:17:03 PIT >> INFO : MINION : Failed to set JaCoCo session: org.jacoco.agent.rt.RT
21:17:03 PIT >> INFO : MINION : Failed to dump JaCoCo execution data: org.jacoco.agent.rt.RT
21:17:03 PIT >> INFO : MINION : Failed to set JaCoCo session: org.jacoco.agent.rt.RT
21:17:03 PIT >> INFO : MINION : Failed to dump JaCoCo execution data: org.jacoco.agent.rt.RT
21:17:03 PIT >> INFO : MINION : Failed to set JaCoCo session: org.jacoco.agent.rt.RT
21:17:03 PIT >> INFO : MINION : Failed to dump JaCoCo execution data: org.jacoco.agent.rt.RT
21:17:03 PIT >> INFO : MINION : Failed to set JaCoCo session: org.jacoco.agent.rt.RT
21:17:03 PIT >> INFO : MINION : Failed to dump JaCoCo execution data: org.jacoco.agent.rt.RT
21:17:03 PIT >> INFO : MINION : Failed to set JaCoCo session: org.jacoco.agent.rt.RT
21:17:03 PIT >> INFO : MINION : Failed to dump JaCoCo execution data: org.jacoco.agent.rt.RT
21:17:03 PIT >> INFO : MINION : Failed to set JaCoCo session: org.jacoco.agent.rt.RT
21:17:03 PIT >> INFO : MINION : Failed to dump JaCoCo execution data: org.jacoco.agent.rt.RT
21:17:03 PIT >> INFO : MINION : Failed to set JaCoCo session: org.jacoco.agent.rt.RT
21:17:03 PIT >> INFO : MINION : Failed to dump JaCoCo execution data: org.jacoco.agent.rt.RT
21:17:03 PIT >> INFO : MINION : Failed to set JaCoCo session: org.jacoco.agent.rt.RT
21:17:03 PIT >> INFO : MINION : Failed to dump JaCoCo execution data: org.jacoco.agent.rt.RT
21:17:03 PIT >> INFO : MINION : Failed to set JaCoCo session: org.jacoco.agent.rt.RT
21:17:03 PIT >> INFO : MINION : Failed to dump JaCoCo execution data: org.jacoco.agent.rt.RT
21:17:03 PIT >> INFO : MINION : Failed to set JaCoCo session: org.jacoco.agent.rt.RT
21:17:03 PIT >> INFO : MINION : Failed to dump JaCoCo execution data: org.jacoco.agent.rt.RT
21:17:03 PIT >> INFO : MINION : Failed to set JaCoCo session: org.jacoco.agent.rt.RT
21:17:03 PIT >> INFO : MINION : Failed to dump JaCoCo execution data: org.jacoco.agent.rt.RT
21:17:03 PIT >> INFO : MINION : Failed to set JaCoCo session: org.jacoco.agent.rt.RT
21:17:03 PIT >> INFO : MINION : Failed to dump JaCoCo execution data: org.jacoco.agent.rt.RT
21:17:03 PIT >> INFO : MINION : Failed to set JaCoCo session: org.jacoco.agent.rt.RT
21:17:03 PIT >> INFO : MINION : Failed to dump JaCoCo execution data: org.jacoco.agent.rt.RT
21:17:03 PIT >> INFO : MINION : Failed to set JaCoCo session: org.jacoco.agent.rt.RT
21:17:03 PIT >> INFO : MINION : Failed to dump JaCoCo execution data: org.jacoco.agent.rt.RT
21:17:03 PIT >> INFO : MINION : Failed to set JaCoCo session: org.jacoco.agent.rt.RT
21:17:03 PIT >> INFO : MINION : Failed to dump JaCoCo execution data: org.jacoco.agent.rt.RT
21:17:03 PIT >> INFO : MINION : Failed to set JaCoCo session: org.jacoco.agent.rt.RT
21:17:03 PIT >> INFO : MINION : Failed to dump JaCoCo execution data: org.jacoco.agent.rt.RT
21:17:03 PIT >> INFO : MINION : Failed to set JaCoCo session: org.jacoco.agent.rt.RT
21:17:03 PIT >> INFO : MINION : Failed to dump JaCoCo execution data: org.jacoco.agent.rt.RT
21:17:03 PIT >> INFO : MINION : Failed to set JaCoCo session: org.jacoco.agent.rt.RT
21:17:03 PIT >> INFO : MINION : Failed to dump JaCoCo execution data: org.jacoco.agent.rt.RT
21:17:03 PIT >> INFO : MINION : Failed to set JaCoCo session: org.jacoco.agent.rt.RT
21:17:03 PIT >> INFO : MINION : Failed to dump JaCoCo execution data: org.jacoco.agent.rt.RT
21:17:03 PIT >> INFO : MINION : Failed to set JaCoCo session: org.jacoco.agent.rt.RT
21:17:03 PIT >> INFO : MINION : Failed to dump JaCoCo execution data: org.jacoco.agent.rt.RT
21:17:03 PIT >> INFO : MINION : Failed to set JaCoCo session: org.jacoco.agent.rt.RT
21:17:03 PIT >> INFO : MINION : Failed to dump JaCoCo execution data: org.jacoco.agent.rt.RT
21:17:03 PIT >> INFO : MINION : Failed to set JaCoCo session: org.jacoco.agent.rt.RT
21:17:03 PIT >> INFO : MINION : Failed to dump JaCoCo execution data: org.jacoco.agent.rt.RT
21:17:03 PIT >> INFO : MINION : Failed to set JaCoCo session: org.jacoco.agent.rt.RT
21:17:03 PIT >> INFO : MINION : Failed to dump JaCoCo execution data: org.jacoco.agent.rt.RT
21:17:03 PIT >> INFO : MINION : Failed to set JaCoCo session: org.jacoco.agent.rt.RT
21:17:03 PIT >> INFO : MINION : Failed to dump JaCoCo execution data: org.jacoco.agent.rt.RT
21:17:03 PIT >> INFO : MINION : Failed to set JaCoCo session: org.jacoco.agent.rt.RT
21:17:03 PIT >> INFO : MINION : Failed to dump JaCoCo execution data: org.jacoco.agent.rt.RT
21:17:03 PIT >> INFO : MINION : Failed to set JaCoCo session: org.jacoco.agent.rt.RT
21:17:03 PIT >> INFO : MINION : Failed to dump JaCoCo execution data: org.jacoco.agent.rt.RT
21:17:03 PIT >> INFO : MINION : Failed to set JaCoCo session: org.jacoco.agent.rt.RT
21:17:03 PIT >> INFO : MINION : Failed to dump JaCoCo execution data: org.jacoco.agent.rt.RT
21:17:03 PIT >> INFO : MINION : Failed to set JaCoCo session: org.jacoco.agent.rt.RT
21:17:03 PIT >> INFO : MINION : Failed to dump JaCoCo execution data: org.jacoco.agent.rt.RT
21:17:03 PIT >> INFO : MINION : Failed to set JaCoCo session: org.jacoco.agent.rt.RT
21:17:03 PIT >> INFO : MINION : Failed to dump JaCoCo execution data: org.jacoco.agent.rt.RT
21:17:03 PIT >> INFO : MINION : Failed to set JaCoCo session: org.jacoco.agent.rt.RT
21:17:03 PIT >> INFO : MINION : Failed to dump JaCoCo execution data: org.jacoco.agent.rt.RT
21:17:03 PIT >> INFO : MINION : Failed to set JaCoCo session: org.jacoco.agent.rt.RT
21:17:03 PIT >> INFO : MINION : Failed to dump JaCoCo execution data: org.jacoco.agent.rt.RT
21:17:03 PIT >> INFO : MINION : Failed to set JaCoCo session: org.jacoco.agent.rt.RT
21:17:03 PIT >> INFO : MINION : Failed to dump JaCoCo execution data: org.jacoco.agent.rt.RT
21:17:03 PIT >> INFO : MINION : Failed to set JaCoCo session: org.jacoco.agent.rt.RT
21:17:03 PIT >> INFO : MINION : Failed to dump JaCoCo execution data: org.jacoco.agent.rt.RT
21:17:03 PIT >> INFO : MINION : Failed to set JaCoCo session: org.jacoco.agent.rt.RT
21:17:03 PIT >> INFO : MINION : Failed to dump JaCoCo execution data: org.jacoco.agent.rt.RT
21:17:03 PIT >> INFO : MINION : Failed to set JaCoCo session: org.jacoco.agent.rt.RT
21:17:03 PIT >> INFO : MINION : Failed to dump JaCoCo execution data: org.jacoco.agent.rt.RT
21:17:03 PIT >> INFO : MINION : Failed to set JaCoCo session: org.jacoco.agent.rt.RT
21:17:03 PIT >> INFO : MINION : Failed to dump JaCoCo execution data: org.jacoco.agent.rt.RT
21:17:03 PIT >> INFO : MINION : Failed to set JaCoCo session: org.jacoco.agent.rt.RT
21:17:03 PIT >> INFO : MINION : Failed to dump JaCoCo execution data: org.jacoco.agent.rt.RT
21:17:03 PIT >> INFO : MINION : Failed to set JaCoCo session: org.jacoco.agent.rt.RT
21:17:03 PIT >> INFO : MINION : Failed to dump JaCoCo execution data: org.jacoco.agent.rt.RT
21:17:03 PIT >> INFO : MINION : Failed to set JaCoCo session: org.jacoco.agent.rt.RT
21:17:03 PIT >> INFO : MINION : Failed to dump JaCoCo execution data: org.jacoco.agent.rt.RT
21:17:03 PIT >> INFO : MINION : Failed to set JaCoCo session: org.jacoco.agent.rt.RT
21:17:03 PIT >> INFO : MINION : Failed to dump JaCoCo execution data: org.jacoco.agent.rt.RT
21:17:03 PIT >> INFO : MINION : Failed to set JaCoCo session: org.jacoco.agent.rt.RT
21:17:03 PIT >> INFO : MINION : Failed to dump JaCoCo execution data: org.jacoco.agent.rt.RT
21:17:03 PIT >> INFO : MINION : Failed to set JaCoCo session: org.jacoco.agent.rt.RT
21:17:03 PIT >> INFO : MINION : Failed to dump JaCoCo execution data: org.jacoco.agent.rt.RT
21:17:03 PIT >> INFO : MINION : Failed to set JaCoCo session: org.jacoco.agent.rt.RT
21:17:03 PIT >> INFO : MINION : Failed to dump JaCoCo execution data: org.jacoco.agent.rt.RT
21:17:03 PIT >> INFO : MINION : Failed to set JaCoCo session: org.jacoco.agent.rt.RT
21:17:03 PIT >> INFO : MINION : Failed to dump JaCoCo execution data: org.jacoco.agent.rt.RT
21:17:03 PIT >> INFO : MINION : Failed to set JaCoCo session: org.jacoco.agent.rt.RT
21:17:03 PIT >> INFO : MINION : Failed to dump JaCoCo execution data: org.jacoco.agent.rt.RT
21:17:03 PIT >> INFO : MINION : Failed to set JaCoCo session: org.jacoco.agent.rt.RT
21:17:03 PIT >> INFO : MINION : Failed to dump JaCoCo execution data: org.jacoco.agent.rt.RT
21:17:03 PIT >> INFO : MINION : Failed to set JaCoCo session: org.jacoco.agent.rt.RT
21:17:03 PIT >> INFO : MINION : Failed to dump JaCoCo execution data: org.jacoco.agent.rt.RT
21:17:03 PIT >> INFO : MINION : Failed to set JaCoCo session: org.jacoco.agent.rt.RT
21:17:03 PIT >> INFO : MINION : Failed to dump JaCoCo execution data: org.jacoco.agent.rt.RT
21:17:03 PIT >> INFO : MINION : Failed to set JaCoCo session: org.jacoco.agent.rt.RT
21:17:03 PIT >> INFO : MINION : Failed to dump JaCoCo execution data: org.jacoco.agent.rt.RT
21:17:03 PIT >> INFO : MINION : Failed to set JaCoCo session: org.jacoco.agent.rt.RT
21:17:03 PIT >> INFO : MINION : Failed to dump JaCoCo execution data: org.jacoco.agent.rt.RT
21:17:03 PIT >> INFO : MINION : Failed to set JaCoCo session: org.jacoco.agent.rt.RT
21:17:03 PIT >> INFO : MINION : Failed to dump JaCoCo execution data: org.jacoco.agent.rt.RT
21:17:03 PIT >> INFO : MINION : Failed to set JaCoCo session: org.jacoco.agent.rt.RT
21:17:03 PIT >> INFO : MINION : Failed to dump JaCoCo execution data: org.jacoco.agent.rt.RT
21:17:03 PIT >> INFO : MINION : Failed to set JaCoCo session: org.jacoco.agent.rt.RT
21:17:03 PIT >> INFO : MINION : Failed to dump JaCoCo execution data: org.jacoco.agent.rt.RT
21:17:03 PIT >> INFO : MINION : Failed to set JaCoCo session: org.jacoco.agent.rt.RT
21:17:03 PIT >> INFO : MINION : Failed to dump JaCoCo execution data: org.jacoco.agent.rt.RT
21:17:03 PIT >> INFO : MINION : Failed to set JaCoCo session: org.jacoco.agent.rt.RT
21:17:03 PIT >> INFO : MINION : Failed to dump JaCoCo execution data: org.jacoco.agent.rt.RT
21:17:03 PIT >> INFO : MINION : Failed to set JaCoCo session: org.jacoco.agent.rt.RT
21:17:03 PIT >> INFO : MINION : Failed to dump JaCoCo execution data: org.jacoco.agent.rt.RT
21:17:03 PIT >> INFO : MINION : Failed to set JaCoCo session: org.jacoco.agent.rt.RT
21:17:03 PIT >> INFO : MINION : Failed to dump JaCoCo execution data: org.jacoco.agent.rt.RT
21:17:03 PIT >> INFO : MINION : Failed to set JaCoCo session: org.jacoco.agent.rt.RT
21:17:03 PIT >> INFO : MINION : Failed to dump JaCoCo execution data: org.jacoco.agent.rt.RT
21:17:03 PIT >> INFO : MINION : Failed to set JaCoCo session: org.jacoco.agent.rt.RT
21:17:03 PIT >> INFO : MINION : Failed to dump JaCoCo execution data: org.jacoco.agent.rt.RT
21:17:03 PIT >> INFO : MINION : Failed to set JaCoCo session: org.jacoco.agent.rt.RT
21:17:03 PIT >> INFO : MINION : Failed to dump JaCoCo execution data: org.jacoco.agent.rt.RT
21:17:03 PIT >> INFO : MINION : Failed to set JaCoCo session: org.jacoco.agent.rt.RT
21:17:03 PIT >> INFO : MINION : Failed to dump JaCoCo execution data: org.jacoco.agent.rt.RT
21:17:03 PIT >> INFO : MINION : Failed to set JaCoCo session: org.jacoco.agent.rt.RT
21:17:03 PIT >> INFO : MINION : Failed to dump JaCoCo execution data: org.jacoco.agent.rt.RT
21:17:03 PIT >> INFO : MINION : Failed to set JaCoCo session: org.jacoco.agent.rt.RT
21:17:03 PIT >> INFO : MINION : Failed to dump JaCoCo execution data: org.jacoco.agent.rt.RT
21:17:03 PIT >> INFO : MINION : Failed to set JaCoCo session: org.jacoco.agent.rt.RT
21:17:03 PIT >> INFO : MINION : Failed to dump JaCoCo execution data: org.jacoco.agent.rt.RT
21:17:03 PIT >> INFO : MINION : Failed to set JaCoCo session: org.jacoco.agent.rt.RT
21:17:03 PIT >> INFO : MINION : Failed to dump JaCoCo execution data: org.jacoco.agent.rt.RT
21:17:03 PIT >> INFO : MINION : Failed to set JaCoCo session: org.jacoco.agent.rt.RT
21:17:03 PIT >> INFO : MINION : Failed to dump JaCoCo execution data: org.jacoco.agent.rt.RT
21:17:03 PIT >> INFO : MINION : Failed to set JaCoCo session: org.jacoco.agent.rt.RT
21:17:03 PIT >> INFO : MINION : Failed to dump JaCoCo execution data: org.jacoco.agent.rt.RT
21:17:03 PIT >> INFO : MINION : Failed to set JaCoCo session: org.jacoco.agent.rt.RT
21:17:03 PIT >> INFO : MINION : Failed to dump JaCoCo execution data: org.jacoco.agent.rt.RT
21:17:03 PIT >> INFO : MINION : Failed to set JaCoCo session: org.jacoco.agent.rt.RT
21:17:03 PIT >> INFO : MINION : Failed to dump JaCoCo execution data: org.jacoco.agent.rt.RT
21:17:03 PIT >> INFO : MINION : Failed to set JaCoCo session: org.jacoco.agent.rt.RT
21:17:03 PIT >> INFO : MINION : Failed to dump JaCoCo execution data: org.jacoco.agent.rt.RT
21:17:03 PIT >> INFO : MINION : Failed to set JaCoCo session: org.jacoco.agent.rt.RT
21:17:03 PIT >> INFO : MINION : Failed to dump JaCoCo execution data: org.jacoco.agent.rt.RT
21:17:03 PIT >> INFO : MINION : Failed to set JaCoCo session: org.jacoco.agent.rt.RT
21:17:03 PIT >> INFO : MINION : Failed to dump JaCoCo execution data: org.jacoco.agent.rt.RT
21:17:03 PIT >> INFO : MINION : Failed to set JaCoCo session: org.jacoco.agent.rt.RT
21:17:03 PIT >> INFO : MINION : Failed to dump JaCoCo execution data: org.jacoco.agent.rt.RT
21:17:04 PIT >> INFO : MINION : Failed to set JaCoCo session: org.jacoco.agent.rt.RT
21:17:04 PIT >> INFO : MINION : Failed to dump JaCoCo execution data: org.jacoco.agent.rt.RT
21:17:04 PIT >> INFO : MINION : Failed to set JaCoCo session: org.jacoco.agent.rt.RT
21:17:04 PIT >> INFO : MINION : Failed to dump JaCoCo execution data: org.jacoco.agent.rt.RT
21:17:04 PIT >> INFO : MINION : Failed to set JaCoCo session: org.jacoco.agent.rt.RT
21:17:04 PIT >> INFO : MINION : Failed to dump JaCoCo execution data: org.jacoco.agent.rt.RT
21:17:04 PIT >> INFO : MINION : Failed to set JaCoCo session: org.jacoco.agent.rt.RT
21:17:04 PIT >> INFO : MINION : Failed to dump JaCoCo execution data: org.jacoco.agent.rt.RT
21:17:04 PIT >> INFO : MINION : Failed to set JaCoCo session: org.jacoco.agent.rt.RT
21:17:04 PIT >> INFO : MINION : Failed to dump JaCoCo execution data: org.jacoco.agent.rt.RT
21:17:04 PIT >> INFO : MINION : Failed to set JaCoCo session: org.jacoco.agent.rt.RT
21:17:04 PIT >> INFO : MINION : Failed to dump JaCoCo execution data: org.jacoco.agent.rt.RT
21:17:04 PIT >> INFO : MINION : Failed to set JaCoCo session: org.jacoco.agent.rt.RT
21:17:04 PIT >> INFO : MINION : Failed to dump JaCoCo execution data: org.jacoco.agent.rt.RT
21:17:04 PIT >> INFO : MINION : Failed to set JaCoCo session: org.jacoco.agent.rt.RT
21:17:04 PIT >> INFO : MINION : Failed to dump JaCoCo execution data: org.jacoco.agent.rt.RT
21:17:04 PIT >> INFO : MINION : Failed to set JaCoCo session: org.jacoco.agent.rt.RT
21:17:04 PIT >> INFO : MINION : Failed to dump JaCoCo execution data: org.jacoco.agent.rt.RT
21:17:04 PIT >> INFO : MINION : Failed to set JaCoCo session: org.jacoco.agent.rt.RT
21:17:04 PIT >> INFO : MINION : Failed to dump JaCoCo execution data: org.jacoco.agent.rt.RT
21:17:04 PIT >> INFO : MINION : Failed to set JaCoCo session: org.jacoco.agent.rt.RT
21:17:04 PIT >> INFO : MINION : Failed to dump JaCoCo execution data: org.jacoco.agent.rt.RT
21:17:04 PIT >> INFO : MINION : Failed to set JaCoCo session: org.jacoco.agent.rt.RT
21:17:04 PIT >> INFO : MINION : Failed to dump JaCoCo execution data: org.jacoco.agent.rt.RT
21:17:04 PIT >> INFO : MINION : Failed to set JaCoCo session: org.jacoco.agent.rt.RT
21:17:04 PIT >> INFO : MINION : Failed to dump JaCoCo execution data: org.jacoco.agent.rt.RT
21:17:04 PIT >> INFO : MINION : Failed to set JaCoCo session: org.jacoco.agent.rt.RT
21:17:04 PIT >> INFO : MINION : Failed to dump JaCoCo execution data: org.jacoco.agent.rt.RT
21:17:04 PIT >> INFO : MINION : Failed to set JaCoCo session: org.jacoco.agent.rt.RT
21:17:04 PIT >> INFO : MINION : Failed to dump JaCoCo execution data: org.jacoco.agent.rt.RT
21:17:04 PIT >> INFO : MINION : Failed to set JaCoCo session: org.jacoco.agent.rt.RT
21:17:04 PIT >> INFO : MINION : Failed to dump JaCoCo execution data: org.jacoco.agent.rt.RT
21:17:04 PIT >> INFO : MINION : Failed to set JaCoCo session: org.jacoco.agent.rt.RT
21:17:04 PIT >> INFO : MINION : Failed to dump JaCoCo execution data: org.jacoco.agent.rt.RT
21:17:04 PIT >> INFO : MINION : Failed to set JaCoCo session: org.jacoco.agent.rt.RT
21:17:04 PIT >> INFO : MINION : Failed to dump JaCoCo execution data: org.jacoco.agent.rt.RT
21:17:04 PIT >> INFO : MINION : Failed to set JaCoCo session: org.jacoco.agent.rt.RT
21:17:04 PIT >> INFO : MINION : Failed to dump JaCoCo execution data: org.jacoco.agent.rt.RT
21:17:04 PIT >> INFO : MINION : Failed to set JaCoCo session: org.jacoco.agent.rt.RT
21:17:04 PIT >> INFO : MINION : Failed to dump JaCoCo execution data: org.jacoco.agent.rt.RT
21:17:04 PIT >> INFO : MINION : Failed to set JaCoCo session: org.jacoco.agent.rt.RT
21:17:04 PIT >> INFO : MINION : Failed to dump JaCoCo execution data: org.jacoco.agent.rt.RT
21:17:04 PIT >> INFO : MINION : Failed to set JaCoCo session: org.jacoco.agent.rt.RT
21:17:04 PIT >> INFO : MINION : Failed to dump JaCoCo execution data: org.jacoco.agent.rt.RT
21:17:04 PIT >> INFO : MINION : Failed to set JaCoCo session: org.jacoco.agent.rt.RT
21:17:04 PIT >> INFO : MINION : Failed to dump JaCoCo execution data: org.jacoco.agent.rt.RT
21:17:04 PIT >> INFO : MINION : Failed to set JaCoCo session: org.jacoco.agent.rt.RT
21:17:04 PIT >> INFO : MINION : Failed to dump JaCoCo execution data: org.jacoco.agent.rt.RT
21:17:04 PIT >> INFO : MINION : Failed to set JaCoCo session: org.jacoco.agent.rt.RT
21:17:04 PIT >> INFO : MINION : Failed to dump JaCoCo execution data: org.jacoco.agent.rt.RT
21:17:04 PIT >> INFO : MINION : Failed to set JaCoCo session: org.jacoco.agent.rt.RT
21:17:04 PIT >> INFO : MINION : Failed to dump JaCoCo execution data: org.jacoco.agent.rt.RT
21:17:04 PIT >> INFO : MINION : Failed to set JaCoCo session: org.jacoco.agent.rt.RT
21:17:04 PIT >> INFO : MINION : Failed to dump JaCoCo execution data: org.jacoco.agent.rt.RT
21:17:04 PIT >> INFO : MINION : Failed to set JaCoCo session: org.jacoco.agent.rt.RT
21:17:04 PIT >> INFO : MINION : Failed to dump JaCoCo execution data: org.jacoco.agent.rt.RT
21:17:04 PIT >> INFO : MINION : Failed to set JaCoCo session: org.jacoco.agent.rt.RT
21:17:04 PIT >> INFO : MINION : Failed to dump JaCoCo execution data: org.jacoco.agent.rt.RT
21:17:04 PIT >> INFO : MINION : Failed to set JaCoCo session: org.jacoco.agent.rt.RT
21:17:04 PIT >> INFO : MINION : Failed to dump JaCoCo execution data: org.jacoco.agent.rt.RT
21:17:04 PIT >> INFO : MINION : Failed to set JaCoCo session: org.jacoco.agent.rt.RT
21:17:04 PIT >> INFO : MINION : Failed to dump JaCoCo execution data: org.jacoco.agent.rt.RT
21:17:04 PIT >> INFO : MINION : Failed to set JaCoCo session: org.jacoco.agent.rt.RT
21:17:04 PIT >> INFO : MINION : Failed to dump JaCoCo execution data: org.jacoco.agent.rt.RT
21:17:04 PIT >> INFO : MINION : Failed to set JaCoCo session: org.jacoco.agent.rt.RT
21:17:04 PIT >> INFO : MINION : Failed to dump JaCoCo execution data: org.jacoco.agent.rt.RT
21:17:04 PIT >> INFO : MINION : Failed to set JaCoCo session: org.jacoco.agent.rt.RT
21:17:04 PIT >> INFO : MINION : Failed to dump JaCoCo execution data: org.jacoco.agent.rt.RT
21:17:04 PIT >> INFO : MINION : Failed to set JaCoCo session: org.jacoco.agent.rt.RT
21:17:04 PIT >> INFO : MINION : Failed to dump JaCoCo execution data: org.jacoco.agent.rt.RT
21:17:04 PIT >> INFO : MINION : Failed to set JaCoCo session: org.jacoco.agent.rt.RT
21:17:04 PIT >> INFO : MINION : Failed to dump JaCoCo execution data: org.jacoco.agent.rt.RT
21:17:04 PIT >> INFO : MINION : Failed to set JaCoCo session: org.jacoco.agent.rt.RT
21:17:04 PIT >> INFO : MINION : Failed to dump JaCoCo execution data: org.jacoco.agent.rt.RT
21:17:04 PIT >> INFO : MINION : Failed to set JaCoCo session: org.jacoco.agent.rt.RT
21:17:04 PIT >> INFO : MINION : Failed to dump JaCoCo execution data: org.jacoco.agent.rt.RT
21:17:04 PIT >> INFO : MINION : Failed to set JaCoCo session: org.jacoco.agent.rt.RT
21:17:04 PIT >> INFO : MINION : Failed to dump JaCoCo execution data: org.jacoco.agent.rt.RT
21:17:04 PIT >> INFO : MINION : Failed to set JaCoCo session: org.jacoco.agent.rt.RT
21:17:04 PIT >> INFO : MINION : Failed to dump JaCoCo execution data: org.jacoco.agent.rt.RT
21:17:04 PIT >> INFO : MINION : Failed to set JaCoCo session: org.jacoco.agent.rt.RT
21:17:04 PIT >> INFO : MINION : Failed to dump JaCoCo execution data: org.jacoco.agent.rt.RT
21:17:04 PIT >> INFO : MINION : Failed to set JaCoCo session: org.jacoco.agent.rt.RT
21:17:04 PIT >> INFO : MINION : Failed to dump JaCoCo execution data: org.jacoco.agent.rt.RT
21:17:04 PIT >> INFO : MINION : Failed to set JaCoCo session: org.jacoco.agent.rt.RT
21:17:04 PIT >> INFO : MINION : Failed to dump JaCoCo execution data: org.jacoco.agent.rt.RT
21:17:04 PIT >> INFO : MINION : Failed to set JaCoCo session: org.jacoco.agent.rt.RT
21:17:04 PIT >> INFO : MINION : Failed to dump JaCoCo execution data: org.jacoco.agent.rt.RT
21:17:04 PIT >> INFO : MINION : Failed to set JaCoCo session: org.jacoco.agent.rt.RT
21:17:04 PIT >> INFO : MINION : Failed to dump JaCoCo execution data: org.jacoco.agent.rt.RT
21:17:04 PIT >> INFO : MINION : Failed to set JaCoCo session: org.jacoco.agent.rt.RT
21:17:04 PIT >> INFO : MINION : Failed to dump JaCoCo execution data: org.jacoco.agent.rt.RT
21:17:04 PIT >> INFO : MINION : Failed to set JaCoCo session: org.jacoco.agent.rt.RT
21:17:04 PIT >> INFO : MINION : Failed to dump JaCoCo execution data: org.jacoco.agent.rt.RT
21:17:04 PIT >> INFO : MINION : Failed to set JaCoCo session: org.jacoco.agent.rt.RT
21:17:04 PIT >> INFO : MINION : Failed to dump JaCoCo execution data: org.jacoco.agent.rt.RT
21:17:04 PIT >> INFO : MINION : Failed to set JaCoCo session: org.jacoco.agent.rt.RT
21:17:04 PIT >> INFO : MINION : Failed to dump JaCoCo execution data: org.jacoco.agent.rt.RT
21:17:04 PIT >> INFO : MINION : Failed to set JaCoCo session: org.jacoco.agent.rt.RT
21:17:04 PIT >> INFO : MINION : Failed to dump JaCoCo execution data: org.jacoco.agent.rt.RT
21:17:04 PIT >> INFO : MINION : Failed to set JaCoCo session: org.jacoco.agent.rt.RT
21:17:04 PIT >> INFO : MINION : Failed to dump JaCoCo execution data: org.jacoco.agent.rt.RT
21:17:04 PIT >> INFO : MINION : Failed to set JaCoCo session: org.jacoco.agent.rt.RT
21:17:04 PIT >> INFO : MINION : Failed to dump JaCoCo execution data: org.jacoco.agent.rt.RT
21:17:04 PIT >> INFO : MINION : Failed to set JaCoCo session: org.jacoco.agent.rt.RT
21:17:04 PIT >> INFO : MINION : Failed to dump JaCoCo execution data: org.jacoco.agent.rt.RT
21:17:04 PIT >> INFO : MINION : Failed to set JaCoCo session: org.jacoco.agent.rt.RT
21:17:04 PIT >> INFO : MINION : Failed to dump JaCoCo execution data: org.jacoco.agent.rt.RT
21:17:04 PIT >> INFO : MINION : Failed to set JaCoCo session: org.jacoco.agent.rt.RT
21:17:04 PIT >> INFO : MINION : Failed to dump JaCoCo execution data: org.jacoco.agent.rt.RT
21:17:04 PIT >> INFO : MINION : Failed to set JaCoCo session: org.jacoco.agent.rt.RT
21:17:04 PIT >> INFO : MINION : Failed to dump JaCoCo execution data: org.jacoco.agent.rt.RT
21:17:04 PIT >> INFO : MINION : Failed to set JaCoCo session: org.jacoco.agent.rt.RT
21:17:04 PIT >> INFO : MINION : Failed to dump JaCoCo execution data: org.jacoco.agent.rt.RT
21:17:04 PIT >> INFO : MINION : Failed to set JaCoCo session: org.jacoco.agent.rt.RT
21:17:04 PIT >> INFO : MINION : Failed to dump JaCoCo execution data: org.jacoco.agent.rt.RT
21:17:04 PIT >> INFO : MINION : Failed to set JaCoCo session: org.jacoco.agent.rt.RT
21:17:04 PIT >> INFO : MINION : Failed to dump JaCoCo execution data: org.jacoco.agent.rt.RT
21:17:04 PIT >> INFO : MINION : Failed to set JaCoCo session: org.jacoco.agent.rt.RT
21:17:04 PIT >> INFO : MINION : Failed to dump JaCoCo execution data: org.jacoco.agent.rt.RT
21:17:04 PIT >> INFO : MINION : Failed to set JaCoCo session: org.jacoco.agent.rt.RT
21:17:04 PIT >> INFO : MINION : Failed to dump JaCoCo execution data: org.jacoco.agent.rt.RT
21:17:04 PIT >> INFO : MINION : Failed to set JaCoCo session: org.jacoco.agent.rt.RT
21:17:04 PIT >> INFO : MINION : Failed to dump JaCoCo execution data: org.jacoco.agent.rt.RT
21:17:04 PIT >> INFO : MINION : Failed to set JaCoCo session: org.jacoco.agent.rt.RT
21:17:04 PIT >> INFO : MINION : Failed to dump JaCoCo execution data: org.jacoco.agent.rt.RT
21:17:04 PIT >> INFO : MINION : Failed to set JaCoCo session: org.jacoco.agent.rt.RT
21:17:04 PIT >> INFO : MINION : Failed to dump JaCoCo execution data: org.jacoco.agent.rt.RT
21:17:04 PIT >> INFO : MINION : Failed to set JaCoCo session: org.jacoco.agent.rt.RT
21:17:04 PIT >> INFO : MINION : Failed to dump JaCoCo execution data: org.jacoco.agent.rt.RT
21:17:04 PIT >> INFO : MINION : Failed to set JaCoCo session: org.jacoco.agent.rt.RT
21:17:04 PIT >> INFO : MINION : Failed to dump JaCoCo execution data: org.jacoco.agent.rt.RT
21:17:04 PIT >> INFO : MINION : Failed to set JaCoCo session: org.jacoco.agent.rt.RT
21:17:04 PIT >> INFO : MINION : Failed to dump JaCoCo execution data: org.jacoco.agent.rt.RT
21:17:04 PIT >> INFO : MINION : Failed to set JaCoCo session: org.jacoco.agent.rt.RT
21:17:04 PIT >> INFO : MINION : Failed to dump JaCoCo execution data: org.jacoco.agent.rt.RT
21:17:04 PIT >> INFO : MINION : Failed to set JaCoCo session: org.jacoco.agent.rt.RT
21:17:04 PIT >> INFO : MINION : Failed to dump JaCoCo execution data: org.jacoco.agent.rt.RT
21:17:04 PIT >> INFO : MINION : Failed to set JaCoCo session: org.jacoco.agent.rt.RT
21:17:04 PIT >> INFO : MINION : Failed to dump JaCoCo execution data: org.jacoco.agent.rt.RT
21:17:04 PIT >> INFO : MINION : Failed to set JaCoCo session: org.jacoco.agent.rt.RT
21:17:04 PIT >> INFO : MINION : Failed to dump JaCoCo execution data: org.jacoco.agent.rt.RT
21:17:04 PIT >> INFO : MINION : Failed to set JaCoCo session: org.jacoco.agent.rt.RT
21:17:04 PIT >> INFO : MINION : Failed to dump JaCoCo execution data: org.jacoco.agent.rt.RT
21:17:04 PIT >> INFO : MINION : Failed to set JaCoCo session: org.jacoco.agent.rt.RT
21:17:04 PIT >> INFO : MINION : Failed to dump JaCoCo execution data: org.jacoco.agent.rt.RT
21:17:04 PIT >> INFO : MINION : Failed to set JaCoCo session: org.jacoco.agent.rt.RT
21:17:04 PIT >> INFO : MINION : Failed to dump JaCoCo execution data: org.jacoco.agent.rt.RT
21:17:04 PIT >> INFO : MINION : Failed to set JaCoCo session: org.jacoco.agent.rt.RT
21:17:04 PIT >> INFO : MINION : Failed to dump JaCoCo execution data: org.jacoco.agent.rt.RT
21:17:04 PIT >> INFO : MINION : Failed to set JaCoCo session: org.jacoco.agent.rt.RT
21:17:04 PIT >> INFO : MINION : Failed to dump JaCoCo execution data: org.jacoco.agent.rt.RT
21:17:04 PIT >> INFO : MINION : Failed to set JaCoCo session: org.jacoco.agent.rt.RT
21:17:04 PIT >> INFO : MINION : Failed to dump JaCoCo execution data: org.jacoco.agent.rt.RT
21:17:04 PIT >> INFO : MINION : Failed to set JaCoCo session: org.jacoco.agent.rt.RT
21:17:04 PIT >> INFO : MINION : Failed to dump JaCoCo execution data: org.jacoco.agent.rt.RT
21:17:04 PIT >> INFO : MINION : Failed to set JaCoCo session: org.jacoco.agent.rt.RT
21:17:04 PIT >> INFO : MINION : Failed to dump JaCoCo execution data: org.jacoco.agent.rt.RT
21:17:04 PIT >> INFO : MINION : Failed to set JaCoCo session: org.jacoco.agent.rt.RT
21:17:04 PIT >> INFO : MINION : Failed to dump JaCoCo execution data: org.jacoco.agent.rt.RT
21:17:04 PIT >> INFO : MINION : Failed to set JaCoCo session: org.jacoco.agent.rt.RT
21:17:04 PIT >> INFO : MINION : Failed to dump JaCoCo execution data: org.jacoco.agent.rt.RT
21:17:04 PIT >> INFO : MINION : Failed to set JaCoCo session: org.jacoco.agent.rt.RT
21:17:04 PIT >> INFO : MINION : Failed to dump JaCoCo execution data: org.jacoco.agent.rt.RT
21:17:04 PIT >> INFO : MINION : Failed to set JaCoCo session: org.jacoco.agent.rt.RT
21:17:04 PIT >> INFO : MINION : Failed to dump JaCoCo execution data: org.jacoco.agent.rt.RT
21:17:04 PIT >> INFO : MINION : Failed to set JaCoCo session: org.jacoco.agent.rt.RT
21:17:04 PIT >> INFO : MINION : Failed to dump JaCoCo execution data: org.jacoco.agent.rt.RT
21:17:04 PIT >> INFO : MINION : Failed to set JaCoCo session: org.jacoco.agent.rt.RT
21:17:04 PIT >> INFO : MINION : Failed to dump JaCoCo execution data: org.jacoco.agent.rt.RT
21:17:04 PIT >> INFO : MINION : Failed to set JaCoCo session: org.jacoco.agent.rt.RT
21:17:04 PIT >> INFO : MINION : Failed to dump JaCoCo execution data: org.jacoco.agent.rt.RT
21:17:04 PIT >> INFO : MINION : Failed to set JaCoCo session: org.jacoco.agent.rt.RT
21:17:04 PIT >> INFO : MINION : Failed to dump JaCoCo execution data: org.jacoco.agent.rt.RT
21:17:04 PIT >> INFO : MINION : Failed to set JaCoCo session: org.jacoco.agent.rt.RT
21:17:04 PIT >> INFO : MINION : Failed to dump JaCoCo execution data: org.jacoco.agent.rt.RT
21:17:04 PIT >> INFO : MINION : Failed to set JaCoCo session: org.jacoco.agent.rt.RT
21:17:04 PIT >> INFO : MINION : Failed to dump JaCoCo execution data: org.jacoco.agent.rt.RT
21:17:04 PIT >> INFO : MINION : Failed to set JaCoCo session: org.jacoco.agent.rt.RT
21:17:04 PIT >> INFO : MINION : Failed to dump JaCoCo execution data: org.jacoco.agent.rt.RT
21:17:04 PIT >> INFO : MINION : Failed to set JaCoCo session: org.jacoco.agent.rt.RT
21:17:04 PIT >> INFO : MINION : Failed to dump JaCoCo execution data: org.jacoco.agent.rt.RT
21:17:04 PIT >> INFO : MINION : Failed to set JaCoCo session: org.jacoco.agent.rt.RT
21:17:04 PIT >> INFO : MINION : Failed to dump JaCoCo execution data: org.jacoco.agent.rt.RT
21:17:04 PIT >> INFO : MINION : Failed to set JaCoCo session: org.jacoco.agent.rt.RT
21:17:04 PIT >> INFO : MINION : Failed to dump JaCoCo execution data: org.jacoco.agent.rt.RT
21:17:04 PIT >> INFO : MINION : Failed to set JaCoCo session: org.jacoco.agent.rt.RT
21:17:04 PIT >> INFO : MINION : Failed to dump JaCoCo execution data: org.jacoco.agent.rt.RT
21:17:04 PIT >> INFO : MINION : Failed to set JaCoCo session: org.jacoco.agent.rt.RT
21:17:04 PIT >> INFO : MINION : Failed to dump JaCoCo execution data: org.jacoco.agent.rt.RT
21:17:04 PIT >> INFO : MINION : Failed to set JaCoCo session: org.jacoco.agent.rt.RT
21:17:04 PIT >> INFO : MINION : Failed to dump JaCoCo execution data: org.jacoco.agent.rt.RT
21:17:04 PIT >> INFO : MINION : Failed to set JaCoCo session: org.jacoco.agent.rt.RT
21:17:04 PIT >> INFO : MINION : Failed to dump JaCoCo execution data: org.jacoco.agent.rt.RT
21:17:04 PIT >> INFO : MINION : Failed to set JaCoCo session: org.jacoco.agent.rt.RT
21:17:04 PIT >> INFO : MINION : Failed to dump JaCoCo execution data: org.jacoco.agent.rt.RT
21:17:04 PIT >> INFO : MINION : Failed to set JaCoCo session: org.jacoco.agent.rt.RT
21:17:04 PIT >> INFO : MINION : Failed to dump JaCoCo execution data: org.jacoco.agent.rt.RT
21:17:04 PIT >> INFO : MINION : Failed to set JaCoCo session: org.jacoco.agent.rt.RT
21:17:04 PIT >> INFO : MINION : Failed to dump JaCoCo execution data: org.jacoco.agent.rt.RT
21:17:04 PIT >> INFO : MINION : Failed to set JaCoCo session: org.jacoco.agent.rt.RT
21:17:04 PIT >> INFO : MINION : Failed to dump JaCoCo execution data: org.jacoco.agent.rt.RT
21:17:04 PIT >> INFO : MINION : Failed to set JaCoCo session: org.jacoco.agent.rt.RT
21:17:04 PIT >> INFO : MINION : Failed to dump JaCoCo execution data: org.jacoco.agent.rt.RT
21:17:04 PIT >> INFO : MINION : Failed to set JaCoCo session: org.jacoco.agent.rt.RT
21:17:04 PIT >> INFO : MINION : Failed to dump JaCoCo execution data: org.jacoco.agent.rt.RT
21:17:04 PIT >> INFO : MINION : Failed to set JaCoCo session: org.jacoco.agent.rt.RT
21:17:04 PIT >> INFO : MINION : Failed to dump JaCoCo execution data: org.jacoco.agent.rt.RT
21:17:04 PIT >> INFO : MINION : Failed to set JaCoCo session: org.jacoco.agent.rt.RT
21:17:04 PIT >> INFO : MINION : Failed to dump JaCoCo execution data: org.jacoco.agent.rt.RT
21:17:04 PIT >> INFO : MINION : Failed to set JaCoCo session: org.jacoco.agent.rt.RT
21:17:04 PIT >> INFO : MINION : Failed to dump JaCoCo execution data: org.jacoco.agent.rt.RT
21:17:04 PIT >> INFO : MINION : Failed to set JaCoCo session: org.jacoco.agent.rt.RT
21:17:04 PIT >> INFO : MINION : Failed to dump JaCoCo execution data: org.jacoco.agent.rt.RT
21:17:04 PIT >> INFO : MINION : Failed to set JaCoCo session: org.jacoco.agent.rt.RT
21:17:04 PIT >> INFO : MINION : Failed to dump JaCoCo execution data: org.jacoco.agent.rt.RT
21:17:04 PIT >> INFO : MINION : Failed to set JaCoCo session: org.jacoco.agent.rt.RT
21:17:04 PIT >> INFO : MINION : Failed to dump JaCoCo execution data: org.jacoco.agent.rt.RT
21:17:04 PIT >> INFO : MINION : Failed to set JaCoCo session: org.jacoco.agent.rt.RT
21:17:04 PIT >> INFO : MINION : Failed to dump JaCoCo execution data: org.jacoco.agent.rt.RT
21:17:04 PIT >> INFO : MINION : Failed to set JaCoCo session: org.jacoco.agent.rt.RT
21:17:04 PIT >> INFO : MINION : Failed to dump JaCoCo execution data: org.jacoco.agent.rt.RT
21:17:04 PIT >> INFO : MINION : Failed to set JaCoCo session: org.jacoco.agent.rt.RT
21:17:04 PIT >> INFO : MINION : Failed to dump JaCoCo execution data: org.jacoco.agent.rt.RT
21:17:04 PIT >> INFO : MINION : Failed to set JaCoCo session: org.jacoco.agent.rt.RT
21:17:04 PIT >> INFO : MINION : Failed to dump JaCoCo execution data: org.jacoco.agent.rt.RT
21:17:04 PIT >> INFO : MINION : Failed to set JaCoCo session: org.jacoco.agent.rt.RT
21:17:04 PIT >> INFO : MINION : Failed to dump JaCoCo execution data: org.jacoco.agent.rt.RT
21:17:04 PIT >> INFO : MINION : Failed to set JaCoCo session: org.jacoco.agent.rt.RT
21:17:04 PIT >> INFO : MINION : Failed to dump JaCoCo execution data: org.jacoco.agent.rt.RT
21:17:04 PIT >> INFO : MINION : Failed to set JaCoCo session: org.jacoco.agent.rt.RT
21:17:04 PIT >> INFO : MINION : Failed to dump JaCoCo execution data: org.jacoco.agent.rt.RT
21:17:04 PIT >> INFO : MINION : Failed to set JaCoCo session: org.jacoco.agent.rt.RT
21:17:04 PIT >> INFO : MINION : Failed to dump JaCoCo execution data: org.jacoco.agent.rt.RT
21:17:04 PIT >> INFO : MINION : Failed to set JaCoCo session: org.jacoco.agent.rt.RT
21:17:04 PIT >> INFO : MINION : Failed to dump JaCoCo execution data: org.jacoco.agent.rt.RT
21:17:04 PIT >> INFO : MINION : Failed to set JaCoCo session: org.jacoco.agent.rt.RT
21:17:04 PIT >> INFO : MINION : Failed to dump JaCoCo execution data: org.jacoco.agent.rt.RT
21:17:04 PIT >> INFO : MINION : Failed to set JaCoCo session: org.jacoco.agent.rt.RT
21:17:04 PIT >> INFO : MINION : Failed to dump JaCoCo execution data: org.jacoco.agent.rt.RT
21:17:04 PIT >> INFO : MINION : Failed to set JaCoCo session: org.jacoco.agent.rt.RT
21:17:04 PIT >> INFO : MINION : Failed to dump JaCoCo execution data: org.jacoco.agent.rt.RT
21:17:04 PIT >> INFO : MINION : Failed to set JaCoCo session: org.jacoco.agent.rt.RT
21:17:04 PIT >> INFO : MINION : Failed to dump JaCoCo execution data: org.jacoco.agent.rt.RT
21:17:05 PIT >> INFO : MINION : Failed to set JaCoCo session: org.jacoco.agent.rt.RT
21:17:05 PIT >> INFO : MINION : Failed to dump JaCoCo execution data: org.jacoco.agent.rt.RT
21:17:05 PIT >> INFO : MINION : Failed to set JaCoCo session: org.jacoco.agent.rt.RT
21:17:05 PIT >> INFO : MINION : Failed to dump JaCoCo execution data: org.jacoco.agent.rt.RT
21:17:05 PIT >> INFO : MINION : Failed to set JaCoCo session: org.jacoco.agent.rt.RT
21:17:05 PIT >> INFO : MINION : Failed to dump JaCoCo execution data: org.jacoco.agent.rt.RT
21:17:05 PIT >> INFO : MINION : Failed to set JaCoCo session: org.jacoco.agent.rt.RT
21:17:05 PIT >> INFO : MINION : Failed to dump JaCoCo execution data: org.jacoco.agent.rt.RT
21:17:05 PIT >> INFO : MINION : Failed to set JaCoCo session: org.jacoco.agent.rt.RT
21:17:05 PIT >> INFO : MINION : Failed to dump JaCoCo execution data: org.jacoco.agent.rt.RT
21:17:05 PIT >> INFO : MINION : Failed to set JaCoCo session: org.jacoco.agent.rt.RT
21:17:05 PIT >> INFO : MINION : Failed to dump JaCoCo execution data: org.jacoco.agent.rt.RT
21:17:05 PIT >> INFO : MINION : Failed to set JaCoCo session: org.jacoco.agent.rt.RT
21:17:05 PIT >> INFO : MINION : Failed to dump JaCoCo execution data: org.jacoco.agent.rt.RT
21:17:05 PIT >> INFO : MINION : Failed to set JaCoCo session: org.jacoco.agent.rt.RT
21:17:05 PIT >> INFO : MINION : Failed to dump JaCoCo execution data: org.jacoco.agent.rt.RT
21:17:05 PIT >> INFO : MINION : Failed to set JaCoCo session: org.jacoco.agent.rt.RT
21:17:05 PIT >> INFO : MINION : Failed to dump JaCoCo execution data: org.jacoco.agent.rt.RT
21:17:05 PIT >> INFO : MINION : Failed to set JaCoCo session: org.jacoco.agent.rt.RT
21:17:05 PIT >> INFO : MINION : Failed to dump JaCoCo execution data: org.jacoco.agent.rt.RT
21:17:05 PIT >> INFO : MINION : Failed to set JaCoCo session: org.jacoco.agent.rt.RT
21:17:05 PIT >> INFO : MINION : Failed to dump JaCoCo execution data: org.jacoco.agent.rt.RT
21:17:05 PIT >> INFO : MINION : Failed to set JaCoCo session: org.jacoco.agent.rt.RT
21:17:05 PIT >> INFO : MINION : Failed to dump JaCoCo execution data: org.jacoco.agent.rt.RT
21:17:05 PIT >> INFO : MINION : Failed to set JaCoCo session: org.jacoco.agent.rt.RT
21:17:05 PIT >> INFO : MINION : Failed to dump JaCoCo execution data: org.jacoco.agent.rt.RT
21:17:05 PIT >> INFO : MINION : Failed to set JaCoCo session: org.jacoco.agent.rt.RT
21:17:05 PIT >> INFO : MINION : Failed to dump JaCoCo execution data: org.jacoco.agent.rt.RT
21:17:05 PIT >> INFO : MINION : Failed to set JaCoCo session: org.jacoco.agent.rt.RT
21:17:05 PIT >> INFO : MINION : Failed to dump JaCoCo execution data: org.jacoco.agent.rt.RT
21:17:05 PIT >> INFO : MINION : Failed to set JaCoCo session: org.jacoco.agent.rt.RT
21:17:05 PIT >> INFO : MINION : Failed to dump JaCoCo execution data: org.jacoco.agent.rt.RT
21:17:05 PIT >> INFO : MINION : Failed to set JaCoCo session: org.jacoco.agent.rt.RT
21:17:05 PIT >> INFO : MINION : Failed to dump JaCoCo execution data: org.jacoco.agent.rt.RT
21:17:05 PIT >> INFO : MINION : Failed to set JaCoCo session: org.jacoco.agent.rt.RT
21:17:05 PIT >> INFO : MINION : Failed to dump JaCoCo execution data: org.jacoco.agent.rt.RT
21:17:05 PIT >> INFO : MINION : Failed to set JaCoCo session: org.jacoco.agent.rt.RT
21:17:05 PIT >> INFO : MINION : Failed to dump JaCoCo execution data: org.jacoco.agent.rt.RT
21:17:05 PIT >> INFO : MINION : Failed to set JaCoCo session: org.jacoco.agent.rt.RT
21:17:05 PIT >> INFO : MINION : Failed to dump JaCoCo execution data: org.jacoco.agent.rt.RT
21:17:05 PIT >> INFO : MINION : Failed to set JaCoCo session: org.jacoco.agent.rt.RT
21:17:05 PIT >> INFO : MINION : Failed to dump JaCoCo execution data: org.jacoco.agent.rt.RT
21:17:05 PIT >> INFO : MINION : Failed to set JaCoCo session: org.jacoco.agent.rt.RT
21:17:05 PIT >> INFO : MINION : Failed to dump JaCoCo execution data: org.jacoco.agent.rt.RT
21:17:05 PIT >> INFO : MINION : Failed to set JaCoCo session: org.jacoco.agent.rt.RT
21:17:05 PIT >> INFO : MINION : Failed to dump JaCoCo execution data: org.jacoco.agent.rt.RT
21:17:05 PIT >> INFO : MINION : Failed to set JaCoCo session: org.jacoco.agent.rt.RT
21:17:05 PIT >> INFO : MINION : Failed to dump JaCoCo execution data: org.jacoco.agent.rt.RT
21:17:05 PIT >> INFO : MINION : Failed to set JaCoCo session: org.jacoco.agent.rt.RT
21:17:05 PIT >> INFO : MINION : Failed to dump JaCoCo execution data: org.jacoco.agent.rt.RT
21:17:05 PIT >> INFO : MINION : Failed to set JaCoCo session: org.jacoco.agent.rt.RT
21:17:05 PIT >> INFO : MINION : Failed to dump JaCoCo execution data: org.jacoco.agent.rt.RT
21:17:05 PIT >> INFO : MINION : Failed to set JaCoCo session: org.jacoco.agent.rt.RT
21:17:05 PIT >> INFO : MINION : Failed to dump JaCoCo execution data: org.jacoco.agent.rt.RT
21:17:05 PIT >> INFO : MINION : Failed to set JaCoCo session: org.jacoco.agent.rt.RT
21:17:05 PIT >> INFO : MINION : Failed to dump JaCoCo execution data: org.jacoco.agent.rt.RT
21:17:05 PIT >> INFO : MINION : Failed to set JaCoCo session: org.jacoco.agent.rt.RT
21:17:05 PIT >> INFO : MINION : Failed to dump JaCoCo execution data: org.jacoco.agent.rt.RT
21:17:05 PIT >> INFO : MINION : Failed to set JaCoCo session: org.jacoco.agent.rt.RT
21:17:05 PIT >> INFO : MINION : Failed to dump JaCoCo execution data: org.jacoco.agent.rt.RT
21:17:05 PIT >> INFO : MINION : Failed to set JaCoCo session: org.jacoco.agent.rt.RT
21:17:05 PIT >> INFO : MINION : Failed to dump JaCoCo execution data: org.jacoco.agent.rt.RT
21:17:05 PIT >> INFO : MINION : Failed to set JaCoCo session: org.jacoco.agent.rt.RT
21:17:05 PIT >> INFO : MINION : Failed to dump JaCoCo execution data: org.jacoco.agent.rt.RT
21:17:05 PIT >> INFO : MINION : Failed to set JaCoCo session: org.jacoco.agent.rt.RT
21:17:05 PIT >> INFO : MINION : Failed to dump JaCoCo execution data: org.jacoco.agent.rt.RT
21:17:05 PIT >> INFO : MINION : Failed to set JaCoCo session: org.jacoco.agent.rt.RT
21:17:05 PIT >> INFO : MINION : Failed to dump JaCoCo execution data: org.jacoco.agent.rt.RT
21:17:05 PIT >> INFO : MINION : Failed to set JaCoCo session: org.jacoco.agent.rt.RT
21:17:05 PIT >> INFO : MINION : Failed to dump JaCoCo execution data: org.jacoco.agent.rt.RT
21:17:05 PIT >> INFO : MINION : Failed to set JaCoCo session: org.jacoco.agent.rt.RT
21:17:05 PIT >> INFO : MINION : Failed to dump JaCoCo execution data: org.jacoco.agent.rt.RT
21:17:05 PIT >> INFO : MINION : Failed to set JaCoCo session: org.jacoco.agent.rt.RT
21:17:05 PIT >> INFO : MINION : Failed to dump JaCoCo execution data: org.jacoco.agent.rt.RT
21:17:05 PIT >> INFO : MINION : Failed to set JaCoCo session: org.jacoco.agent.rt.RT
21:17:05 PIT >> INFO : MINION : Failed to dump JaCoCo execution data: org.jacoco.agent.rt.RT
21:17:05 PIT >> INFO : MINION : Failed to set JaCoCo session: org.jacoco.agent.rt.RT
21:17:05 PIT >> INFO : MINION : Failed to dump JaCoCo execution data: org.jacoco.agent.rt.RT
21:17:05 PIT >> INFO : MINION : Failed to set JaCoCo session: org.jacoco.agent.rt.RT
21:17:05 PIT >> INFO : MINION : Failed to dump JaCoCo execution data: org.jacoco.agent.rt.RT
21:17:05 PIT >> INFO : MINION : Failed to set JaCoCo session: org.jacoco.agent.rt.RT
21:17:05 PIT >> INFO : MINION : Failed to dump JaCoCo execution data: org.jacoco.agent.rt.RT
21:17:05 PIT >> INFO : MINION : Failed to set JaCoCo session: org.jacoco.agent.rt.RT
21:17:05 PIT >> INFO : MINION : Failed to dump JaCoCo execution data: org.jacoco.agent.rt.RT
21:17:05 PIT >> INFO : MINION : Failed to set JaCoCo session: org.jacoco.agent.rt.RT
21:17:05 PIT >> INFO : MINION : Failed to dump JaCoCo execution data: org.jacoco.agent.rt.RT
21:17:05 PIT >> INFO : MINION : Failed to set JaCoCo session: org.jacoco.agent.rt.RT
21:17:05 PIT >> INFO : MINION : Failed to dump JaCoCo execution data: org.jacoco.agent.rt.RT
21:17:05 PIT >> INFO : MINION : Failed to set JaCoCo session: org.jacoco.agent.rt.RT
21:17:05 PIT >> INFO : MINION : Failed to dump JaCoCo execution data: org.jacoco.agent.rt.RT
21:17:05 PIT >> INFO : MINION : Failed to set JaCoCo session: org.jacoco.agent.rt.RT
21:17:05 PIT >> INFO : MINION : Failed to dump JaCoCo execution data: org.jacoco.agent.rt.RT
21:17:05 PIT >> INFO : MINION : Failed to set JaCoCo session: org.jacoco.agent.rt.RT
21:17:05 PIT >> INFO : MINION : Failed to dump JaCoCo execution data: org.jacoco.agent.rt.RT
21:17:05 PIT >> INFO : MINION : Failed to set JaCoCo session: org.jacoco.agent.rt.RT
21:17:05 PIT >> INFO : MINION : Failed to dump JaCoCo execution data: org.jacoco.agent.rt.RT
21:17:05 PIT >> INFO : MINION : Failed to set JaCoCo session: org.jacoco.agent.rt.RT
21:17:05 PIT >> INFO : MINION : Failed to dump JaCoCo execution data: org.jacoco.agent.rt.RT
21:17:05 PIT >> INFO : MINION : Failed to set JaCoCo session: org.jacoco.agent.rt.RT
21:17:05 PIT >> INFO : MINION : Failed to dump JaCoCo execution data: org.jacoco.agent.rt.RT
21:17:05 PIT >> INFO : MINION : Failed to set JaCoCo session: org.jacoco.agent.rt.RT
21:17:05 PIT >> INFO : MINION : Failed to dump JaCoCo execution data: org.jacoco.agent.rt.RT
21:17:05 PIT >> INFO : MINION : Failed to set JaCoCo session: org.jacoco.agent.rt.RT
21:17:05 PIT >> INFO : MINION : Failed to dump JaCoCo execution data: org.jacoco.agent.rt.RT
21:17:05 PIT >> INFO : MINION : Failed to set JaCoCo session: org.jacoco.agent.rt.RT
21:17:05 PIT >> INFO : MINION : Failed to dump JaCoCo execution data: org.jacoco.agent.rt.RT
21:17:05 PIT >> INFO : MINION : Failed to set JaCoCo session: org.jacoco.agent.rt.RT
21:17:05 PIT >> INFO : MINION : Failed to dump JaCoCo execution data: org.jacoco.agent.rt.RT
21:17:05 PIT >> INFO : MINION : Failed to set JaCoCo session: org.jacoco.agent.rt.RT
21:17:05 PIT >> INFO : MINION : Failed to dump JaCoCo execution data: org.jacoco.agent.rt.RT
21:17:05 PIT >> INFO : MINION : Failed to set JaCoCo session: org.jacoco.agent.rt.RT
21:17:05 PIT >> INFO : MINION : Failed to dump JaCoCo execution data: org.jacoco.agent.rt.RT
21:17:05 PIT >> INFO : MINION : Failed to set JaCoCo session: org.jacoco.agent.rt.RT
21:17:05 PIT >> INFO : MINION : Failed to dump JaCoCo execution data: org.jacoco.agent.rt.RT
21:17:05 PIT >> INFO : MINION : Failed to set JaCoCo session: org.jacoco.agent.rt.RT
21:17:05 PIT >> INFO : MINION : Failed to dump JaCoCo execution data: org.jacoco.agent.rt.RT
21:17:05 PIT >> INFO : MINION : Failed to set JaCoCo session: org.jacoco.agent.rt.RT
21:17:05 PIT >> INFO : MINION : Failed to dump JaCoCo execution data: org.jacoco.agent.rt.RT
21:17:05 PIT >> INFO : MINION : Failed to set JaCoCo session: org.jacoco.agent.rt.RT
21:17:05 PIT >> INFO : MINION : Failed to dump JaCoCo execution data: org.jacoco.agent.rt.RT
21:17:05 PIT >> INFO : MINION : Failed to set JaCoCo session: org.jacoco.agent.rt.RT
21:17:05 PIT >> INFO : MINION : Failed to dump JaCoCo execution data: org.jacoco.agent.rt.RT
21:17:05 PIT >> INFO : MINION : Failed to set JaCoCo session: org.jacoco.agent.rt.RT
21:17:05 PIT >> INFO : MINION : Failed to dump JaCoCo execution data: org.jacoco.agent.rt.RT
21:17:05 PIT >> INFO : MINION : Failed to set JaCoCo session: org.jacoco.agent.rt.RT
21:17:05 PIT >> INFO : MINION : Failed to dump JaCoCo execution data: org.jacoco.agent.rt.RT
21:17:05 PIT >> INFO : MINION : Failed to set JaCoCo session: org.jacoco.agent.rt.RT
21:17:05 PIT >> INFO : MINION : Failed to dump JaCoCo execution data: org.jacoco.agent.rt.RT
21:17:05 PIT >> INFO : MINION : Failed to set JaCoCo session: org.jacoco.agent.rt.RT
21:17:05 PIT >> INFO : MINION : Failed to dump JaCoCo execution data: org.jacoco.agent.rt.RT
21:17:05 PIT >> INFO : MINION : Failed to set JaCoCo session: org.jacoco.agent.rt.RT
21:17:05 PIT >> INFO : MINION : Failed to dump JaCoCo execution data: org.jacoco.agent.rt.RT
21:17:05 PIT >> INFO : MINION : Failed to set JaCoCo session: org.jacoco.agent.rt.RT
21:17:05 PIT >> INFO : MINION : Failed to dump JaCoCo execution data: org.jacoco.agent.rt.RT
21:17:05 PIT >> INFO : MINION : Failed to set JaCoCo session: org.jacoco.agent.rt.RT
21:17:05 PIT >> INFO : MINION : Failed to dump JaCoCo execution data: org.jacoco.agent.rt.RT
21:17:05 PIT >> INFO : MINION : Failed to set JaCoCo session: org.jacoco.agent.rt.RT
21:17:05 PIT >> INFO : MINION : Failed to dump JaCoCo execution data: org.jacoco.agent.rt.RT
21:17:05 PIT >> INFO : MINION : Failed to set JaCoCo session: org.jacoco.agent.rt.RT
21:17:05 PIT >> INFO : MINION : Failed to dump JaCoCo execution data: org.jacoco.agent.rt.RT
21:17:05 PIT >> INFO : MINION : Failed to set JaCoCo session: org.jacoco.agent.rt.RT
21:17:05 PIT >> INFO : MINION : Failed to dump JaCoCo execution data: org.jacoco.agent.rt.RT
21:17:05 PIT >> INFO : MINION : Failed to set JaCoCo session: org.jacoco.agent.rt.RT
21:17:05 PIT >> INFO : MINION : Failed to dump JaCoCo execution data: org.jacoco.agent.rt.RT
21:17:05 PIT >> INFO : MINION : Failed to set JaCoCo session: org.jacoco.agent.rt.RT
21:17:05 PIT >> INFO : MINION : Failed to dump JaCoCo execution data: org.jacoco.agent.rt.RT
21:17:05 PIT >> INFO : MINION : Failed to set JaCoCo session: org.jacoco.agent.rt.RT
21:17:05 PIT >> INFO : MINION : Failed to dump JaCoCo execution data: org.jacoco.agent.rt.RT
21:17:05 PIT >> INFO : MINION : Failed to set JaCoCo session: org.jacoco.agent.rt.RT
21:17:05 PIT >> INFO : MINION : Failed to dump JaCoCo execution data: org.jacoco.agent.rt.RT
21:17:05 PIT >> INFO : MINION : Failed to set JaCoCo session: org.jacoco.agent.rt.RT
21:17:05 PIT >> INFO : MINION : Failed to dump JaCoCo execution data: org.jacoco.agent.rt.RT
21:17:05 PIT >> INFO : MINION : Failed to set JaCoCo session: org.jacoco.agent.rt.RT
21:17:05 PIT >> INFO : MINION : Failed to dump JaCoCo execution data: org.jacoco.agent.rt.RT
21:17:05 PIT >> INFO : MINION : Failed to set JaCoCo session: org.jacoco.agent.rt.RT
21:17:05 PIT >> INFO : MINION : Failed to dump JaCoCo execution data: org.jacoco.agent.rt.RT
21:17:05 PIT >> INFO : MINION : Failed to set JaCoCo session: org.jacoco.agent.rt.RT
21:17:05 PIT >> INFO : MINION : Failed to dump JaCoCo execution data: org.jacoco.agent.rt.RT
21:17:05 PIT >> INFO : MINION : Failed to set JaCoCo session: org.jacoco.agent.rt.RT
21:17:05 PIT >> INFO : MINION : Failed to dump JaCoCo execution data: org.jacoco.agent.rt.RT
21:17:05 PIT >> INFO : MINION : Failed to set JaCoCo session: org.jacoco.agent.rt.RT
21:17:05 PIT >> INFO : MINION : Failed to dump JaCoCo execution data: org.jacoco.agent.rt.RT
21:17:05 PIT >> INFO : MINION : Failed to set JaCoCo session: org.jacoco.agent.rt.RT
21:17:05 PIT >> INFO : MINION : Failed to dump JaCoCo execution data: org.jacoco.agent.rt.RT
21:17:05 PIT >> INFO : MINION : Failed to set JaCoCo session: org.jacoco.agent.rt.RT
21:17:05 PIT >> INFO : MINION : Failed to dump JaCoCo execution data: org.jacoco.agent.rt.RT
21:17:05 PIT >> INFO : MINION : Failed to set JaCoCo session: org.jacoco.agent.rt.RT
21:17:05 PIT >> INFO : MINION : Failed to dump JaCoCo execution data: org.jacoco.agent.rt.RT
21:17:05 PIT >> INFO : MINION : Failed to set JaCoCo session: org.jacoco.agent.rt.RT
21:17:05 PIT >> INFO : MINION : Failed to dump JaCoCo execution data: org.jacoco.agent.rt.RT
21:17:05 PIT >> INFO : MINION : Failed to set JaCoCo session: org.jacoco.agent.rt.RT
21:17:05 PIT >> INFO : MINION : Failed to dump JaCoCo execution data: org.jacoco.agent.rt.RT
21:17:05 PIT >> INFO : MINION : Failed to set JaCoCo session: org.jacoco.agent.rt.RT
21:17:05 PIT >> INFO : MINION : Failed to dump JaCoCo execution data: org.jacoco.agent.rt.RT
21:17:05 PIT >> INFO : MINION : Failed to set JaCoCo session: org.jacoco.agent.rt.RT
21:17:05 PIT >> INFO : MINION : Failed to dump JaCoCo execution data: org.jacoco.agent.rt.RT
21:17:05 PIT >> INFO : MINION : Failed to set JaCoCo session: org.jacoco.agent.rt.RT
21:17:05 PIT >> INFO : MINION : Failed to dump JaCoCo execution data: org.jacoco.agent.rt.RT
21:17:05 PIT >> INFO : MINION : Failed to set JaCoCo session: org.jacoco.agent.rt.RT
21:17:05 PIT >> INFO : MINION : Failed to dump JaCoCo execution data: org.jacoco.agent.rt.RT
21:17:05 PIT >> INFO : MINION : Failed to set JaCoCo session: org.jacoco.agent.rt.RT
21:17:05 PIT >> INFO : MINION : Failed to dump JaCoCo execution data: org.jacoco.agent.rt.RT
21:17:05 PIT >> INFO : MINION : Failed to set JaCoCo session: org.jacoco.agent.rt.RT
21:17:05 PIT >> INFO : MINION : Failed to dump JaCoCo execution data: org.jacoco.agent.rt.RT
21:17:05 PIT >> INFO : MINION : Failed to set JaCoCo session: org.jacoco.agent.rt.RT
21:17:05 PIT >> INFO : MINION : Failed to dump JaCoCo execution data: org.jacoco.agent.rt.RT
21:17:05 PIT >> INFO : MINION : Failed to set JaCoCo session: org.jacoco.agent.rt.RT
21:17:05 PIT >> INFO : MINION : Failed to dump JaCoCo execution data: org.jacoco.agent.rt.RT
21:17:05 PIT >> INFO : MINION : Failed to set JaCoCo session: org.jacoco.agent.rt.RT
21:17:05 PIT >> INFO : MINION : Failed to dump JaCoCo execution data: org.jacoco.agent.rt.RT
21:17:05 PIT >> INFO : MINION : Failed to set JaCoCo session: org.jacoco.agent.rt.RT
21:17:05 PIT >> INFO : MINION : Failed to dump JaCoCo execution data: org.jacoco.agent.rt.RT
21:17:05 PIT >> INFO : MINION : Failed to set JaCoCo session: org.jacoco.agent.rt.RT
21:17:05 PIT >> INFO : MINION : Failed to dump JaCoCo execution data: org.jacoco.agent.rt.RT
21:17:05 PIT >> INFO : MINION : Failed to set JaCoCo session: org.jacoco.agent.rt.RT
21:17:05 PIT >> INFO : MINION : Failed to dump JaCoCo execution data: org.jacoco.agent.rt.RT
21:17:05 PIT >> INFO : MINION : Failed to set JaCoCo session: org.jacoco.agent.rt.RT
21:17:05 PIT >> INFO : MINION : Failed to dump JaCoCo execution data: org.jacoco.agent.rt.RT
21:17:05 PIT >> INFO : MINION : Failed to set JaCoCo session: org.jacoco.agent.rt.RT
21:17:05 PIT >> INFO : MINION : Failed to dump JaCoCo execution data: org.jacoco.agent.rt.RT
21:17:05 PIT >> INFO : MINION : Failed to set JaCoCo session: org.jacoco.agent.rt.RT
21:17:05 PIT >> INFO : MINION : Failed to dump JaCoCo execution data: org.jacoco.agent.rt.RT
21:17:05 PIT >> INFO : MINION : Failed to set JaCoCo session: org.jacoco.agent.rt.RT
21:17:05 PIT >> INFO : MINION : Failed to dump JaCoCo execution data: org.jacoco.agent.rt.RT
21:17:05 PIT >> INFO : MINION : Failed to set JaCoCo session: org.jacoco.agent.rt.RT
21:17:05 PIT >> INFO : MINION : Failed to dump JaCoCo execution data: org.jacoco.agent.rt.RT
21:17:05 PIT >> INFO : MINION : Failed to set JaCoCo session: org.jacoco.agent.rt.RT
21:17:05 PIT >> INFO : MINION : Failed to dump JaCoCo execution data: org.jacoco.agent.rt.RT
21:17:05 PIT >> INFO : MINION : Failed to set JaCoCo session: org.jacoco.agent.rt.RT
21:17:05 PIT >> INFO : MINION : Failed to dump JaCoCo execution data: org.jacoco.agent.rt.RT
21:17:05 PIT >> INFO : MINION : Failed to set JaCoCo session: org.jacoco.agent.rt.RT
21:17:05 PIT >> INFO : MINION : Failed to dump JaCoCo execution data: org.jacoco.agent.rt.RT
21:17:05 PIT >> INFO : MINION : Failed to set JaCoCo session: org.jacoco.agent.rt.RT
21:17:05 PIT >> INFO : MINION : Failed to dump JaCoCo execution data: org.jacoco.agent.rt.RT
21:17:05 PIT >> INFO : MINION : Failed to set JaCoCo session: org.jacoco.agent.rt.RT
21:17:05 PIT >> INFO : MINION : Failed to dump JaCoCo execution data: org.jacoco.agent.rt.RT
21:17:05 PIT >> INFO : MINION : Failed to set JaCoCo session: org.jacoco.agent.rt.RT
21:17:05 PIT >> INFO : MINION : Failed to dump JaCoCo execution data: org.jacoco.agent.rt.RT
21:17:05 PIT >> INFO : MINION : Failed to set JaCoCo session: org.jacoco.agent.rt.RT
21:17:05 PIT >> INFO : MINION : Failed to dump JaCoCo execution data: org.jacoco.agent.rt.RT
21:17:05 PIT >> INFO : MINION : Failed to set JaCoCo session: org.jacoco.agent.rt.RT
21:17:05 PIT >> INFO : MINION : Failed to dump JaCoCo execution data: org.jacoco.agent.rt.RT
21:17:05 PIT >> INFO : MINION : Failed to set JaCoCo session: org.jacoco.agent.rt.RT
21:17:05 PIT >> INFO : MINION : Failed to dump JaCoCo execution data: org.jacoco.agent.rt.RT
21:17:05 PIT >> INFO : MINION : Failed to set JaCoCo session: org.jacoco.agent.rt.RT
21:17:05 PIT >> INFO : MINION : Failed to dump JaCoCo execution data: org.jacoco.agent.rt.RT
21:17:05 PIT >> INFO : MINION : Failed to set JaCoCo session: org.jacoco.agent.rt.RT
21:17:05 PIT >> INFO : MINION : Failed to dump JaCoCo execution data: org.jacoco.agent.rt.RT
21:17:05 PIT >> INFO : MINION : Failed to set JaCoCo session: org.jacoco.agent.rt.RT
21:17:05 PIT >> INFO : MINION : Failed to dump JaCoCo execution data: org.jacoco.agent.rt.RT
21:17:05 PIT >> INFO : MINION : Failed to set JaCoCo session: org.jacoco.agent.rt.RT
21:17:05 PIT >> INFO : MINION : Failed to dump JaCoCo execution data: org.jacoco.agent.rt.RT
21:17:05 PIT >> INFO : MINION : Failed to set JaCoCo session: org.jacoco.agent.rt.RT
21:17:05 PIT >> INFO : MINION : Failed to dump JaCoCo execution data: org.jacoco.agent.rt.RT
21:17:05 PIT >> INFO : MINION : Failed to set JaCoCo session: org.jacoco.agent.rt.RT
21:17:05 PIT >> INFO : MINION : Failed to dump JaCoCo execution data: org.jacoco.agent.rt.RT
21:17:05 PIT >> INFO : MINION : Failed to set JaCoCo session: org.jacoco.agent.rt.RT
21:17:05 PIT >> INFO : MINION : Failed to dump JaCoCo execution data: org.jacoco.agent.rt.RT
21:17:05 PIT >> INFO : MINION : Failed to set JaCoCo session: org.jacoco.agent.rt.RT
21:17:05 PIT >> INFO : MINION : Failed to dump JaCoCo execution data: org.jacoco.agent.rt.RT
21:17:05 PIT >> INFO : MINION : Failed to set JaCoCo session: org.jacoco.agent.rt.RT
21:17:05 PIT >> INFO : MINION : Failed to dump JaCoCo execution data: org.jacoco.agent.rt.RT
21:17:05 PIT >> INFO : MINION : Failed to set JaCoCo session: org.jacoco.agent.rt.RT
21:17:05 PIT >> INFO : MINION : Failed to dump JaCoCo execution data: org.jacoco.agent.rt.RT
21:17:05 PIT >> INFO : MINION : Failed to set JaCoCo session: org.jacoco.agent.rt.RT
21:17:05 PIT >> INFO : MINION : Failed to dump JaCoCo execution data: org.jacoco.agent.rt.RT
21:17:05 PIT >> INFO : MINION : Failed to set JaCoCo session: org.jacoco.agent.rt.RT
21:17:05 PIT >> INFO : MINION : Failed to dump JaCoCo execution data: org.jacoco.agent.rt.RT
21:17:05 PIT >> INFO : MINION : Failed to set JaCoCo session: org.jacoco.agent.rt.RT
21:17:05 PIT >> INFO : MINION : Failed to dump JaCoCo execution data: org.jacoco.agent.rt.RT
21:17:05 PIT >> INFO : MINION : Failed to set JaCoCo session: org.jacoco.agent.rt.RT
21:17:05 PIT >> INFO : MINION : Failed to dump JaCoCo execution data: org.jacoco.agent.rt.RT
21:17:05 PIT >> INFO : MINION : Failed to set JaCoCo session: org.jacoco.agent.rt.RT
21:17:05 PIT >> INFO : MINION : Failed to dump JaCoCo execution data: org.jacoco.agent.rt.RT
21:17:05 PIT >> INFO : MINION : Failed to set JaCoCo session: org.jacoco.agent.rt.RT
21:17:05 PIT >> INFO : MINION : Failed to dump JaCoCo execution data: org.jacoco.agent.rt.RT
21:17:05 PIT >> INFO : MINION : Failed to set JaCoCo session: org.jacoco.agent.rt.RT
21:17:05 PIT >> INFO : MINION : Failed to dump JaCoCo execution data: org.jacoco.agent.rt.RT
21:17:05 PIT >> INFO : MINION : Failed to set JaCoCo session: org.jacoco.agent.rt.RT
21:17:05 PIT >> INFO : MINION : Failed to dump JaCoCo execution data: org.jacoco.agent.rt.RT
21:17:05 PIT >> INFO : MINION : Failed to set JaCoCo session: org.jacoco.agent.rt.RT
21:17:05 PIT >> INFO : MINION : Failed to dump JaCoCo execution data: org.jacoco.agent.rt.RT
21:17:05 PIT >> INFO : MINION : Failed to set JaCoCo session: org.jacoco.agent.rt.RT
21:17:05 PIT >> INFO : MINION : Failed to dump JaCoCo execution data: org.jacoco.agent.rt.RT
21:17:05 PIT >> INFO : MINION : Failed to set JaCoCo session: org.jacoco.agent.rt.RT
21:17:05 PIT >> INFO : MINION : Failed to dump JaCoCo execution data: org.jacoco.agent.rt.RT
21:17:05 PIT >> INFO : MINION : Failed to set JaCoCo session: org.jacoco.agent.rt.RT
21:17:05 PIT >> INFO : MINION : Failed to dump JaCoCo execution data: org.jacoco.agent.rt.RT
21:17:05 PIT >> INFO : MINION : Failed to set JaCoCo session: org.jacoco.agent.rt.RT
21:17:05 PIT >> INFO : MINION : Failed to dump JaCoCo execution data: org.jacoco.agent.rt.RT
21:17:05 PIT >> INFO : MINION : Failed to set JaCoCo session: org.jacoco.agent.rt.RT
21:17:05 PIT >> INFO : MINION : Failed to dump JaCoCo execution data: org.jacoco.agent.rt.RT
21:17:05 PIT >> INFO : MINION : Failed to set JaCoCo session: org.jacoco.agent.rt.RT
21:17:05 PIT >> INFO : MINION : Failed to dump JaCoCo execution data: org.jacoco.agent.rt.RT
21:17:05 PIT >> INFO : MINION : Failed to set JaCoCo session: org.jacoco.agent.rt.RT
21:17:05 PIT >> INFO : MINION : Failed to dump JaCoCo execution data: org.jacoco.agent.rt.RT
21:17:05 PIT >> INFO : MINION : Failed to set JaCoCo session: org.jacoco.agent.rt.RT
21:17:05 PIT >> INFO : MINION : Failed to dump JaCoCo execution data: org.jacoco.agent.rt.RT
21:17:05 PIT >> INFO : MINION : Failed to set JaCoCo session: org.jacoco.agent.rt.RT
21:17:05 PIT >> INFO : MINION : Failed to dump JaCoCo execution data: org.jacoco.agent.rt.RT
21:17:05 PIT >> INFO : MINION : Failed to set JaCoCo session: org.jacoco.agent.rt.RT
21:17:05 PIT >> INFO : MINION : Failed to dump JaCoCo execution data: org.jacoco.agent.rt.RT
21:17:05 PIT >> INFO : MINION : Failed to set JaCoCo session: org.jacoco.agent.rt.RT
21:17:05 PIT >> INFO : MINION : Failed to dump JaCoCo execution data: org.jacoco.agent.rt.RT
21:17:05 PIT >> INFO : MINION : Failed to set JaCoCo session: org.jacoco.agent.rt.RT
21:17:05 PIT >> INFO : MINION : Failed to dump JaCoCo execution data: org.jacoco.agent.rt.RT
21:17:05 PIT >> INFO : MINION : Failed to set JaCoCo session: org.jacoco.agent.rt.RT
21:17:05 PIT >> INFO : MINION : Failed to dump JaCoCo execution data: org.jacoco.agent.rt.RT
21:17:05 PIT >> INFO : MINION : Failed to set JaCoCo session: org.jacoco.agent.rt.RT
21:17:05 PIT >> INFO : MINION : Failed to dump JaCoCo execution data: org.jacoco.agent.rt.RT
21:17:05 PIT >> INFO : MINION : Failed to set JaCoCo session: org.jacoco.agent.rt.RT
21:17:05 PIT >> INFO : MINION : Failed to dump JaCoCo execution data: org.jacoco.agent.rt.RT
21:17:05 PIT >> INFO : MINION : Failed to set JaCoCo session: org.jacoco.agent.rt.RT
21:17:05 PIT >> INFO : MINION : Failed to dump JaCoCo execution data: org.jacoco.agent.rt.RT
21:17:05 PIT >> INFO : MINION : Failed to set JaCoCo session: org.jacoco.agent.rt.RT
21:17:05 PIT >> INFO : MINION : Failed to dump JaCoCo execution data: org.jacoco.agent.rt.RT
21:17:05 PIT >> INFO : MINION : Failed to set JaCoCo session: org.jacoco.agent.rt.RT
21:17:05 PIT >> INFO : MINION : Failed to dump JaCoCo execution data: org.jacoco.agent.rt.RT
21:17:05 PIT >> INFO : MINION : Failed to set JaCoCo session: org.jacoco.agent.rt.RT
21:17:05 PIT >> INFO : MINION : Failed to dump JaCoCo execution data: org.jacoco.agent.rt.RT
21:17:05 PIT >> INFO : MINION : Failed to set JaCoCo session: org.jacoco.agent.rt.RT
21:17:05 PIT >> INFO : MINION : Failed to dump JaCoCo execution data: org.jacoco.agent.rt.RT
21:17:05 PIT >> INFO : MINION : Failed to set JaCoCo session: org.jacoco.agent.rt.RT
21:17:05 PIT >> INFO : MINION : Failed to dump JaCoCo execution data: org.jacoco.agent.rt.RT
21:17:05 PIT >> INFO : MINION : Failed to set JaCoCo session: org.jacoco.agent.rt.RT
21:17:05 PIT >> INFO : MINION : Failed to dump JaCoCo execution data: org.jacoco.agent.rt.RT
21:17:05 PIT >> INFO : MINION : Failed to set JaCoCo session: org.jacoco.agent.rt.RT
21:17:05 PIT >> INFO : MINION : Failed to dump JaCoCo execution data: org.jacoco.agent.rt.RT
21:17:05 PIT >> INFO : MINION : Failed to set JaCoCo session: org.jacoco.agent.rt.RT
21:17:05 PIT >> INFO : MINION : Failed to dump JaCoCo execution data: org.jacoco.agent.rt.RT
21:17:05 PIT >> INFO : MINION : Failed to set JaCoCo session: org.jacoco.agent.rt.RT
21:17:05 PIT >> INFO : MINION : Failed to dump JaCoCo execution data: org.jacoco.agent.rt.RT
21:17:05 PIT >> INFO : MINION : Failed to set JaCoCo session: org.jacoco.agent.rt.RT
21:17:05 PIT >> INFO : MINION : Failed to dump JaCoCo execution data: org.jacoco.agent.rt.RT
21:17:05 PIT >> INFO : MINION : Failed to set JaCoCo session: org.jacoco.agent.rt.RT
21:17:05 PIT >> INFO : MINION : Failed to dump JaCoCo execution data: org.jacoco.agent.rt.RT
21:17:05 PIT >> INFO : MINION : Failed to set JaCoCo session: org.jacoco.agent.rt.RT
21:17:05 PIT >> INFO : MINION : Failed to dump JaCoCo execution data: org.jacoco.agent.rt.RT
21:17:05 PIT >> INFO : MINION : Failed to set JaCoCo session: org.jacoco.agent.rt.RT
21:17:05 PIT >> INFO : MINION : Failed to dump JaCoCo execution data: org.jacoco.agent.rt.RT
21:17:05 PIT >> INFO : MINION : Failed to set JaCoCo session: org.jacoco.agent.rt.RT
21:17:05 PIT >> INFO : MINION : Failed to dump JaCoCo execution data: org.jacoco.agent.rt.RT
21:17:05 PIT >> INFO : MINION : Failed to set JaCoCo session: org.jacoco.agent.rt.RT
21:17:05 PIT >> INFO : MINION : Failed to dump JaCoCo execution data: org.jacoco.agent.rt.RT
21:17:05 PIT >> INFO : MINION : Failed to set JaCoCo session: org.jacoco.agent.rt.RT
21:17:05 PIT >> INFO : MINION : Failed to dump JaCoCo execution data: org.jacoco.agent.rt.RT
21:17:05 PIT >> INFO : MINION : Failed to set JaCoCo session: org.jacoco.agent.rt.RT
21:17:05 PIT >> INFO : MINION : Failed to dump JaCoCo execution data: org.jacoco.agent.rt.RT
21:17:05 PIT >> INFO : MINION : Failed to set JaCoCo session: org.jacoco.agent.rt.RT
21:17:05 PIT >> INFO : MINION : Failed to dump JaCoCo execution data: org.jacoco.agent.rt.RT
21:17:05 PIT >> INFO : MINION : Failed to set JaCoCo session: org.jacoco.agent.rt.RT
21:17:05 PIT >> INFO : MINION : Failed to dump JaCoCo execution data: org.jacoco.agent.rt.RT
21:17:05 PIT >> INFO : MINION : Failed to set JaCoCo session: org.jacoco.agent.rt.RT
21:17:05 PIT >> INFO : MINION : Failed to dump JaCoCo execution data: org.jacoco.agent.rt.RT
21:17:05 PIT >> INFO : MINION : Failed to set JaCoCo session: org.jacoco.agent.rt.RT
21:17:05 PIT >> INFO : MINION : Failed to dump JaCoCo execution data: org.jacoco.agent.rt.RT
21:17:05 PIT >> INFO : MINION : Failed to set JaCoCo session: org.jacoco.agent.rt.RT
21:17:05 PIT >> INFO : MINION : Failed to dump JaCoCo execution data: org.jacoco.agent.rt.RT
21:17:05 PIT >> INFO : MINION : Failed to set JaCoCo session: org.jacoco.agent.rt.RT
21:17:05 PIT >> INFO : MINION : Failed to dump JaCoCo execution data: org.jacoco.agent.rt.RT
21:17:05 PIT >> INFO : MINION : Failed to set JaCoCo session: org.jacoco.agent.rt.RT
21:17:05 PIT >> INFO : MINION : Failed to dump JaCoCo execution data: org.jacoco.agent.rt.RT
21:17:05 PIT >> INFO : MINION : Failed to set JaCoCo session: org.jacoco.agent.rt.RT
21:17:05 PIT >> INFO : MINION : Failed to dump JaCoCo execution data: org.jacoco.agent.rt.RT
21:17:05 PIT >> INFO : MINION : Failed to set JaCoCo session: org.jacoco.agent.rt.RT
21:17:05 PIT >> INFO : MINION : Failed to dump JaCoCo execution data: org.jacoco.agent.rt.RT
21:17:05 PIT >> INFO : MINION : Failed to set JaCoCo session: org.jacoco.agent.rt.RT
21:17:05 PIT >> INFO : MINION : Failed to dump JaCoCo execution data: org.jacoco.agent.rt.RT
21:17:05 PIT >> INFO : MINION : Failed to set JaCoCo session: org.jacoco.agent.rt.RT
21:17:05 PIT >> INFO : MINION : Failed to dump JaCoCo execution data: org.jacoco.agent.rt.RT
21:17:05 PIT >> INFO : MINION : Failed to set JaCoCo session: org.jacoco.agent.rt.RT
21:17:05 PIT >> INFO : MINION : Failed to dump JaCoCo execution data: org.jacoco.agent.rt.RT
21:17:05 PIT >> INFO : MINION : Failed to set JaCoCo session: org.jacoco.agent.rt.RT
21:17:05 PIT >> INFO : MINION : Failed to dump JaCoCo execution data: org.jacoco.agent.rt.RT
21:17:05 PIT >> INFO : MINION : Failed to set JaCoCo session: org.jacoco.agent.rt.RT
21:17:05 PIT >> INFO : MINION : Failed to dump JaCoCo execution data: org.jacoco.agent.rt.RT
21:17:05 PIT >> INFO : MINION : Failed to set JaCoCo session: org.jacoco.agent.rt.RT
21:17:05 PIT >> INFO : MINION : Failed to dump JaCoCo execution data: org.jacoco.agent.rt.RT
21:17:05 PIT >> INFO : MINION : Failed to set JaCoCo session: org.jacoco.agent.rt.RT
21:17:05 PIT >> INFO : MINION : Failed to dump JaCoCo execution data: org.jacoco.agent.rt.RT
21:17:05 PIT >> INFO : MINION : Failed to set JaCoCo session: org.jacoco.agent.rt.RT
21:17:05 PIT >> INFO : MINION : Failed to dump JaCoCo execution data: org.jacoco.agent.rt.RT
21:17:05 PIT >> INFO : MINION : Failed to set JaCoCo session: org.jacoco.agent.rt.RT
21:17:05 PIT >> INFO : MINION : Failed to dump JaCoCo execution data: org.jacoco.agent.rt.RT
21:17:05 PIT >> INFO : MINION : Failed to set JaCoCo session: org.jacoco.agent.rt.RT
21:17:05 PIT >> INFO : MINION : Failed to dump JaCoCo execution data: org.jacoco.agent.rt.RT
21:17:05 PIT >> INFO : MINION : Failed to set JaCoCo session: org.jacoco.agent.rt.RT
21:17:05 PIT >> INFO : MINION : Failed to dump JaCoCo execution data: org.jacoco.agent.rt.RT
21:17:05 PIT >> INFO : MINION : Failed to set JaCoCo session: org.jacoco.agent.rt.RT
21:17:05 PIT >> INFO : MINION : Failed to dump JaCoCo execution data: org.jacoco.agent.rt.RT
21:17:05 PIT >> INFO : MINION : Failed to set JaCoCo session: org.jacoco.agent.rt.RT
21:17:05 PIT >> INFO : MINION : Failed to dump JaCoCo execution data: org.jacoco.agent.rt.RT
21:17:05 PIT >> INFO : MINION : Failed to set JaCoCo session: org.jacoco.agent.rt.RT
21:17:05 PIT >> INFO : MINION : Failed to dump JaCoCo execution data: org.jacoco.agent.rt.RT
21:17:05 PIT >> INFO : MINION : Failed to set JaCoCo session: org.jacoco.agent.rt.RT
21:17:05 PIT >> INFO : MINION : Failed to dump JaCoCo execution data: org.jacoco.agent.rt.RT
21:17:05 PIT >> INFO : MINION : Failed to set JaCoCo session: org.jacoco.agent.rt.RT
21:17:05 PIT >> INFO : MINION : Failed to dump JaCoCo execution data: org.jacoco.agent.rt.RT
21:17:05 PIT >> INFO : MINION : Failed to set JaCoCo session: org.jacoco.agent.rt.RT
21:17:05 PIT >> INFO : MINION : Failed to dump JaCoCo execution data: org.jacoco.agent.rt.RT
21:17:05 PIT >> INFO : MINION : Failed to set JaCoCo session: org.jacoco.agent.rt.RT
21:17:05 PIT >> INFO : MINION : Failed to dump JaCoCo execution data: org.jacoco.agent.rt.RT
21:17:05 PIT >> INFO : MINION : Failed to set JaCoCo session: org.jacoco.agent.rt.RT
21:17:05 PIT >> INFO : MINION : Failed to dump JaCoCo execution data: org.jacoco.agent.rt.RT
21:17:05 PIT >> INFO : MINION : Failed to set JaCoCo session: org.jacoco.agent.rt.RT
21:17:05 PIT >> INFO : MINION : Failed to dump JaCoCo execution data: org.jacoco.agent.rt.RT
21:17:05 PIT >> INFO : MINION : Failed to set JaCoCo session: org.jacoco.agent.rt.RT
21:17:05 PIT >> INFO : MINION : Failed to dump JaCoCo execution data: org.jacoco.agent.rt.RT
21:17:05 PIT >> INFO : MINION : Failed to set JaCoCo session: org.jacoco.agent.rt.RT
21:17:05 PIT >> INFO : MINION : Failed to dump JaCoCo execution data: org.jacoco.agent.rt.RT
21:17:05 PIT >> INFO : MINION : Failed to set JaCoCo session: org.jacoco.agent.rt.RT
21:17:05 PIT >> INFO : MINION : Failed to dump JaCoCo execution data: org.jacoco.agent.rt.RT
21:17:05 PIT >> INFO : MINION : Failed to set JaCoCo session: org.jacoco.agent.rt.RT
21:17:05 PIT >> INFO : MINION : Failed to dump JaCoCo execution data: org.jacoco.agent.rt.RT
21:17:05 PIT >> INFO : MINION : Failed to set JaCoCo session: org.jacoco.agent.rt.RT
21:17:05 PIT >> INFO : MINION : Failed to dump JaCoCo execution data: org.jacoco.agent.rt.RT
21:17:05 PIT >> INFO : MINION : Failed to set JaCoCo session: org.jacoco.agent.rt.RT
21:17:05 PIT >> INFO : MINION : Failed to dump JaCoCo execution data: org.jacoco.agent.rt.RT
21:17:05 PIT >> INFO : MINION : Failed to set JaCoCo session: org.jacoco.agent.rt.RT
21:17:05 PIT >> INFO : MINION : Failed to dump JaCoCo execution data: org.jacoco.agent.rt.RT
21:17:05 PIT >> INFO : MINION : Failed to set JaCoCo session: org.jacoco.agent.rt.RT
21:17:05 PIT >> INFO : MINION : Failed to dump JaCoCo execution data: org.jacoco.agent.rt.RT
21:17:05 PIT >> INFO : MINION : Failed to set JaCoCo session: org.jacoco.agent.rt.RT
21:17:05 PIT >> INFO : MINION : Failed to dump JaCoCo execution data: org.jacoco.agent.rt.RT
21:17:05 PIT >> INFO : MINION : Failed to set JaCoCo session: org.jacoco.agent.rt.RT
21:17:05 PIT >> INFO : MINION : Failed to dump JaCoCo execution data: org.jacoco.agent.rt.RT
21:17:05 PIT >> INFO : MINION : Failed to set JaCoCo session: org.jacoco.agent.rt.RT
21:17:05 PIT >> INFO : MINION : Failed to dump JaCoCo execution data: org.jacoco.agent.rt.RT
21:17:05 PIT >> INFO : MINION : Failed to set JaCoCo session: org.jacoco.agent.rt.RT
21:17:05 PIT >> INFO : MINION : Failed to dump JaCoCo execution data: org.jacoco.agent.rt.RT
21:17:05 PIT >> INFO : MINION : Failed to set JaCoCo session: org.jacoco.agent.rt.RT
21:17:05 PIT >> INFO : MINION : Failed to dump JaCoCo execution data: org.jacoco.agent.rt.RT
21:17:05 PIT >> INFO : MINION : Failed to set JaCoCo session: org.jacoco.agent.rt.RT
21:17:05 PIT >> INFO : MINION : Failed to dump JaCoCo execution data: org.jacoco.agent.rt.RT
21:17:05 PIT >> INFO : MINION : Failed to set JaCoCo session: org.jacoco.agent.rt.RT
21:17:05 PIT >> INFO : MINION : Failed to dump JaCoCo execution data: org.jacoco.agent.rt.RT
21:17:05 PIT >> INFO : MINION : Failed to set JaCoCo session: org.jacoco.agent.rt.RT
21:17:05 PIT >> INFO : MINION : Failed to dump JaCoCo execution data: org.jacoco.agent.rt.RT
21:17:05 PIT >> INFO : MINION : Failed to set JaCoCo session: org.jacoco.agent.rt.RT
21:17:05 PIT >> INFO : MINION : Failed to dump JaCoCo execution data: org.jacoco.agent.rt.RT
21:17:05 PIT >> INFO : MINION : Failed to set JaCoCo session: org.jacoco.agent.rt.RT
21:17:05 PIT >> INFO : MINION : Failed to dump JaCoCo execution data: org.jacoco.agent.rt.RT
21:17:05 PIT >> INFO : MINION : Failed to set JaCoCo session: org.jacoco.agent.rt.RT
21:17:05 PIT >> INFO : MINION : Failed to dump JaCoCo execution data: org.jacoco.agent.rt.RT
21:17:05 PIT >> INFO : MINION : Failed to set JaCoCo session: org.jacoco.agent.rt.RT
21:17:05 PIT >> INFO : MINION : Failed to dump JaCoCo execution data: org.jacoco.agent.rt.RT
21:17:05 PIT >> INFO : MINION : Failed to set JaCoCo session: org.jacoco.agent.rt.RT
21:17:05 PIT >> INFO : MINION : Failed to dump JaCoCo execution data: org.jacoco.agent.rt.RT
21:17:05 PIT >> INFO : MINION : Failed to set JaCoCo session: org.jacoco.agent.rt.RT
21:17:05 PIT >> INFO : MINION : Failed to dump JaCoCo execution data: org.jacoco.agent.rt.RT
21:17:05 PIT >> INFO : MINION : Failed to set JaCoCo session: org.jacoco.agent.rt.RT
21:17:05 PIT >> INFO : MINION : Failed to dump JaCoCo execution data: org.jacoco.agent.rt.RT
21:17:05 PIT >> INFO : MINION : Failed to set JaCoCo session: org.jacoco.agent.rt.RT
21:17:05 PIT >> INFO : MINION : Failed to dump JaCoCo execution data: org.jacoco.agent.rt.RT
21:17:05 PIT >> INFO : MINION : Failed to set JaCoCo session: org.jacoco.agent.rt.RT
21:17:05 PIT >> INFO : MINION : Failed to dump JaCoCo execution data: org.jacoco.agent.rt.RT
21:17:05 PIT >> INFO : MINION : Failed to set JaCoCo session: org.jacoco.agent.rt.RT
21:17:05 PIT >> INFO : MINION : Failed to dump JaCoCo execution data: org.jacoco.agent.rt.RT
21:17:05 PIT >> INFO : MINION : Failed to set JaCoCo session: org.jacoco.agent.rt.RT
21:17:05 PIT >> INFO : MINION : Failed to dump JaCoCo execution data: org.jacoco.agent.rt.RT
21:17:05 PIT >> INFO : MINION : Failed to set JaCoCo session: org.jacoco.agent.rt.RT
21:17:05 PIT >> INFO : MINION : Failed to dump JaCoCo execution data: org.jacoco.agent.rt.RT
21:17:05 PIT >> INFO : MINION : Failed to set JaCoCo session: org.jacoco.agent.rt.RT
21:17:05 PIT >> INFO : MINION : Failed to dump JaCoCo execution data: org.jacoco.agent.rt.RT
21:17:05 PIT >> INFO : MINION : Failed to set JaCoCo session: org.jacoco.agent.rt.RT
21:17:05 PIT >> INFO : MINION : Failed to dump JaCoCo execution data: org.jacoco.agent.rt.RT
21:17:05 PIT >> INFO : MINION : Failed to set JaCoCo session: org.jacoco.agent.rt.RT
21:17:05 PIT >> INFO : MINION : Failed to dump JaCoCo execution data: org.jacoco.agent.rt.RT
21:17:05 PIT >> INFO : MINION : Failed to set JaCoCo session: org.jacoco.agent.rt.RT
21:17:05 PIT >> INFO : MINION : Failed to dump JaCoCo execution data: org.jacoco.agent.rt.RT
21:17:05 PIT >> INFO : MINION : Failed to set JaCoCo session: org.jacoco.agent.rt.RT
21:17:05 PIT >> INFO : MINION : Failed to dump JaCoCo execution data: org.jacoco.agent.rt.RT
21:17:05 PIT >> INFO : MINION : Failed to set JaCoCo session: org.jacoco.agent.rt.RT
21:17:05 PIT >> INFO : MINION : Failed to dump JaCoCo execution data: org.jacoco.agent.rt.RT
21:17:05 PIT >> INFO : MINION : Failed to set JaCoCo session: org.jacoco.agent.rt.RT
21:17:05 PIT >> INFO : MINION : Failed to dump JaCoCo execution data: org.jacoco.agent.rt.RT
21:17:05 PIT >> INFO : MINION : Failed to set JaCoCo session: org.jacoco.agent.rt.RT
21:17:05 PIT >> INFO : MINION : Failed to dump JaCoCo execution data: org.jacoco.agent.rt.RT
21:17:05 PIT >> INFO : MINION : Failed to set JaCoCo session: org.jacoco.agent.rt.RT
21:17:05 PIT >> INFO : MINION : Failed to dump JaCoCo execution data: org.jacoco.agent.rt.RT
21:17:05 PIT >> INFO : MINION : Failed to set JaCoCo session: org.jacoco.agent.rt.RT
21:17:05 PIT >> INFO : MINION : Failed to dump JaCoCo execution data: org.jacoco.agent.rt.RT
21:17:05 PIT >> INFO : MINION : Failed to set JaCoCo session: org.jacoco.agent.rt.RT
21:17:05 PIT >> INFO : MINION : Failed to dump JaCoCo execution data: org.jacoco.agent.rt.RT
21:17:05 PIT >> INFO : MINION : Failed to set JaCoCo session: org.jacoco.agent.rt.RT
21:17:05 PIT >> INFO : MINION : Failed to dump JaCoCo execution data: org.jacoco.agent.rt.RT
21:17:05 PIT >> INFO : MINION : Failed to set JaCoCo session: org.jacoco.agent.rt.RT
21:17:05 PIT >> INFO : MINION : Failed to dump JaCoCo execution data: org.jacoco.agent.rt.RT
21:17:05 PIT >> INFO : MINION : Failed to set JaCoCo session: org.jacoco.agent.rt.RT
21:17:05 PIT >> INFO : MINION : Failed to dump JaCoCo execution data: org.jacoco.agent.rt.RT
21:17:05 PIT >> INFO : MINION : Failed to set JaCoCo session: org.jacoco.agent.rt.RT
21:17:05 PIT >> INFO : MINION : Failed to dump JaCoCo execution data: org.jacoco.agent.rt.RT
21:17:05 PIT >> INFO : MINION : Failed to set JaCoCo session: org.jacoco.agent.rt.RT
21:17:05 PIT >> INFO : MINION : Failed to dump JaCoCo execution data: org.jacoco.agent.rt.RT
21:17:05 PIT >> INFO : MINION : Failed to set JaCoCo session: org.jacoco.agent.rt.RT
21:17:05 PIT >> INFO : MINION : Failed to dump JaCoCo execution data: org.jacoco.agent.rt.RT
21:17:05 PIT >> INFO : MINION : Failed to set JaCoCo session: org.jacoco.agent.rt.RT
21:17:05 PIT >> INFO : MINION : Failed to dump JaCoCo execution data: org.jacoco.agent.rt.RT
21:17:05 PIT >> INFO : MINION : Failed to set JaCoCo session: org.jacoco.agent.rt.RT
21:17:05 PIT >> INFO : MINION : Failed to dump JaCoCo execution data: org.jacoco.agent.rt.RT
21:17:05 PIT >> INFO : MINION : Failed to set JaCoCo session: org.jacoco.agent.rt.RT
21:17:05 PIT >> INFO : MINION : Failed to dump JaCoCo execution data: org.jacoco.agent.rt.RT
21:17:05 PIT >> INFO : MINION : Failed to set JaCoCo session: org.jacoco.agent.rt.RT
21:17:05 PIT >> INFO : MINION : Failed to dump JaCoCo execution data: org.jacoco.agent.rt.RT
21:17:05 PIT >> INFO : MINION : Failed to set JaCoCo session: org.jacoco.agent.rt.RT
21:17:05 PIT >> INFO : MINION : Failed to dump JaCoCo execution data: org.jacoco.agent.rt.RT
21:17:05 PIT >> INFO : MINION : Failed to set JaCoCo session: org.jacoco.agent.rt.RT
21:17:05 PIT >> INFO : MINION : Failed to dump JaCoCo execution data: org.jacoco.agent.rt.RT
21:17:05 PIT >> INFO : MINION : Failed to set JaCoCo session: org.jacoco.agent.rt.RT
21:17:05 PIT >> INFO : MINION : Failed to dump JaCoCo execution data: org.jacoco.agent.rt.RT
21:17:05 PIT >> INFO : MINION : Failed to set JaCoCo session: org.jacoco.agent.rt.RT
21:17:05 PIT >> INFO : MINION : Failed to dump JaCoCo execution data: org.jacoco.agent.rt.RT
21:17:05 PIT >> INFO : MINION : Failed to set JaCoCo session: org.jacoco.agent.rt.RT
21:17:05 PIT >> INFO : MINION : Failed to dump JaCoCo execution data: org.jacoco.agent.rt.RT
21:17:05 PIT >> INFO : MINION : Failed to set JaCoCo session: org.jacoco.agent.rt.RT
21:17:05 PIT >> INFO : MINION : Failed to dump JaCoCo execution data: org.jacoco.agent.rt.RT
21:17:05 PIT >> INFO : MINION : Failed to set JaCoCo session: org.jacoco.agent.rt.RT
21:17:05 PIT >> INFO : MINION : Failed to dump JaCoCo execution data: org.jacoco.agent.rt.RT
21:17:05 PIT >> INFO : MINION : Failed to set JaCoCo session: org.jacoco.agent.rt.RT
21:17:05 PIT >> INFO : MINION : Failed to dump JaCoCo execution data: org.jacoco.agent.rt.RT
21:17:05 PIT >> INFO : MINION : Failed to set JaCoCo session: org.jacoco.agent.rt.RT
21:17:05 PIT >> INFO : MINION : Failed to dump JaCoCo execution data: org.jacoco.agent.rt.RT
21:17:05 PIT >> INFO : MINION : Failed to set JaCoCo session: org.jacoco.agent.rt.RT
21:17:05 PIT >> INFO : MINION : Failed to dump JaCoCo execution data: org.jacoco.agent.rt.RT
21:17:05 PIT >> INFO : MINION : Failed to set JaCoCo session: org.jacoco.agent.rt.RT
21:17:05 PIT >> INFO : MINION : Failed to dump JaCoCo execution data: org.jacoco.agent.rt.RT
21:17:05 PIT >> INFO : MINION : Failed to set JaCoCo session: org.jacoco.agent.rt.RT
21:17:05 PIT >> INFO : MINION : Failed to dump JaCoCo execution data: org.jacoco.agent.rt.RT
21:17:05 PIT >> INFO : MINION : Failed to set JaCoCo session: org.jacoco.agent.rt.RT
21:17:05 PIT >> INFO : MINION : Failed to dump JaCoCo execution data: org.jacoco.agent.rt.RT
21:17:05 PIT >> INFO : MINION : Failed to set JaCoCo session: org.jacoco.agent.rt.RT
21:17:05 PIT >> INFO : MINION : Failed to dump JaCoCo execution data: org.jacoco.agent.rt.RT
21:17:05 PIT >> INFO : MINION : Failed to set JaCoCo session: org.jacoco.agent.rt.RT
21:17:05 PIT >> INFO : MINION : Failed to dump JaCoCo execution data: org.jacoco.agent.rt.RT
21:17:05 PIT >> INFO : MINION : Failed to set JaCoCo session: org.jacoco.agent.rt.RT
21:17:05 PIT >> INFO : MINION : Failed to dump JaCoCo execution data: org.jacoco.agent.rt.RT
21:17:05 PIT >> INFO : MINION : Failed to set JaCoCo session: org.jacoco.agent.rt.RT
21:17:05 PIT >> INFO : MINION : Failed to dump JaCoCo execution data: org.jacoco.agent.rt.RT
21:17:05 PIT >> INFO : MINION : Failed to set JaCoCo session: org.jacoco.agent.rt.RT
21:17:05 PIT >> INFO : MINION : Failed to dump JaCoCo execution data: org.jacoco.agent.rt.RT
21:17:05 PIT >> INFO : MINION : Failed to set JaCoCo session: org.jacoco.agent.rt.RT
21:17:05 PIT >> INFO : MINION : Failed to dump JaCoCo execution data: org.jacoco.agent.rt.RT
21:17:05 PIT >> INFO : MINION : Failed to set JaCoCo session: org.jacoco.agent.rt.RT
21:17:05 PIT >> INFO : MINION : Failed to dump JaCoCo execution data: org.jacoco.agent.rt.RT
21:17:06 PIT >> INFO : MINION : Failed to set JaCoCo session: org.jacoco.agent.rt.RT
21:17:06 PIT >> INFO : MINION : Failed to dump JaCoCo execution data: org.jacoco.agent.rt.RT
21:17:06 PIT >> INFO : MINION : Failed to set JaCoCo session: org.jacoco.agent.rt.RT
21:17:06 PIT >> INFO : MINION : Failed to dump JaCoCo execution data: org.jacoco.agent.rt.RT
21:17:06 PIT >> INFO : MINION : Failed to set JaCoCo session: org.jacoco.agent.rt.RT
21:17:06 PIT >> INFO : MINION : Failed to dump JaCoCo execution data: org.jacoco.agent.rt.RT
21:17:06 PIT >> INFO : MINION : Failed to set JaCoCo session: org.jacoco.agent.rt.RT
21:17:06 PIT >> INFO : MINION : Failed to dump JaCoCo execution data: org.jacoco.agent.rt.RT
21:17:06 PIT >> INFO : MINION : Failed to set JaCoCo session: org.jacoco.agent.rt.RT
21:17:06 PIT >> INFO : MINION : Failed to dump JaCoCo execution data: org.jacoco.agent.rt.RT
21:17:06 PIT >> INFO : MINION : Failed to set JaCoCo session: org.jacoco.agent.rt.RT
21:17:06 PIT >> INFO : MINION : Failed to dump JaCoCo execution data: org.jacoco.agent.rt.RT
21:17:06 PIT >> INFO : MINION : Failed to set JaCoCo session: org.jacoco.agent.rt.RT
21:17:06 PIT >> INFO : MINION : Failed to dump JaCoCo execution data: org.jacoco.agent.rt.RT
21:17:06 PIT >> INFO : MINION : Failed to set JaCoCo session: org.jacoco.agent.rt.RT
21:17:06 PIT >> INFO : MINION : Failed to dump JaCoCo execution data: org.jacoco.agent.rt.RT
21:17:06 PIT >> INFO : MINION : Failed to set JaCoCo session: org.jacoco.agent.rt.RT
21:17:06 PIT >> INFO : MINION : Failed to dump JaCoCo execution data: org.jacoco.agent.rt.RT
21:17:06 PIT >> INFO : MINION : Failed to set JaCoCo session: org.jacoco.agent.rt.RT
21:17:06 PIT >> INFO : MINION : Failed to dump JaCoCo execution data: org.jacoco.agent.rt.RT
21:17:06 PIT >> INFO : MINION : Failed to set JaCoCo session: org.jacoco.agent.rt.RT
21:17:06 PIT >> INFO : MINION : Failed to dump JaCoCo execution data: org.jacoco.agent.rt.RT
21:17:06 PIT >> INFO : MINION : Failed to set JaCoCo session: org.jacoco.agent.rt.RT
21:17:06 PIT >> INFO : MINION : Failed to dump JaCoCo execution data: org.jacoco.agent.rt.RT
21:17:06 PIT >> INFO : MINION : Failed to set JaCoCo session: org.jacoco.agent.rt.RT
21:17:06 PIT >> INFO : MINION : Failed to dump JaCoCo execution data: org.jacoco.agent.rt.RT
21:17:06 PIT >> INFO : MINION : Failed to set JaCoCo session: org.jacoco.agent.rt.RT
21:17:06 PIT >> INFO : MINION : Failed to dump JaCoCo execution data: org.jacoco.agent.rt.RT
21:17:06 PIT >> INFO : MINION : Failed to set JaCoCo session: org.jacoco.agent.rt.RT
21:17:06 PIT >> INFO : MINION : Failed to dump JaCoCo execution data: org.jacoco.agent.rt.RT
21:17:06 PIT >> INFO : MINION : Failed to set JaCoCo session: org.jacoco.agent.rt.RT
21:17:06 PIT >> INFO : MINION : Failed to dump JaCoCo execution data: org.jacoco.agent.rt.RT
21:17:06 PIT >> INFO : MINION : Failed to set JaCoCo session: org.jacoco.agent.rt.RT
21:17:06 PIT >> INFO : MINION : Failed to dump JaCoCo execution data: org.jacoco.agent.rt.RT
21:17:06 PIT >> INFO : MINION : Failed to set JaCoCo session: org.jacoco.agent.rt.RT
21:17:06 PIT >> INFO : MINION : Failed to dump JaCoCo execution data: org.jacoco.agent.rt.RT
21:17:06 PIT >> INFO : MINION : Failed to set JaCoCo session: org.jacoco.agent.rt.RT
21:17:06 PIT >> INFO : MINION : Failed to dump JaCoCo execution data: org.jacoco.agent.rt.RT
21:17:06 PIT >> INFO : MINION : Failed to set JaCoCo session: org.jacoco.agent.rt.RT
21:17:06 PIT >> INFO : MINION : Failed to dump JaCoCo execution data: org.jacoco.agent.rt.RT
21:17:06 PIT >> INFO : MINION : Failed to set JaCoCo session: org.jacoco.agent.rt.RT
21:17:06 PIT >> INFO : MINION : Failed to dump JaCoCo execution data: org.jacoco.agent.rt.RT
21:17:06 PIT >> INFO : MINION : Failed to set JaCoCo session: org.jacoco.agent.rt.RT
21:17:06 PIT >> INFO : MINION : Failed to dump JaCoCo execution data: org.jacoco.agent.rt.RT
21:17:06 PIT >> INFO : MINION : Failed to set JaCoCo session: org.jacoco.agent.rt.RT
21:17:06 PIT >> INFO : MINION : Failed to dump JaCoCo execution data: org.jacoco.agent.rt.RT
21:17:06 PIT >> INFO : MINION : Failed to set JaCoCo session: org.jacoco.agent.rt.RT
21:17:06 PIT >> INFO : MINION : Failed to dump JaCoCo execution data: org.jacoco.agent.rt.RT
21:17:06 PIT >> INFO : MINION : Failed to set JaCoCo session: org.jacoco.agent.rt.RT
21:17:06 PIT >> INFO : MINION : Failed to dump JaCoCo execution data: org.jacoco.agent.rt.RT
21:17:06 PIT >> INFO : MINION : Failed to set JaCoCo session: org.jacoco.agent.rt.RT
21:17:06 PIT >> INFO : MINION : Failed to dump JaCoCo execution data: org.jacoco.agent.rt.RT
21:17:06 PIT >> INFO : MINION : Failed to set JaCoCo session: org.jacoco.agent.rt.RT
21:17:06 PIT >> INFO : MINION : Failed to dump JaCoCo execution data: org.jacoco.agent.rt.RT
21:17:06 PIT >> INFO : MINION : Failed to set JaCoCo session: org.jacoco.agent.rt.RT
21:17:06 PIT >> INFO : MINION : Failed to dump JaCoCo execution data: org.jacoco.agent.rt.RT
21:17:06 PIT >> INFO : MINION : Failed to set JaCoCo session: org.jacoco.agent.rt.RT
21:17:06 PIT >> INFO : MINION : Failed to dump JaCoCo execution data: org.jacoco.agent.rt.RT
21:17:06 PIT >> INFO : MINION : Failed to set JaCoCo session: org.jacoco.agent.rt.RT
21:17:06 PIT >> INFO : MINION : Failed to dump JaCoCo execution data: org.jacoco.agent.rt.RT
21:17:06 PIT >> INFO : MINION : Failed to set JaCoCo session: org.jacoco.agent.rt.RT
21:17:06 PIT >> INFO : MINION : Failed to dump JaCoCo execution data: org.jacoco.agent.rt.RT
21:17:06 PIT >> INFO : MINION : Failed to set JaCoCo session: org.jacoco.agent.rt.RT
21:17:06 PIT >> INFO : MINION : Failed to dump JaCoCo execution data: org.jacoco.agent.rt.RT
21:17:06 PIT >> INFO : MINION : Failed to set JaCoCo session: org.jacoco.agent.rt.RT
21:17:06 PIT >> INFO : MINION : Failed to dump JaCoCo execution data: org.jacoco.agent.rt.RT
21:17:06 PIT >> INFO : MINION : Failed to set JaCoCo session: org.jacoco.agent.rt.RT
21:17:06 PIT >> INFO : MINION : Failed to dump JaCoCo execution data: org.jacoco.agent.rt.RT
21:17:06 PIT >> INFO : MINION : Failed to set JaCoCo session: org.jacoco.agent.rt.RT
21:17:06 PIT >> INFO : MINION : Failed to dump JaCoCo execution data: org.jacoco.agent.rt.RT
21:17:06 PIT >> INFO : MINION : Failed to set JaCoCo session: org.jacoco.agent.rt.RT
21:17:06 PIT >> INFO : MINION : Failed to dump JaCoCo execution data: org.jacoco.agent.rt.RT
21:17:06 PIT >> INFO : MINION : Failed to set JaCoCo session: org.jacoco.agent.rt.RT
21:17:06 PIT >> INFO : MINION : Failed to dump JaCoCo execution data: org.jacoco.agent.rt.RT
21:17:06 PIT >> INFO : MINION : Failed to set JaCoCo session: org.jacoco.agent.rt.RT
21:17:06 PIT >> INFO : MINION : Failed to dump JaCoCo execution data: org.jacoco.agent.rt.RT
21:17:06 PIT >> INFO : MINION : Failed to set JaCoCo session: org.jacoco.agent.rt.RT
21:17:06 PIT >> INFO : MINION : Failed to dump JaCoCo execution data: org.jacoco.agent.rt.RT
21:17:06 PIT >> INFO : MINION : Failed to set JaCoCo session: org.jacoco.agent.rt.RT
21:17:06 PIT >> INFO : MINION : Failed to dump JaCoCo execution data: org.jacoco.agent.rt.RT
21:17:06 PIT >> INFO : MINION : Failed to set JaCoCo session: org.jacoco.agent.rt.RT
21:17:06 PIT >> INFO : MINION : Failed to dump JaCoCo execution data: org.jacoco.agent.rt.RT
21:17:06 PIT >> INFO : MINION : Failed to set JaCoCo session: org.jacoco.agent.rt.RT
21:17:06 PIT >> INFO : MINION : Failed to dump JaCoCo execution data: org.jacoco.agent.rt.RT
21:17:06 PIT >> INFO : MINION : Failed to set JaCoCo session: org.jacoco.agent.rt.RT
21:17:06 PIT >> INFO : MINION : Failed to dump JaCoCo execution data: org.jacoco.agent.rt.RT
21:17:06 PIT >> INFO : MINION : Failed to set JaCoCo session: org.jacoco.agent.rt.RT
21:17:06 PIT >> INFO : MINION : Failed to dump JaCoCo execution data: org.jacoco.agent.rt.RT
21:17:06 PIT >> INFO : MINION : Failed to set JaCoCo session: org.jacoco.agent.rt.RT
21:17:06 PIT >> INFO : MINION : Failed to dump JaCoCo execution data: org.jacoco.agent.rt.RT
21:17:06 PIT >> INFO : MINION : Failed to set JaCoCo session: org.jacoco.agent.rt.RT
21:17:06 PIT >> INFO : MINION : Failed to dump JaCoCo execution data: org.jacoco.agent.rt.RT
21:17:06 PIT >> INFO : MINION : Failed to set JaCoCo session: org.jacoco.agent.rt.RT
21:17:06 PIT >> INFO : MINION : Failed to dump JaCoCo execution data: org.jacoco.agent.rt.RT
21:17:06 PIT >> INFO : MINION : Failed to set JaCoCo session: org.jacoco.agent.rt.RT
21:17:06 PIT >> INFO : MINION : Failed to dump JaCoCo execution data: org.jacoco.agent.rt.RT
21:17:06 PIT >> INFO : MINION : Failed to set JaCoCo session: org.jacoco.agent.rt.RT
21:17:06 PIT >> INFO : MINION : Failed to dump JaCoCo execution data: org.jacoco.agent.rt.RT
21:17:06 PIT >> INFO : MINION : Failed to set JaCoCo session: org.jacoco.agent.rt.RT
21:17:06 PIT >> INFO : MINION : Failed to dump JaCoCo execution data: org.jacoco.agent.rt.RT
21:17:06 PIT >> INFO : MINION : Failed to set JaCoCo session: org.jacoco.agent.rt.RT
21:17:06 PIT >> INFO : MINION : Failed to dump JaCoCo execution data: org.jacoco.agent.rt.RT
21:17:06 PIT >> INFO : MINION : Failed to set JaCoCo session: org.jacoco.agent.rt.RT
21:17:06 PIT >> INFO : MINION : Failed to dump JaCoCo execution data: org.jacoco.agent.rt.RT
21:17:06 PIT >> INFO : MINION : Failed to set JaCoCo session: org.jacoco.agent.rt.RT
21:17:06 PIT >> INFO : MINION : Failed to dump JaCoCo execution data: org.jacoco.agent.rt.RT
21:17:06 PIT >> INFO : MINION : Failed to set JaCoCo session: org.jacoco.agent.rt.RT
21:17:06 PIT >> INFO : MINION : Failed to dump JaCoCo execution data: org.jacoco.agent.rt.RT
21:17:06 PIT >> INFO : MINION : Failed to set JaCoCo session: org.jacoco.agent.rt.RT
21:17:06 PIT >> INFO : MINION : Failed to dump JaCoCo execution data: org.jacoco.agent.rt.RT
21:17:06 PIT >> INFO : MINION : Failed to set JaCoCo session: org.jacoco.agent.rt.RT
21:17:06 PIT >> INFO : MINION : Failed to dump JaCoCo execution data: org.jacoco.agent.rt.RT
21:17:06 PIT >> INFO : MINION : Failed to set JaCoCo session: org.jacoco.agent.rt.RT
21:17:06 PIT >> INFO : MINION : Failed to dump JaCoCo execution data: org.jacoco.agent.rt.RT
21:17:06 PIT >> INFO : MINION : Failed to set JaCoCo session: org.jacoco.agent.rt.RT
21:17:06 PIT >> INFO : MINION : Failed to dump JaCoCo execution data: org.jacoco.agent.rt.RT
21:17:06 PIT >> INFO : MINION : Failed to set JaCoCo session: org.jacoco.agent.rt.RT
21:17:06 PIT >> INFO : MINION : Failed to dump JaCoCo execution data: org.jacoco.agent.rt.RT
21:17:06 PIT >> INFO : MINION : Failed to set JaCoCo session: org.jacoco.agent.rt.RT
21:17:06 PIT >> INFO : MINION : Failed to dump JaCoCo execution data: org.jacoco.agent.rt.RT
21:17:06 PIT >> INFO : MINION : Failed to set JaCoCo session: org.jacoco.agent.rt.RT
21:17:06 PIT >> INFO : MINION : Failed to dump JaCoCo execution data: org.jacoco.agent.rt.RT
21:17:06 PIT >> INFO : MINION : Failed to set JaCoCo session: org.jacoco.agent.rt.RT
21:17:06 PIT >> INFO : MINION : Failed to dump JaCoCo execution data: org.jacoco.agent.rt.RT
21:17:06 PIT >> INFO : MINION : Failed to set JaCoCo session: org.jacoco.agent.rt.RT
21:17:06 PIT >> INFO : MINION : Failed to dump JaCoCo execution data: org.jacoco.agent.rt.RT
21:17:06 PIT >> INFO : MINION : Failed to set JaCoCo session: org.jacoco.agent.rt.RT
21:17:06 PIT >> INFO : MINION : Failed to dump JaCoCo execution data: org.jacoco.agent.rt.RT
21:17:06 PIT >> INFO : MINION : Failed to set JaCoCo session: org.jacoco.agent.rt.RT
21:17:06 PIT >> INFO : MINION : Failed to dump JaCoCo execution data: org.jacoco.agent.rt.RT
21:17:06 PIT >> INFO : MINION : Failed to set JaCoCo session: org.jacoco.agent.rt.RT
21:17:06 PIT >> INFO : MINION : Failed to dump JaCoCo execution data: org.jacoco.agent.rt.RT
21:17:06 PIT >> INFO : MINION : Failed to set JaCoCo session: org.jacoco.agent.rt.RT
21:17:06 PIT >> INFO : MINION : Failed to dump JaCoCo execution data: org.jacoco.agent.rt.RT
21:17:06 PIT >> INFO : MINION : Failed to set JaCoCo session: org.jacoco.agent.rt.RT
21:17:06 PIT >> INFO : MINION : Failed to dump JaCoCo execution data: org.jacoco.agent.rt.RT
21:17:06 PIT >> INFO : MINION : Failed to set JaCoCo session: org.jacoco.agent.rt.RT
21:17:06 PIT >> INFO : MINION : Failed to dump JaCoCo execution data: org.jacoco.agent.rt.RT
21:17:06 PIT >> INFO : MINION : Failed to set JaCoCo session: org.jacoco.agent.rt.RT
21:17:06 PIT >> INFO : MINION : Failed to dump JaCoCo execution data: org.jacoco.agent.rt.RT
21:17:06 PIT >> INFO : MINION : Failed to set JaCoCo session: org.jacoco.agent.rt.RT
21:17:06 PIT >> INFO : MINION : Failed to dump JaCoCo execution data: org.jacoco.agent.rt.RT
21:17:06 PIT >> INFO : MINION : Failed to set JaCoCo session: org.jacoco.agent.rt.RT
21:17:06 PIT >> INFO : MINION : Failed to dump JaCoCo execution data: org.jacoco.agent.rt.RT
21:17:06 PIT >> INFO : MINION : Failed to set JaCoCo session: org.jacoco.agent.rt.RT
21:17:06 PIT >> INFO : MINION : Failed to dump JaCoCo execution data: org.jacoco.agent.rt.RT
21:17:06 PIT >> INFO : MINION : Failed to set JaCoCo session: org.jacoco.agent.rt.RT
21:17:06 PIT >> INFO : MINION : Failed to dump JaCoCo execution data: org.jacoco.agent.rt.RT
21:17:06 PIT >> SEVERE : Description [testClass=org.springframework.core.io.support.PathMatchingResourcePatternResolverTests, name=[engine:junit-jupiter]/[class:org.springframework.core.io.support.PathMatchingResourcePatternResolverTests]/[nested-class:FileSystemResources]/[method:encodedHashtagInPath()]] did not pass without mutation.
21:17:06 PIT >> SEVERE : Description [testClass=org.springframework.core.io.support.PathMatchingResourcePatternResolverTests, name=[engine:junit-jupiter]/[class:org.springframework.core.io.support.PathMatchingResourcePatternResolverTests]/[nested-class:FileSystemResources]/[nested-class:WithHashtagsInTheirFilenames]/[method:usingClasspathStarProtocolWithWildcardInPatternAndEndingInSlash()]] did not pass without mutation.
21:17:06 PIT >> SEVERE : Description [testClass=org.springframework.core.io.support.PathMatchingResourcePatternResolverTests, name=[engine:junit-jupiter]/[class:org.springframework.core.io.support.PathMatchingResourcePatternResolverTests]/[nested-class:FileSystemResources]/[nested-class:WithHashtagsInTheirFilenames]/[method:usingFileProtocolWithWildcardInPatternAndNotEndingInSlash()]] did not pass without mutation.
21:17:06 PIT >> INFO : MINION : Failed to set JaCoCo session: org.jacoco.agent.rt.RT
21:17:06 PIT >> INFO : MINION : Failed to dump JaCoCo execution data: org.jacoco.agent.rt.RT
21:17:06 PIT >> INFO : MINION : Failed to set JaCoCo session: org.jacoco.agent.rt.RT
21:17:06 PIT >> INFO : MINION : Failed to dump JaCoCo execution data: org.jacoco.agent.rt.RT
21:17:06 PIT >> INFO : MINION : Failed to set JaCoCo session: org.jacoco.agent.rt.RT
21:17:06 PIT >> INFO : MINION : Failed to dump JaCoCo execution data: org.jacoco.agent.rt.RT
21:17:06 PIT >> INFO : MINION : Failed to set JaCoCo session: org.jacoco.agent.rt.RT
21:17:06 PIT >> INFO : MINION : Failed to dump JaCoCo execution data: org.jacoco.agent.rt.RT
21:17:06 PIT >> INFO : MINION : Failed to set JaCoCo session: org.jacoco.agent.rt.RT
21:17:06 PIT >> INFO : MINION : Failed to dump JaCoCo execution data: org.jacoco.agent.rt.RT
21:17:06 PIT >> INFO : MINION : Failed to set JaCoCo session: org.jacoco.agent.rt.RT
21:17:06 PIT >> INFO : MINION : Failed to dump JaCoCo execution data: org.jacoco.agent.rt.RT
21:17:06 PIT >> INFO : MINION : Failed to set JaCoCo session: org.jacoco.agent.rt.RT
21:17:06 PIT >> INFO : MINION : Failed to dump JaCoCo execution data: org.jacoco.agent.rt.RT
21:17:06 PIT >> INFO : MINION : Failed to set JaCoCo session: org.jacoco.agent.rt.RT
21:17:06 PIT >> INFO : MINION : Failed to dump JaCoCo execution data: org.jacoco.agent.rt.RT
21:17:06 PIT >> INFO : MINION : Failed to set JaCoCo session: org.jacoco.agent.rt.RT
21:17:06 PIT >> INFO : MINION : Failed to dump JaCoCo execution data: org.jacoco.agent.rt.RT
21:17:06 PIT >> INFO : MINION : Failed to set JaCoCo session: org.jacoco.agent.rt.RT
21:17:06 PIT >> INFO : MINION : Failed to dump JaCoCo execution data: org.jacoco.agent.rt.RT
21:17:06 PIT >> INFO : MINION : Failed to set JaCoCo session: org.jacoco.agent.rt.RT
21:17:06 PIT >> INFO : MINION : Failed to dump JaCoCo execution data: org.jacoco.agent.rt.RT
21:17:06 PIT >> INFO : MINION : Failed to set JaCoCo session: org.jacoco.agent.rt.RT
21:17:06 PIT >> INFO : MINION : Failed to dump JaCoCo execution data: org.jacoco.agent.rt.RT
21:17:06 PIT >> INFO : MINION : Failed to set JaCoCo session: org.jacoco.agent.rt.RT
21:17:06 PIT >> INFO : MINION : Failed to dump JaCoCo execution data: org.jacoco.agent.rt.RT
21:17:06 PIT >> INFO : MINION : Failed to set JaCoCo session: org.jacoco.agent.rt.RT
21:17:06 PIT >> INFO : MINION : Failed to dump JaCoCo execution data: org.jacoco.agent.rt.RT
21:17:06 PIT >> INFO : MINION : Failed to set JaCoCo session: org.jacoco.agent.rt.RT
21:17:06 PIT >> INFO : MINION : Failed to dump JaCoCo execution data: org.jacoco.agent.rt.RT
21:17:06 PIT >> INFO : MINION : Failed to set JaCoCo session: org.jacoco.agent.rt.RT
21:17:06 PIT >> INFO : MINION : Failed to dump JaCoCo execution data: org.jacoco.agent.rt.RT
21:17:06 PIT >> INFO : MINION : Failed to set JaCoCo session: org.jacoco.agent.rt.RT
21:17:06 PIT >> INFO : MINION : Failed to dump JaCoCo execution data: org.jacoco.agent.rt.RT
21:17:06 PIT >> INFO : MINION : Failed to set JaCoCo session: org.jacoco.agent.rt.RT
21:17:06 PIT >> INFO : MINION : Failed to dump JaCoCo execution data: org.jacoco.agent.rt.RT
21:17:06 PIT >> INFO : MINION : Failed to set JaCoCo session: org.jacoco.agent.rt.RT
21:17:06 PIT >> INFO : MINION : Failed to dump JaCoCo execution data: org.jacoco.agent.rt.RT
21:17:06 PIT >> INFO : MINION : Failed to set JaCoCo session: org.jacoco.agent.rt.RT
21:17:06 PIT >> INFO : MINION : Failed to dump JaCoCo execution data: org.jacoco.agent.rt.RT
21:17:06 PIT >> INFO : MINION : Failed to set JaCoCo session: org.jacoco.agent.rt.RT
21:17:06 PIT >> INFO : MINION : Failed to dump JaCoCo execution data: org.jacoco.agent.rt.RT
21:17:06 PIT >> SEVERE : Description [testClass=org.springframework.core.io.support.PathMatchingResourcePatternResolverTests, name=[engine:junit-jupiter]/[class:org.springframework.core.io.support.PathMatchingResourcePatternResolverTests]/[nested-class:FileSystemResources]/[nested-class:WithHashtagsInTheirFilenames]/[method:usingFileProtocolWithWildcardInPatternAndEndingInSlashStarStar()]] did not pass without mutation.
21:17:06 PIT >> SEVERE : Description [testClass=org.springframework.core.io.support.PathMatchingResourcePatternResolverTests, name=[engine:junit-jupiter]/[class:org.springframework.core.io.support.PathMatchingResourcePatternResolverTests]/[nested-class:FileSystemResources]/[nested-class:WithHashtagsInTheirFilenames]/[method:usingFileProtocolWithoutWildcardInPatternAndEndingInSlashStarStar()]] did not pass without mutation.
21:17:06 PIT >> SEVERE : Description [testClass=org.springframework.core.io.support.PathMatchingResourcePatternResolverTests, name=[engine:junit-jupiter]/[class:org.springframework.core.io.support.PathMatchingResourcePatternResolverTests]/[nested-class:FileSystemResources]/[nested-class:WithHashtagsInTheirFilenames]/[method:usingFileProtocolAndAssertingUrlAndUriSyntax()]] did not pass without mutation.
21:17:06 PIT >> INFO : MINION : Failed to set JaCoCo session: org.jacoco.agent.rt.RT
21:17:06 PIT >> INFO : MINION : Failed to dump JaCoCo execution data: org.jacoco.agent.rt.RT
21:17:06 PIT >> INFO : MINION : Failed to set JaCoCo session: org.jacoco.agent.rt.RT
21:17:06 PIT >> INFO : MINION : Failed to dump JaCoCo execution data: org.jacoco.agent.rt.RT
21:17:06 PIT >> INFO : MINION : Failed to set JaCoCo session: org.jacoco.agent.rt.RT
21:17:06 PIT >> INFO : MINION : Failed to dump JaCoCo execution data: org.jacoco.agent.rt.RT
21:17:06 PIT >> INFO : MINION : Failed to set JaCoCo session: org.jacoco.agent.rt.RT
21:17:06 PIT >> INFO : MINION : Failed to dump JaCoCo execution data: org.jacoco.agent.rt.RT
21:17:06 PIT >> INFO : MINION : Failed to set JaCoCo session: org.jacoco.agent.rt.RT
21:17:06 PIT >> INFO : MINION : Failed to dump JaCoCo execution data: org.jacoco.agent.rt.RT
21:17:06 PIT >> INFO : MINION : Failed to set JaCoCo session: org.jacoco.agent.rt.RT
21:17:06 PIT >> INFO : MINION : Failed to dump JaCoCo execution data: org.jacoco.agent.rt.RT
21:17:06 PIT >> INFO : MINION : Failed to set JaCoCo session: org.jacoco.agent.rt.RT
21:17:06 PIT >> INFO : MINION : Failed to dump JaCoCo execution data: org.jacoco.agent.rt.RT
21:17:06 PIT >> INFO : MINION : Failed to set JaCoCo session: org.jacoco.agent.rt.RT
21:17:06 PIT >> INFO : MINION : Failed to dump JaCoCo execution data: org.jacoco.agent.rt.RT
21:17:06 PIT >> INFO : MINION : Failed to set JaCoCo session: org.jacoco.agent.rt.RT
21:17:06 PIT >> INFO : MINION : Failed to dump JaCoCo execution data: org.jacoco.agent.rt.RT
21:17:06 PIT >> INFO : MINION : Failed to set JaCoCo session: org.jacoco.agent.rt.RT
21:17:06 PIT >> INFO : MINION : Failed to dump JaCoCo execution data: org.jacoco.agent.rt.RT
21:17:06 PIT >> INFO : MINION : Failed to set JaCoCo session: org.jacoco.agent.rt.RT
21:17:06 PIT >> INFO : MINION : Failed to dump JaCoCo execution data: org.jacoco.agent.rt.RT
21:17:06 PIT >> INFO : MINION : Failed to set JaCoCo session: org.jacoco.agent.rt.RT
21:17:06 PIT >> INFO : MINION : Failed to dump JaCoCo execution data: org.jacoco.agent.rt.RT
21:17:06 PIT >> INFO : MINION : Failed to set JaCoCo session: org.jacoco.agent.rt.RT
21:17:06 PIT >> INFO : MINION : Failed to dump JaCoCo execution data: org.jacoco.agent.rt.RT
21:17:06 PIT >> INFO : MINION : Failed to set JaCoCo session: org.jacoco.agent.rt.RT
21:17:06 PIT >> INFO : MINION : Failed to dump JaCoCo execution data: org.jacoco.agent.rt.RT
21:17:06 PIT >> INFO : MINION : Failed to set JaCoCo session: org.jacoco.agent.rt.RT
21:17:06 PIT >> INFO : MINION : Failed to dump JaCoCo execution data: org.jacoco.agent.rt.RT
21:17:06 PIT >> INFO : MINION : Failed to set JaCoCo session: org.jacoco.agent.rt.RT
21:17:06 PIT >> INFO : MINION : Failed to dump JaCoCo execution data: org.jacoco.agent.rt.RT
21:17:06 PIT >> INFO : MINION : Failed to set JaCoCo session: org.jacoco.agent.rt.RT
21:17:06 PIT >> INFO : MINION : Failed to dump JaCoCo execution data: org.jacoco.agent.rt.RT
21:17:06 PIT >> INFO : MINION : Failed to set JaCoCo session: org.jacoco.agent.rt.RT
21:17:06 PIT >> INFO : MINION : Failed to dump JaCoCo execution data: org.jacoco.agent.rt.RT
21:17:06 PIT >> INFO : MINION : Failed to set JaCoCo session: org.jacoco.agent.rt.RT
21:17:06 PIT >> INFO : MINION : Failed to dump JaCoCo execution data: org.jacoco.agent.rt.RT
21:17:06 PIT >> INFO : MINION : Failed to set JaCoCo session: org.jacoco.agent.rt.RT
21:17:06 PIT >> INFO : MINION : Failed to dump JaCoCo execution data: org.jacoco.agent.rt.RT
21:17:06 PIT >> INFO : MINION : Failed to set JaCoCo session: org.jacoco.agent.rt.RT
21:17:06 PIT >> INFO : MINION : Failed to dump JaCoCo execution data: org.jacoco.agent.rt.RT
21:17:06 PIT >> INFO : MINION : Failed to set JaCoCo session: org.jacoco.agent.rt.RT
21:17:06 PIT >> INFO : MINION : Failed to dump JaCoCo execution data: org.jacoco.agent.rt.RT
21:17:06 PIT >> INFO : MINION : Failed to set JaCoCo session: org.jacoco.agent.rt.RT
21:17:06 PIT >> INFO : MINION : Failed to dump JaCoCo execution data: org.jacoco.agent.rt.RT
21:17:06 PIT >> INFO : MINION : Failed to set JaCoCo session: org.jacoco.agent.rt.RT
21:17:06 PIT >> INFO : MINION : Failed to dump JaCoCo execution data: org.jacoco.agent.rt.RT
21:17:06 PIT >> SEVERE : Description [testClass=org.springframework.core.io.support.SpringFactoriesLoaderTests, name=[engine:junit-jupiter]/[class:org.springframework.core.io.support.SpringFactoriesLoaderTests]/[method:loadWhenMultipleConstructorsThrowsException()]] did not pass without mutation.
21:17:06 PIT >> SEVERE : Description [testClass=org.springframework.core.io.support.SpringFactoriesLoaderTests, name=[engine:junit-jupiter]/[class:org.springframework.core.io.support.SpringFactoriesLoaderTests]/[method:loadWithArgumentResolverWhenNoDefaultConstructor()]] did not pass without mutation.
21:17:06 PIT >> INFO : MINION : Failed to set JaCoCo session: org.jacoco.agent.rt.RT
21:17:06 PIT >> INFO : MINION : Failed to dump JaCoCo execution data: org.jacoco.agent.rt.RT
21:17:06 PIT >> INFO : MINION : Failed to set JaCoCo session: org.jacoco.agent.rt.RT
21:17:06 PIT >> INFO : MINION : Failed to dump JaCoCo execution data: org.jacoco.agent.rt.RT
21:17:06 PIT >> INFO : MINION : Failed to set JaCoCo session: org.jacoco.agent.rt.RT
21:17:06 PIT >> INFO : MINION : Failed to dump JaCoCo execution data: org.jacoco.agent.rt.RT
21:17:06 PIT >> INFO : MINION : Failed to set JaCoCo session: org.jacoco.agent.rt.RT
21:17:06 PIT >> INFO : MINION : Failed to dump JaCoCo execution data: org.jacoco.agent.rt.RT
21:17:06 PIT >> INFO : MINION : Failed to set JaCoCo session: org.jacoco.agent.rt.RT
21:17:06 PIT >> INFO : MINION : Failed to dump JaCoCo execution data: org.jacoco.agent.rt.RT
21:17:06 PIT >> INFO : MINION : Failed to set JaCoCo session: org.jacoco.agent.rt.RT
21:17:06 PIT >> INFO : MINION : Failed to dump JaCoCo execution data: org.jacoco.agent.rt.RT
21:17:06 PIT >> INFO : MINION : Failed to set JaCoCo session: org.jacoco.agent.rt.RT
21:17:06 PIT >> INFO : MINION : Failed to dump JaCoCo execution data: org.jacoco.agent.rt.RT
21:17:06 PIT >> INFO : MINION : Failed to set JaCoCo session: org.jacoco.agent.rt.RT
21:17:06 PIT >> INFO : MINION : Failed to dump JaCoCo execution data: org.jacoco.agent.rt.RT
21:17:06 PIT >> INFO : MINION : Failed to set JaCoCo session: org.jacoco.agent.rt.RT
21:17:06 PIT >> INFO : MINION : Failed to dump JaCoCo execution data: org.jacoco.agent.rt.RT
21:17:06 PIT >> INFO : MINION : Failed to set JaCoCo session: org.jacoco.agent.rt.RT
21:17:06 PIT >> INFO : MINION : Failed to dump JaCoCo execution data: org.jacoco.agent.rt.RT
21:17:06 PIT >> INFO : MINION : Failed to set JaCoCo session: org.jacoco.agent.rt.RT
21:17:06 PIT >> INFO : MINION : Failed to dump JaCoCo execution data: org.jacoco.agent.rt.RT
21:17:06 PIT >> INFO : MINION : Failed to set JaCoCo session: org.jacoco.agent.rt.RT
21:17:06 PIT >> INFO : MINION : Failed to dump JaCoCo execution data: org.jacoco.agent.rt.RT
21:17:06 PIT >> INFO : MINION : Failed to set JaCoCo session: org.jacoco.agent.rt.RT
21:17:06 PIT >> INFO : MINION : Failed to dump JaCoCo execution data: org.jacoco.agent.rt.RT
21:17:06 PIT >> INFO : MINION : Failed to set JaCoCo session: org.jacoco.agent.rt.RT
21:17:06 PIT >> INFO : MINION : Failed to dump JaCoCo execution data: org.jacoco.agent.rt.RT
21:17:06 PIT >> INFO : MINION : Failed to set JaCoCo session: org.jacoco.agent.rt.RT
21:17:06 PIT >> INFO : MINION : Failed to dump JaCoCo execution data: org.jacoco.agent.rt.RT
21:17:06 PIT >> INFO : MINION : Failed to set JaCoCo session: org.jacoco.agent.rt.RT
21:17:06 PIT >> INFO : MINION : Failed to dump JaCoCo execution data: org.jacoco.agent.rt.RT
21:17:06 PIT >> INFO : MINION : Failed to set JaCoCo session: org.jacoco.agent.rt.RT
21:17:06 PIT >> INFO : MINION : Failed to dump JaCoCo execution data: org.jacoco.agent.rt.RT
21:17:06 PIT >> INFO : MINION : Failed to set JaCoCo session: org.jacoco.agent.rt.RT
21:17:06 PIT >> INFO : MINION : Failed to dump JaCoCo execution data: org.jacoco.agent.rt.RT
21:17:06 PIT >> INFO : MINION : Failed to set JaCoCo session: org.jacoco.agent.rt.RT
21:17:06 PIT >> INFO : MINION : Failed to dump JaCoCo execution data: org.jacoco.agent.rt.RT
21:17:06 PIT >> INFO : MINION : Failed to set JaCoCo session: org.jacoco.agent.rt.RT
21:17:06 PIT >> INFO : MINION : Failed to dump JaCoCo execution data: org.jacoco.agent.rt.RT
21:17:06 PIT >> INFO : MINION : Failed to set JaCoCo session: org.jacoco.agent.rt.RT
21:17:06 PIT >> INFO : MINION : Failed to dump JaCoCo execution data: org.jacoco.agent.rt.RT
21:17:06 PIT >> INFO : MINION : Failed to set JaCoCo session: org.jacoco.agent.rt.RT
21:17:06 PIT >> INFO : MINION : Failed to dump JaCoCo execution data: org.jacoco.agent.rt.RT
21:17:06 PIT >> INFO : MINION : Failed to set JaCoCo session: org.jacoco.agent.rt.RT
21:17:06 PIT >> INFO : MINION : Failed to dump JaCoCo execution data: org.jacoco.agent.rt.RT
21:17:06 PIT >> INFO : MINION : Failed to set JaCoCo session: org.jacoco.agent.rt.RT
21:17:06 PIT >> INFO : MINION : Failed to dump JaCoCo execution data: org.jacoco.agent.rt.RT
21:17:06 PIT >> INFO : MINION : Failed to set JaCoCo session: org.jacoco.agent.rt.RT
21:17:06 PIT >> INFO : MINION : Failed to dump JaCoCo execution data: org.jacoco.agent.rt.RT
21:17:06 PIT >> INFO : MINION : Failed to set JaCoCo session: org.jacoco.agent.rt.RT
21:17:06 PIT >> INFO : MINION : Failed to dump JaCoCo execution data: org.jacoco.agent.rt.RT
21:17:06 PIT >> INFO : MINION : Failed to set JaCoCo session: org.jacoco.agent.rt.RT
21:17:06 PIT >> INFO : MINION : Failed to dump JaCoCo execution data: org.jacoco.agent.rt.RT
21:17:06 PIT >> INFO : MINION : Failed to set JaCoCo session: org.jacoco.agent.rt.RT
21:17:06 PIT >> INFO : MINION : Failed to dump JaCoCo execution data: org.jacoco.agent.rt.RT
21:17:06 PIT >> INFO : MINION : Failed to set JaCoCo session: org.jacoco.agent.rt.RT
21:17:06 PIT >> INFO : MINION : Failed to dump JaCoCo execution data: org.jacoco.agent.rt.RT
21:17:06 PIT >> INFO : MINION : Failed to set JaCoCo session: org.jacoco.agent.rt.RT
21:17:06 PIT >> INFO : MINION : Failed to dump JaCoCo execution data: org.jacoco.agent.rt.RT
21:17:06 PIT >> INFO : MINION : Failed to set JaCoCo session: org.jacoco.agent.rt.RT
21:17:06 PIT >> INFO : MINION : Failed to dump JaCoCo execution data: org.jacoco.agent.rt.RT
21:17:06 PIT >> INFO : MINION : Failed to set JaCoCo session: org.jacoco.agent.rt.RT
21:17:06 PIT >> INFO : MINION : Failed to dump JaCoCo execution data: org.jacoco.agent.rt.RT
21:17:06 PIT >> INFO : MINION : Failed to set JaCoCo session: org.jacoco.agent.rt.RT
21:17:06 PIT >> INFO : MINION : Failed to dump JaCoCo execution data: org.jacoco.agent.rt.RT
21:17:06 PIT >> INFO : MINION : Failed to set JaCoCo session: org.jacoco.agent.rt.RT
21:17:06 PIT >> INFO : MINION : Failed to dump JaCoCo execution data: org.jacoco.agent.rt.RT
21:17:06 PIT >> INFO : MINION : Failed to set JaCoCo session: org.jacoco.agent.rt.RT
21:17:06 PIT >> INFO : MINION : Failed to dump JaCoCo execution data: org.jacoco.agent.rt.RT
21:17:06 PIT >> INFO : MINION : Failed to set JaCoCo session: org.jacoco.agent.rt.RT
21:17:06 PIT >> INFO : MINION : Failed to dump JaCoCo execution data: org.jacoco.agent.rt.RT
21:17:06 PIT >> INFO : MINION : Failed to set JaCoCo session: org.jacoco.agent.rt.RT
21:17:06 PIT >> INFO : MINION : Failed to dump JaCoCo execution data: org.jacoco.agent.rt.RT
21:17:06 PIT >> INFO : MINION : Failed to set JaCoCo session: org.jacoco.agent.rt.RT
21:17:06 PIT >> INFO : MINION : Failed to dump JaCoCo execution data: org.jacoco.agent.rt.RT
21:17:06 PIT >> INFO : MINION : Failed to set JaCoCo session: org.jacoco.agent.rt.RT
21:17:06 PIT >> INFO : MINION : Failed to dump JaCoCo execution data: org.jacoco.agent.rt.RT
21:17:06 PIT >> INFO : MINION : Failed to set JaCoCo session: org.jacoco.agent.rt.RT
21:17:06 PIT >> INFO : MINION : Failed to dump JaCoCo execution data: org.jacoco.agent.rt.RT
21:17:06 PIT >> INFO : MINION : Failed to set JaCoCo session: org.jacoco.agent.rt.RT
21:17:06 PIT >> INFO : MINION : Failed to dump JaCoCo execution data: org.jacoco.agent.rt.RT
21:17:06 PIT >> INFO : MINION : Failed to set JaCoCo session: org.jacoco.agent.rt.RT
21:17:06 PIT >> INFO : MINION : Failed to dump JaCoCo execution data: org.jacoco.agent.rt.RT
21:17:06 PIT >> INFO : MINION : Failed to set JaCoCo session: org.jacoco.agent.rt.RT
21:17:06 PIT >> INFO : MINION : Failed to dump JaCoCo execution data: org.jacoco.agent.rt.RT
21:17:06 PIT >> INFO : MINION : Failed to set JaCoCo session: org.jacoco.agent.rt.RT
21:17:06 PIT >> INFO : MINION : Failed to dump JaCoCo execution data: org.jacoco.agent.rt.RT
21:17:06 PIT >> INFO : MINION : Failed to set JaCoCo session: org.jacoco.agent.rt.RT
21:17:06 PIT >> INFO : MINION : Failed to dump JaCoCo execution data: org.jacoco.agent.rt.RT
21:17:06 PIT >> INFO : MINION : Failed to set JaCoCo session: org.jacoco.agent.rt.RT
21:17:06 PIT >> INFO : MINION : Failed to dump JaCoCo execution data: org.jacoco.agent.rt.RT
21:17:06 PIT >> INFO : MINION : Failed to set JaCoCo session: org.jacoco.agent.rt.RT
21:17:06 PIT >> INFO : MINION : Failed to dump JaCoCo execution data: org.jacoco.agent.rt.RT
21:17:06 PIT >> INFO : MINION : Failed to set JaCoCo session: org.jacoco.agent.rt.RT
21:17:06 PIT >> INFO : MINION : Failed to dump JaCoCo execution data: org.jacoco.agent.rt.RT
21:17:06 PIT >> INFO : MINION : Failed to set JaCoCo session: org.jacoco.agent.rt.RT
21:17:06 PIT >> INFO : MINION : Failed to dump JaCoCo execution data: org.jacoco.agent.rt.RT
21:17:06 PIT >> INFO : MINION : Failed to set JaCoCo session: org.jacoco.agent.rt.RT
21:17:06 PIT >> INFO : MINION : Failed to dump JaCoCo execution data: org.jacoco.agent.rt.RT
21:17:06 PIT >> INFO : MINION : Failed to set JaCoCo session: org.jacoco.agent.rt.RT
21:17:06 PIT >> INFO : MINION : Failed to dump JaCoCo execution data: org.jacoco.agent.rt.RT
21:17:06 PIT >> INFO : MINION : Failed to set JaCoCo session: org.jacoco.agent.rt.RT
21:17:06 PIT >> INFO : MINION : Failed to dump JaCoCo execution data: org.jacoco.agent.rt.RT
21:17:06 PIT >> INFO : MINION : Failed to set JaCoCo session: org.jacoco.agent.rt.RT
21:17:06 PIT >> INFO : MINION : Failed to dump JaCoCo execution data: org.jacoco.agent.rt.RT
21:17:06 PIT >> INFO : MINION : Failed to set JaCoCo session: org.jacoco.agent.rt.RT
21:17:06 PIT >> INFO : MINION : Failed to dump JaCoCo execution data: org.jacoco.agent.rt.RT
21:17:06 PIT >> INFO : MINION : Failed to set JaCoCo session: org.jacoco.agent.rt.RT
21:17:06 PIT >> INFO : MINION : Failed to dump JaCoCo execution data: org.jacoco.agent.rt.RT
21:17:06 PIT >> INFO : MINION : Failed to set JaCoCo session: org.jacoco.agent.rt.RT
21:17:06 PIT >> INFO : MINION : Failed to dump JaCoCo execution data: org.jacoco.agent.rt.RT
21:17:06 PIT >> INFO : MINION : Failed to set JaCoCo session: org.jacoco.agent.rt.RT
21:17:06 PIT >> INFO : MINION : Failed to dump JaCoCo execution data: org.jacoco.agent.rt.RT
21:17:06 PIT >> INFO : MINION : Failed to set JaCoCo session: org.jacoco.agent.rt.RT
21:17:06 PIT >> INFO : MINION : Failed to dump JaCoCo execution data: org.jacoco.agent.rt.RT
21:17:06 PIT >> INFO : MINION : Failed to set JaCoCo session: org.jacoco.agent.rt.RT
21:17:06 PIT >> INFO : MINION : Failed to dump JaCoCo execution data: org.jacoco.agent.rt.RT
21:17:06 PIT >> INFO : MINION : Failed to set JaCoCo session: org.jacoco.agent.rt.RT
21:17:06 PIT >> INFO : MINION : Failed to dump JaCoCo execution data: org.jacoco.agent.rt.RT
21:17:06 PIT >> INFO : MINION : Failed to set JaCoCo session: org.jacoco.agent.rt.RT
21:17:06 PIT >> INFO : MINION : Failed to dump JaCoCo execution data: org.jacoco.agent.rt.RT
21:17:06 PIT >> INFO : MINION : Failed to set JaCoCo session: org.jacoco.agent.rt.RT
21:17:06 PIT >> INFO : MINION : Failed to dump JaCoCo execution data: org.jacoco.agent.rt.RT
21:17:06 PIT >> INFO : MINION : Failed to set JaCoCo session: org.jacoco.agent.rt.RT
21:17:06 PIT >> INFO : MINION : Failed to dump JaCoCo execution data: org.jacoco.agent.rt.RT
21:17:06 PIT >> INFO : MINION : Failed to set JaCoCo session: org.jacoco.agent.rt.RT
21:17:06 PIT >> INFO : MINION : Failed to dump JaCoCo execution data: org.jacoco.agent.rt.RT
21:17:06 PIT >> INFO : MINION : Failed to set JaCoCo session: org.jacoco.agent.rt.RT
21:17:06 PIT >> INFO : MINION : Failed to dump JaCoCo execution data: org.jacoco.agent.rt.RT
21:17:06 PIT >> INFO : MINION : Failed to set JaCoCo session: org.jacoco.agent.rt.RT
21:17:06 PIT >> INFO : MINION : Failed to dump JaCoCo execution data: org.jacoco.agent.rt.RT
21:17:06 PIT >> INFO : MINION : Failed to set JaCoCo session: org.jacoco.agent.rt.RT
21:17:06 PIT >> INFO : MINION : Failed to dump JaCoCo execution data: org.jacoco.agent.rt.RT
21:17:06 PIT >> INFO : MINION : Failed to set JaCoCo session: org.jacoco.agent.rt.RT
21:17:06 PIT >> INFO : MINION : Failed to dump JaCoCo execution data: org.jacoco.agent.rt.RT
21:17:06 PIT >> INFO : MINION : Failed to set JaCoCo session: org.jacoco.agent.rt.RT
21:17:06 PIT >> INFO : MINION : Failed to dump JaCoCo execution data: org.jacoco.agent.rt.RT
21:17:06 PIT >> INFO : MINION : Failed to set JaCoCo session: org.jacoco.agent.rt.RT
21:17:06 PIT >> INFO : MINION : Failed to dump JaCoCo execution data: org.jacoco.agent.rt.RT
21:17:06 PIT >> INFO : MINION : Failed to set JaCoCo session: org.jacoco.agent.rt.RT
21:17:06 PIT >> INFO : MINION : Failed to dump JaCoCo execution data: org.jacoco.agent.rt.RT
21:17:06 PIT >> INFO : MINION : Failed to set JaCoCo session: org.jacoco.agent.rt.RT
21:17:06 PIT >> INFO : MINION : Failed to dump JaCoCo execution data: org.jacoco.agent.rt.RT
21:17:06 PIT >> INFO : MINION : Failed to set JaCoCo session: org.jacoco.agent.rt.RT
21:17:06 PIT >> INFO : MINION : Failed to dump JaCoCo execution data: org.jacoco.agent.rt.RT
21:17:06 PIT >> INFO : MINION : Failed to set JaCoCo session: org.jacoco.agent.rt.RT
21:17:06 PIT >> INFO : MINION : Failed to dump JaCoCo execution data: org.jacoco.agent.rt.RT
21:17:06 PIT >> INFO : MINION : Failed to set JaCoCo session: org.jacoco.agent.rt.RT
21:17:06 PIT >> INFO : MINION : Failed to dump JaCoCo execution data: org.jacoco.agent.rt.RT
21:17:06 PIT >> INFO : MINION : Failed to set JaCoCo session: org.jacoco.agent.rt.RT
21:17:06 PIT >> INFO : MINION : Failed to dump JaCoCo execution data: org.jacoco.agent.rt.RT
21:17:06 PIT >> INFO : MINION : Failed to set JaCoCo session: org.jacoco.agent.rt.RT
21:17:06 PIT >> INFO : MINION : Failed to dump JaCoCo execution data: org.jacoco.agent.rt.RT
21:17:06 PIT >> INFO : MINION : Failed to set JaCoCo session: org.jacoco.agent.rt.RT
21:17:06 PIT >> INFO : MINION : Failed to dump JaCoCo execution data: org.jacoco.agent.rt.RT
21:17:06 PIT >> INFO : MINION : Failed to set JaCoCo session: org.jacoco.agent.rt.RT
21:17:06 PIT >> INFO : MINION : Failed to dump JaCoCo execution data: org.jacoco.agent.rt.RT
21:17:06 PIT >> INFO : MINION : Failed to set JaCoCo session: org.jacoco.agent.rt.RT
21:17:06 PIT >> INFO : MINION : Failed to dump JaCoCo execution data: org.jacoco.agent.rt.RT
21:17:06 PIT >> INFO : MINION : Failed to set JaCoCo session: org.jacoco.agent.rt.RT
21:17:06 PIT >> INFO : MINION : Failed to dump JaCoCo execution data: org.jacoco.agent.rt.RT
21:17:06 PIT >> INFO : MINION : Failed to set JaCoCo session: org.jacoco.agent.rt.RT
21:17:06 PIT >> INFO : MINION : Failed to dump JaCoCo execution data: org.jacoco.agent.rt.RT
21:17:06 PIT >> INFO : MINION : Failed to set JaCoCo session: org.jacoco.agent.rt.RT
21:17:06 PIT >> INFO : MINION : Failed to dump JaCoCo execution data: org.jacoco.agent.rt.RT
21:17:06 PIT >> INFO : MINION : Failed to set JaCoCo session: org.jacoco.agent.rt.RT
21:17:06 PIT >> INFO : MINION : Failed to dump JaCoCo execution data: org.jacoco.agent.rt.RT
21:17:06 PIT >> INFO : MINION : Failed to set JaCoCo session: org.jacoco.agent.rt.RT
21:17:06 PIT >> INFO : MINION : Failed to dump JaCoCo execution data: org.jacoco.agent.rt.RT
21:17:06 PIT >> INFO : MINION : Failed to set JaCoCo session: org.jacoco.agent.rt.RT
21:17:06 PIT >> INFO : MINION : Failed to dump JaCoCo execution data: org.jacoco.agent.rt.RT
21:17:06 PIT >> INFO : MINION : Failed to set JaCoCo session: org.jacoco.agent.rt.RT
21:17:06 PIT >> INFO : MINION : Failed to dump JaCoCo execution data: org.jacoco.agent.rt.RT
21:17:06 PIT >> INFO : MINION : Failed to set JaCoCo session: org.jacoco.agent.rt.RT
21:17:06 PIT >> INFO : MINION : Failed to dump JaCoCo execution data: org.jacoco.agent.rt.RT
21:17:06 PIT >> INFO : MINION : Failed to set JaCoCo session: org.jacoco.agent.rt.RT
21:17:06 PIT >> INFO : MINION : Failed to dump JaCoCo execution data: org.jacoco.agent.rt.RT
21:17:06 PIT >> INFO : MINION : Failed to set JaCoCo session: org.jacoco.agent.rt.RT
21:17:06 PIT >> INFO : MINION : Failed to dump JaCoCo execution data: org.jacoco.agent.rt.RT
21:17:06 PIT >> INFO : MINION : Failed to set JaCoCo session: org.jacoco.agent.rt.RT
21:17:06 PIT >> INFO : MINION : Failed to dump JaCoCo execution data: org.jacoco.agent.rt.RT
21:17:06 PIT >> INFO : MINION : Failed to set JaCoCo session: org.jacoco.agent.rt.RT
21:17:06 PIT >> INFO : MINION : Failed to dump JaCoCo execution data: org.jacoco.agent.rt.RT
21:17:06 PIT >> INFO : MINION : Failed to set JaCoCo session: org.jacoco.agent.rt.RT
21:17:06 PIT >> INFO : MINION : Failed to dump JaCoCo execution data: org.jacoco.agent.rt.RT
21:17:06 PIT >> INFO : MINION : Failed to set JaCoCo session: org.jacoco.agent.rt.RT
21:17:06 PIT >> INFO : MINION : Failed to dump JaCoCo execution data: org.jacoco.agent.rt.RT
21:17:06 PIT >> INFO : MINION : Failed to set JaCoCo session: org.jacoco.agent.rt.RT
21:17:06 PIT >> INFO : MINION : Failed to dump JaCoCo execution data: org.jacoco.agent.rt.RT
21:17:06 PIT >> INFO : MINION : Failed to set JaCoCo session: org.jacoco.agent.rt.RT
21:17:06 PIT >> INFO : MINION : Failed to dump JaCoCo execution data: org.jacoco.agent.rt.RT
21:17:06 PIT >> INFO : MINION : Failed to set JaCoCo session: org.jacoco.agent.rt.RT
21:17:06 PIT >> INFO : MINION : Failed to dump JaCoCo execution data: org.jacoco.agent.rt.RT
21:17:06 PIT >> INFO : MINION : Failed to set JaCoCo session: org.jacoco.agent.rt.RT
21:17:06 PIT >> INFO : MINION : Failed to dump JaCoCo execution data: org.jacoco.agent.rt.RT
21:17:06 PIT >> INFO : MINION : Failed to set JaCoCo session: org.jacoco.agent.rt.RT
21:17:06 PIT >> INFO : MINION : Failed to dump JaCoCo execution data: org.jacoco.agent.rt.RT
21:17:06 PIT >> INFO : MINION : Failed to set JaCoCo session: org.jacoco.agent.rt.RT
21:17:06 PIT >> INFO : MINION : Failed to dump JaCoCo execution data: org.jacoco.agent.rt.RT
21:17:06 PIT >> INFO : MINION : Failed to set JaCoCo session: org.jacoco.agent.rt.RT
21:17:06 PIT >> INFO : MINION : Failed to dump JaCoCo execution data: org.jacoco.agent.rt.RT
21:17:06 PIT >> INFO : MINION : Failed to set JaCoCo session: org.jacoco.agent.rt.RT
21:17:06 PIT >> INFO : MINION : Failed to dump JaCoCo execution data: org.jacoco.agent.rt.RT
21:17:06 PIT >> INFO : MINION : Failed to set JaCoCo session: org.jacoco.agent.rt.RT
21:17:06 PIT >> INFO : MINION : Failed to dump JaCoCo execution data: org.jacoco.agent.rt.RT
21:17:06 PIT >> INFO : MINION : Failed to set JaCoCo session: org.jacoco.agent.rt.RT
21:17:06 PIT >> INFO : MINION : Failed to dump JaCoCo execution data: org.jacoco.agent.rt.RT
21:17:06 PIT >> INFO : MINION : Failed to set JaCoCo session: org.jacoco.agent.rt.RT
21:17:06 PIT >> INFO : MINION : Failed to dump JaCoCo execution data: org.jacoco.agent.rt.RT
21:17:06 PIT >> INFO : MINION : Failed to set JaCoCo session: org.jacoco.agent.rt.RT
21:17:06 PIT >> INFO : MINION : Failed to dump JaCoCo execution data: org.jacoco.agent.rt.RT
21:17:06 PIT >> INFO : MINION : Failed to set JaCoCo session: org.jacoco.agent.rt.RT
21:17:06 PIT >> INFO : MINION : Failed to dump JaCoCo execution data: org.jacoco.agent.rt.RT
21:17:06 PIT >> INFO : MINION : Failed to set JaCoCo session: org.jacoco.agent.rt.RT
21:17:06 PIT >> INFO : MINION : Failed to dump JaCoCo execution data: org.jacoco.agent.rt.RT
21:17:06 PIT >> INFO : MINION : Failed to set JaCoCo session: org.jacoco.agent.rt.RT
21:17:06 PIT >> INFO : MINION : Failed to dump JaCoCo execution data: org.jacoco.agent.rt.RT
21:17:06 PIT >> INFO : MINION : Failed to set JaCoCo session: org.jacoco.agent.rt.RT
21:17:06 PIT >> INFO : MINION : Failed to dump JaCoCo execution data: org.jacoco.agent.rt.RT
21:17:06 PIT >> INFO : MINION : Failed to set JaCoCo session: org.jacoco.agent.rt.RT
21:17:06 PIT >> INFO : MINION : Failed to dump JaCoCo execution data: org.jacoco.agent.rt.RT
21:17:06 PIT >> INFO : MINION : Failed to set JaCoCo session: org.jacoco.agent.rt.RT
21:17:06 PIT >> INFO : MINION : Failed to dump JaCoCo execution data: org.jacoco.agent.rt.RT
21:17:06 PIT >> INFO : MINION : Failed to set JaCoCo session: org.jacoco.agent.rt.RT
21:17:06 PIT >> INFO : MINION : Failed to dump JaCoCo execution data: org.jacoco.agent.rt.RT
21:17:06 PIT >> INFO : MINION : Failed to set JaCoCo session: org.jacoco.agent.rt.RT
21:17:06 PIT >> INFO : MINION : Failed to dump JaCoCo execution data: org.jacoco.agent.rt.RT
21:17:06 PIT >> INFO : MINION : Failed to set JaCoCo session: org.jacoco.agent.rt.RT
21:17:06 PIT >> INFO : MINION : Failed to dump JaCoCo execution data: org.jacoco.agent.rt.RT
21:17:06 PIT >> INFO : MINION : Failed to set JaCoCo session: org.jacoco.agent.rt.RT
21:17:06 PIT >> INFO : MINION : Failed to dump JaCoCo execution data: org.jacoco.agent.rt.RT
21:17:06 PIT >> INFO : MINION : Failed to set JaCoCo session: org.jacoco.agent.rt.RT
21:17:06 PIT >> INFO : MINION : Failed to dump JaCoCo execution data: org.jacoco.agent.rt.RT
21:17:06 PIT >> INFO : MINION : Failed to set JaCoCo session: org.jacoco.agent.rt.RT
21:17:06 PIT >> INFO : MINION : Failed to dump JaCoCo execution data: org.jacoco.agent.rt.RT
21:17:06 PIT >> INFO : MINION : Failed to set JaCoCo session: org.jacoco.agent.rt.RT
21:17:06 PIT >> INFO : MINION : Failed to dump JaCoCo execution data: org.jacoco.agent.rt.RT
21:17:06 PIT >> INFO : MINION : Failed to set JaCoCo session: org.jacoco.agent.rt.RT
21:17:06 PIT >> INFO : MINION : Failed to dump JaCoCo execution data: org.jacoco.agent.rt.RT
21:17:06 PIT >> INFO : MINION : Failed to set JaCoCo session: org.jacoco.agent.rt.RT
21:17:06 PIT >> INFO : MINION : Failed to dump JaCoCo execution data: org.jacoco.agent.rt.RT
21:17:06 PIT >> INFO : MINION : Failed to set JaCoCo session: org.jacoco.agent.rt.RT
21:17:06 PIT >> INFO : MINION : Failed to dump JaCoCo execution data: org.jacoco.agent.rt.RT
21:17:06 PIT >> INFO : MINION : Failed to set JaCoCo session: org.jacoco.agent.rt.RT
21:17:06 PIT >> INFO : MINION : Failed to dump JaCoCo execution data: org.jacoco.agent.rt.RT
21:17:06 PIT >> INFO : MINION : Failed to set JaCoCo session: org.jacoco.agent.rt.RT
21:17:06 PIT >> INFO : MINION : Failed to dump JaCoCo execution data: org.jacoco.agent.rt.RT
21:17:06 PIT >> INFO : MINION : Failed to set JaCoCo session: org.jacoco.agent.rt.RT
21:17:06 PIT >> INFO : MINION : Failed to dump JaCoCo execution data: org.jacoco.agent.rt.RT
21:17:06 PIT >> INFO : MINION : Failed to set JaCoCo session: org.jacoco.agent.rt.RT
21:17:06 PIT >> INFO : MINION : Failed to dump JaCoCo execution data: org.jacoco.agent.rt.RT
21:17:06 PIT >> INFO : MINION : Failed to set JaCoCo session: org.jacoco.agent.rt.RT
21:17:06 PIT >> INFO : MINION : Failed to dump JaCoCo execution data: org.jacoco.agent.rt.RT
21:17:06 PIT >> INFO : MINION : Failed to set JaCoCo session: org.jacoco.agent.rt.RT
21:17:06 PIT >> INFO : MINION : Failed to dump JaCoCo execution data: org.jacoco.agent.rt.RT
21:17:06 PIT >> INFO : MINION : Failed to set JaCoCo session: org.jacoco.agent.rt.RT
21:17:06 PIT >> INFO : MINION : Failed to dump JaCoCo execution data: org.jacoco.agent.rt.RT
21:17:06 PIT >> INFO : MINION : Failed to set JaCoCo session: org.jacoco.agent.rt.RT
21:17:06 PIT >> INFO : MINION : Failed to dump JaCoCo execution data: org.jacoco.agent.rt.RT
21:17:06 PIT >> INFO : MINION : Failed to set JaCoCo session: org.jacoco.agent.rt.RT
21:17:06 PIT >> INFO : MINION : Failed to dump JaCoCo execution data: org.jacoco.agent.rt.RT
21:17:07 PIT >> INFO : MINION : Failed to set JaCoCo session: org.jacoco.agent.rt.RT
21:17:07 PIT >> INFO : MINION : Failed to dump JaCoCo execution data: org.jacoco.agent.rt.RT
21:17:07 PIT >> INFO : MINION : Failed to set JaCoCo session: org.jacoco.agent.rt.RT
21:17:07 PIT >> INFO : MINION : Failed to dump JaCoCo execution data: org.jacoco.agent.rt.RT
21:17:07 PIT >> INFO : MINION : Failed to set JaCoCo session: org.jacoco.agent.rt.RT
21:17:07 PIT >> INFO : MINION : Failed to dump JaCoCo execution data: org.jacoco.agent.rt.RT
21:17:07 PIT >> INFO : MINION : Failed to set JaCoCo session: org.jacoco.agent.rt.RT
21:17:07 PIT >> INFO : MINION : Failed to dump JaCoCo execution data: org.jacoco.agent.rt.RT
21:17:07 PIT >> INFO : MINION : Failed to set JaCoCo session: org.jacoco.agent.rt.RT
21:17:07 PIT >> INFO : MINION : Failed to dump JaCoCo execution data: org.jacoco.agent.rt.RT
21:17:07 PIT >> INFO : MINION : Failed to set JaCoCo session: org.jacoco.agent.rt.RT
21:17:07 PIT >> INFO : MINION : Failed to dump JaCoCo execution data: org.jacoco.agent.rt.RT
21:17:07 PIT >> INFO : MINION : Failed to set JaCoCo session: org.jacoco.agent.rt.RT
21:17:07 PIT >> INFO : MINION : Failed to dump JaCoCo execution data: org.jacoco.agent.rt.RT
21:17:07 PIT >> INFO : MINION : Failed to set JaCoCo session: org.jacoco.agent.rt.RT
21:17:07 PIT >> INFO : MINION : Failed to dump JaCoCo execution data: org.jacoco.agent.rt.RT
21:17:07 PIT >> INFO : MINION : Failed to set JaCoCo session: org.jacoco.agent.rt.RT
21:17:07 PIT >> INFO : MINION : Failed to dump JaCoCo execution data: org.jacoco.agent.rt.RT
21:17:07 PIT >> INFO : MINION : Failed to set JaCoCo session: org.jacoco.agent.rt.RT
21:17:07 PIT >> INFO : MINION : Failed to dump JaCoCo execution data: org.jacoco.agent.rt.RT
21:17:07 PIT >> INFO : MINION : Failed to set JaCoCo session: org.jacoco.agent.rt.RT
21:17:07 PIT >> INFO : MINION : Failed to dump JaCoCo execution data: org.jacoco.agent.rt.RT
21:17:07 PIT >> INFO : MINION : Failed to set JaCoCo session: org.jacoco.agent.rt.RT
21:17:07 PIT >> INFO : MINION : Failed to dump JaCoCo execution data: org.jacoco.agent.rt.RT
21:17:07 PIT >> INFO : MINION : Failed to set JaCoCo session: org.jacoco.agent.rt.RT
21:17:07 PIT >> INFO : MINION : Failed to dump JaCoCo execution data: org.jacoco.agent.rt.RT
21:17:07 PIT >> INFO : MINION : Failed to set JaCoCo session: org.jacoco.agent.rt.RT
21:17:07 PIT >> INFO : MINION : Failed to dump JaCoCo execution data: org.jacoco.agent.rt.RT
21:17:07 PIT >> INFO : MINION : Failed to set JaCoCo session: org.jacoco.agent.rt.RT
21:17:07 PIT >> INFO : MINION : Failed to dump JaCoCo execution data: org.jacoco.agent.rt.RT
21:17:07 PIT >> INFO : MINION : Failed to set JaCoCo session: org.jacoco.agent.rt.RT
21:17:07 PIT >> INFO : MINION : Failed to dump JaCoCo execution data: org.jacoco.agent.rt.RT
21:17:07 PIT >> INFO : MINION : Failed to set JaCoCo session: org.jacoco.agent.rt.RT
21:17:07 PIT >> INFO : MINION : Failed to dump JaCoCo execution data: org.jacoco.agent.rt.RT
21:17:07 PIT >> INFO : MINION : Failed to set JaCoCo session: org.jacoco.agent.rt.RT
21:17:07 PIT >> INFO : MINION : Failed to dump JaCoCo execution data: org.jacoco.agent.rt.RT
21:17:07 PIT >> INFO : MINION : Failed to set JaCoCo session: org.jacoco.agent.rt.RT
21:17:07 PIT >> INFO : MINION : Failed to dump JaCoCo execution data: org.jacoco.agent.rt.RT
21:17:07 PIT >> INFO : MINION : Failed to set JaCoCo session: org.jacoco.agent.rt.RT
21:17:07 PIT >> INFO : MINION : Failed to dump JaCoCo execution data: org.jacoco.agent.rt.RT
21:17:07 PIT >> INFO : MINION : Failed to set JaCoCo session: org.jacoco.agent.rt.RT
21:17:07 PIT >> INFO : MINION : Failed to dump JaCoCo execution data: org.jacoco.agent.rt.RT
21:17:07 PIT >> INFO : MINION : Failed to set JaCoCo session: org.jacoco.agent.rt.RT
21:17:07 PIT >> INFO : MINION : Failed to dump JaCoCo execution data: org.jacoco.agent.rt.RT
21:17:07 PIT >> INFO : MINION : Failed to set JaCoCo session: org.jacoco.agent.rt.RT
21:17:07 PIT >> INFO : MINION : Failed to dump JaCoCo execution data: org.jacoco.agent.rt.RT
21:17:07 PIT >> INFO : MINION : Failed to set JaCoCo session: org.jacoco.agent.rt.RT
21:17:07 PIT >> INFO : MINION : Failed to dump JaCoCo execution data: org.jacoco.agent.rt.RT
21:17:07 PIT >> INFO : MINION : Failed to set JaCoCo session: org.jacoco.agent.rt.RT
21:17:07 PIT >> INFO : MINION : Failed to dump JaCoCo execution data: org.jacoco.agent.rt.RT
21:17:07 PIT >> INFO : MINION : Failed to set JaCoCo session: org.jacoco.agent.rt.RT
21:17:07 PIT >> INFO : MINION : Failed to dump JaCoCo execution data: org.jacoco.agent.rt.RT
21:17:07 PIT >> INFO : MINION : Failed to set JaCoCo session: org.jacoco.agent.rt.RT
21:17:07 PIT >> INFO : MINION : Failed to dump JaCoCo execution data: org.jacoco.agent.rt.RT
21:17:07 PIT >> INFO : MINION : Failed to set JaCoCo session: org.jacoco.agent.rt.RT
21:17:07 PIT >> INFO : MINION : Failed to dump JaCoCo execution data: org.jacoco.agent.rt.RT
21:17:07 PIT >> INFO : MINION : Failed to set JaCoCo session: org.jacoco.agent.rt.RT
21:17:07 PIT >> INFO : MINION : Failed to dump JaCoCo execution data: org.jacoco.agent.rt.RT
21:17:07 PIT >> INFO : MINION : Failed to set JaCoCo session: org.jacoco.agent.rt.RT
21:17:07 PIT >> INFO : MINION : Failed to dump JaCoCo execution data: org.jacoco.agent.rt.RT
21:17:07 PIT >> INFO : MINION : Failed to set JaCoCo session: org.jacoco.agent.rt.RT
21:17:07 PIT >> INFO : MINION : Failed to dump JaCoCo execution data: org.jacoco.agent.rt.RT
21:17:07 PIT >> INFO : MINION : Failed to set JaCoCo session: org.jacoco.agent.rt.RT
21:17:07 PIT >> INFO : MINION : Failed to dump JaCoCo execution data: org.jacoco.agent.rt.RT
21:17:07 PIT >> INFO : MINION : Failed to set JaCoCo session: org.jacoco.agent.rt.RT
21:17:07 PIT >> INFO : MINION : Failed to dump JaCoCo execution data: org.jacoco.agent.rt.RT
21:17:07 PIT >> INFO : MINION : Failed to set JaCoCo session: org.jacoco.agent.rt.RT
21:17:07 PIT >> INFO : MINION : Failed to dump JaCoCo execution data: org.jacoco.agent.rt.RT
21:17:07 PIT >> INFO : MINION : Failed to set JaCoCo session: org.jacoco.agent.rt.RT
21:17:07 PIT >> INFO : MINION : Failed to dump JaCoCo execution data: org.jacoco.agent.rt.RT
21:17:07 PIT >> INFO : MINION : Failed to set JaCoCo session: org.jacoco.agent.rt.RT
21:17:07 PIT >> INFO : MINION : Failed to dump JaCoCo execution data: org.jacoco.agent.rt.RT
21:17:07 PIT >> INFO : MINION : Failed to set JaCoCo session: org.jacoco.agent.rt.RT
21:17:07 PIT >> INFO : MINION : Failed to dump JaCoCo execution data: org.jacoco.agent.rt.RT
21:17:07 PIT >> INFO : MINION : Failed to set JaCoCo session: org.jacoco.agent.rt.RT
21:17:07 PIT >> INFO : MINION : Failed to dump JaCoCo execution data: org.jacoco.agent.rt.RT
21:17:07 PIT >> INFO : MINION : Failed to set JaCoCo session: org.jacoco.agent.rt.RT
21:17:07 PIT >> INFO : MINION : Failed to dump JaCoCo execution data: org.jacoco.agent.rt.RT
21:17:07 PIT >> INFO : MINION : Failed to set JaCoCo session: org.jacoco.agent.rt.RT
21:17:07 PIT >> INFO : MINION : Failed to dump JaCoCo execution data: org.jacoco.agent.rt.RT
21:17:07 PIT >> INFO : MINION : Failed to set JaCoCo session: org.jacoco.agent.rt.RT
21:17:07 PIT >> INFO : MINION : Failed to dump JaCoCo execution data: org.jacoco.agent.rt.RT
21:17:07 PIT >> INFO : MINION : Failed to set JaCoCo session: org.jacoco.agent.rt.RT
21:17:07 PIT >> INFO : MINION : Failed to dump JaCoCo execution data: org.jacoco.agent.rt.RT
21:17:07 PIT >> INFO : MINION : Failed to set JaCoCo session: org.jacoco.agent.rt.RT
21:17:07 PIT >> INFO : MINION : Failed to dump JaCoCo execution data: org.jacoco.agent.rt.RT
21:17:07 PIT >> INFO : MINION : Failed to set JaCoCo session: org.jacoco.agent.rt.RT
21:17:07 PIT >> INFO : MINION : Failed to dump JaCoCo execution data: org.jacoco.agent.rt.RT
21:17:07 PIT >> INFO : MINION : Failed to set JaCoCo session: org.jacoco.agent.rt.RT
21:17:07 PIT >> INFO : MINION : Failed to dump JaCoCo execution data: org.jacoco.agent.rt.RT
21:17:07 PIT >> INFO : MINION : Failed to set JaCoCo session: org.jacoco.agent.rt.RT
21:17:07 PIT >> INFO : MINION : Failed to dump JaCoCo execution data: org.jacoco.agent.rt.RT
21:17:07 PIT >> INFO : MINION : Failed to set JaCoCo session: org.jacoco.agent.rt.RT
21:17:07 PIT >> INFO : MINION : Failed to dump JaCoCo execution data: org.jacoco.agent.rt.RT
21:17:07 PIT >> INFO : MINION : Failed to set JaCoCo session: org.jacoco.agent.rt.RT
21:17:07 PIT >> INFO : MINION : Failed to dump JaCoCo execution data: org.jacoco.agent.rt.RT
21:17:07 PIT >> INFO : MINION : Failed to set JaCoCo session: org.jacoco.agent.rt.RT
21:17:07 PIT >> INFO : MINION : Failed to dump JaCoCo execution data: org.jacoco.agent.rt.RT
21:17:07 PIT >> INFO : MINION : Failed to set JaCoCo session: org.jacoco.agent.rt.RT
21:17:07 PIT >> INFO : MINION : Failed to dump JaCoCo execution data: org.jacoco.agent.rt.RT
21:17:07 PIT >> INFO : MINION : Failed to set JaCoCo session: org.jacoco.agent.rt.RT
21:17:07 PIT >> INFO : MINION : Failed to dump JaCoCo execution data: org.jacoco.agent.rt.RT
21:17:07 PIT >> INFO : MINION : Failed to set JaCoCo session: org.jacoco.agent.rt.RT
21:17:07 PIT >> INFO : MINION : Failed to dump JaCoCo execution data: org.jacoco.agent.rt.RT
21:17:07 PIT >> INFO : MINION : Failed to set JaCoCo session: org.jacoco.agent.rt.RT
21:17:07 PIT >> INFO : MINION : Failed to dump JaCoCo execution data: org.jacoco.agent.rt.RT
21:17:07 PIT >> INFO : MINION : Failed to set JaCoCo session: org.jacoco.agent.rt.RT
21:17:07 PIT >> INFO : MINION : Failed to dump JaCoCo execution data: org.jacoco.agent.rt.RT
21:17:07 PIT >> INFO : MINION : Failed to set JaCoCo session: org.jacoco.agent.rt.RT
21:17:07 PIT >> INFO : MINION : Failed to dump JaCoCo execution data: org.jacoco.agent.rt.RT
21:17:07 PIT >> INFO : MINION : Failed to set JaCoCo session: org.jacoco.agent.rt.RT
21:17:07 PIT >> INFO : MINION : Failed to dump JaCoCo execution data: org.jacoco.agent.rt.RT
21:17:07 PIT >> INFO : MINION : Failed to set JaCoCo session: org.jacoco.agent.rt.RT
21:17:07 PIT >> INFO : MINION : Failed to dump JaCoCo execution data: org.jacoco.agent.rt.RT
21:17:07 PIT >> INFO : MINION : Failed to set JaCoCo session: org.jacoco.agent.rt.RT
21:17:07 PIT >> INFO : MINION : Failed to dump JaCoCo execution data: org.jacoco.agent.rt.RT
21:17:07 PIT >> INFO : MINION : Failed to set JaCoCo session: org.jacoco.agent.rt.RT
21:17:07 PIT >> INFO : MINION : Failed to dump JaCoCo execution data: org.jacoco.agent.rt.RT
21:17:07 PIT >> INFO : MINION : Failed to set JaCoCo session: org.jacoco.agent.rt.RT
21:17:07 PIT >> INFO : MINION : Failed to dump JaCoCo execution data: org.jacoco.agent.rt.RT
21:17:07 PIT >> INFO : MINION : Failed to set JaCoCo session: org.jacoco.agent.rt.RT
21:17:07 PIT >> INFO : MINION : Failed to dump JaCoCo execution data: org.jacoco.agent.rt.RT
21:17:07 PIT >> INFO : MINION : Failed to set JaCoCo session: org.jacoco.agent.rt.RT
21:17:07 PIT >> INFO : MINION : Failed to dump JaCoCo execution data: org.jacoco.agent.rt.RT
21:17:07 PIT >> INFO : MINION : Failed to set JaCoCo session: org.jacoco.agent.rt.RT
21:17:07 PIT >> INFO : MINION : Failed to dump JaCoCo execution data: org.jacoco.agent.rt.RT
21:17:07 PIT >> INFO : MINION : Failed to set JaCoCo session: org.jacoco.agent.rt.RT
21:17:07 PIT >> INFO : MINION : Failed to dump JaCoCo execution data: org.jacoco.agent.rt.RT
21:17:07 PIT >> INFO : MINION : Failed to set JaCoCo session: org.jacoco.agent.rt.RT
21:17:07 PIT >> INFO : MINION : Failed to dump JaCoCo execution data: org.jacoco.agent.rt.RT
21:17:07 PIT >> INFO : MINION : Failed to set JaCoCo session: org.jacoco.agent.rt.RT
21:17:07 PIT >> INFO : MINION : Failed to dump JaCoCo execution data: org.jacoco.agent.rt.RT
21:17:07 PIT >> INFO : MINION : Failed to set JaCoCo session: org.jacoco.agent.rt.RT
21:17:07 PIT >> INFO : MINION : Failed to dump JaCoCo execution data: org.jacoco.agent.rt.RT
21:17:07 PIT >> INFO : MINION : Failed to set JaCoCo session: org.jacoco.agent.rt.RT
21:17:07 PIT >> INFO : MINION : Failed to dump JaCoCo execution data: org.jacoco.agent.rt.RT
21:17:07 PIT >> INFO : MINION : Failed to set JaCoCo session: org.jacoco.agent.rt.RT
21:17:07 PIT >> INFO : MINION : Failed to dump JaCoCo execution data: org.jacoco.agent.rt.RT
21:17:07 PIT >> INFO : MINION : Failed to set JaCoCo session: org.jacoco.agent.rt.RT
21:17:07 PIT >> INFO : MINION : Failed to dump JaCoCo execution data: org.jacoco.agent.rt.RT
21:17:07 PIT >> INFO : MINION : Failed to set JaCoCo session: org.jacoco.agent.rt.RT
21:17:07 PIT >> INFO : MINION : Failed to dump JaCoCo execution data: org.jacoco.agent.rt.RT
21:17:07 PIT >> INFO : MINION : Failed to set JaCoCo session: org.jacoco.agent.rt.RT
21:17:07 PIT >> INFO : MINION : Failed to dump JaCoCo execution data: org.jacoco.agent.rt.RT
21:17:07 PIT >> INFO : MINION : Failed to set JaCoCo session: org.jacoco.agent.rt.RT
21:17:07 PIT >> INFO : MINION : Failed to dump JaCoCo execution data: org.jacoco.agent.rt.RT
21:17:07 PIT >> INFO : MINION : Failed to set JaCoCo session: org.jacoco.agent.rt.RT
21:17:07 PIT >> INFO : MINION : Failed to dump JaCoCo execution data: org.jacoco.agent.rt.RT
21:17:07 PIT >> INFO : MINION : Failed to set JaCoCo session: org.jacoco.agent.rt.RT
21:17:07 PIT >> INFO : MINION : Failed to dump JaCoCo execution data: org.jacoco.agent.rt.RT
21:17:07 PIT >> INFO : MINION : Failed to set JaCoCo session: org.jacoco.agent.rt.RT
21:17:07 PIT >> INFO : MINION : Failed to dump JaCoCo execution data: org.jacoco.agent.rt.RT
21:17:07 PIT >> INFO : MINION : Failed to set JaCoCo session: org.jacoco.agent.rt.RT
21:17:07 PIT >> INFO : MINION : Failed to dump JaCoCo execution data: org.jacoco.agent.rt.RT
21:17:07 PIT >> INFO : MINION : Failed to set JaCoCo session: org.jacoco.agent.rt.RT
21:17:07 PIT >> INFO : MINION : Failed to dump JaCoCo execution data: org.jacoco.agent.rt.RT
21:17:07 PIT >> INFO : MINION : Failed to set JaCoCo session: org.jacoco.agent.rt.RT
21:17:07 PIT >> INFO : MINION : Failed to dump JaCoCo execution data: org.jacoco.agent.rt.RT
21:17:07 PIT >> INFO : MINION : Failed to set JaCoCo session: org.jacoco.agent.rt.RT
21:17:07 PIT >> INFO : MINION : Failed to dump JaCoCo execution data: org.jacoco.agent.rt.RT
21:17:07 PIT >> INFO : MINION : Failed to set JaCoCo session: org.jacoco.agent.rt.RT
21:17:07 PIT >> INFO : MINION : Failed to dump JaCoCo execution data: org.jacoco.agent.rt.RT
21:17:07 PIT >> INFO : MINION : Failed to set JaCoCo session: org.jacoco.agent.rt.RT
21:17:07 PIT >> INFO : MINION : Failed to dump JaCoCo execution data: org.jacoco.agent.rt.RT
21:17:07 PIT >> INFO : MINION : Failed to set JaCoCo session: org.jacoco.agent.rt.RT
21:17:07 PIT >> INFO : MINION : Failed to dump JaCoCo execution data: org.jacoco.agent.rt.RT
21:17:07 PIT >> INFO : MINION : Failed to set JaCoCo session: org.jacoco.agent.rt.RT
21:17:07 PIT >> INFO : MINION : Failed to dump JaCoCo execution data: org.jacoco.agent.rt.RT
21:17:07 PIT >> INFO : MINION : Failed to set JaCoCo session: org.jacoco.agent.rt.RT
21:17:07 PIT >> INFO : MINION : Failed to dump JaCoCo execution data: org.jacoco.agent.rt.RT
21:17:07 PIT >> INFO : MINION : Failed to set JaCoCo session: org.jacoco.agent.rt.RT
21:17:07 PIT >> INFO : MINION : Failed to dump JaCoCo execution data: org.jacoco.agent.rt.RT
21:17:07 PIT >> INFO : MINION : Failed to set JaCoCo session: org.jacoco.agent.rt.RT
21:17:07 PIT >> INFO : MINION : Failed to dump JaCoCo execution data: org.jacoco.agent.rt.RT
21:17:07 PIT >> INFO : MINION : Failed to set JaCoCo session: org.jacoco.agent.rt.RT
21:17:07 PIT >> INFO : MINION : Failed to dump JaCoCo execution data: org.jacoco.agent.rt.RT
21:17:07 PIT >> INFO : MINION : Failed to set JaCoCo session: org.jacoco.agent.rt.RT
21:17:07 PIT >> INFO : MINION : Failed to dump JaCoCo execution data: org.jacoco.agent.rt.RT
21:17:07 PIT >> INFO : MINION : Failed to set JaCoCo session: org.jacoco.agent.rt.RT
21:17:07 PIT >> INFO : MINION : Failed to dump JaCoCo execution data: org.jacoco.agent.rt.RT
21:17:07 PIT >> INFO : MINION : Failed to set JaCoCo session: org.jacoco.agent.rt.RT
21:17:07 PIT >> INFO : MINION : Failed to dump JaCoCo execution data: org.jacoco.agent.rt.RT
21:17:07 PIT >> INFO : MINION : Failed to set JaCoCo session: org.jacoco.agent.rt.RT
21:17:07 PIT >> INFO : MINION : Failed to dump JaCoCo execution data: org.jacoco.agent.rt.RT
21:17:07 PIT >> INFO : MINION : Failed to set JaCoCo session: org.jacoco.agent.rt.RT
21:17:07 PIT >> INFO : MINION : Failed to dump JaCoCo execution data: org.jacoco.agent.rt.RT
21:17:07 PIT >> INFO : MINION : Failed to set JaCoCo session: org.jacoco.agent.rt.RT
21:17:07 PIT >> INFO : MINION : Failed to dump JaCoCo execution data: org.jacoco.agent.rt.RT
21:17:07 PIT >> INFO : MINION : Failed to set JaCoCo session: org.jacoco.agent.rt.RT
21:17:07 PIT >> INFO : MINION : Failed to dump JaCoCo execution data: org.jacoco.agent.rt.RT
21:17:07 PIT >> INFO : MINION : Failed to set JaCoCo session: org.jacoco.agent.rt.RT
21:17:07 PIT >> INFO : MINION : Failed to dump JaCoCo execution data: org.jacoco.agent.rt.RT
21:17:07 PIT >> INFO : MINION : Failed to set JaCoCo session: org.jacoco.agent.rt.RT
21:17:07 PIT >> INFO : MINION : Failed to dump JaCoCo execution data: org.jacoco.agent.rt.RT
21:17:07 PIT >> INFO : MINION : Failed to set JaCoCo session: org.jacoco.agent.rt.RT
21:17:07 PIT >> INFO : MINION : Failed to dump JaCoCo execution data: org.jacoco.agent.rt.RT
21:17:07 PIT >> INFO : MINION : Failed to set JaCoCo session: org.jacoco.agent.rt.RT
21:17:07 PIT >> INFO : MINION : Failed to dump JaCoCo execution data: org.jacoco.agent.rt.RT
21:17:07 PIT >> INFO : MINION : Failed to set JaCoCo session: org.jacoco.agent.rt.RT
21:17:07 PIT >> INFO : MINION : Failed to dump JaCoCo execution data: org.jacoco.agent.rt.RT
21:17:07 PIT >> INFO : MINION : Failed to set JaCoCo session: org.jacoco.agent.rt.RT
21:17:07 PIT >> INFO : MINION : Failed to dump JaCoCo execution data: org.jacoco.agent.rt.RT
21:17:07 PIT >> INFO : MINION : Failed to set JaCoCo session: org.jacoco.agent.rt.RT
21:17:07 PIT >> INFO : MINION : Failed to dump JaCoCo execution data: org.jacoco.agent.rt.RT
21:17:07 PIT >> INFO : MINION : Failed to set JaCoCo session: org.jacoco.agent.rt.RT
21:17:07 PIT >> INFO : MINION : Failed to dump JaCoCo execution data: org.jacoco.agent.rt.RT
21:17:07 PIT >> INFO : MINION : Failed to set JaCoCo session: org.jacoco.agent.rt.RT
21:17:07 PIT >> INFO : MINION : Failed to dump JaCoCo execution data: org.jacoco.agent.rt.RT
21:17:07 PIT >> INFO : MINION : Failed to set JaCoCo session: org.jacoco.agent.rt.RT
21:17:07 PIT >> INFO : MINION : Failed to dump JaCoCo execution data: org.jacoco.agent.rt.RT
21:17:07 PIT >> INFO : MINION : Failed to set JaCoCo session: org.jacoco.agent.rt.RT
21:17:07 PIT >> INFO : MINION : Failed to dump JaCoCo execution data: org.jacoco.agent.rt.RT
21:17:07 PIT >> INFO : MINION : Failed to set JaCoCo session: org.jacoco.agent.rt.RT
21:17:07 PIT >> INFO : MINION : Failed to dump JaCoCo execution data: org.jacoco.agent.rt.RT
21:17:07 PIT >> INFO : MINION : Failed to set JaCoCo session: org.jacoco.agent.rt.RT
21:17:07 PIT >> INFO : MINION : Failed to dump JaCoCo execution data: org.jacoco.agent.rt.RT
21:17:07 PIT >> INFO : MINION : Failed to set JaCoCo session: org.jacoco.agent.rt.RT
21:17:07 PIT >> INFO : MINION : Failed to dump JaCoCo execution data: org.jacoco.agent.rt.RT
21:17:07 PIT >> INFO : MINION : Failed to set JaCoCo session: org.jacoco.agent.rt.RT
21:17:07 PIT >> INFO : MINION : Failed to dump JaCoCo execution data: org.jacoco.agent.rt.RT
21:17:07 PIT >> INFO : MINION : Failed to set JaCoCo session: org.jacoco.agent.rt.RT
21:17:07 PIT >> INFO : MINION : Failed to dump JaCoCo execution data: org.jacoco.agent.rt.RT
21:17:07 PIT >> INFO : MINION : Failed to set JaCoCo session: org.jacoco.agent.rt.RT
21:17:07 PIT >> INFO : MINION : Failed to dump JaCoCo execution data: org.jacoco.agent.rt.RT
21:17:07 PIT >> INFO : MINION : Failed to set JaCoCo session: org.jacoco.agent.rt.RT
21:17:07 PIT >> INFO : MINION : Failed to dump JaCoCo execution data: org.jacoco.agent.rt.RT
21:17:07 PIT >> INFO : MINION : Failed to set JaCoCo session: org.jacoco.agent.rt.RT
21:17:07 PIT >> INFO : MINION : Failed to dump JaCoCo execution data: org.jacoco.agent.rt.RT
21:17:07 PIT >> INFO : MINION : Failed to set JaCoCo session: org.jacoco.agent.rt.RT
21:17:07 PIT >> INFO : MINION : Failed to dump JaCoCo execution data: org.jacoco.agent.rt.RT
21:17:07 PIT >> INFO : MINION : Failed to set JaCoCo session: org.jacoco.agent.rt.RT
21:17:07 PIT >> INFO : MINION : Failed to dump JaCoCo execution data: org.jacoco.agent.rt.RT
21:17:07 PIT >> INFO : MINION : Failed to set JaCoCo session: org.jacoco.agent.rt.RT
21:17:07 PIT >> INFO : MINION : Failed to dump JaCoCo execution data: org.jacoco.agent.rt.RT
21:17:07 PIT >> INFO : MINION : Failed to set JaCoCo session: org.jacoco.agent.rt.RT
21:17:07 PIT >> INFO : MINION : Failed to dump JaCoCo execution data: org.jacoco.agent.rt.RT
21:17:07 PIT >> INFO : MINION : Failed to set JaCoCo session: org.jacoco.agent.rt.RT
21:17:07 PIT >> INFO : MINION : Failed to dump JaCoCo execution data: org.jacoco.agent.rt.RT
21:17:07 PIT >> INFO : MINION : Failed to set JaCoCo session: org.jacoco.agent.rt.RT
21:17:07 PIT >> INFO : MINION : Failed to dump JaCoCo execution data: org.jacoco.agent.rt.RT
21:17:07 PIT >> INFO : MINION : Failed to set JaCoCo session: org.jacoco.agent.rt.RT
21:17:07 PIT >> INFO : MINION : Failed to dump JaCoCo execution data: org.jacoco.agent.rt.RT
21:17:07 PIT >> INFO : MINION : Failed to set JaCoCo session: org.jacoco.agent.rt.RT
21:17:07 PIT >> INFO : MINION : Failed to dump JaCoCo execution data: org.jacoco.agent.rt.RT
21:17:07 PIT >> INFO : MINION : Failed to set JaCoCo session: org.jacoco.agent.rt.RT
21:17:07 PIT >> INFO : MINION : Failed to dump JaCoCo execution data: org.jacoco.agent.rt.RT
21:17:07 PIT >> INFO : MINION : Failed to set JaCoCo session: org.jacoco.agent.rt.RT
21:17:07 PIT >> INFO : MINION : Failed to dump JaCoCo execution data: org.jacoco.agent.rt.RT
21:17:07 PIT >> INFO : MINION : Failed to set JaCoCo session: org.jacoco.agent.rt.RT
21:17:07 PIT >> INFO : MINION : Failed to dump JaCoCo execution data: org.jacoco.agent.rt.RT
21:17:07 PIT >> INFO : MINION : Failed to set JaCoCo session: org.jacoco.agent.rt.RT
21:17:07 PIT >> INFO : MINION : Failed to dump JaCoCo execution data: org.jacoco.agent.rt.RT
21:17:07 PIT >> INFO : MINION : Failed to set JaCoCo session: org.jacoco.agent.rt.RT
21:17:07 PIT >> INFO : MINION : Failed to dump JaCoCo execution data: org.jacoco.agent.rt.RT
21:17:07 PIT >> INFO : MINION : Failed to set JaCoCo session: org.jacoco.agent.rt.RT
21:17:07 PIT >> INFO : MINION : Failed to dump JaCoCo execution data: org.jacoco.agent.rt.RT
21:17:07 PIT >> INFO : MINION : Failed to set JaCoCo session: org.jacoco.agent.rt.RT
21:17:07 PIT >> INFO : MINION : Failed to dump JaCoCo execution data: org.jacoco.agent.rt.RT
21:17:07 PIT >> INFO : MINION : Failed to set JaCoCo session: org.jacoco.agent.rt.RT
21:17:07 PIT >> INFO : MINION : Failed to dump JaCoCo execution data: org.jacoco.agent.rt.RT
21:17:07 PIT >> INFO : MINION : Failed to set JaCoCo session: org.jacoco.agent.rt.RT
21:17:07 PIT >> INFO : MINION : Failed to dump JaCoCo execution data: org.jacoco.agent.rt.RT
21:17:07 PIT >> INFO : MINION : Failed to set JaCoCo session: org.jacoco.agent.rt.RT
21:17:07 PIT >> INFO : MINION : Failed to dump JaCoCo execution data: org.jacoco.agent.rt.RT
21:17:07 PIT >> INFO : MINION : Failed to set JaCoCo session: org.jacoco.agent.rt.RT
21:17:07 PIT >> INFO : MINION : Failed to dump JaCoCo execution data: org.jacoco.agent.rt.RT
21:17:07 PIT >> INFO : MINION : Failed to set JaCoCo session: org.jacoco.agent.rt.RT
21:17:07 PIT >> INFO : MINION : Failed to dump JaCoCo execution data: org.jacoco.agent.rt.RT
21:17:07 PIT >> INFO : MINION : Failed to set JaCoCo session: org.jacoco.agent.rt.RT
21:17:07 PIT >> INFO : MINION : Failed to dump JaCoCo execution data: org.jacoco.agent.rt.RT
21:17:07 PIT >> INFO : MINION : Failed to set JaCoCo session: org.jacoco.agent.rt.RT
21:17:07 PIT >> INFO : MINION : Failed to dump JaCoCo execution data: org.jacoco.agent.rt.RT
21:17:07 PIT >> INFO : MINION : Failed to set JaCoCo session: org.jacoco.agent.rt.RT
21:17:07 PIT >> INFO : MINION : Failed to dump JaCoCo execution data: org.jacoco.agent.rt.RT
21:17:07 PIT >> INFO : MINION : Failed to set JaCoCo session: org.jacoco.agent.rt.RT
21:17:07 PIT >> INFO : MINION : Failed to dump JaCoCo execution data: org.jacoco.agent.rt.RT
21:17:07 PIT >> INFO : MINION : Failed to set JaCoCo session: org.jacoco.agent.rt.RT
21:17:07 PIT >> INFO : MINION : Failed to dump JaCoCo execution data: org.jacoco.agent.rt.RT
21:17:07 PIT >> INFO : MINION : Failed to set JaCoCo session: org.jacoco.agent.rt.RT
21:17:07 PIT >> INFO : MINION : Failed to dump JaCoCo execution data: org.jacoco.agent.rt.RT
21:17:07 PIT >> INFO : MINION : Failed to set JaCoCo session: org.jacoco.agent.rt.RT
21:17:07 PIT >> INFO : MINION : Failed to dump JaCoCo execution data: org.jacoco.agent.rt.RT
21:17:07 PIT >> INFO : MINION : Failed to set JaCoCo session: org.jacoco.agent.rt.RT
21:17:07 PIT >> INFO : MINION : Failed to dump JaCoCo execution data: org.jacoco.agent.rt.RT
21:17:07 PIT >> INFO : MINION : Failed to set JaCoCo session: org.jacoco.agent.rt.RT
21:17:07 PIT >> INFO : MINION : Failed to dump JaCoCo execution data: org.jacoco.agent.rt.RT
21:17:07 PIT >> INFO : MINION : Failed to set JaCoCo session: org.jacoco.agent.rt.RT
21:17:07 PIT >> INFO : MINION : Failed to dump JaCoCo execution data: org.jacoco.agent.rt.RT
21:17:07 PIT >> INFO : MINION : Failed to set JaCoCo session: org.jacoco.agent.rt.RT
21:17:07 PIT >> INFO : MINION : Failed to dump JaCoCo execution data: org.jacoco.agent.rt.RT
21:17:07 PIT >> INFO : MINION : Failed to set JaCoCo session: org.jacoco.agent.rt.RT
21:17:07 PIT >> INFO : MINION : Failed to dump JaCoCo execution data: org.jacoco.agent.rt.RT
21:17:07 PIT >> INFO : MINION : Failed to set JaCoCo session: org.jacoco.agent.rt.RT
21:17:07 PIT >> INFO : MINION : Failed to dump JaCoCo execution data: org.jacoco.agent.rt.RT
21:17:07 PIT >> INFO : MINION : Failed to set JaCoCo session: org.jacoco.agent.rt.RT
21:17:07 PIT >> INFO : MINION : Failed to dump JaCoCo execution data: org.jacoco.agent.rt.RT
21:17:07 PIT >> INFO : MINION : Failed to set JaCoCo session: org.jacoco.agent.rt.RT
21:17:07 PIT >> INFO : MINION : Failed to dump JaCoCo execution data: org.jacoco.agent.rt.RT
21:17:07 PIT >> INFO : MINION : Failed to set JaCoCo session: org.jacoco.agent.rt.RT
21:17:07 PIT >> INFO : MINION : Failed to dump JaCoCo execution data: org.jacoco.agent.rt.RT
21:17:07 PIT >> INFO : MINION : Failed to set JaCoCo session: org.jacoco.agent.rt.RT
21:17:07 PIT >> INFO : MINION : Failed to dump JaCoCo execution data: org.jacoco.agent.rt.RT
21:17:07 PIT >> INFO : MINION : Failed to set JaCoCo session: org.jacoco.agent.rt.RT
21:17:07 PIT >> INFO : MINION : Failed to dump JaCoCo execution data: org.jacoco.agent.rt.RT
21:17:07 PIT >> INFO : MINION : Failed to set JaCoCo session: org.jacoco.agent.rt.RT
21:17:07 PIT >> INFO : MINION : Failed to dump JaCoCo execution data: org.jacoco.agent.rt.RT
21:17:07 PIT >> INFO : MINION : Failed to set JaCoCo session: org.jacoco.agent.rt.RT
21:17:07 PIT >> INFO : MINION : Failed to dump JaCoCo execution data: org.jacoco.agent.rt.RT
21:17:07 PIT >> INFO : MINION : Failed to set JaCoCo session: org.jacoco.agent.rt.RT
21:17:07 PIT >> INFO : MINION : Failed to dump JaCoCo execution data: org.jacoco.agent.rt.RT
21:17:07 PIT >> INFO : Calculated coverage in 30 seconds.
21:17:07 PIT >> SEVERE : Tests failing without mutation: 
Description [testClass=org.springframework.core.io.PathResourceTests, name=[engine:junit-jupiter]/[class:org.springframework.core.io.PathResourceTests]/[method:dirExists()]]
Description [testClass=org.springframework.core.io.PathResourceTests, name=[engine:junit-jupiter]/[class:org.springframework.core.io.PathResourceTests]/[method:fileIsWritable()]]
Description [testClass=org.springframework.core.io.PathResourceTests, name=[engine:junit-jupiter]/[class:org.springframework.core.io.PathResourceTests]/[method:getInputStream()]]
Description [testClass=org.springframework.core.io.PathResourceTests, name=[engine:junit-jupiter]/[class:org.springframework.core.io.PathResourceTests]/[method:contentLength()]]
Description [testClass=org.springframework.core.io.PathResourceTests, name=[engine:junit-jupiter]/[class:org.springframework.core.io.PathResourceTests]/[method:fileIsReadable()]]
Description [testClass=org.springframework.core.io.PathResourceTests, name=[engine:junit-jupiter]/[class:org.springframework.core.io.PathResourceTests]/[method:getOutputStreamForDirectory()]]
Description [testClass=org.springframework.core.io.PathResourceTests, name=[engine:junit-jupiter]/[class:org.springframework.core.io.PathResourceTests]/[method:getReadableByteChannel()]]
Description [testClass=org.springframework.core.io.PathResourceTests, name=[engine:junit-jupiter]/[class:org.springframework.core.io.PathResourceTests]/[method:contentLengthForDirectory()]]
Description [testClass=org.springframework.core.io.PathResourceTests, name=[engine:junit-jupiter]/[class:org.springframework.core.io.PathResourceTests]/[method:getReadableByteChannelForDir()]]
Description [testClass=org.springframework.core.io.PathResourceTests, name=[engine:junit-jupiter]/[class:org.springframework.core.io.PathResourceTests]/[method:fileExists()]]
Description [testClass=org.springframework.core.io.PathResourceTests, name=[engine:junit-jupiter]/[class:org.springframework.core.io.PathResourceTests]/[method:lastModified()]]
Description [testClass=org.springframework.core.io.support.PathMatchingResourcePatternResolverTests, name=[engine:junit-jupiter]/[class:org.springframework.core.io.support.PathMatchingResourcePatternResolverTests]/[nested-class:FileSystemResources]/[method:encodedHashtagInPath()]]
Description [testClass=org.springframework.core.io.support.PathMatchingResourcePatternResolverTests, name=[engine:junit-jupiter]/[class:org.springframework.core.io.support.PathMatchingResourcePatternResolverTests]/[nested-class:FileSystemResources]/[nested-class:WithHashtagsInTheirFilenames]/[method:usingClasspathStarProtocolWithWildcardInPatternAndEndingInSlash()]]
Description [testClass=org.springframework.core.io.support.PathMatchingResourcePatternResolverTests, name=[engine:junit-jupiter]/[class:org.springframework.core.io.support.PathMatchingResourcePatternResolverTests]/[nested-class:FileSystemResources]/[nested-class:WithHashtagsInTheirFilenames]/[method:usingFileProtocolWithWildcardInPatternAndNotEndingInSlash()]]
Description [testClass=org.springframework.core.io.support.PathMatchingResourcePatternResolverTests, name=[engine:junit-jupiter]/[class:org.springframework.core.io.support.PathMatchingResourcePatternResolverTests]/[nested-class:FileSystemResources]/[nested-class:WithHashtagsInTheirFilenames]/[method:usingFileProtocolWithWildcardInPatternAndEndingInSlashStarStar()]]
Description [testClass=org.springframework.core.io.support.PathMatchingResourcePatternResolverTests, name=[engine:junit-jupiter]/[class:org.springframework.core.io.support.PathMatchingResourcePatternResolverTests]/[nested-class:FileSystemResources]/[nested-class:WithHashtagsInTheirFilenames]/[method:usingFileProtocolWithoutWildcardInPatternAndEndingInSlashStarStar()]]
Description [testClass=org.springframework.core.io.support.PathMatchingResourcePatternResolverTests, name=[engine:junit-jupiter]/[class:org.springframework.core.io.support.PathMatchingResourcePatternResolverTests]/[nested-class:FileSystemResources]/[nested-class:WithHashtagsInTheirFilenames]/[method:usingFileProtocolAndAssertingUrlAndUriSyntax()]]
Description [testClass=org.springframework.core.io.support.SpringFactoriesLoaderTests, name=[engine:junit-jupiter]/[class:org.springframework.core.io.support.SpringFactoriesLoaderTests]/[method:loadWhenMultipleConstructorsThrowsException()]]
Description [testClass=org.springframework.core.io.support.SpringFactoriesLoaderTests, name=[engine:junit-jupiter]/[class:org.springframework.core.io.support.SpringFactoriesLoaderTests]/[method:loadWithArgumentResolverWhenNoDefaultConstructor()]]
Exception in thread "main" org.pitest.help.PitHelpError: 19 tests did not pass without mutation when calculating line coverage. Mutation testing requires a green suite.
See https://pitest.org for more details.
	at org.pitest.coverage.execute.DefaultCoverageGenerator.verifyBuildSuitableForMutationTesting(DefaultCoverageGenerator.java:127)
	at org.pitest.coverage.execute.DefaultCoverageGenerator.calculateCoverage(DefaultCoverageGenerator.java:109)
	at org.pitest.coverage.execute.DefaultCoverageGenerator.calculateCoverage(DefaultCoverageGenerator.java:53)
	at org.pitest.mutationtest.tooling.MutationCoverage.runAnalysis(MutationCoverage.java:158)
	at org.pitest.mutationtest.tooling.MutationCoverage.runReport(MutationCoverage.java:145)
	at org.pitest.mutationtest.tooling.EntryPoint.execute(EntryPoint.java:138)
	at org.pitest.mutationtest.tooling.EntryPoint.execute(EntryPoint.java:64)
	at org.pitest.mutationtest.commandline.MutationCoverageReport.runReport(MutationCoverageReport.java:98)
	at org.pitest.mutationtest.commandline.MutationCoverageReport.main(MutationCoverageReport.java:45)
