00:02:00 PIT >> INFO : Verbose logging is disabled. If you encounter a problem, please enable it before reporting an issue.
00:02:00 PIT >> INFO : Created 1 mutation test units in pre scan
00:02:00 PIT >> INFO : Sending 134 test classes to minion
00:02:00 PIT >> INFO : Sent tests to minion
00:02:00 PIT >> INFO : MINION : Failed to set JaCoCo session: org.jacoco.agent.rt.RT
00:02:01 PIT >> INFO : MINION : Oct 06, 2026 12:02:01 AM org.junit.jupiter.engine.extension.TempDirectory$CloseablePath close
00:02:01 PIT >> INFO : MINION : INFO: Skipping cleanup of temp dir /var/folders/b_/kfwtjnkn3b786hkqn6dxb56m0000gn/T/junit12090530408745105960 due to cleanup mode configuration.
00:02:01 PIT >> INFO : MINION : Failed to dump JaCoCo execution data: org.jacoco.agent.rt.RT
00:02:01 PIT >> INFO : MINION : Failed to set JaCoCo session: org.jacoco.agent.rt.RT
00:02:01 PIT >> INFO : MINION : Failed to dump JaCoCo execution data: org.jacoco.agent.rt.RT
00:02:01 PIT >> INFO : MINION : Failed to set JaCoCo session: org.jacoco.agent.rt.RT
00:02:01 PIT >> INFO : MINION : Failed to dump JaCoCo execution data: org.jacoco.agent.rt.RT
00:02:01 PIT >> INFO : MINION : Failed to set JaCoCo session: org.jacoco.agent.rt.RT
00:02:01 PIT >> INFO : MINION : Failed to dump JaCoCo execution data: org.jacoco.agent.rt.RT
00:02:01 PIT >> INFO : MINION : Failed to set JaCoCo session: org.jacoco.agent.rt.RT
00:02:01 PIT >> INFO : MINION : Failed to dump JaCoCo execution data: org.jacoco.agent.rt.RT
00:02:01 PIT >> INFO : MINION : Failed to set JaCoCo session: org.jacoco.agent.rt.RT
00:02:01 PIT >> INFO : MINION : Failed to dump JaCoCo execution data: org.jacoco.agent.rt.RT
00:02:01 PIT >> INFO : MINION : Failed to set JaCoCo session: org.jacoco.agent.rt.RT
00:02:01 PIT >> INFO : MINION : Failed to dump JaCoCo execution data: org.jacoco.agent.rt.RT
00:02:01 PIT >> INFO : MINION : Failed to set JaCoCo session: org.jacoco.agent.rt.RT
00:02:01 PIT >> INFO : MINION : Failed to dump JaCoCo execution data: org.jacoco.agent.rt.RT
00:02:01 PIT >> INFO : MINION : Failed to set JaCoCo session: org.jacoco.agent.rt.RT
00:02:01 PIT >> INFO : MINION : Failed to dump JaCoCo execution data: org.jacoco.agent.rt.RT
00:02:01 PIT >> INFO : MINION : Failed to set JaCoCo session: org.jacoco.agent.rt.RT
00:02:01 PIT >> INFO : MINION : Failed to dump JaCoCo execution data: org.jacoco.agent.rt.RT
00:02:01 PIT >> INFO : MINION : Failed to set JaCoCo session: org.jacoco.agent.rt.RT
00:02:01 PIT >> INFO : MINION : Failed to dump JaCoCo execution data: org.jacoco.agent.rt.RT
00:02:01 PIT >> INFO : MINION : Failed to set JaCoCo session: org.jacoco.agent.rt.RT
00:02:01 PIT >> INFO : MINION : Failed to dump JaCoCo execution data: org.jacoco.agent.rt.RT
00:02:01 PIT >> INFO : MINION : Failed to set JaCoCo session: org.jacoco.agent.rt.RT
00:02:01 PIT >> INFO : MINION : Failed to dump JaCoCo execution data: org.jacoco.agent.rt.RT
00:02:01 PIT >> INFO : MINION : Failed to set JaCoCo session: org.jacoco.agent.rt.RT
00:02:01 PIT >> INFO : MINION : Failed to dump JaCoCo execution data: org.jacoco.agent.rt.RT
00:02:01 PIT >> INFO : MINION : Failed to set JaCoCo session: org.jacoco.agent.rt.RT
00:02:01 PIT >> INFO : MINION : Failed to dump JaCoCo execution data: org.jacoco.agent.rt.RT
00:02:01 PIT >> INFO : MINION : Failed to set JaCoCo session: org.jacoco.agent.rt.RT
00:02:01 PIT >> INFO : MINION : Failed to dump JaCoCo execution data: org.jacoco.agent.rt.RT
00:02:01 PIT >> INFO : MINION : Failed to set JaCoCo session: org.jacoco.agent.rt.RT
00:02:01 PIT >> INFO : MINION : Failed to dump JaCoCo execution data: org.jacoco.agent.rt.RT
00:02:01 PIT >> INFO : MINION : Failed to set JaCoCo session: org.jacoco.agent.rt.RT
00:02:01 PIT >> INFO : MINION : Failed to dump JaCoCo execution data: org.jacoco.agent.rt.RT
00:02:01 PIT >> INFO : MINION : Failed to set JaCoCo session: org.jacoco.agent.rt.RT
00:02:01 PIT >> INFO : MINION : Failed to dump JaCoCo execution data: org.jacoco.agent.rt.RT
00:02:01 PIT >> INFO : MINION : Failed to set JaCoCo session: org.jacoco.agent.rt.RT
00:02:01 PIT >> INFO : MINION : Failed to dump JaCoCo execution data: org.jacoco.agent.rt.RT
00:02:01 PIT >> INFO : MINION : Failed to set JaCoCo session: org.jacoco.agent.rt.RT
00:02:01 PIT >> INFO : MINION : Failed to dump JaCoCo execution data: org.jacoco.agent.rt.RT
00:02:01 PIT >> INFO : MINION : Failed to set JaCoCo session: org.jacoco.agent.rt.RT
00:02:01 PIT >> INFO : MINION : Failed to dump JaCoCo execution data: org.jacoco.agent.rt.RT
00:02:01 PIT >> INFO : MINION : Failed to set JaCoCo session: org.jacoco.agent.rt.RT
00:02:01 PIT >> INFO : MINION : Failed to dump JaCoCo execution data: org.jacoco.agent.rt.RT
00:02:01 PIT >> INFO : MINION : Failed to set JaCoCo session: org.jacoco.agent.rt.RT
00:02:01 PIT >> INFO : MINION : Failed to dump JaCoCo execution data: org.jacoco.agent.rt.RT
00:02:01 PIT >> INFO : MINION : Failed to set JaCoCo session: org.jacoco.agent.rt.RT
00:02:01 PIT >> INFO : MINION : Failed to dump JaCoCo execution data: org.jacoco.agent.rt.RT
00:02:01 PIT >> INFO : MINION : Failed to set JaCoCo session: org.jacoco.agent.rt.RT
00:02:01 PIT >> INFO : MINION : Failed to dump JaCoCo execution data: org.jacoco.agent.rt.RT
00:02:01 PIT >> INFO : MINION : Failed to set JaCoCo session: org.jacoco.agent.rt.RT
00:02:01 PIT >> INFO : MINION : Failed to dump JaCoCo execution data: org.jacoco.agent.rt.RT
00:02:01 PIT >> INFO : MINION : Failed to set JaCoCo session: org.jacoco.agent.rt.RT
00:02:01 PIT >> INFO : MINION : Failed to dump JaCoCo execution data: org.jacoco.agent.rt.RT
00:02:01 PIT >> INFO : MINION : Failed to set JaCoCo session: org.jacoco.agent.rt.RT
00:02:01 PIT >> INFO : MINION : Failed to dump JaCoCo execution data: org.jacoco.agent.rt.RT
00:02:01 PIT >> INFO : MINION : Failed to set JaCoCo session: org.jacoco.agent.rt.RT
00:02:01 PIT >> INFO : MINION : Failed to dump JaCoCo execution data: org.jacoco.agent.rt.RT
00:02:01 PIT >> INFO : MINION : Failed to set JaCoCo session: org.jacoco.agent.rt.RT
00:02:01 PIT >> INFO : MINION : Failed to dump JaCoCo execution data: org.jacoco.agent.rt.RT
00:02:01 PIT >> INFO : MINION : Failed to set JaCoCo session: org.jacoco.agent.rt.RT
00:02:01 PIT >> INFO : MINION : Failed to dump JaCoCo execution data: org.jacoco.agent.rt.RT
00:02:01 PIT >> INFO : MINION : Failed to set JaCoCo session: org.jacoco.agent.rt.RT
00:02:01 PIT >> INFO : MINION : Failed to dump JaCoCo execution data: org.jacoco.agent.rt.RT
00:02:01 PIT >> INFO : MINION : Failed to set JaCoCo session: org.jacoco.agent.rt.RT
00:02:01 PIT >> INFO : MINION : Failed to dump JaCoCo execution data: org.jacoco.agent.rt.RT
00:02:01 PIT >> INFO : MINION : Failed to set JaCoCo session: org.jacoco.agent.rt.RT
00:02:01 PIT >> INFO : MINION : Failed to dump JaCoCo execution data: org.jacoco.agent.rt.RT
00:02:01 PIT >> INFO : MINION : Failed to set JaCoCo session: org.jacoco.agent.rt.RT
00:02:01 PIT >> INFO : MINION : Failed to dump JaCoCo execution data: org.jacoco.agent.rt.RT
00:02:01 PIT >> INFO : MINION : Failed to set JaCoCo session: org.jacoco.agent.rt.RT
00:02:01 PIT >> INFO : MINION : Failed to dump JaCoCo execution data: org.jacoco.agent.rt.RT
00:02:01 PIT >> INFO : MINION : Failed to set JaCoCo session: org.jacoco.agent.rt.RT
00:02:01 PIT >> INFO : MINION : Failed to dump JaCoCo execution data: org.jacoco.agent.rt.RT
00:02:01 PIT >> INFO : MINION : Failed to set JaCoCo session: org.jacoco.agent.rt.RT
00:02:01 PIT >> INFO : MINION : Failed to dump JaCoCo execution data: org.jacoco.agent.rt.RT
00:02:01 PIT >> INFO : MINION : Failed to set JaCoCo session: org.jacoco.agent.rt.RT
00:02:01 PIT >> INFO : MINION : Failed to dump JaCoCo execution data: org.jacoco.agent.rt.RT
00:02:01 PIT >> INFO : MINION : Failed to set JaCoCo session: org.jacoco.agent.rt.RT
00:02:01 PIT >> INFO : MINION : Failed to dump JaCoCo execution data: org.jacoco.agent.rt.RT
00:02:01 PIT >> INFO : MINION : Failed to set JaCoCo session: org.jacoco.agent.rt.RT
00:02:01 PIT >> INFO : MINION : Failed to dump JaCoCo execution data: org.jacoco.agent.rt.RT
00:02:01 PIT >> INFO : MINION : Failed to set JaCoCo session: org.jacoco.agent.rt.RT
00:02:01 PIT >> INFO : MINION : Failed to dump JaCoCo execution data: org.jacoco.agent.rt.RT
00:02:01 PIT >> INFO : MINION : Failed to set JaCoCo session: org.jacoco.agent.rt.RT
00:02:01 PIT >> INFO : MINION : Failed to dump JaCoCo execution data: org.jacoco.agent.rt.RT
00:02:01 PIT >> INFO : MINION : Failed to set JaCoCo session: org.jacoco.agent.rt.RT
00:02:01 PIT >> INFO : MINION : Failed to dump JaCoCo execution data: org.jacoco.agent.rt.RT
00:02:01 PIT >> SEVERE : Description [testClass=org.springframework.core.io.PathResourceTests, name=[engine:junit-jupiter]/[class:org.springframework.core.io.PathResourceTests]/[method:dirExists()]] did not pass without mutation.
00:02:01 PIT >> INFO : MINION : Failed to set JaCoCo session: org.jacoco.agent.rt.RT
00:02:01 PIT >> INFO : MINION : Failed to dump JaCoCo execution data: org.jacoco.agent.rt.RT
00:02:01 PIT >> SEVERE : Description [testClass=org.springframework.core.io.PathResourceTests, name=[engine:junit-jupiter]/[class:org.springframework.core.io.PathResourceTests]/[method:fileIsWritable()]] did not pass without mutation.
00:02:01 PIT >> SEVERE : Description [testClass=org.springframework.core.io.PathResourceTests, name=[engine:junit-jupiter]/[class:org.springframework.core.io.PathResourceTests]/[method:getInputStream()]] did not pass without mutation.
00:02:01 PIT >> SEVERE : Description [testClass=org.springframework.core.io.PathResourceTests, name=[engine:junit-jupiter]/[class:org.springframework.core.io.PathResourceTests]/[method:contentLength()]] did not pass without mutation.
00:02:01 PIT >> SEVERE : Description [testClass=org.springframework.core.io.PathResourceTests, name=[engine:junit-jupiter]/[class:org.springframework.core.io.PathResourceTests]/[method:fileIsReadable()]] did not pass without mutation.
00:02:01 PIT >> SEVERE : Description [testClass=org.springframework.core.io.PathResourceTests, name=[engine:junit-jupiter]/[class:org.springframework.core.io.PathResourceTests]/[method:getOutputStreamForDirectory()]] did not pass without mutation.
00:02:01 PIT >> INFO : MINION : Failed to set JaCoCo session: org.jacoco.agent.rt.RT
00:02:01 PIT >> INFO : MINION : Failed to dump JaCoCo execution data: org.jacoco.agent.rt.RT
00:02:01 PIT >> INFO : MINION : Failed to set JaCoCo session: org.jacoco.agent.rt.RT
00:02:01 PIT >> INFO : MINION : Failed to dump JaCoCo execution data: org.jacoco.agent.rt.RT
00:02:01 PIT >> INFO : MINION : Failed to set JaCoCo session: org.jacoco.agent.rt.RT
00:02:01 PIT >> INFO : MINION : Failed to dump JaCoCo execution data: org.jacoco.agent.rt.RT
00:02:01 PIT >> INFO : MINION : Failed to set JaCoCo session: org.jacoco.agent.rt.RT
00:02:01 PIT >> INFO : MINION : Failed to dump JaCoCo execution data: org.jacoco.agent.rt.RT
00:02:01 PIT >> INFO : MINION : Failed to set JaCoCo session: org.jacoco.agent.rt.RT
00:02:01 PIT >> INFO : MINION : Failed to dump JaCoCo execution data: org.jacoco.agent.rt.RT
00:02:01 PIT >> INFO : MINION : Failed to set JaCoCo session: org.jacoco.agent.rt.RT
00:02:01 PIT >> INFO : MINION : Failed to dump JaCoCo execution data: org.jacoco.agent.rt.RT
00:02:01 PIT >> INFO : MINION : Failed to set JaCoCo session: org.jacoco.agent.rt.RT
00:02:01 PIT >> INFO : MINION : Failed to dump JaCoCo execution data: org.jacoco.agent.rt.RT
00:02:01 PIT >> INFO : MINION : Failed to set JaCoCo session: org.jacoco.agent.rt.RT
00:02:01 PIT >> INFO : MINION : Failed to dump JaCoCo execution data: org.jacoco.agent.rt.RT
00:02:01 PIT >> INFO : MINION : Failed to set JaCoCo session: org.jacoco.agent.rt.RT
00:02:01 PIT >> INFO : MINION : Failed to dump JaCoCo execution data: org.jacoco.agent.rt.RT
00:02:01 PIT >> INFO : MINION : Failed to set JaCoCo session: org.jacoco.agent.rt.RT
00:02:01 PIT >> INFO : MINION : Failed to dump JaCoCo execution data: org.jacoco.agent.rt.RT
00:02:01 PIT >> INFO : MINION : Failed to set JaCoCo session: org.jacoco.agent.rt.RT
00:02:01 PIT >> INFO : MINION : Failed to dump JaCoCo execution data: org.jacoco.agent.rt.RT
00:02:01 PIT >> INFO : MINION : Failed to set JaCoCo session: org.jacoco.agent.rt.RT
00:02:01 PIT >> INFO : MINION : Failed to dump JaCoCo execution data: org.jacoco.agent.rt.RT
00:02:01 PIT >> INFO : MINION : Failed to set JaCoCo session: org.jacoco.agent.rt.RT
00:02:01 PIT >> INFO : MINION : Failed to dump JaCoCo execution data: org.jacoco.agent.rt.RT
00:02:01 PIT >> INFO : MINION : Failed to set JaCoCo session: org.jacoco.agent.rt.RT
00:02:02 PIT >> INFO : MINION : WARNING: A Java agent has been loaded dynamically (/Users/D061177/.gradle/caches/modules-2/files-2.1/net.bytebuddy/byte-buddy-agent/1.14.15/b4cc9d88d5de562bf75b3a54ab436ad01b3f72d/byte-buddy-agent-1.14.15.jar)
00:02:02 PIT >> INFO : MINION : WARNING: If a serviceability tool is in use, please run with -XX:+EnableDynamicAgentLoading to hide this warning
00:02:02 PIT >> INFO : MINION : WARNING: If a serviceability tool is not in use, please run with -Djdk.instrument.traceUsage for more information
00:02:02 PIT >> INFO : MINION : WARNING: Dynamic loading of agents will be disallowed by default in a future release
00:02:02 PIT >> INFO : MINION : OpenJDK 64-Bit Server VM warning: Sharing is only supported for boot loader classes because bootstrap classpath has been appended
00:02:02 PIT >> INFO : MINION : Failed to dump JaCoCo execution data: org.jacoco.agent.rt.RT
00:02:02 PIT >> INFO : MINION : Failed to set JaCoCo session: org.jacoco.agent.rt.RT
00:02:02 PIT >> INFO : MINION : Failed to dump JaCoCo execution data: org.jacoco.agent.rt.RT
00:02:02 PIT >> INFO : MINION : Failed to set JaCoCo session: org.jacoco.agent.rt.RT
00:02:02 PIT >> INFO : MINION : Failed to dump JaCoCo execution data: org.jacoco.agent.rt.RT
00:02:02 PIT >> INFO : MINION : Failed to set JaCoCo session: org.jacoco.agent.rt.RT
00:02:02 PIT >> INFO : MINION : Failed to dump JaCoCo execution data: org.jacoco.agent.rt.RT
00:02:02 PIT >> INFO : MINION : Failed to set JaCoCo session: org.jacoco.agent.rt.RT
00:02:02 PIT >> INFO : MINION : Failed to dump JaCoCo execution data: org.jacoco.agent.rt.RT
00:02:02 PIT >> INFO : MINION : Failed to set JaCoCo session: org.jacoco.agent.rt.RT
00:02:02 PIT >> INFO : MINION : Failed to dump JaCoCo execution data: org.jacoco.agent.rt.RT
00:02:02 PIT >> INFO : MINION : Failed to set JaCoCo session: org.jacoco.agent.rt.RT
00:02:02 PIT >> INFO : MINION : Failed to dump JaCoCo execution data: org.jacoco.agent.rt.RT
00:02:02 PIT >> INFO : MINION : Failed to set JaCoCo session: org.jacoco.agent.rt.RT
00:02:02 PIT >> INFO : MINION : Failed to dump JaCoCo execution data: org.jacoco.agent.rt.RT
00:02:02 PIT >> INFO : MINION : Failed to set JaCoCo session: org.jacoco.agent.rt.RT
00:02:02 PIT >> INFO : MINION : Failed to dump JaCoCo execution data: org.jacoco.agent.rt.RT
00:02:02 PIT >> INFO : MINION : Failed to set JaCoCo session: org.jacoco.agent.rt.RT
00:02:02 PIT >> INFO : MINION : Failed to dump JaCoCo execution data: org.jacoco.agent.rt.RT
00:02:02 PIT >> INFO : MINION : Failed to set JaCoCo session: org.jacoco.agent.rt.RT
00:02:02 PIT >> INFO : MINION : Failed to dump JaCoCo execution data: org.jacoco.agent.rt.RT
00:02:02 PIT >> INFO : MINION : Failed to set JaCoCo session: org.jacoco.agent.rt.RT
00:02:02 PIT >> INFO : MINION : Failed to dump JaCoCo execution data: org.jacoco.agent.rt.RT
00:02:02 PIT >> INFO : MINION : Failed to set JaCoCo session: org.jacoco.agent.rt.RT
00:02:02 PIT >> INFO : MINION : Failed to dump JaCoCo execution data: org.jacoco.agent.rt.RT
00:02:02 PIT >> INFO : MINION : Failed to set JaCoCo session: org.jacoco.agent.rt.RT
00:02:02 PIT >> INFO : MINION : Failed to dump JaCoCo execution data: org.jacoco.agent.rt.RT
00:02:02 PIT >> SEVERE : Description [testClass=org.springframework.core.io.PathResourceTests, name=[engine:junit-jupiter]/[class:org.springframework.core.io.PathResourceTests]/[method:getReadableByteChannel()]] did not pass without mutation.
00:02:02 PIT >> SEVERE : Description [testClass=org.springframework.core.io.PathResourceTests, name=[engine:junit-jupiter]/[class:org.springframework.core.io.PathResourceTests]/[method:contentLengthForDirectory()]] did not pass without mutation.
00:02:02 PIT >> SEVERE : Description [testClass=org.springframework.core.io.PathResourceTests, name=[engine:junit-jupiter]/[class:org.springframework.core.io.PathResourceTests]/[method:getReadableByteChannelForDir()]] did not pass without mutation.
00:02:02 PIT >> SEVERE : Description [testClass=org.springframework.core.io.PathResourceTests, name=[engine:junit-jupiter]/[class:org.springframework.core.io.PathResourceTests]/[method:fileExists()]] did not pass without mutation.
00:02:02 PIT >> INFO : MINION : Failed to set JaCoCo session: org.jacoco.agent.rt.RT
00:02:02 PIT >> SEVERE : Description [testClass=org.springframework.core.io.PathResourceTests, name=[engine:junit-jupiter]/[class:org.springframework.core.io.PathResourceTests]/[method:lastModified()]] did not pass without mutation.
00:02:02 PIT >> INFO : MINION : Failed to dump JaCoCo execution data: org.jacoco.agent.rt.RT
00:02:02 PIT >> INFO : MINION : Failed to set JaCoCo session: org.jacoco.agent.rt.RT
00:02:02 PIT >> INFO : MINION : Failed to dump JaCoCo execution data: org.jacoco.agent.rt.RT
00:02:02 PIT >> INFO : MINION : Failed to set JaCoCo session: org.jacoco.agent.rt.RT
00:02:02 PIT >> INFO : MINION : Failed to dump JaCoCo execution data: org.jacoco.agent.rt.RT
00:02:02 PIT >> INFO : MINION : Failed to set JaCoCo session: org.jacoco.agent.rt.RT
00:02:02 PIT >> INFO : MINION : Failed to dump JaCoCo execution data: org.jacoco.agent.rt.RT
00:02:02 PIT >> INFO : MINION : Failed to set JaCoCo session: org.jacoco.agent.rt.RT
00:02:02 PIT >> INFO : MINION : Failed to dump JaCoCo execution data: org.jacoco.agent.rt.RT
00:02:02 PIT >> INFO : MINION : Failed to set JaCoCo session: org.jacoco.agent.rt.RT
00:02:02 PIT >> INFO : MINION : Failed to dump JaCoCo execution data: org.jacoco.agent.rt.RT
00:02:02 PIT >> INFO : MINION : Failed to set JaCoCo session: org.jacoco.agent.rt.RT
00:02:02 PIT >> INFO : MINION : Failed to dump JaCoCo execution data: org.jacoco.agent.rt.RT
00:02:02 PIT >> INFO : MINION : Failed to set JaCoCo session: org.jacoco.agent.rt.RT
00:02:02 PIT >> INFO : MINION : Failed to dump JaCoCo execution data: org.jacoco.agent.rt.RT
00:02:02 PIT >> INFO : MINION : Failed to set JaCoCo session: org.jacoco.agent.rt.RT
00:02:02 PIT >> INFO : MINION : Failed to dump JaCoCo execution data: org.jacoco.agent.rt.RT
00:02:02 PIT >> INFO : MINION : Failed to set JaCoCo session: org.jacoco.agent.rt.RT
00:02:02 PIT >> INFO : MINION : Failed to dump JaCoCo execution data: org.jacoco.agent.rt.RT
00:02:02 PIT >> INFO : MINION : Failed to set JaCoCo session: org.jacoco.agent.rt.RT
00:02:02 PIT >> INFO : MINION : Failed to dump JaCoCo execution data: org.jacoco.agent.rt.RT
00:02:02 PIT >> INFO : MINION : Failed to set JaCoCo session: org.jacoco.agent.rt.RT
00:02:02 PIT >> INFO : MINION : Failed to dump JaCoCo execution data: org.jacoco.agent.rt.RT
00:02:02 PIT >> INFO : MINION : Failed to set JaCoCo session: org.jacoco.agent.rt.RT
00:02:02 PIT >> INFO : MINION : Failed to dump JaCoCo execution data: org.jacoco.agent.rt.RT
00:02:02 PIT >> INFO : MINION : Failed to set JaCoCo session: org.jacoco.agent.rt.RT
00:02:02 PIT >> INFO : MINION : Failed to dump JaCoCo execution data: org.jacoco.agent.rt.RT
00:02:02 PIT >> INFO : MINION : Failed to set JaCoCo session: org.jacoco.agent.rt.RT
00:02:02 PIT >> INFO : MINION : Failed to dump JaCoCo execution data: org.jacoco.agent.rt.RT
00:02:02 PIT >> INFO : MINION : Failed to set JaCoCo session: org.jacoco.agent.rt.RT
00:02:02 PIT >> INFO : MINION : Failed to dump JaCoCo execution data: org.jacoco.agent.rt.RT
00:02:02 PIT >> INFO : MINION : Failed to set JaCoCo session: org.jacoco.agent.rt.RT
00:02:02 PIT >> INFO : MINION : Failed to dump JaCoCo execution data: org.jacoco.agent.rt.RT
00:02:02 PIT >> INFO : MINION : Failed to set JaCoCo session: org.jacoco.agent.rt.RT
00:02:02 PIT >> INFO : MINION : Failed to dump JaCoCo execution data: org.jacoco.agent.rt.RT
00:02:02 PIT >> INFO : MINION : Failed to set JaCoCo session: org.jacoco.agent.rt.RT
00:02:02 PIT >> INFO : MINION : Failed to dump JaCoCo execution data: org.jacoco.agent.rt.RT
00:02:02 PIT >> INFO : MINION : Failed to set JaCoCo session: org.jacoco.agent.rt.RT
00:02:02 PIT >> INFO : MINION : Failed to dump JaCoCo execution data: org.jacoco.agent.rt.RT
00:02:02 PIT >> INFO : MINION : Failed to set JaCoCo session: org.jacoco.agent.rt.RT
00:02:02 PIT >> INFO : MINION : Failed to dump JaCoCo execution data: org.jacoco.agent.rt.RT
00:02:02 PIT >> INFO : MINION : Failed to set JaCoCo session: org.jacoco.agent.rt.RT
00:02:02 PIT >> INFO : MINION : Failed to dump JaCoCo execution data: org.jacoco.agent.rt.RT
00:02:02 PIT >> INFO : MINION : Failed to set JaCoCo session: org.jacoco.agent.rt.RT
00:02:02 PIT >> INFO : MINION : Failed to dump JaCoCo execution data: org.jacoco.agent.rt.RT
00:02:02 PIT >> INFO : MINION : Failed to set JaCoCo session: org.jacoco.agent.rt.RT
00:02:02 PIT >> INFO : MINION : Failed to dump JaCoCo execution data: org.jacoco.agent.rt.RT
00:02:02 PIT >> INFO : MINION : Failed to set JaCoCo session: org.jacoco.agent.rt.RT
00:02:02 PIT >> INFO : MINION : Failed to dump JaCoCo execution data: org.jacoco.agent.rt.RT
00:02:02 PIT >> INFO : MINION : Failed to set JaCoCo session: org.jacoco.agent.rt.RT
00:02:02 PIT >> INFO : MINION : Failed to dump JaCoCo execution data: org.jacoco.agent.rt.RT
00:02:02 PIT >> INFO : MINION : Failed to set JaCoCo session: org.jacoco.agent.rt.RT
00:02:02 PIT >> INFO : MINION : Failed to dump JaCoCo execution data: org.jacoco.agent.rt.RT
00:02:02 PIT >> INFO : MINION : Failed to set JaCoCo session: org.jacoco.agent.rt.RT
00:02:02 PIT >> INFO : MINION : Failed to dump JaCoCo execution data: org.jacoco.agent.rt.RT
00:02:02 PIT >> INFO : MINION : Failed to set JaCoCo session: org.jacoco.agent.rt.RT
00:02:02 PIT >> INFO : MINION : Failed to dump JaCoCo execution data: org.jacoco.agent.rt.RT
00:02:02 PIT >> INFO : MINION : Failed to set JaCoCo session: org.jacoco.agent.rt.RT
00:02:02 PIT >> INFO : MINION : Failed to dump JaCoCo execution data: org.jacoco.agent.rt.RT
00:02:02 PIT >> INFO : MINION : Failed to set JaCoCo session: org.jacoco.agent.rt.RT
00:02:02 PIT >> INFO : MINION : Failed to dump JaCoCo execution data: org.jacoco.agent.rt.RT
00:02:02 PIT >> INFO : MINION : Failed to set JaCoCo session: org.jacoco.agent.rt.RT
00:02:02 PIT >> INFO : MINION : Failed to dump JaCoCo execution data: org.jacoco.agent.rt.RT
00:02:02 PIT >> INFO : MINION : Failed to set JaCoCo session: org.jacoco.agent.rt.RT
00:02:02 PIT >> INFO : MINION : Failed to dump JaCoCo execution data: org.jacoco.agent.rt.RT
00:02:02 PIT >> INFO : MINION : Failed to set JaCoCo session: org.jacoco.agent.rt.RT
00:02:02 PIT >> INFO : MINION : Oct 06, 2026 12:02:02 AM okhttp3.mockwebserver.MockWebServer$3 execute
00:02:02 PIT >> INFO : MINION : INFO: MockWebServer[54676] starting to accept connections
00:02:02 PIT >> INFO : MINION : Oct 06, 2026 12:02:02 AM okhttp3.mockwebserver.MockWebServer$4 processOneRequest
00:02:02 PIT >> INFO : MINION : INFO: MockWebServer[54676] received request: HEAD /resource HTTP/1.1 and responded: HTTP/1.1 200 OK
00:02:02 PIT >> INFO : MINION : Oct 06, 2026 12:02:02 AM okhttp3.mockwebserver.MockWebServer$3 acceptConnections
00:02:02 PIT >> INFO : MINION : INFO: MockWebServer[54676] done accepting connections: Socket closed
00:02:02 PIT >> INFO : MINION : Failed to dump JaCoCo execution data: org.jacoco.agent.rt.RT
00:02:02 PIT >> INFO : MINION : Failed to set JaCoCo session: org.jacoco.agent.rt.RT
00:02:02 PIT >> INFO : MINION : Oct 06, 2026 12:02:02 AM okhttp3.mockwebserver.MockWebServer$3 execute
00:02:02 PIT >> INFO : MINION : INFO: MockWebServer[54678] starting to accept connections
00:02:02 PIT >> INFO : MINION : Oct 06, 2026 12:02:02 AM okhttp3.mockwebserver.MockWebServer$4 processOneRequest
00:02:02 PIT >> INFO : MINION : INFO: MockWebServer[54678] received request: HEAD /missing HTTP/1.1 and responded: HTTP/1.1 404 Client Error
00:02:02 PIT >> INFO : MINION : Oct 06, 2026 12:02:02 AM okhttp3.mockwebserver.MockWebServer$3 acceptConnections
00:02:02 PIT >> INFO : MINION : INFO: MockWebServer[54678] done accepting connections: Socket closed
00:02:02 PIT >> INFO : MINION : Failed to dump JaCoCo execution data: org.jacoco.agent.rt.RT
00:02:02 PIT >> INFO : MINION : Failed to set JaCoCo session: org.jacoco.agent.rt.RT
00:02:02 PIT >> INFO : MINION : Oct 06, 2026 12:02:02 AM okhttp3.mockwebserver.MockWebServer$3 execute
00:02:02 PIT >> INFO : MINION : INFO: MockWebServer[54680] starting to accept connections
00:02:02 PIT >> INFO : MINION : Oct 06, 2026 12:02:02 AM okhttp3.mockwebserver.MockWebServer$4 processOneRequest
00:02:02 PIT >> INFO : MINION : INFO: MockWebServer[54680] received request: GET /resource HTTP/1.1 and responded: HTTP/1.1 200 OK
00:02:02 PIT >> INFO : MINION : Oct 06, 2026 12:02:02 AM okhttp3.mockwebserver.MockWebServer$3 acceptConnections
00:02:02 PIT >> INFO : MINION : INFO: MockWebServer[54680] done accepting connections: Socket closed
00:02:02 PIT >> INFO : MINION : Failed to dump JaCoCo execution data: org.jacoco.agent.rt.RT
00:02:02 PIT >> INFO : MINION : Failed to set JaCoCo session: org.jacoco.agent.rt.RT
00:02:02 PIT >> INFO : MINION : Failed to dump JaCoCo execution data: org.jacoco.agent.rt.RT
00:02:02 PIT >> INFO : MINION : Failed to set JaCoCo session: org.jacoco.agent.rt.RT
00:02:02 PIT >> INFO : MINION : Failed to dump JaCoCo execution data: org.jacoco.agent.rt.RT
00:02:02 PIT >> INFO : MINION : Failed to set JaCoCo session: org.jacoco.agent.rt.RT
00:02:02 PIT >> INFO : MINION : Oct 06, 2026 12:02:02 AM okhttp3.mockwebserver.MockWebServer$3 execute
00:02:02 PIT >> INFO : MINION : INFO: MockWebServer[54682] starting to accept connections
00:02:02 PIT >> INFO : MINION : Oct 06, 2026 12:02:02 AM okhttp3.mockwebserver.MockWebServer$4 processOneRequest
00:02:02 PIT >> INFO : MINION : INFO: MockWebServer[54682] received request: GET /resource HTTP/1.1 and responded: HTTP/1.1 200 OK
00:02:02 PIT >> INFO : MINION : Oct 06, 2026 12:02:02 AM okhttp3.mockwebserver.MockWebServer$3 acceptConnections
00:02:02 PIT >> INFO : MINION : INFO: MockWebServer[54682] done accepting connections: Socket closed
00:02:02 PIT >> INFO : MINION : Failed to dump JaCoCo execution data: org.jacoco.agent.rt.RT
00:02:02 PIT >> INFO : MINION : Failed to set JaCoCo session: org.jacoco.agent.rt.RT
00:02:02 PIT >> INFO : MINION : Oct 06, 2026 12:02:02 AM okhttp3.mockwebserver.MockWebServer$3 execute
00:02:02 PIT >> INFO : MINION : INFO: MockWebServer[54684] starting to accept connections
00:02:02 PIT >> INFO : MINION : Oct 06, 2026 12:02:02 AM okhttp3.mockwebserver.MockWebServer$4 processOneRequest
00:02:02 PIT >> INFO : MINION : INFO: MockWebServer[54684] received request: HEAD /resource HTTP/1.1 and responded: HTTP/1.1 200 OK
00:02:02 PIT >> INFO : MINION : Oct 06, 2026 12:02:02 AM okhttp3.mockwebserver.MockWebServer$4 processOneRequest
00:02:02 PIT >> INFO : MINION : INFO: MockWebServer[54684] received request: HEAD /resource HTTP/1.1 and responded: HTTP/1.1 200 OK
00:02:02 PIT >> INFO : MINION : Oct 06, 2026 12:02:02 AM okhttp3.mockwebserver.MockWebServer$3 acceptConnections
00:02:02 PIT >> INFO : MINION : INFO: MockWebServer[54684] done accepting connections: Socket closed
00:02:02 PIT >> INFO : MINION : Failed to dump JaCoCo execution data: org.jacoco.agent.rt.RT
00:02:02 PIT >> INFO : MINION : Failed to set JaCoCo session: org.jacoco.agent.rt.RT
00:02:02 PIT >> INFO : MINION : Failed to dump JaCoCo execution data: org.jacoco.agent.rt.RT
00:02:02 PIT >> INFO : MINION : Failed to set JaCoCo session: org.jacoco.agent.rt.RT
00:02:02 PIT >> INFO : MINION : Failed to dump JaCoCo execution data: org.jacoco.agent.rt.RT
00:02:02 PIT >> INFO : MINION : Failed to set JaCoCo session: org.jacoco.agent.rt.RT
00:02:02 PIT >> INFO : MINION : Failed to dump JaCoCo execution data: org.jacoco.agent.rt.RT
00:02:02 PIT >> INFO : MINION : Failed to set JaCoCo session: org.jacoco.agent.rt.RT
00:02:02 PIT >> INFO : MINION : Failed to dump JaCoCo execution data: org.jacoco.agent.rt.RT
00:02:02 PIT >> INFO : MINION : Failed to set JaCoCo session: org.jacoco.agent.rt.RT
00:02:02 PIT >> INFO : MINION : Failed to dump JaCoCo execution data: org.jacoco.agent.rt.RT
00:02:02 PIT >> INFO : MINION : Failed to set JaCoCo session: org.jacoco.agent.rt.RT
00:02:02 PIT >> INFO : MINION : Failed to dump JaCoCo execution data: org.jacoco.agent.rt.RT
00:02:02 PIT >> INFO : MINION : Failed to set JaCoCo session: org.jacoco.agent.rt.RT
00:02:02 PIT >> INFO : MINION : Failed to dump JaCoCo execution data: org.jacoco.agent.rt.RT
00:02:02 PIT >> INFO : MINION : Failed to set JaCoCo session: org.jacoco.agent.rt.RT
00:02:02 PIT >> INFO : MINION : Failed to dump JaCoCo execution data: org.jacoco.agent.rt.RT
00:02:02 PIT >> INFO : MINION : Failed to set JaCoCo session: org.jacoco.agent.rt.RT
00:02:02 PIT >> INFO : MINION : Failed to dump JaCoCo execution data: org.jacoco.agent.rt.RT
00:02:02 PIT >> INFO : MINION : Failed to set JaCoCo session: org.jacoco.agent.rt.RT
00:02:02 PIT >> INFO : MINION : Failed to dump JaCoCo execution data: org.jacoco.agent.rt.RT
00:02:02 PIT >> INFO : MINION : Failed to set JaCoCo session: org.jacoco.agent.rt.RT
00:02:02 PIT >> INFO : MINION : Failed to dump JaCoCo execution data: org.jacoco.agent.rt.RT
00:02:02 PIT >> INFO : MINION : Failed to set JaCoCo session: org.jacoco.agent.rt.RT
00:02:02 PIT >> INFO : MINION : Failed to dump JaCoCo execution data: org.jacoco.agent.rt.RT
00:02:02 PIT >> INFO : MINION : Failed to set JaCoCo session: org.jacoco.agent.rt.RT
00:02:02 PIT >> INFO : MINION : Failed to dump JaCoCo execution data: org.jacoco.agent.rt.RT
00:02:02 PIT >> INFO : MINION : Failed to set JaCoCo session: org.jacoco.agent.rt.RT
00:02:02 PIT >> INFO : MINION : Failed to dump JaCoCo execution data: org.jacoco.agent.rt.RT
00:02:02 PIT >> INFO : MINION : Failed to set JaCoCo session: org.jacoco.agent.rt.RT
00:02:02 PIT >> INFO : MINION : Failed to dump JaCoCo execution data: org.jacoco.agent.rt.RT
00:02:02 PIT >> INFO : MINION : Failed to set JaCoCo session: org.jacoco.agent.rt.RT
00:02:02 PIT >> INFO : MINION : Failed to dump JaCoCo execution data: org.jacoco.agent.rt.RT
00:02:02 PIT >> INFO : MINION : Failed to set JaCoCo session: org.jacoco.agent.rt.RT
00:02:02 PIT >> INFO : MINION : Failed to dump JaCoCo execution data: org.jacoco.agent.rt.RT
00:02:02 PIT >> INFO : MINION : Failed to set JaCoCo session: org.jacoco.agent.rt.RT
00:02:02 PIT >> INFO : MINION : Failed to dump JaCoCo execution data: org.jacoco.agent.rt.RT
00:02:02 PIT >> INFO : MINION : Failed to set JaCoCo session: org.jacoco.agent.rt.RT
00:02:02 PIT >> INFO : MINION : Failed to dump JaCoCo execution data: org.jacoco.agent.rt.RT
00:02:02 PIT >> INFO : MINION : Failed to set JaCoCo session: org.jacoco.agent.rt.RT
00:02:02 PIT >> INFO : MINION : Failed to dump JaCoCo execution data: org.jacoco.agent.rt.RT
00:02:02 PIT >> INFO : MINION : Failed to set JaCoCo session: org.jacoco.agent.rt.RT
00:02:02 PIT >> INFO : MINION : Failed to dump JaCoCo execution data: org.jacoco.agent.rt.RT
00:02:02 PIT >> INFO : MINION : Failed to set JaCoCo session: org.jacoco.agent.rt.RT
00:02:02 PIT >> INFO : MINION : Failed to dump JaCoCo execution data: org.jacoco.agent.rt.RT
00:02:02 PIT >> INFO : MINION : Failed to set JaCoCo session: org.jacoco.agent.rt.RT
00:02:02 PIT >> INFO : MINION : Failed to dump JaCoCo execution data: org.jacoco.agent.rt.RT
00:02:02 PIT >> INFO : MINION : Failed to set JaCoCo session: org.jacoco.agent.rt.RT
00:02:02 PIT >> INFO : MINION : Failed to dump JaCoCo execution data: org.jacoco.agent.rt.RT
00:02:02 PIT >> INFO : MINION : Failed to set JaCoCo session: org.jacoco.agent.rt.RT
00:02:02 PIT >> INFO : MINION : Failed to dump JaCoCo execution data: org.jacoco.agent.rt.RT
00:02:02 PIT >> INFO : MINION : Failed to set JaCoCo session: org.jacoco.agent.rt.RT
00:02:02 PIT >> INFO : MINION : Failed to dump JaCoCo execution data: org.jacoco.agent.rt.RT
00:02:02 PIT >> INFO : MINION : Failed to set JaCoCo session: org.jacoco.agent.rt.RT
00:02:02 PIT >> INFO : MINION : Failed to dump JaCoCo execution data: org.jacoco.agent.rt.RT
00:02:02 PIT >> INFO : MINION : Failed to set JaCoCo session: org.jacoco.agent.rt.RT
00:02:02 PIT >> INFO : MINION : Failed to dump JaCoCo execution data: org.jacoco.agent.rt.RT
00:02:02 PIT >> INFO : MINION : Failed to set JaCoCo session: org.jacoco.agent.rt.RT
00:02:02 PIT >> INFO : MINION : Failed to dump JaCoCo execution data: org.jacoco.agent.rt.RT
00:02:02 PIT >> INFO : MINION : Failed to set JaCoCo session: org.jacoco.agent.rt.RT
00:02:02 PIT >> INFO : MINION : Failed to dump JaCoCo execution data: org.jacoco.agent.rt.RT
00:02:02 PIT >> INFO : MINION : Failed to set JaCoCo session: org.jacoco.agent.rt.RT
00:02:02 PIT >> INFO : MINION : Failed to dump JaCoCo execution data: org.jacoco.agent.rt.RT
00:02:02 PIT >> INFO : MINION : Failed to set JaCoCo session: org.jacoco.agent.rt.RT
00:02:02 PIT >> INFO : MINION : Failed to dump JaCoCo execution data: org.jacoco.agent.rt.RT
00:02:02 PIT >> INFO : MINION : Failed to set JaCoCo session: org.jacoco.agent.rt.RT
00:02:02 PIT >> INFO : MINION : Failed to dump JaCoCo execution data: org.jacoco.agent.rt.RT
00:02:02 PIT >> INFO : MINION : Failed to set JaCoCo session: org.jacoco.agent.rt.RT
00:02:02 PIT >> INFO : MINION : Failed to dump JaCoCo execution data: org.jacoco.agent.rt.RT
00:02:02 PIT >> INFO : MINION : Failed to set JaCoCo session: org.jacoco.agent.rt.RT
00:02:02 PIT >> INFO : MINION : Failed to dump JaCoCo execution data: org.jacoco.agent.rt.RT
00:02:02 PIT >> INFO : MINION : Failed to set JaCoCo session: org.jacoco.agent.rt.RT
00:02:02 PIT >> INFO : MINION : Failed to dump JaCoCo execution data: org.jacoco.agent.rt.RT
00:02:02 PIT >> INFO : MINION : Failed to set JaCoCo session: org.jacoco.agent.rt.RT
00:02:02 PIT >> INFO : MINION : Failed to dump JaCoCo execution data: org.jacoco.agent.rt.RT
00:02:02 PIT >> INFO : MINION : Failed to set JaCoCo session: org.jacoco.agent.rt.RT
00:02:02 PIT >> INFO : MINION : Failed to dump JaCoCo execution data: org.jacoco.agent.rt.RT
00:02:02 PIT >> INFO : MINION : Failed to set JaCoCo session: org.jacoco.agent.rt.RT
00:02:02 PIT >> INFO : MINION : Failed to dump JaCoCo execution data: org.jacoco.agent.rt.RT
00:02:02 PIT >> INFO : MINION : Failed to set JaCoCo session: org.jacoco.agent.rt.RT
00:02:02 PIT >> INFO : MINION : Failed to dump JaCoCo execution data: org.jacoco.agent.rt.RT
00:02:02 PIT >> INFO : MINION : Failed to set JaCoCo session: org.jacoco.agent.rt.RT
00:02:02 PIT >> INFO : MINION : Failed to dump JaCoCo execution data: org.jacoco.agent.rt.RT
00:02:02 PIT >> INFO : MINION : Failed to set JaCoCo session: org.jacoco.agent.rt.RT
00:02:02 PIT >> INFO : MINION : Failed to dump JaCoCo execution data: org.jacoco.agent.rt.RT
00:02:02 PIT >> INFO : MINION : Failed to set JaCoCo session: org.jacoco.agent.rt.RT
00:02:02 PIT >> INFO : MINION : Failed to dump JaCoCo execution data: org.jacoco.agent.rt.RT
00:02:02 PIT >> INFO : MINION : Failed to set JaCoCo session: org.jacoco.agent.rt.RT
00:02:02 PIT >> INFO : MINION : Failed to dump JaCoCo execution data: org.jacoco.agent.rt.RT
00:02:02 PIT >> INFO : MINION : Failed to set JaCoCo session: org.jacoco.agent.rt.RT
00:02:02 PIT >> INFO : MINION : Failed to dump JaCoCo execution data: org.jacoco.agent.rt.RT
00:02:02 PIT >> INFO : MINION : Failed to set JaCoCo session: org.jacoco.agent.rt.RT
00:02:02 PIT >> INFO : MINION : Failed to dump JaCoCo execution data: org.jacoco.agent.rt.RT
00:02:02 PIT >> INFO : MINION : Failed to set JaCoCo session: org.jacoco.agent.rt.RT
00:02:02 PIT >> INFO : MINION : Failed to dump JaCoCo execution data: org.jacoco.agent.rt.RT
00:02:02 PIT >> INFO : MINION : Failed to set JaCoCo session: org.jacoco.agent.rt.RT
00:02:02 PIT >> INFO : MINION : Failed to dump JaCoCo execution data: org.jacoco.agent.rt.RT
00:02:02 PIT >> INFO : MINION : Failed to set JaCoCo session: org.jacoco.agent.rt.RT
00:02:02 PIT >> INFO : MINION : Failed to dump JaCoCo execution data: org.jacoco.agent.rt.RT
00:02:02 PIT >> INFO : MINION : Failed to set JaCoCo session: org.jacoco.agent.rt.RT
00:02:02 PIT >> INFO : MINION : Failed to dump JaCoCo execution data: org.jacoco.agent.rt.RT
00:02:02 PIT >> INFO : MINION : Failed to set JaCoCo session: org.jacoco.agent.rt.RT
00:02:02 PIT >> INFO : MINION : Failed to dump JaCoCo execution data: org.jacoco.agent.rt.RT
00:02:02 PIT >> INFO : MINION : Failed to set JaCoCo session: org.jacoco.agent.rt.RT
00:02:02 PIT >> INFO : MINION : Failed to dump JaCoCo execution data: org.jacoco.agent.rt.RT
00:02:02 PIT >> INFO : MINION : Failed to set JaCoCo session: org.jacoco.agent.rt.RT
00:02:02 PIT >> INFO : MINION : Failed to dump JaCoCo execution data: org.jacoco.agent.rt.RT
00:02:02 PIT >> INFO : MINION : Failed to set JaCoCo session: org.jacoco.agent.rt.RT
00:02:02 PIT >> INFO : MINION : Failed to dump JaCoCo execution data: org.jacoco.agent.rt.RT
00:02:02 PIT >> INFO : MINION : Failed to set JaCoCo session: org.jacoco.agent.rt.RT
00:02:02 PIT >> INFO : MINION : Failed to dump JaCoCo execution data: org.jacoco.agent.rt.RT
00:02:02 PIT >> INFO : MINION : Failed to set JaCoCo session: org.jacoco.agent.rt.RT
00:02:02 PIT >> INFO : MINION : Failed to dump JaCoCo execution data: org.jacoco.agent.rt.RT
00:02:02 PIT >> INFO : MINION : Failed to set JaCoCo session: org.jacoco.agent.rt.RT
00:02:02 PIT >> INFO : MINION : Failed to dump JaCoCo execution data: org.jacoco.agent.rt.RT
00:02:02 PIT >> INFO : MINION : Failed to set JaCoCo session: org.jacoco.agent.rt.RT
00:02:02 PIT >> INFO : MINION : Failed to dump JaCoCo execution data: org.jacoco.agent.rt.RT
00:02:02 PIT >> INFO : MINION : Failed to set JaCoCo session: org.jacoco.agent.rt.RT
00:02:02 PIT >> INFO : MINION : Failed to dump JaCoCo execution data: org.jacoco.agent.rt.RT
00:02:02 PIT >> INFO : MINION : Failed to set JaCoCo session: org.jacoco.agent.rt.RT
00:02:02 PIT >> INFO : MINION : Failed to dump JaCoCo execution data: org.jacoco.agent.rt.RT
00:02:02 PIT >> INFO : MINION : Failed to set JaCoCo session: org.jacoco.agent.rt.RT
00:02:02 PIT >> INFO : MINION : Failed to dump JaCoCo execution data: org.jacoco.agent.rt.RT
00:02:02 PIT >> INFO : MINION : Failed to set JaCoCo session: org.jacoco.agent.rt.RT
00:02:02 PIT >> INFO : MINION : Failed to dump JaCoCo execution data: org.jacoco.agent.rt.RT
00:02:02 PIT >> INFO : MINION : Failed to set JaCoCo session: org.jacoco.agent.rt.RT
00:02:02 PIT >> INFO : MINION : Failed to dump JaCoCo execution data: org.jacoco.agent.rt.RT
00:02:02 PIT >> INFO : MINION : Failed to set JaCoCo session: org.jacoco.agent.rt.RT
00:02:02 PIT >> INFO : MINION : Failed to dump JaCoCo execution data: org.jacoco.agent.rt.RT
00:02:02 PIT >> INFO : MINION : Failed to set JaCoCo session: org.jacoco.agent.rt.RT
00:02:02 PIT >> INFO : MINION : Failed to dump JaCoCo execution data: org.jacoco.agent.rt.RT
00:02:02 PIT >> INFO : MINION : Failed to set JaCoCo session: org.jacoco.agent.rt.RT
00:02:02 PIT >> INFO : MINION : Failed to dump JaCoCo execution data: org.jacoco.agent.rt.RT
00:02:02 PIT >> INFO : MINION : Failed to set JaCoCo session: org.jacoco.agent.rt.RT
00:02:02 PIT >> INFO : MINION : Failed to dump JaCoCo execution data: org.jacoco.agent.rt.RT
00:02:02 PIT >> INFO : MINION : Failed to set JaCoCo session: org.jacoco.agent.rt.RT
00:02:02 PIT >> INFO : MINION : Failed to dump JaCoCo execution data: org.jacoco.agent.rt.RT
00:02:02 PIT >> INFO : MINION : Failed to set JaCoCo session: org.jacoco.agent.rt.RT
00:02:02 PIT >> INFO : MINION : Failed to dump JaCoCo execution data: org.jacoco.agent.rt.RT
00:02:02 PIT >> INFO : MINION : Failed to set JaCoCo session: org.jacoco.agent.rt.RT
00:02:03 PIT >> INFO : MINION : Failed to dump JaCoCo execution data: org.jacoco.agent.rt.RT
00:02:03 PIT >> INFO : MINION : Failed to set JaCoCo session: org.jacoco.agent.rt.RT
00:02:03 PIT >> INFO : MINION : Failed to dump JaCoCo execution data: org.jacoco.agent.rt.RT
00:02:03 PIT >> INFO : MINION : Failed to set JaCoCo session: org.jacoco.agent.rt.RT
00:02:03 PIT >> INFO : MINION : Failed to dump JaCoCo execution data: org.jacoco.agent.rt.RT
00:02:03 PIT >> INFO : MINION : Failed to set JaCoCo session: org.jacoco.agent.rt.RT
00:02:03 PIT >> INFO : MINION : Failed to dump JaCoCo execution data: org.jacoco.agent.rt.RT
00:02:03 PIT >> INFO : MINION : Failed to set JaCoCo session: org.jacoco.agent.rt.RT
00:02:03 PIT >> INFO : MINION : Failed to dump JaCoCo execution data: org.jacoco.agent.rt.RT
00:02:03 PIT >> INFO : MINION : Failed to set JaCoCo session: org.jacoco.agent.rt.RT
00:02:03 PIT >> INFO : MINION : Failed to dump JaCoCo execution data: org.jacoco.agent.rt.RT
00:02:03 PIT >> INFO : MINION : Failed to set JaCoCo session: org.jacoco.agent.rt.RT
00:02:03 PIT >> INFO : MINION : Failed to dump JaCoCo execution data: org.jacoco.agent.rt.RT
00:02:03 PIT >> INFO : MINION : Failed to set JaCoCo session: org.jacoco.agent.rt.RT
00:02:03 PIT >> INFO : MINION : Failed to dump JaCoCo execution data: org.jacoco.agent.rt.RT
00:02:03 PIT >> INFO : MINION : Failed to set JaCoCo session: org.jacoco.agent.rt.RT
00:02:03 PIT >> INFO : MINION : Failed to dump JaCoCo execution data: org.jacoco.agent.rt.RT
00:02:03 PIT >> INFO : MINION : Failed to set JaCoCo session: org.jacoco.agent.rt.RT
00:02:03 PIT >> INFO : MINION : Failed to dump JaCoCo execution data: org.jacoco.agent.rt.RT
00:02:03 PIT >> INFO : MINION : Failed to set JaCoCo session: org.jacoco.agent.rt.RT
00:02:03 PIT >> INFO : MINION : Failed to dump JaCoCo execution data: org.jacoco.agent.rt.RT
00:02:03 PIT >> INFO : MINION : Failed to set JaCoCo session: org.jacoco.agent.rt.RT
00:02:03 PIT >> INFO : MINION : Failed to dump JaCoCo execution data: org.jacoco.agent.rt.RT
00:02:03 PIT >> INFO : MINION : Failed to set JaCoCo session: org.jacoco.agent.rt.RT
00:02:03 PIT >> INFO : MINION : Failed to dump JaCoCo execution data: org.jacoco.agent.rt.RT
00:02:03 PIT >> INFO : MINION : Failed to set JaCoCo session: org.jacoco.agent.rt.RT
00:02:03 PIT >> INFO : MINION : Failed to dump JaCoCo execution data: org.jacoco.agent.rt.RT
00:02:03 PIT >> INFO : MINION : Failed to set JaCoCo session: org.jacoco.agent.rt.RT
00:02:03 PIT >> INFO : MINION : Failed to dump JaCoCo execution data: org.jacoco.agent.rt.RT
00:02:03 PIT >> INFO : MINION : Failed to set JaCoCo session: org.jacoco.agent.rt.RT
00:02:03 PIT >> INFO : MINION : Failed to dump JaCoCo execution data: org.jacoco.agent.rt.RT
00:02:03 PIT >> INFO : MINION : Failed to set JaCoCo session: org.jacoco.agent.rt.RT
00:02:03 PIT >> INFO : MINION : Failed to dump JaCoCo execution data: org.jacoco.agent.rt.RT
00:02:03 PIT >> INFO : MINION : Failed to set JaCoCo session: org.jacoco.agent.rt.RT
00:02:03 PIT >> INFO : MINION : Failed to dump JaCoCo execution data: org.jacoco.agent.rt.RT
00:02:03 PIT >> INFO : MINION : Failed to set JaCoCo session: org.jacoco.agent.rt.RT
00:02:03 PIT >> INFO : MINION : Failed to dump JaCoCo execution data: org.jacoco.agent.rt.RT
00:02:03 PIT >> INFO : MINION : Failed to set JaCoCo session: org.jacoco.agent.rt.RT
00:02:03 PIT >> INFO : MINION : Failed to dump JaCoCo execution data: org.jacoco.agent.rt.RT
00:02:03 PIT >> INFO : MINION : Failed to set JaCoCo session: org.jacoco.agent.rt.RT
00:02:03 PIT >> INFO : MINION : Failed to dump JaCoCo execution data: org.jacoco.agent.rt.RT
00:02:03 PIT >> INFO : MINION : Failed to set JaCoCo session: org.jacoco.agent.rt.RT
00:02:03 PIT >> INFO : MINION : Failed to dump JaCoCo execution data: org.jacoco.agent.rt.RT
00:02:03 PIT >> INFO : MINION : Failed to set JaCoCo session: org.jacoco.agent.rt.RT
00:02:03 PIT >> INFO : MINION : Failed to dump JaCoCo execution data: org.jacoco.agent.rt.RT
00:02:03 PIT >> INFO : MINION : Failed to set JaCoCo session: org.jacoco.agent.rt.RT
00:02:03 PIT >> INFO : MINION : Failed to dump JaCoCo execution data: org.jacoco.agent.rt.RT
00:02:03 PIT >> INFO : MINION : Failed to set JaCoCo session: org.jacoco.agent.rt.RT
00:02:03 PIT >> INFO : MINION : Failed to dump JaCoCo execution data: org.jacoco.agent.rt.RT
00:02:03 PIT >> INFO : MINION : Failed to set JaCoCo session: org.jacoco.agent.rt.RT
00:02:03 PIT >> INFO : MINION : Failed to dump JaCoCo execution data: org.jacoco.agent.rt.RT
00:02:03 PIT >> INFO : MINION : Failed to set JaCoCo session: org.jacoco.agent.rt.RT
00:02:03 PIT >> INFO : MINION : Failed to dump JaCoCo execution data: org.jacoco.agent.rt.RT
00:02:03 PIT >> INFO : MINION : Failed to set JaCoCo session: org.jacoco.agent.rt.RT
00:02:03 PIT >> INFO : MINION : Failed to dump JaCoCo execution data: org.jacoco.agent.rt.RT
00:02:03 PIT >> INFO : MINION : Failed to set JaCoCo session: org.jacoco.agent.rt.RT
00:02:03 PIT >> INFO : MINION : Failed to dump JaCoCo execution data: org.jacoco.agent.rt.RT
00:02:03 PIT >> INFO : MINION : Failed to set JaCoCo session: org.jacoco.agent.rt.RT
00:02:03 PIT >> INFO : MINION : Failed to dump JaCoCo execution data: org.jacoco.agent.rt.RT
00:02:03 PIT >> INFO : MINION : Failed to set JaCoCo session: org.jacoco.agent.rt.RT
00:02:03 PIT >> INFO : MINION : Failed to dump JaCoCo execution data: org.jacoco.agent.rt.RT
00:02:03 PIT >> INFO : MINION : Failed to set JaCoCo session: org.jacoco.agent.rt.RT
00:02:03 PIT >> INFO : MINION : Failed to dump JaCoCo execution data: org.jacoco.agent.rt.RT
00:02:03 PIT >> INFO : MINION : Failed to set JaCoCo session: org.jacoco.agent.rt.RT
00:02:03 PIT >> INFO : MINION : Failed to dump JaCoCo execution data: org.jacoco.agent.rt.RT
00:02:03 PIT >> INFO : MINION : Failed to set JaCoCo session: org.jacoco.agent.rt.RT
00:02:03 PIT >> INFO : MINION : Failed to dump JaCoCo execution data: org.jacoco.agent.rt.RT
00:02:03 PIT >> INFO : MINION : Failed to set JaCoCo session: org.jacoco.agent.rt.RT
00:02:03 PIT >> INFO : MINION : Failed to dump JaCoCo execution data: org.jacoco.agent.rt.RT
00:02:03 PIT >> INFO : MINION : Failed to set JaCoCo session: org.jacoco.agent.rt.RT
00:02:03 PIT >> INFO : MINION : Failed to dump JaCoCo execution data: org.jacoco.agent.rt.RT
00:02:03 PIT >> INFO : MINION : Failed to set JaCoCo session: org.jacoco.agent.rt.RT
00:02:03 PIT >> INFO : MINION : Failed to dump JaCoCo execution data: org.jacoco.agent.rt.RT
00:02:03 PIT >> INFO : MINION : Failed to set JaCoCo session: org.jacoco.agent.rt.RT
00:02:03 PIT >> INFO : MINION : Failed to dump JaCoCo execution data: org.jacoco.agent.rt.RT
00:02:03 PIT >> INFO : MINION : Failed to set JaCoCo session: org.jacoco.agent.rt.RT
00:02:03 PIT >> INFO : MINION : Failed to dump JaCoCo execution data: org.jacoco.agent.rt.RT
00:02:03 PIT >> INFO : MINION : Failed to set JaCoCo session: org.jacoco.agent.rt.RT
00:02:03 PIT >> INFO : MINION : Failed to dump JaCoCo execution data: org.jacoco.agent.rt.RT
00:02:03 PIT >> INFO : MINION : Failed to set JaCoCo session: org.jacoco.agent.rt.RT
00:02:03 PIT >> INFO : MINION : Failed to dump JaCoCo execution data: org.jacoco.agent.rt.RT
00:02:03 PIT >> INFO : MINION : Failed to set JaCoCo session: org.jacoco.agent.rt.RT
00:02:03 PIT >> INFO : MINION : Failed to dump JaCoCo execution data: org.jacoco.agent.rt.RT
00:02:03 PIT >> INFO : MINION : Failed to set JaCoCo session: org.jacoco.agent.rt.RT
00:02:03 PIT >> INFO : MINION : Failed to dump JaCoCo execution data: org.jacoco.agent.rt.RT
00:02:03 PIT >> INFO : MINION : Failed to set JaCoCo session: org.jacoco.agent.rt.RT
00:02:03 PIT >> INFO : MINION : Failed to dump JaCoCo execution data: org.jacoco.agent.rt.RT
00:02:03 PIT >> INFO : MINION : Failed to set JaCoCo session: org.jacoco.agent.rt.RT
00:02:03 PIT >> INFO : MINION : Failed to dump JaCoCo execution data: org.jacoco.agent.rt.RT
00:02:03 PIT >> INFO : MINION : Failed to set JaCoCo session: org.jacoco.agent.rt.RT
00:02:03 PIT >> INFO : MINION : Failed to dump JaCoCo execution data: org.jacoco.agent.rt.RT
00:02:03 PIT >> INFO : MINION : Failed to set JaCoCo session: org.jacoco.agent.rt.RT
00:02:03 PIT >> INFO : MINION : Failed to dump JaCoCo execution data: org.jacoco.agent.rt.RT
00:02:03 PIT >> INFO : MINION : Failed to set JaCoCo session: org.jacoco.agent.rt.RT
00:02:03 PIT >> INFO : MINION : Failed to dump JaCoCo execution data: org.jacoco.agent.rt.RT
00:02:03 PIT >> INFO : MINION : Failed to set JaCoCo session: org.jacoco.agent.rt.RT
00:02:03 PIT >> INFO : MINION : Failed to dump JaCoCo execution data: org.jacoco.agent.rt.RT
00:02:03 PIT >> INFO : MINION : Failed to set JaCoCo session: org.jacoco.agent.rt.RT
00:02:03 PIT >> INFO : MINION : Failed to dump JaCoCo execution data: org.jacoco.agent.rt.RT
00:02:03 PIT >> INFO : MINION : Failed to set JaCoCo session: org.jacoco.agent.rt.RT
00:02:03 PIT >> INFO : MINION : Failed to dump JaCoCo execution data: org.jacoco.agent.rt.RT
00:02:03 PIT >> INFO : MINION : Failed to set JaCoCo session: org.jacoco.agent.rt.RT
00:02:03 PIT >> INFO : MINION : Failed to dump JaCoCo execution data: org.jacoco.agent.rt.RT
00:02:03 PIT >> INFO : MINION : Failed to set JaCoCo session: org.jacoco.agent.rt.RT
00:02:03 PIT >> INFO : MINION : Failed to dump JaCoCo execution data: org.jacoco.agent.rt.RT
00:02:03 PIT >> INFO : MINION : Failed to set JaCoCo session: org.jacoco.agent.rt.RT
00:02:03 PIT >> INFO : MINION : Failed to dump JaCoCo execution data: org.jacoco.agent.rt.RT
00:02:03 PIT >> INFO : MINION : Failed to set JaCoCo session: org.jacoco.agent.rt.RT
00:02:03 PIT >> INFO : MINION : Failed to dump JaCoCo execution data: org.jacoco.agent.rt.RT
00:02:03 PIT >> INFO : MINION : Failed to set JaCoCo session: org.jacoco.agent.rt.RT
00:02:03 PIT >> INFO : MINION : Failed to dump JaCoCo execution data: org.jacoco.agent.rt.RT
00:02:03 PIT >> INFO : MINION : Failed to set JaCoCo session: org.jacoco.agent.rt.RT
00:02:03 PIT >> INFO : MINION : Failed to dump JaCoCo execution data: org.jacoco.agent.rt.RT
00:02:03 PIT >> INFO : MINION : Failed to set JaCoCo session: org.jacoco.agent.rt.RT
00:02:03 PIT >> INFO : MINION : Failed to dump JaCoCo execution data: org.jacoco.agent.rt.RT
00:02:03 PIT >> INFO : MINION : Failed to set JaCoCo session: org.jacoco.agent.rt.RT
00:02:03 PIT >> INFO : MINION : Failed to dump JaCoCo execution data: org.jacoco.agent.rt.RT
00:02:03 PIT >> INFO : MINION : Failed to set JaCoCo session: org.jacoco.agent.rt.RT
00:02:03 PIT >> INFO : MINION : Failed to dump JaCoCo execution data: org.jacoco.agent.rt.RT
00:02:03 PIT >> INFO : MINION : Failed to set JaCoCo session: org.jacoco.agent.rt.RT
00:02:03 PIT >> INFO : MINION : Failed to dump JaCoCo execution data: org.jacoco.agent.rt.RT
00:02:03 PIT >> INFO : MINION : Failed to set JaCoCo session: org.jacoco.agent.rt.RT
00:02:03 PIT >> INFO : MINION : Failed to dump JaCoCo execution data: org.jacoco.agent.rt.RT
00:02:03 PIT >> INFO : MINION : Failed to set JaCoCo session: org.jacoco.agent.rt.RT
00:02:03 PIT >> INFO : MINION : Failed to dump JaCoCo execution data: org.jacoco.agent.rt.RT
00:02:03 PIT >> INFO : MINION : Failed to set JaCoCo session: org.jacoco.agent.rt.RT
00:02:03 PIT >> INFO : MINION : Failed to dump JaCoCo execution data: org.jacoco.agent.rt.RT
00:02:03 PIT >> INFO : MINION : Failed to set JaCoCo session: org.jacoco.agent.rt.RT
00:02:03 PIT >> INFO : MINION : Failed to dump JaCoCo execution data: org.jacoco.agent.rt.RT
00:02:03 PIT >> INFO : MINION : Failed to set JaCoCo session: org.jacoco.agent.rt.RT
00:02:03 PIT >> INFO : MINION : Failed to dump JaCoCo execution data: org.jacoco.agent.rt.RT
00:02:03 PIT >> INFO : MINION : Failed to set JaCoCo session: org.jacoco.agent.rt.RT
00:02:03 PIT >> INFO : MINION : Failed to dump JaCoCo execution data: org.jacoco.agent.rt.RT
00:02:03 PIT >> INFO : MINION : Failed to set JaCoCo session: org.jacoco.agent.rt.RT
00:02:03 PIT >> INFO : MINION : Failed to dump JaCoCo execution data: org.jacoco.agent.rt.RT
00:02:03 PIT >> INFO : MINION : Failed to set JaCoCo session: org.jacoco.agent.rt.RT
00:02:03 PIT >> INFO : MINION : Failed to dump JaCoCo execution data: org.jacoco.agent.rt.RT
00:02:03 PIT >> INFO : MINION : Failed to set JaCoCo session: org.jacoco.agent.rt.RT
00:02:03 PIT >> INFO : MINION : Failed to dump JaCoCo execution data: org.jacoco.agent.rt.RT
00:02:03 PIT >> INFO : MINION : Failed to set JaCoCo session: org.jacoco.agent.rt.RT
00:02:03 PIT >> INFO : MINION : Failed to dump JaCoCo execution data: org.jacoco.agent.rt.RT
00:02:03 PIT >> INFO : MINION : Failed to set JaCoCo session: org.jacoco.agent.rt.RT
00:02:03 PIT >> INFO : MINION : Failed to dump JaCoCo execution data: org.jacoco.agent.rt.RT
00:02:03 PIT >> INFO : MINION : Failed to set JaCoCo session: org.jacoco.agent.rt.RT
00:02:03 PIT >> INFO : MINION : Failed to dump JaCoCo execution data: org.jacoco.agent.rt.RT
00:02:03 PIT >> INFO : MINION : Failed to set JaCoCo session: org.jacoco.agent.rt.RT
00:02:03 PIT >> INFO : MINION : Failed to dump JaCoCo execution data: org.jacoco.agent.rt.RT
00:02:03 PIT >> INFO : MINION : Failed to set JaCoCo session: org.jacoco.agent.rt.RT
00:02:03 PIT >> INFO : MINION : Failed to dump JaCoCo execution data: org.jacoco.agent.rt.RT
00:02:03 PIT >> INFO : MINION : Failed to set JaCoCo session: org.jacoco.agent.rt.RT
00:02:03 PIT >> INFO : MINION : Failed to dump JaCoCo execution data: org.jacoco.agent.rt.RT
00:02:03 PIT >> INFO : MINION : Failed to set JaCoCo session: org.jacoco.agent.rt.RT
00:02:03 PIT >> INFO : MINION : Failed to dump JaCoCo execution data: org.jacoco.agent.rt.RT
00:02:03 PIT >> INFO : MINION : Failed to set JaCoCo session: org.jacoco.agent.rt.RT
00:02:03 PIT >> INFO : MINION : Failed to dump JaCoCo execution data: org.jacoco.agent.rt.RT
00:02:03 PIT >> INFO : MINION : Failed to set JaCoCo session: org.jacoco.agent.rt.RT
00:02:03 PIT >> INFO : MINION : Failed to dump JaCoCo execution data: org.jacoco.agent.rt.RT
00:02:03 PIT >> INFO : MINION : Failed to set JaCoCo session: org.jacoco.agent.rt.RT
00:02:03 PIT >> INFO : MINION : Failed to dump JaCoCo execution data: org.jacoco.agent.rt.RT
00:02:03 PIT >> INFO : MINION : Failed to set JaCoCo session: org.jacoco.agent.rt.RT
00:02:03 PIT >> INFO : MINION : Failed to dump JaCoCo execution data: org.jacoco.agent.rt.RT
00:02:03 PIT >> INFO : MINION : Failed to set JaCoCo session: org.jacoco.agent.rt.RT
00:02:03 PIT >> INFO : MINION : Failed to dump JaCoCo execution data: org.jacoco.agent.rt.RT
00:02:03 PIT >> INFO : MINION : Failed to set JaCoCo session: org.jacoco.agent.rt.RT
00:02:03 PIT >> INFO : MINION : Failed to dump JaCoCo execution data: org.jacoco.agent.rt.RT
00:02:03 PIT >> INFO : MINION : Failed to set JaCoCo session: org.jacoco.agent.rt.RT
00:02:03 PIT >> INFO : MINION : Failed to dump JaCoCo execution data: org.jacoco.agent.rt.RT
00:02:03 PIT >> INFO : MINION : Failed to set JaCoCo session: org.jacoco.agent.rt.RT
00:02:03 PIT >> INFO : MINION : Failed to dump JaCoCo execution data: org.jacoco.agent.rt.RT
00:02:03 PIT >> INFO : MINION : Failed to set JaCoCo session: org.jacoco.agent.rt.RT
00:02:03 PIT >> INFO : MINION : Failed to dump JaCoCo execution data: org.jacoco.agent.rt.RT
00:02:03 PIT >> INFO : MINION : Failed to set JaCoCo session: org.jacoco.agent.rt.RT
00:02:03 PIT >> INFO : MINION : Failed to dump JaCoCo execution data: org.jacoco.agent.rt.RT
00:02:03 PIT >> INFO : MINION : Failed to set JaCoCo session: org.jacoco.agent.rt.RT
00:02:03 PIT >> INFO : MINION : Failed to dump JaCoCo execution data: org.jacoco.agent.rt.RT
00:02:03 PIT >> INFO : MINION : Failed to set JaCoCo session: org.jacoco.agent.rt.RT
00:02:03 PIT >> INFO : MINION : Failed to dump JaCoCo execution data: org.jacoco.agent.rt.RT
00:02:03 PIT >> INFO : MINION : Failed to set JaCoCo session: org.jacoco.agent.rt.RT
00:02:03 PIT >> INFO : MINION : Failed to dump JaCoCo execution data: org.jacoco.agent.rt.RT
00:02:03 PIT >> INFO : MINION : Failed to set JaCoCo session: org.jacoco.agent.rt.RT
00:02:03 PIT >> INFO : MINION : Failed to dump JaCoCo execution data: org.jacoco.agent.rt.RT
00:02:03 PIT >> INFO : MINION : Failed to set JaCoCo session: org.jacoco.agent.rt.RT
00:02:03 PIT >> INFO : MINION : Failed to dump JaCoCo execution data: org.jacoco.agent.rt.RT
00:02:03 PIT >> INFO : MINION : Failed to set JaCoCo session: org.jacoco.agent.rt.RT
00:02:03 PIT >> INFO : MINION : Failed to dump JaCoCo execution data: org.jacoco.agent.rt.RT
00:02:03 PIT >> INFO : MINION : Failed to set JaCoCo session: org.jacoco.agent.rt.RT
00:02:03 PIT >> INFO : MINION : Failed to dump JaCoCo execution data: org.jacoco.agent.rt.RT
00:02:03 PIT >> INFO : MINION : Failed to set JaCoCo session: org.jacoco.agent.rt.RT
00:02:03 PIT >> INFO : MINION : Failed to dump JaCoCo execution data: org.jacoco.agent.rt.RT
00:02:03 PIT >> INFO : MINION : Failed to set JaCoCo session: org.jacoco.agent.rt.RT
00:02:03 PIT >> INFO : MINION : Failed to dump JaCoCo execution data: org.jacoco.agent.rt.RT
00:02:03 PIT >> INFO : MINION : Failed to set JaCoCo session: org.jacoco.agent.rt.RT
00:02:03 PIT >> INFO : MINION : Failed to dump JaCoCo execution data: org.jacoco.agent.rt.RT
00:02:03 PIT >> INFO : MINION : Failed to set JaCoCo session: org.jacoco.agent.rt.RT
00:02:03 PIT >> INFO : MINION : Failed to dump JaCoCo execution data: org.jacoco.agent.rt.RT
00:02:03 PIT >> INFO : MINION : Failed to set JaCoCo session: org.jacoco.agent.rt.RT
00:02:03 PIT >> INFO : MINION : Failed to dump JaCoCo execution data: org.jacoco.agent.rt.RT
00:02:03 PIT >> INFO : MINION : Failed to set JaCoCo session: org.jacoco.agent.rt.RT
00:02:03 PIT >> INFO : MINION : Failed to dump JaCoCo execution data: org.jacoco.agent.rt.RT
00:02:03 PIT >> INFO : MINION : Failed to set JaCoCo session: org.jacoco.agent.rt.RT
00:02:03 PIT >> INFO : MINION : Failed to dump JaCoCo execution data: org.jacoco.agent.rt.RT
00:02:03 PIT >> INFO : MINION : Failed to set JaCoCo session: org.jacoco.agent.rt.RT
00:02:03 PIT >> INFO : MINION : Failed to dump JaCoCo execution data: org.jacoco.agent.rt.RT
00:02:03 PIT >> INFO : MINION : Failed to set JaCoCo session: org.jacoco.agent.rt.RT
00:02:03 PIT >> INFO : MINION : Failed to dump JaCoCo execution data: org.jacoco.agent.rt.RT
00:02:03 PIT >> INFO : MINION : Failed to set JaCoCo session: org.jacoco.agent.rt.RT
00:02:03 PIT >> INFO : MINION : Failed to dump JaCoCo execution data: org.jacoco.agent.rt.RT
00:02:03 PIT >> INFO : MINION : Failed to set JaCoCo session: org.jacoco.agent.rt.RT
00:02:03 PIT >> INFO : MINION : Failed to dump JaCoCo execution data: org.jacoco.agent.rt.RT
00:02:03 PIT >> INFO : MINION : Failed to set JaCoCo session: org.jacoco.agent.rt.RT
00:02:03 PIT >> INFO : MINION : Failed to dump JaCoCo execution data: org.jacoco.agent.rt.RT
00:02:03 PIT >> INFO : MINION : Failed to set JaCoCo session: org.jacoco.agent.rt.RT
00:02:03 PIT >> INFO : MINION : Failed to dump JaCoCo execution data: org.jacoco.agent.rt.RT
00:02:03 PIT >> INFO : MINION : Failed to set JaCoCo session: org.jacoco.agent.rt.RT
00:02:03 PIT >> INFO : MINION : Failed to dump JaCoCo execution data: org.jacoco.agent.rt.RT
00:02:03 PIT >> INFO : MINION : Failed to set JaCoCo session: org.jacoco.agent.rt.RT
00:02:03 PIT >> INFO : MINION : Failed to dump JaCoCo execution data: org.jacoco.agent.rt.RT
00:02:03 PIT >> INFO : MINION : Failed to set JaCoCo session: org.jacoco.agent.rt.RT
00:02:03 PIT >> INFO : MINION : Failed to dump JaCoCo execution data: org.jacoco.agent.rt.RT
00:02:03 PIT >> INFO : MINION : Failed to set JaCoCo session: org.jacoco.agent.rt.RT
00:02:03 PIT >> INFO : MINION : Failed to dump JaCoCo execution data: org.jacoco.agent.rt.RT
00:02:03 PIT >> INFO : MINION : Failed to set JaCoCo session: org.jacoco.agent.rt.RT
00:02:03 PIT >> INFO : MINION : Failed to dump JaCoCo execution data: org.jacoco.agent.rt.RT
00:02:03 PIT >> INFO : MINION : Failed to set JaCoCo session: org.jacoco.agent.rt.RT
00:02:03 PIT >> INFO : MINION : Failed to dump JaCoCo execution data: org.jacoco.agent.rt.RT
00:02:03 PIT >> INFO : MINION : Failed to set JaCoCo session: org.jacoco.agent.rt.RT
00:02:03 PIT >> INFO : MINION : Failed to dump JaCoCo execution data: org.jacoco.agent.rt.RT
00:02:03 PIT >> INFO : MINION : Failed to set JaCoCo session: org.jacoco.agent.rt.RT
00:02:03 PIT >> INFO : MINION : Failed to dump JaCoCo execution data: org.jacoco.agent.rt.RT
00:02:03 PIT >> INFO : MINION : Failed to set JaCoCo session: org.jacoco.agent.rt.RT
00:02:03 PIT >> INFO : MINION : Failed to dump JaCoCo execution data: org.jacoco.agent.rt.RT
00:02:03 PIT >> INFO : MINION : Failed to set JaCoCo session: org.jacoco.agent.rt.RT
00:02:03 PIT >> INFO : MINION : Failed to dump JaCoCo execution data: org.jacoco.agent.rt.RT
00:02:03 PIT >> INFO : MINION : Failed to set JaCoCo session: org.jacoco.agent.rt.RT
00:02:03 PIT >> INFO : MINION : Failed to dump JaCoCo execution data: org.jacoco.agent.rt.RT
00:02:03 PIT >> INFO : MINION : Failed to set JaCoCo session: org.jacoco.agent.rt.RT
00:02:03 PIT >> INFO : MINION : Failed to dump JaCoCo execution data: org.jacoco.agent.rt.RT
00:02:03 PIT >> INFO : MINION : Failed to set JaCoCo session: org.jacoco.agent.rt.RT
00:02:03 PIT >> INFO : MINION : Failed to dump JaCoCo execution data: org.jacoco.agent.rt.RT
00:02:03 PIT >> INFO : MINION : Failed to set JaCoCo session: org.jacoco.agent.rt.RT
00:02:03 PIT >> INFO : MINION : Failed to dump JaCoCo execution data: org.jacoco.agent.rt.RT
00:02:03 PIT >> INFO : MINION : Failed to set JaCoCo session: org.jacoco.agent.rt.RT
00:02:03 PIT >> INFO : MINION : Failed to dump JaCoCo execution data: org.jacoco.agent.rt.RT
00:02:03 PIT >> INFO : MINION : Failed to set JaCoCo session: org.jacoco.agent.rt.RT
00:02:03 PIT >> INFO : MINION : Failed to dump JaCoCo execution data: org.jacoco.agent.rt.RT
00:02:03 PIT >> INFO : MINION : Failed to set JaCoCo session: org.jacoco.agent.rt.RT
00:02:03 PIT >> INFO : MINION : Failed to dump JaCoCo execution data: org.jacoco.agent.rt.RT
00:02:03 PIT >> INFO : MINION : Failed to set JaCoCo session: org.jacoco.agent.rt.RT
00:02:03 PIT >> INFO : MINION : Failed to dump JaCoCo execution data: org.jacoco.agent.rt.RT
00:02:03 PIT >> INFO : MINION : Failed to set JaCoCo session: org.jacoco.agent.rt.RT
00:02:03 PIT >> INFO : MINION : Failed to dump JaCoCo execution data: org.jacoco.agent.rt.RT
00:02:03 PIT >> INFO : MINION : Failed to set JaCoCo session: org.jacoco.agent.rt.RT
00:02:03 PIT >> INFO : MINION : Failed to dump JaCoCo execution data: org.jacoco.agent.rt.RT
00:02:03 PIT >> INFO : MINION : Failed to set JaCoCo session: org.jacoco.agent.rt.RT
00:02:03 PIT >> INFO : MINION : Failed to dump JaCoCo execution data: org.jacoco.agent.rt.RT
00:02:03 PIT >> INFO : MINION : Failed to set JaCoCo session: org.jacoco.agent.rt.RT
00:02:03 PIT >> INFO : MINION : Failed to dump JaCoCo execution data: org.jacoco.agent.rt.RT
00:02:03 PIT >> INFO : MINION : Failed to set JaCoCo session: org.jacoco.agent.rt.RT
00:02:03 PIT >> INFO : MINION : Failed to dump JaCoCo execution data: org.jacoco.agent.rt.RT
00:02:03 PIT >> INFO : MINION : Failed to set JaCoCo session: org.jacoco.agent.rt.RT
00:02:03 PIT >> INFO : MINION : Failed to dump JaCoCo execution data: org.jacoco.agent.rt.RT
00:02:03 PIT >> INFO : MINION : Failed to set JaCoCo session: org.jacoco.agent.rt.RT
00:02:03 PIT >> INFO : MINION : Failed to dump JaCoCo execution data: org.jacoco.agent.rt.RT
00:02:03 PIT >> INFO : MINION : Failed to set JaCoCo session: org.jacoco.agent.rt.RT
00:02:03 PIT >> INFO : MINION : Failed to dump JaCoCo execution data: org.jacoco.agent.rt.RT
00:02:03 PIT >> INFO : MINION : Failed to set JaCoCo session: org.jacoco.agent.rt.RT
00:02:03 PIT >> INFO : MINION : Failed to dump JaCoCo execution data: org.jacoco.agent.rt.RT
00:02:03 PIT >> INFO : MINION : Failed to set JaCoCo session: org.jacoco.agent.rt.RT
00:02:03 PIT >> INFO : MINION : Failed to dump JaCoCo execution data: org.jacoco.agent.rt.RT
00:02:03 PIT >> INFO : MINION : Failed to set JaCoCo session: org.jacoco.agent.rt.RT
00:02:03 PIT >> INFO : MINION : Failed to dump JaCoCo execution data: org.jacoco.agent.rt.RT
00:02:03 PIT >> INFO : MINION : Failed to set JaCoCo session: org.jacoco.agent.rt.RT
00:02:03 PIT >> INFO : MINION : Failed to dump JaCoCo execution data: org.jacoco.agent.rt.RT
00:02:03 PIT >> INFO : MINION : Failed to set JaCoCo session: org.jacoco.agent.rt.RT
00:02:03 PIT >> INFO : MINION : Failed to dump JaCoCo execution data: org.jacoco.agent.rt.RT
00:02:03 PIT >> INFO : MINION : Failed to set JaCoCo session: org.jacoco.agent.rt.RT
00:02:03 PIT >> INFO : MINION : Failed to dump JaCoCo execution data: org.jacoco.agent.rt.RT
00:02:03 PIT >> INFO : MINION : Failed to set JaCoCo session: org.jacoco.agent.rt.RT
00:02:03 PIT >> INFO : MINION : Failed to dump JaCoCo execution data: org.jacoco.agent.rt.RT
00:02:03 PIT >> INFO : MINION : Failed to set JaCoCo session: org.jacoco.agent.rt.RT
00:02:03 PIT >> INFO : MINION : Failed to dump JaCoCo execution data: org.jacoco.agent.rt.RT
00:02:03 PIT >> INFO : MINION : Failed to set JaCoCo session: org.jacoco.agent.rt.RT
00:02:03 PIT >> INFO : MINION : Failed to dump JaCoCo execution data: org.jacoco.agent.rt.RT
00:02:03 PIT >> INFO : MINION : Failed to set JaCoCo session: org.jacoco.agent.rt.RT
00:02:03 PIT >> INFO : MINION : Failed to dump JaCoCo execution data: org.jacoco.agent.rt.RT
00:02:03 PIT >> INFO : MINION : Failed to set JaCoCo session: org.jacoco.agent.rt.RT
00:02:03 PIT >> INFO : MINION : Failed to dump JaCoCo execution data: org.jacoco.agent.rt.RT
00:02:03 PIT >> INFO : MINION : Failed to set JaCoCo session: org.jacoco.agent.rt.RT
00:02:03 PIT >> INFO : MINION : Failed to dump JaCoCo execution data: org.jacoco.agent.rt.RT
00:02:03 PIT >> INFO : MINION : Failed to set JaCoCo session: org.jacoco.agent.rt.RT
00:02:03 PIT >> INFO : MINION : Failed to dump JaCoCo execution data: org.jacoco.agent.rt.RT
00:02:03 PIT >> INFO : MINION : Failed to set JaCoCo session: org.jacoco.agent.rt.RT
00:02:03 PIT >> INFO : MINION : Failed to dump JaCoCo execution data: org.jacoco.agent.rt.RT
00:02:03 PIT >> INFO : MINION : Failed to set JaCoCo session: org.jacoco.agent.rt.RT
00:02:03 PIT >> INFO : MINION : Failed to dump JaCoCo execution data: org.jacoco.agent.rt.RT
00:02:03 PIT >> INFO : MINION : Failed to set JaCoCo session: org.jacoco.agent.rt.RT
00:02:03 PIT >> INFO : MINION : Failed to dump JaCoCo execution data: org.jacoco.agent.rt.RT
00:02:03 PIT >> INFO : MINION : Failed to set JaCoCo session: org.jacoco.agent.rt.RT
00:02:03 PIT >> INFO : MINION : Failed to dump JaCoCo execution data: org.jacoco.agent.rt.RT
00:02:03 PIT >> INFO : MINION : Failed to set JaCoCo session: org.jacoco.agent.rt.RT
00:02:03 PIT >> INFO : MINION : Failed to dump JaCoCo execution data: org.jacoco.agent.rt.RT
00:02:03 PIT >> INFO : MINION : Failed to set JaCoCo session: org.jacoco.agent.rt.RT
00:02:03 PIT >> INFO : MINION : Failed to dump JaCoCo execution data: org.jacoco.agent.rt.RT
00:02:03 PIT >> INFO : MINION : Failed to set JaCoCo session: org.jacoco.agent.rt.RT
00:02:03 PIT >> INFO : MINION : Failed to dump JaCoCo execution data: org.jacoco.agent.rt.RT
00:02:03 PIT >> INFO : MINION : Failed to set JaCoCo session: org.jacoco.agent.rt.RT
00:02:03 PIT >> INFO : MINION : Failed to dump JaCoCo execution data: org.jacoco.agent.rt.RT
00:02:03 PIT >> INFO : MINION : Failed to set JaCoCo session: org.jacoco.agent.rt.RT
00:02:03 PIT >> INFO : MINION : Failed to dump JaCoCo execution data: org.jacoco.agent.rt.RT
00:02:03 PIT >> INFO : MINION : Failed to set JaCoCo session: org.jacoco.agent.rt.RT
00:02:03 PIT >> INFO : MINION : Failed to dump JaCoCo execution data: org.jacoco.agent.rt.RT
00:02:03 PIT >> INFO : MINION : Failed to set JaCoCo session: org.jacoco.agent.rt.RT
00:02:03 PIT >> INFO : MINION : Failed to dump JaCoCo execution data: org.jacoco.agent.rt.RT
00:02:03 PIT >> INFO : MINION : Failed to set JaCoCo session: org.jacoco.agent.rt.RT
00:02:03 PIT >> INFO : MINION : Failed to dump JaCoCo execution data: org.jacoco.agent.rt.RT
00:02:03 PIT >> INFO : MINION : Failed to set JaCoCo session: org.jacoco.agent.rt.RT
00:02:03 PIT >> INFO : MINION : Failed to dump JaCoCo execution data: org.jacoco.agent.rt.RT
00:02:03 PIT >> INFO : MINION : Failed to set JaCoCo session: org.jacoco.agent.rt.RT
00:02:03 PIT >> INFO : MINION : Failed to dump JaCoCo execution data: org.jacoco.agent.rt.RT
00:02:03 PIT >> INFO : MINION : Failed to set JaCoCo session: org.jacoco.agent.rt.RT
00:02:03 PIT >> INFO : MINION : Failed to dump JaCoCo execution data: org.jacoco.agent.rt.RT
00:02:03 PIT >> INFO : MINION : Failed to set JaCoCo session: org.jacoco.agent.rt.RT
00:02:03 PIT >> INFO : MINION : Failed to dump JaCoCo execution data: org.jacoco.agent.rt.RT
00:02:03 PIT >> INFO : MINION : Failed to set JaCoCo session: org.jacoco.agent.rt.RT
00:02:03 PIT >> INFO : MINION : Failed to dump JaCoCo execution data: org.jacoco.agent.rt.RT
00:02:03 PIT >> INFO : MINION : Failed to set JaCoCo session: org.jacoco.agent.rt.RT
00:02:03 PIT >> INFO : MINION : Failed to dump JaCoCo execution data: org.jacoco.agent.rt.RT
00:02:03 PIT >> INFO : MINION : Failed to set JaCoCo session: org.jacoco.agent.rt.RT
00:02:03 PIT >> INFO : MINION : Failed to dump JaCoCo execution data: org.jacoco.agent.rt.RT
00:02:03 PIT >> INFO : MINION : Failed to set JaCoCo session: org.jacoco.agent.rt.RT
00:02:03 PIT >> INFO : MINION : Failed to dump JaCoCo execution data: org.jacoco.agent.rt.RT
00:02:03 PIT >> INFO : MINION : Failed to set JaCoCo session: org.jacoco.agent.rt.RT
00:02:03 PIT >> INFO : MINION : Failed to dump JaCoCo execution data: org.jacoco.agent.rt.RT
00:02:03 PIT >> INFO : MINION : Failed to set JaCoCo session: org.jacoco.agent.rt.RT
00:02:03 PIT >> INFO : MINION : Failed to dump JaCoCo execution data: org.jacoco.agent.rt.RT
00:02:03 PIT >> INFO : MINION : Failed to set JaCoCo session: org.jacoco.agent.rt.RT
00:02:03 PIT >> INFO : MINION : Failed to dump JaCoCo execution data: org.jacoco.agent.rt.RT
00:02:03 PIT >> INFO : MINION : Failed to set JaCoCo session: org.jacoco.agent.rt.RT
00:02:03 PIT >> INFO : MINION : Failed to dump JaCoCo execution data: org.jacoco.agent.rt.RT
00:02:03 PIT >> INFO : MINION : Failed to set JaCoCo session: org.jacoco.agent.rt.RT
00:02:03 PIT >> INFO : MINION : Failed to dump JaCoCo execution data: org.jacoco.agent.rt.RT
00:02:03 PIT >> INFO : MINION : Failed to set JaCoCo session: org.jacoco.agent.rt.RT
00:02:03 PIT >> INFO : MINION : Failed to dump JaCoCo execution data: org.jacoco.agent.rt.RT
00:02:03 PIT >> INFO : MINION : Failed to set JaCoCo session: org.jacoco.agent.rt.RT
00:02:03 PIT >> INFO : MINION : Failed to dump JaCoCo execution data: org.jacoco.agent.rt.RT
00:02:03 PIT >> INFO : MINION : Failed to set JaCoCo session: org.jacoco.agent.rt.RT
00:02:03 PIT >> INFO : MINION : Failed to dump JaCoCo execution data: org.jacoco.agent.rt.RT
00:02:03 PIT >> INFO : MINION : Failed to set JaCoCo session: org.jacoco.agent.rt.RT
00:02:03 PIT >> INFO : MINION : Failed to dump JaCoCo execution data: org.jacoco.agent.rt.RT
00:02:03 PIT >> INFO : MINION : Failed to set JaCoCo session: org.jacoco.agent.rt.RT
00:02:03 PIT >> INFO : MINION : Failed to dump JaCoCo execution data: org.jacoco.agent.rt.RT
00:02:03 PIT >> INFO : MINION : Failed to set JaCoCo session: org.jacoco.agent.rt.RT
00:02:03 PIT >> INFO : MINION : Failed to dump JaCoCo execution data: org.jacoco.agent.rt.RT
00:02:03 PIT >> INFO : MINION : Failed to set JaCoCo session: org.jacoco.agent.rt.RT
00:02:03 PIT >> INFO : MINION : Failed to dump JaCoCo execution data: org.jacoco.agent.rt.RT
00:02:03 PIT >> INFO : MINION : Failed to set JaCoCo session: org.jacoco.agent.rt.RT
00:02:03 PIT >> INFO : MINION : Failed to dump JaCoCo execution data: org.jacoco.agent.rt.RT
00:02:03 PIT >> INFO : MINION : Failed to set JaCoCo session: org.jacoco.agent.rt.RT
00:02:03 PIT >> INFO : MINION : Failed to dump JaCoCo execution data: org.jacoco.agent.rt.RT
00:02:03 PIT >> INFO : MINION : Failed to set JaCoCo session: org.jacoco.agent.rt.RT
00:02:03 PIT >> INFO : MINION : Failed to dump JaCoCo execution data: org.jacoco.agent.rt.RT
00:02:03 PIT >> INFO : MINION : Failed to set JaCoCo session: org.jacoco.agent.rt.RT
00:02:03 PIT >> INFO : MINION : Failed to dump JaCoCo execution data: org.jacoco.agent.rt.RT
00:02:03 PIT >> INFO : MINION : Failed to set JaCoCo session: org.jacoco.agent.rt.RT
00:02:03 PIT >> INFO : MINION : Failed to dump JaCoCo execution data: org.jacoco.agent.rt.RT
00:02:03 PIT >> INFO : MINION : Failed to set JaCoCo session: org.jacoco.agent.rt.RT
00:02:03 PIT >> INFO : MINION : Failed to dump JaCoCo execution data: org.jacoco.agent.rt.RT
00:02:03 PIT >> INFO : MINION : Failed to set JaCoCo session: org.jacoco.agent.rt.RT
00:02:03 PIT >> INFO : MINION : Failed to dump JaCoCo execution data: org.jacoco.agent.rt.RT
00:02:03 PIT >> INFO : MINION : Failed to set JaCoCo session: org.jacoco.agent.rt.RT
00:02:03 PIT >> INFO : MINION : Failed to dump JaCoCo execution data: org.jacoco.agent.rt.RT
00:02:03 PIT >> INFO : MINION : Failed to set JaCoCo session: org.jacoco.agent.rt.RT
00:02:03 PIT >> INFO : MINION : Failed to dump JaCoCo execution data: org.jacoco.agent.rt.RT
00:02:03 PIT >> INFO : MINION : Failed to set JaCoCo session: org.jacoco.agent.rt.RT
00:02:03 PIT >> INFO : MINION : Failed to dump JaCoCo execution data: org.jacoco.agent.rt.RT
00:02:03 PIT >> INFO : MINION : Failed to set JaCoCo session: org.jacoco.agent.rt.RT
00:02:03 PIT >> INFO : MINION : Failed to dump JaCoCo execution data: org.jacoco.agent.rt.RT
00:02:03 PIT >> INFO : MINION : Failed to set JaCoCo session: org.jacoco.agent.rt.RT
00:02:03 PIT >> INFO : MINION : Failed to dump JaCoCo execution data: org.jacoco.agent.rt.RT
00:02:03 PIT >> INFO : MINION : Failed to set JaCoCo session: org.jacoco.agent.rt.RT
00:02:03 PIT >> INFO : MINION : Failed to dump JaCoCo execution data: org.jacoco.agent.rt.RT
00:02:03 PIT >> INFO : MINION : Failed to set JaCoCo session: org.jacoco.agent.rt.RT
00:02:03 PIT >> INFO : MINION : Failed to dump JaCoCo execution data: org.jacoco.agent.rt.RT
00:02:03 PIT >> INFO : MINION : Failed to set JaCoCo session: org.jacoco.agent.rt.RT
00:02:03 PIT >> INFO : MINION : Failed to dump JaCoCo execution data: org.jacoco.agent.rt.RT
00:02:03 PIT >> INFO : MINION : Failed to set JaCoCo session: org.jacoco.agent.rt.RT
00:02:03 PIT >> INFO : MINION : Failed to dump JaCoCo execution data: org.jacoco.agent.rt.RT
00:02:03 PIT >> INFO : MINION : Failed to set JaCoCo session: org.jacoco.agent.rt.RT
00:02:03 PIT >> INFO : MINION : Failed to dump JaCoCo execution data: org.jacoco.agent.rt.RT
00:02:03 PIT >> INFO : MINION : Failed to set JaCoCo session: org.jacoco.agent.rt.RT
00:02:03 PIT >> INFO : MINION : Failed to dump JaCoCo execution data: org.jacoco.agent.rt.RT
00:02:03 PIT >> INFO : MINION : Failed to set JaCoCo session: org.jacoco.agent.rt.RT
00:02:03 PIT >> INFO : MINION : Failed to dump JaCoCo execution data: org.jacoco.agent.rt.RT
00:02:03 PIT >> INFO : MINION : Failed to set JaCoCo session: org.jacoco.agent.rt.RT
00:02:03 PIT >> INFO : MINION : Failed to dump JaCoCo execution data: org.jacoco.agent.rt.RT
00:02:03 PIT >> INFO : MINION : Failed to set JaCoCo session: org.jacoco.agent.rt.RT
00:02:03 PIT >> INFO : MINION : Failed to dump JaCoCo execution data: org.jacoco.agent.rt.RT
00:02:03 PIT >> INFO : MINION : Failed to set JaCoCo session: org.jacoco.agent.rt.RT
00:02:03 PIT >> INFO : MINION : Failed to dump JaCoCo execution data: org.jacoco.agent.rt.RT
00:02:03 PIT >> INFO : MINION : Failed to set JaCoCo session: org.jacoco.agent.rt.RT
00:02:03 PIT >> INFO : MINION : Failed to dump JaCoCo execution data: org.jacoco.agent.rt.RT
00:02:03 PIT >> INFO : MINION : Failed to set JaCoCo session: org.jacoco.agent.rt.RT
00:02:03 PIT >> INFO : MINION : Failed to dump JaCoCo execution data: org.jacoco.agent.rt.RT
00:02:03 PIT >> INFO : MINION : Failed to set JaCoCo session: org.jacoco.agent.rt.RT
00:02:03 PIT >> INFO : MINION : Failed to dump JaCoCo execution data: org.jacoco.agent.rt.RT
00:02:03 PIT >> INFO : MINION : Failed to set JaCoCo session: org.jacoco.agent.rt.RT
00:02:03 PIT >> INFO : MINION : Failed to dump JaCoCo execution data: org.jacoco.agent.rt.RT
00:02:03 PIT >> INFO : MINION : Failed to set JaCoCo session: org.jacoco.agent.rt.RT
00:02:03 PIT >> INFO : MINION : Failed to dump JaCoCo execution data: org.jacoco.agent.rt.RT
00:02:03 PIT >> INFO : MINION : Failed to set JaCoCo session: org.jacoco.agent.rt.RT
00:02:03 PIT >> INFO : MINION : Failed to dump JaCoCo execution data: org.jacoco.agent.rt.RT
00:02:03 PIT >> INFO : MINION : Failed to set JaCoCo session: org.jacoco.agent.rt.RT
00:02:03 PIT >> INFO : MINION : Failed to dump JaCoCo execution data: org.jacoco.agent.rt.RT
00:02:03 PIT >> INFO : MINION : Failed to set JaCoCo session: org.jacoco.agent.rt.RT
00:02:03 PIT >> INFO : MINION : Failed to dump JaCoCo execution data: org.jacoco.agent.rt.RT
00:02:03 PIT >> INFO : MINION : Failed to set JaCoCo session: org.jacoco.agent.rt.RT
00:02:03 PIT >> INFO : MINION : Failed to dump JaCoCo execution data: org.jacoco.agent.rt.RT
00:02:03 PIT >> INFO : MINION : Failed to set JaCoCo session: org.jacoco.agent.rt.RT
00:02:03 PIT >> INFO : MINION : Failed to dump JaCoCo execution data: org.jacoco.agent.rt.RT
00:02:03 PIT >> INFO : MINION : Failed to set JaCoCo session: org.jacoco.agent.rt.RT
00:02:03 PIT >> INFO : MINION : Failed to dump JaCoCo execution data: org.jacoco.agent.rt.RT
00:02:03 PIT >> INFO : MINION : Failed to set JaCoCo session: org.jacoco.agent.rt.RT
00:02:03 PIT >> INFO : MINION : Failed to dump JaCoCo execution data: org.jacoco.agent.rt.RT
00:02:03 PIT >> INFO : MINION : Failed to set JaCoCo session: org.jacoco.agent.rt.RT
00:02:03 PIT >> INFO : MINION : Failed to dump JaCoCo execution data: org.jacoco.agent.rt.RT
00:02:03 PIT >> INFO : MINION : Failed to set JaCoCo session: org.jacoco.agent.rt.RT
00:02:03 PIT >> INFO : MINION : Failed to dump JaCoCo execution data: org.jacoco.agent.rt.RT
00:02:03 PIT >> INFO : MINION : Failed to set JaCoCo session: org.jacoco.agent.rt.RT
00:02:03 PIT >> INFO : MINION : Failed to dump JaCoCo execution data: org.jacoco.agent.rt.RT
00:02:03 PIT >> INFO : MINION : Failed to set JaCoCo session: org.jacoco.agent.rt.RT
00:02:03 PIT >> INFO : MINION : Failed to dump JaCoCo execution data: org.jacoco.agent.rt.RT
00:02:03 PIT >> INFO : MINION : Failed to set JaCoCo session: org.jacoco.agent.rt.RT
00:02:03 PIT >> INFO : MINION : Failed to dump JaCoCo execution data: org.jacoco.agent.rt.RT
00:02:03 PIT >> INFO : MINION : Failed to set JaCoCo session: org.jacoco.agent.rt.RT
00:02:03 PIT >> INFO : MINION : Failed to dump JaCoCo execution data: org.jacoco.agent.rt.RT
00:02:03 PIT >> INFO : MINION : Failed to set JaCoCo session: org.jacoco.agent.rt.RT
00:02:03 PIT >> INFO : MINION : Failed to dump JaCoCo execution data: org.jacoco.agent.rt.RT
00:02:03 PIT >> INFO : MINION : Failed to set JaCoCo session: org.jacoco.agent.rt.RT
00:02:03 PIT >> INFO : MINION : Failed to dump JaCoCo execution data: org.jacoco.agent.rt.RT
00:02:03 PIT >> INFO : MINION : Failed to set JaCoCo session: org.jacoco.agent.rt.RT
00:02:03 PIT >> INFO : MINION : Failed to dump JaCoCo execution data: org.jacoco.agent.rt.RT
00:02:03 PIT >> INFO : MINION : Failed to set JaCoCo session: org.jacoco.agent.rt.RT
00:02:03 PIT >> INFO : MINION : Failed to dump JaCoCo execution data: org.jacoco.agent.rt.RT
00:02:03 PIT >> INFO : MINION : Failed to set JaCoCo session: org.jacoco.agent.rt.RT
00:02:03 PIT >> INFO : MINION : Failed to dump JaCoCo execution data: org.jacoco.agent.rt.RT
00:02:03 PIT >> INFO : MINION : Failed to set JaCoCo session: org.jacoco.agent.rt.RT
00:02:03 PIT >> INFO : MINION : Failed to dump JaCoCo execution data: org.jacoco.agent.rt.RT
00:02:03 PIT >> INFO : MINION : Failed to set JaCoCo session: org.jacoco.agent.rt.RT
00:02:03 PIT >> INFO : MINION : Failed to dump JaCoCo execution data: org.jacoco.agent.rt.RT
00:02:03 PIT >> INFO : MINION : Failed to set JaCoCo session: org.jacoco.agent.rt.RT
00:02:03 PIT >> INFO : MINION : Failed to dump JaCoCo execution data: org.jacoco.agent.rt.RT
00:02:03 PIT >> INFO : MINION : Failed to set JaCoCo session: org.jacoco.agent.rt.RT
00:02:03 PIT >> INFO : MINION : Failed to dump JaCoCo execution data: org.jacoco.agent.rt.RT
00:02:03 PIT >> INFO : MINION : Failed to set JaCoCo session: org.jacoco.agent.rt.RT
00:02:03 PIT >> INFO : MINION : Failed to dump JaCoCo execution data: org.jacoco.agent.rt.RT
00:02:03 PIT >> INFO : MINION : Failed to set JaCoCo session: org.jacoco.agent.rt.RT
00:02:03 PIT >> INFO : MINION : Failed to dump JaCoCo execution data: org.jacoco.agent.rt.RT
00:02:03 PIT >> INFO : MINION : Failed to set JaCoCo session: org.jacoco.agent.rt.RT
00:02:03 PIT >> INFO : MINION : Failed to dump JaCoCo execution data: org.jacoco.agent.rt.RT
00:02:03 PIT >> INFO : MINION : Failed to set JaCoCo session: org.jacoco.agent.rt.RT
00:02:03 PIT >> INFO : MINION : Failed to dump JaCoCo execution data: org.jacoco.agent.rt.RT
00:02:03 PIT >> INFO : MINION : Failed to set JaCoCo session: org.jacoco.agent.rt.RT
00:02:03 PIT >> INFO : MINION : Failed to dump JaCoCo execution data: org.jacoco.agent.rt.RT
00:02:03 PIT >> INFO : MINION : Failed to set JaCoCo session: org.jacoco.agent.rt.RT
00:02:03 PIT >> INFO : MINION : Failed to dump JaCoCo execution data: org.jacoco.agent.rt.RT
00:02:03 PIT >> INFO : MINION : Failed to set JaCoCo session: org.jacoco.agent.rt.RT
00:02:03 PIT >> INFO : MINION : Failed to dump JaCoCo execution data: org.jacoco.agent.rt.RT
00:02:03 PIT >> INFO : MINION : Failed to set JaCoCo session: org.jacoco.agent.rt.RT
00:02:03 PIT >> INFO : MINION : Failed to dump JaCoCo execution data: org.jacoco.agent.rt.RT
00:02:03 PIT >> INFO : MINION : Failed to set JaCoCo session: org.jacoco.agent.rt.RT
00:02:03 PIT >> INFO : MINION : Failed to dump JaCoCo execution data: org.jacoco.agent.rt.RT
00:02:03 PIT >> INFO : MINION : Failed to set JaCoCo session: org.jacoco.agent.rt.RT
00:02:03 PIT >> INFO : MINION : Failed to dump JaCoCo execution data: org.jacoco.agent.rt.RT
00:02:03 PIT >> INFO : MINION : Failed to set JaCoCo session: org.jacoco.agent.rt.RT
00:02:03 PIT >> INFO : MINION : Failed to dump JaCoCo execution data: org.jacoco.agent.rt.RT
00:02:03 PIT >> INFO : MINION : Failed to set JaCoCo session: org.jacoco.agent.rt.RT
00:02:03 PIT >> INFO : MINION : Failed to dump JaCoCo execution data: org.jacoco.agent.rt.RT
00:02:03 PIT >> INFO : MINION : Failed to set JaCoCo session: org.jacoco.agent.rt.RT
00:02:03 PIT >> INFO : MINION : Failed to dump JaCoCo execution data: org.jacoco.agent.rt.RT
00:02:03 PIT >> INFO : MINION : Failed to set JaCoCo session: org.jacoco.agent.rt.RT
00:02:03 PIT >> INFO : MINION : Failed to dump JaCoCo execution data: org.jacoco.agent.rt.RT
00:02:03 PIT >> INFO : MINION : Failed to set JaCoCo session: org.jacoco.agent.rt.RT
00:02:03 PIT >> INFO : MINION : Failed to dump JaCoCo execution data: org.jacoco.agent.rt.RT
00:02:03 PIT >> INFO : MINION : Failed to set JaCoCo session: org.jacoco.agent.rt.RT
00:02:03 PIT >> INFO : MINION : Failed to dump JaCoCo execution data: org.jacoco.agent.rt.RT
00:02:03 PIT >> INFO : MINION : Failed to set JaCoCo session: org.jacoco.agent.rt.RT
00:02:03 PIT >> INFO : MINION : Failed to dump JaCoCo execution data: org.jacoco.agent.rt.RT
00:02:03 PIT >> INFO : MINION : Failed to set JaCoCo session: org.jacoco.agent.rt.RT
00:02:03 PIT >> INFO : MINION : Failed to dump JaCoCo execution data: org.jacoco.agent.rt.RT
00:02:03 PIT >> INFO : MINION : Failed to set JaCoCo session: org.jacoco.agent.rt.RT
00:02:03 PIT >> INFO : MINION : Failed to dump JaCoCo execution data: org.jacoco.agent.rt.RT
00:02:03 PIT >> INFO : MINION : Failed to set JaCoCo session: org.jacoco.agent.rt.RT
00:02:03 PIT >> INFO : MINION : Failed to dump JaCoCo execution data: org.jacoco.agent.rt.RT
00:02:03 PIT >> INFO : MINION : Failed to set JaCoCo session: org.jacoco.agent.rt.RT
00:02:03 PIT >> INFO : MINION : Failed to dump JaCoCo execution data: org.jacoco.agent.rt.RT
00:02:03 PIT >> INFO : MINION : Failed to set JaCoCo session: org.jacoco.agent.rt.RT
00:02:03 PIT >> INFO : MINION : Failed to dump JaCoCo execution data: org.jacoco.agent.rt.RT
00:02:03 PIT >> INFO : MINION : Failed to set JaCoCo session: org.jacoco.agent.rt.RT
00:02:03 PIT >> INFO : MINION : Failed to dump JaCoCo execution data: org.jacoco.agent.rt.RT
00:02:03 PIT >> INFO : MINION : Failed to set JaCoCo session: org.jacoco.agent.rt.RT
00:02:03 PIT >> INFO : MINION : Failed to dump JaCoCo execution data: org.jacoco.agent.rt.RT
00:02:03 PIT >> INFO : MINION : Failed to set JaCoCo session: org.jacoco.agent.rt.RT
00:02:03 PIT >> INFO : MINION : Failed to dump JaCoCo execution data: org.jacoco.agent.rt.RT
00:02:03 PIT >> INFO : MINION : Failed to set JaCoCo session: org.jacoco.agent.rt.RT
00:02:03 PIT >> INFO : MINION : Failed to dump JaCoCo execution data: org.jacoco.agent.rt.RT
00:02:03 PIT >> INFO : MINION : Failed to set JaCoCo session: org.jacoco.agent.rt.RT
00:02:03 PIT >> INFO : MINION : Failed to dump JaCoCo execution data: org.jacoco.agent.rt.RT
00:02:03 PIT >> INFO : MINION : Failed to set JaCoCo session: org.jacoco.agent.rt.RT
00:02:03 PIT >> INFO : MINION : Failed to dump JaCoCo execution data: org.jacoco.agent.rt.RT
00:02:03 PIT >> INFO : MINION : Failed to set JaCoCo session: org.jacoco.agent.rt.RT
00:02:03 PIT >> INFO : MINION : Failed to dump JaCoCo execution data: org.jacoco.agent.rt.RT
00:02:03 PIT >> INFO : MINION : Failed to set JaCoCo session: org.jacoco.agent.rt.RT
00:02:03 PIT >> INFO : MINION : Failed to dump JaCoCo execution data: org.jacoco.agent.rt.RT
00:02:03 PIT >> INFO : MINION : Failed to set JaCoCo session: org.jacoco.agent.rt.RT
00:02:03 PIT >> INFO : MINION : Failed to dump JaCoCo execution data: org.jacoco.agent.rt.RT
00:02:03 PIT >> INFO : MINION : Failed to set JaCoCo session: org.jacoco.agent.rt.RT
00:02:03 PIT >> INFO : MINION : Failed to dump JaCoCo execution data: org.jacoco.agent.rt.RT
00:02:03 PIT >> INFO : MINION : Failed to set JaCoCo session: org.jacoco.agent.rt.RT
00:02:03 PIT >> INFO : MINION : Failed to dump JaCoCo execution data: org.jacoco.agent.rt.RT
00:02:03 PIT >> INFO : MINION : Failed to set JaCoCo session: org.jacoco.agent.rt.RT
00:02:03 PIT >> INFO : MINION : Failed to dump JaCoCo execution data: org.jacoco.agent.rt.RT
00:02:03 PIT >> INFO : MINION : Failed to set JaCoCo session: org.jacoco.agent.rt.RT
00:02:03 PIT >> INFO : MINION : Failed to dump JaCoCo execution data: org.jacoco.agent.rt.RT
00:02:03 PIT >> INFO : MINION : Failed to set JaCoCo session: org.jacoco.agent.rt.RT
00:02:03 PIT >> INFO : MINION : Failed to dump JaCoCo execution data: org.jacoco.agent.rt.RT
00:02:03 PIT >> INFO : MINION : Failed to set JaCoCo session: org.jacoco.agent.rt.RT
00:02:03 PIT >> INFO : MINION : Failed to dump JaCoCo execution data: org.jacoco.agent.rt.RT
00:02:03 PIT >> INFO : MINION : Failed to set JaCoCo session: org.jacoco.agent.rt.RT
00:02:03 PIT >> INFO : MINION : Failed to dump JaCoCo execution data: org.jacoco.agent.rt.RT
00:02:03 PIT >> INFO : MINION : Failed to set JaCoCo session: org.jacoco.agent.rt.RT
00:02:03 PIT >> INFO : MINION : Failed to dump JaCoCo execution data: org.jacoco.agent.rt.RT
00:02:03 PIT >> INFO : MINION : Failed to set JaCoCo session: org.jacoco.agent.rt.RT
00:02:03 PIT >> INFO : MINION : Failed to dump JaCoCo execution data: org.jacoco.agent.rt.RT
00:02:03 PIT >> INFO : MINION : Failed to set JaCoCo session: org.jacoco.agent.rt.RT
00:02:03 PIT >> INFO : MINION : Failed to dump JaCoCo execution data: org.jacoco.agent.rt.RT
00:02:03 PIT >> INFO : MINION : Failed to set JaCoCo session: org.jacoco.agent.rt.RT
00:02:03 PIT >> INFO : MINION : Failed to dump JaCoCo execution data: org.jacoco.agent.rt.RT
00:02:03 PIT >> INFO : MINION : Failed to set JaCoCo session: org.jacoco.agent.rt.RT
00:02:03 PIT >> INFO : MINION : Failed to dump JaCoCo execution data: org.jacoco.agent.rt.RT
00:02:03 PIT >> INFO : MINION : Failed to set JaCoCo session: org.jacoco.agent.rt.RT
00:02:03 PIT >> INFO : MINION : Failed to dump JaCoCo execution data: org.jacoco.agent.rt.RT
00:02:03 PIT >> INFO : MINION : Failed to set JaCoCo session: org.jacoco.agent.rt.RT
00:02:03 PIT >> INFO : MINION : Failed to dump JaCoCo execution data: org.jacoco.agent.rt.RT
00:02:03 PIT >> INFO : MINION : Failed to set JaCoCo session: org.jacoco.agent.rt.RT
00:02:03 PIT >> INFO : MINION : Failed to dump JaCoCo execution data: org.jacoco.agent.rt.RT
00:02:03 PIT >> INFO : MINION : Failed to set JaCoCo session: org.jacoco.agent.rt.RT
00:02:03 PIT >> INFO : MINION : Failed to dump JaCoCo execution data: org.jacoco.agent.rt.RT
00:02:03 PIT >> INFO : MINION : Failed to set JaCoCo session: org.jacoco.agent.rt.RT
00:02:03 PIT >> INFO : MINION : Failed to dump JaCoCo execution data: org.jacoco.agent.rt.RT
00:02:03 PIT >> INFO : MINION : Failed to set JaCoCo session: org.jacoco.agent.rt.RT
00:02:03 PIT >> INFO : MINION : Failed to dump JaCoCo execution data: org.jacoco.agent.rt.RT
00:02:03 PIT >> INFO : MINION : Failed to set JaCoCo session: org.jacoco.agent.rt.RT
00:02:03 PIT >> INFO : MINION : Failed to dump JaCoCo execution data: org.jacoco.agent.rt.RT
00:02:03 PIT >> INFO : MINION : Failed to set JaCoCo session: org.jacoco.agent.rt.RT
00:02:03 PIT >> INFO : MINION : Failed to dump JaCoCo execution data: org.jacoco.agent.rt.RT
00:02:03 PIT >> INFO : MINION : Failed to set JaCoCo session: org.jacoco.agent.rt.RT
00:02:03 PIT >> INFO : MINION : Failed to dump JaCoCo execution data: org.jacoco.agent.rt.RT
00:02:03 PIT >> INFO : MINION : Failed to set JaCoCo session: org.jacoco.agent.rt.RT
00:02:03 PIT >> INFO : MINION : Failed to dump JaCoCo execution data: org.jacoco.agent.rt.RT
00:02:03 PIT >> INFO : MINION : Failed to set JaCoCo session: org.jacoco.agent.rt.RT
00:02:03 PIT >> INFO : MINION : Failed to dump JaCoCo execution data: org.jacoco.agent.rt.RT
00:02:03 PIT >> INFO : MINION : Failed to set JaCoCo session: org.jacoco.agent.rt.RT
00:02:03 PIT >> INFO : MINION : Failed to dump JaCoCo execution data: org.jacoco.agent.rt.RT
00:02:03 PIT >> INFO : MINION : Failed to set JaCoCo session: org.jacoco.agent.rt.RT
00:02:03 PIT >> INFO : MINION : Failed to dump JaCoCo execution data: org.jacoco.agent.rt.RT
00:02:03 PIT >> INFO : MINION : Failed to set JaCoCo session: org.jacoco.agent.rt.RT
00:02:03 PIT >> INFO : MINION : Failed to dump JaCoCo execution data: org.jacoco.agent.rt.RT
00:02:03 PIT >> INFO : MINION : Failed to set JaCoCo session: org.jacoco.agent.rt.RT
00:02:03 PIT >> INFO : MINION : Failed to dump JaCoCo execution data: org.jacoco.agent.rt.RT
00:02:03 PIT >> INFO : MINION : Failed to set JaCoCo session: org.jacoco.agent.rt.RT
00:02:03 PIT >> INFO : MINION : Failed to dump JaCoCo execution data: org.jacoco.agent.rt.RT
00:02:03 PIT >> INFO : MINION : Failed to set JaCoCo session: org.jacoco.agent.rt.RT
00:02:03 PIT >> INFO : MINION : Failed to dump JaCoCo execution data: org.jacoco.agent.rt.RT
00:02:03 PIT >> INFO : MINION : Failed to set JaCoCo session: org.jacoco.agent.rt.RT
00:02:03 PIT >> INFO : MINION : Failed to dump JaCoCo execution data: org.jacoco.agent.rt.RT
00:02:03 PIT >> INFO : MINION : Failed to set JaCoCo session: org.jacoco.agent.rt.RT
00:02:03 PIT >> INFO : MINION : Failed to dump JaCoCo execution data: org.jacoco.agent.rt.RT
00:02:03 PIT >> INFO : MINION : Failed to set JaCoCo session: org.jacoco.agent.rt.RT
00:02:03 PIT >> INFO : MINION : Failed to dump JaCoCo execution data: org.jacoco.agent.rt.RT
00:02:03 PIT >> INFO : MINION : Failed to set JaCoCo session: org.jacoco.agent.rt.RT
00:02:03 PIT >> INFO : MINION : Failed to dump JaCoCo execution data: org.jacoco.agent.rt.RT
00:02:03 PIT >> INFO : MINION : Failed to set JaCoCo session: org.jacoco.agent.rt.RT
00:02:03 PIT >> INFO : MINION : Failed to dump JaCoCo execution data: org.jacoco.agent.rt.RT
00:02:03 PIT >> INFO : MINION : Failed to set JaCoCo session: org.jacoco.agent.rt.RT
00:02:03 PIT >> INFO : MINION : Failed to dump JaCoCo execution data: org.jacoco.agent.rt.RT
00:02:03 PIT >> INFO : MINION : Failed to set JaCoCo session: org.jacoco.agent.rt.RT
00:02:03 PIT >> INFO : MINION : Failed to dump JaCoCo execution data: org.jacoco.agent.rt.RT
00:02:03 PIT >> INFO : MINION : Failed to set JaCoCo session: org.jacoco.agent.rt.RT
00:02:03 PIT >> INFO : MINION : Failed to dump JaCoCo execution data: org.jacoco.agent.rt.RT
00:02:03 PIT >> INFO : MINION : Failed to set JaCoCo session: org.jacoco.agent.rt.RT
00:02:03 PIT >> INFO : MINION : Failed to dump JaCoCo execution data: org.jacoco.agent.rt.RT
00:02:03 PIT >> INFO : MINION : Failed to set JaCoCo session: org.jacoco.agent.rt.RT
00:02:03 PIT >> INFO : MINION : Failed to dump JaCoCo execution data: org.jacoco.agent.rt.RT
00:02:03 PIT >> INFO : MINION : Failed to set JaCoCo session: org.jacoco.agent.rt.RT
00:02:03 PIT >> INFO : MINION : Failed to dump JaCoCo execution data: org.jacoco.agent.rt.RT
00:02:03 PIT >> INFO : MINION : Failed to set JaCoCo session: org.jacoco.agent.rt.RT
00:02:03 PIT >> INFO : MINION : Failed to dump JaCoCo execution data: org.jacoco.agent.rt.RT
00:02:03 PIT >> INFO : MINION : Failed to set JaCoCo session: org.jacoco.agent.rt.RT
00:02:03 PIT >> INFO : MINION : Failed to dump JaCoCo execution data: org.jacoco.agent.rt.RT
00:02:03 PIT >> INFO : MINION : Failed to set JaCoCo session: org.jacoco.agent.rt.RT
00:02:03 PIT >> INFO : MINION : Failed to dump JaCoCo execution data: org.jacoco.agent.rt.RT
00:02:03 PIT >> INFO : MINION : Failed to set JaCoCo session: org.jacoco.agent.rt.RT
00:02:03 PIT >> INFO : MINION : Failed to dump JaCoCo execution data: org.jacoco.agent.rt.RT
00:02:03 PIT >> INFO : MINION : Failed to set JaCoCo session: org.jacoco.agent.rt.RT
00:02:03 PIT >> INFO : MINION : Failed to dump JaCoCo execution data: org.jacoco.agent.rt.RT
00:02:03 PIT >> INFO : MINION : Failed to set JaCoCo session: org.jacoco.agent.rt.RT
00:02:03 PIT >> INFO : MINION : Failed to dump JaCoCo execution data: org.jacoco.agent.rt.RT
00:02:03 PIT >> INFO : MINION : Failed to set JaCoCo session: org.jacoco.agent.rt.RT
00:02:03 PIT >> INFO : MINION : Failed to dump JaCoCo execution data: org.jacoco.agent.rt.RT
00:02:03 PIT >> INFO : MINION : Failed to set JaCoCo session: org.jacoco.agent.rt.RT
00:02:03 PIT >> INFO : MINION : Failed to dump JaCoCo execution data: org.jacoco.agent.rt.RT
00:02:03 PIT >> INFO : MINION : Failed to set JaCoCo session: org.jacoco.agent.rt.RT
00:02:03 PIT >> INFO : MINION : Failed to dump JaCoCo execution data: org.jacoco.agent.rt.RT
00:02:03 PIT >> INFO : MINION : Failed to set JaCoCo session: org.jacoco.agent.rt.RT
00:02:03 PIT >> INFO : MINION : Failed to dump JaCoCo execution data: org.jacoco.agent.rt.RT
00:02:03 PIT >> INFO : MINION : Failed to set JaCoCo session: org.jacoco.agent.rt.RT
00:02:03 PIT >> INFO : MINION : Failed to dump JaCoCo execution data: org.jacoco.agent.rt.RT
00:02:03 PIT >> INFO : MINION : Failed to set JaCoCo session: org.jacoco.agent.rt.RT
00:02:03 PIT >> INFO : MINION : Failed to dump JaCoCo execution data: org.jacoco.agent.rt.RT
00:02:03 PIT >> INFO : MINION : Failed to set JaCoCo session: org.jacoco.agent.rt.RT
00:02:03 PIT >> INFO : MINION : Failed to dump JaCoCo execution data: org.jacoco.agent.rt.RT
00:02:03 PIT >> INFO : MINION : Failed to set JaCoCo session: org.jacoco.agent.rt.RT
00:02:03 PIT >> INFO : MINION : Failed to dump JaCoCo execution data: org.jacoco.agent.rt.RT
00:02:03 PIT >> INFO : MINION : Failed to set JaCoCo session: org.jacoco.agent.rt.RT
00:02:03 PIT >> INFO : MINION : Failed to dump JaCoCo execution data: org.jacoco.agent.rt.RT
00:02:03 PIT >> INFO : MINION : Failed to set JaCoCo session: org.jacoco.agent.rt.RT
00:02:03 PIT >> INFO : MINION : Failed to dump JaCoCo execution data: org.jacoco.agent.rt.RT
00:02:03 PIT >> INFO : MINION : Failed to set JaCoCo session: org.jacoco.agent.rt.RT
00:02:03 PIT >> INFO : MINION : Failed to dump JaCoCo execution data: org.jacoco.agent.rt.RT
00:02:03 PIT >> INFO : MINION : Failed to set JaCoCo session: org.jacoco.agent.rt.RT
00:02:03 PIT >> INFO : MINION : Failed to dump JaCoCo execution data: org.jacoco.agent.rt.RT
00:02:03 PIT >> INFO : MINION : Failed to set JaCoCo session: org.jacoco.agent.rt.RT
00:02:03 PIT >> INFO : MINION : Failed to dump JaCoCo execution data: org.jacoco.agent.rt.RT
00:02:03 PIT >> INFO : MINION : Failed to set JaCoCo session: org.jacoco.agent.rt.RT
00:02:03 PIT >> INFO : MINION : Failed to dump JaCoCo execution data: org.jacoco.agent.rt.RT
00:02:03 PIT >> INFO : MINION : Failed to set JaCoCo session: org.jacoco.agent.rt.RT
00:02:03 PIT >> INFO : MINION : Failed to dump JaCoCo execution data: org.jacoco.agent.rt.RT
00:02:03 PIT >> INFO : MINION : Failed to set JaCoCo session: org.jacoco.agent.rt.RT
00:02:03 PIT >> INFO : MINION : Failed to dump JaCoCo execution data: org.jacoco.agent.rt.RT
00:02:03 PIT >> INFO : MINION : Failed to set JaCoCo session: org.jacoco.agent.rt.RT
00:02:03 PIT >> INFO : MINION : Failed to dump JaCoCo execution data: org.jacoco.agent.rt.RT
00:02:03 PIT >> INFO : MINION : Failed to set JaCoCo session: org.jacoco.agent.rt.RT
00:02:03 PIT >> INFO : MINION : Failed to dump JaCoCo execution data: org.jacoco.agent.rt.RT
00:02:03 PIT >> INFO : MINION : Failed to set JaCoCo session: org.jacoco.agent.rt.RT
00:02:03 PIT >> INFO : MINION : Failed to dump JaCoCo execution data: org.jacoco.agent.rt.RT
00:02:03 PIT >> INFO : MINION : Failed to set JaCoCo session: org.jacoco.agent.rt.RT
00:02:03 PIT >> INFO : MINION : Failed to dump JaCoCo execution data: org.jacoco.agent.rt.RT
00:02:03 PIT >> INFO : MINION : Failed to set JaCoCo session: org.jacoco.agent.rt.RT
00:02:03 PIT >> INFO : MINION : Failed to dump JaCoCo execution data: org.jacoco.agent.rt.RT
00:02:03 PIT >> INFO : MINION : Failed to set JaCoCo session: org.jacoco.agent.rt.RT
00:02:03 PIT >> INFO : MINION : Failed to dump JaCoCo execution data: org.jacoco.agent.rt.RT
00:02:03 PIT >> INFO : MINION : Failed to set JaCoCo session: org.jacoco.agent.rt.RT
00:02:03 PIT >> INFO : MINION : Failed to dump JaCoCo execution data: org.jacoco.agent.rt.RT
00:02:03 PIT >> INFO : MINION : Failed to set JaCoCo session: org.jacoco.agent.rt.RT
00:02:03 PIT >> INFO : MINION : Failed to dump JaCoCo execution data: org.jacoco.agent.rt.RT
00:02:03 PIT >> INFO : MINION : Failed to set JaCoCo session: org.jacoco.agent.rt.RT
00:02:03 PIT >> INFO : MINION : Failed to dump JaCoCo execution data: org.jacoco.agent.rt.RT
00:02:03 PIT >> INFO : MINION : Failed to set JaCoCo session: org.jacoco.agent.rt.RT
00:02:03 PIT >> INFO : MINION : Failed to dump JaCoCo execution data: org.jacoco.agent.rt.RT
00:02:03 PIT >> INFO : MINION : Failed to set JaCoCo session: org.jacoco.agent.rt.RT
00:02:03 PIT >> INFO : MINION : Failed to dump JaCoCo execution data: org.jacoco.agent.rt.RT
00:02:03 PIT >> INFO : MINION : Failed to set JaCoCo session: org.jacoco.agent.rt.RT
00:02:03 PIT >> INFO : MINION : Failed to dump JaCoCo execution data: org.jacoco.agent.rt.RT
00:02:03 PIT >> INFO : MINION : Failed to set JaCoCo session: org.jacoco.agent.rt.RT
00:02:03 PIT >> INFO : MINION : Failed to dump JaCoCo execution data: org.jacoco.agent.rt.RT
00:02:03 PIT >> INFO : MINION : Failed to set JaCoCo session: org.jacoco.agent.rt.RT
00:02:03 PIT >> INFO : MINION : Failed to dump JaCoCo execution data: org.jacoco.agent.rt.RT
00:02:03 PIT >> INFO : MINION : Failed to set JaCoCo session: org.jacoco.agent.rt.RT
00:02:03 PIT >> INFO : MINION : Failed to dump JaCoCo execution data: org.jacoco.agent.rt.RT
00:02:03 PIT >> INFO : MINION : Failed to set JaCoCo session: org.jacoco.agent.rt.RT
00:02:03 PIT >> INFO : MINION : Failed to dump JaCoCo execution data: org.jacoco.agent.rt.RT
00:02:03 PIT >> INFO : MINION : Failed to set JaCoCo session: org.jacoco.agent.rt.RT
00:02:03 PIT >> INFO : MINION : Failed to dump JaCoCo execution data: org.jacoco.agent.rt.RT
00:02:03 PIT >> INFO : MINION : Failed to set JaCoCo session: org.jacoco.agent.rt.RT
00:02:03 PIT >> INFO : MINION : Failed to dump JaCoCo execution data: org.jacoco.agent.rt.RT
00:02:03 PIT >> INFO : MINION : Failed to set JaCoCo session: org.jacoco.agent.rt.RT
00:02:03 PIT >> INFO : MINION : Failed to dump JaCoCo execution data: org.jacoco.agent.rt.RT
00:02:03 PIT >> INFO : MINION : Failed to set JaCoCo session: org.jacoco.agent.rt.RT
00:02:03 PIT >> INFO : MINION : Failed to dump JaCoCo execution data: org.jacoco.agent.rt.RT
00:02:03 PIT >> INFO : MINION : Failed to set JaCoCo session: org.jacoco.agent.rt.RT
00:02:03 PIT >> INFO : MINION : Failed to dump JaCoCo execution data: org.jacoco.agent.rt.RT
00:02:03 PIT >> INFO : MINION : Failed to set JaCoCo session: org.jacoco.agent.rt.RT
00:02:03 PIT >> INFO : MINION : Failed to dump JaCoCo execution data: org.jacoco.agent.rt.RT
00:02:03 PIT >> INFO : MINION : Failed to set JaCoCo session: org.jacoco.agent.rt.RT
00:02:03 PIT >> INFO : MINION : Failed to dump JaCoCo execution data: org.jacoco.agent.rt.RT
00:02:03 PIT >> INFO : MINION : Failed to set JaCoCo session: org.jacoco.agent.rt.RT
00:02:03 PIT >> INFO : MINION : Failed to dump JaCoCo execution data: org.jacoco.agent.rt.RT
00:02:03 PIT >> INFO : MINION : Failed to set JaCoCo session: org.jacoco.agent.rt.RT
00:02:03 PIT >> INFO : MINION : Failed to dump JaCoCo execution data: org.jacoco.agent.rt.RT
00:02:03 PIT >> INFO : MINION : Failed to set JaCoCo session: org.jacoco.agent.rt.RT
00:02:03 PIT >> INFO : MINION : Failed to dump JaCoCo execution data: org.jacoco.agent.rt.RT
00:02:03 PIT >> INFO : MINION : Failed to set JaCoCo session: org.jacoco.agent.rt.RT
00:02:03 PIT >> INFO : MINION : Failed to dump JaCoCo execution data: org.jacoco.agent.rt.RT
00:02:03 PIT >> INFO : MINION : Failed to set JaCoCo session: org.jacoco.agent.rt.RT
00:02:03 PIT >> INFO : MINION : Failed to dump JaCoCo execution data: org.jacoco.agent.rt.RT
00:02:03 PIT >> INFO : MINION : Failed to set JaCoCo session: org.jacoco.agent.rt.RT
00:02:03 PIT >> INFO : MINION : Failed to dump JaCoCo execution data: org.jacoco.agent.rt.RT
00:02:03 PIT >> INFO : MINION : Failed to set JaCoCo session: org.jacoco.agent.rt.RT
00:02:03 PIT >> INFO : MINION : Failed to dump JaCoCo execution data: org.jacoco.agent.rt.RT
00:02:03 PIT >> INFO : MINION : Failed to set JaCoCo session: org.jacoco.agent.rt.RT
00:02:03 PIT >> INFO : MINION : Failed to dump JaCoCo execution data: org.jacoco.agent.rt.RT
00:02:03 PIT >> INFO : MINION : Failed to set JaCoCo session: org.jacoco.agent.rt.RT
00:02:03 PIT >> INFO : MINION : Failed to dump JaCoCo execution data: org.jacoco.agent.rt.RT
00:02:03 PIT >> INFO : MINION : Failed to set JaCoCo session: org.jacoco.agent.rt.RT
00:02:03 PIT >> INFO : MINION : Failed to dump JaCoCo execution data: org.jacoco.agent.rt.RT
00:02:03 PIT >> INFO : MINION : Failed to set JaCoCo session: org.jacoco.agent.rt.RT
00:02:03 PIT >> INFO : MINION : Failed to dump JaCoCo execution data: org.jacoco.agent.rt.RT
00:02:03 PIT >> INFO : MINION : Failed to set JaCoCo session: org.jacoco.agent.rt.RT
00:02:03 PIT >> INFO : MINION : Failed to dump JaCoCo execution data: org.jacoco.agent.rt.RT
00:02:03 PIT >> INFO : MINION : Failed to set JaCoCo session: org.jacoco.agent.rt.RT
00:02:03 PIT >> INFO : MINION : Failed to dump JaCoCo execution data: org.jacoco.agent.rt.RT
00:02:03 PIT >> INFO : MINION : Failed to set JaCoCo session: org.jacoco.agent.rt.RT
00:02:03 PIT >> INFO : MINION : Failed to dump JaCoCo execution data: org.jacoco.agent.rt.RT
00:02:03 PIT >> INFO : MINION : Failed to set JaCoCo session: org.jacoco.agent.rt.RT
00:02:03 PIT >> INFO : MINION : Failed to dump JaCoCo execution data: org.jacoco.agent.rt.RT
00:02:03 PIT >> INFO : MINION : Failed to set JaCoCo session: org.jacoco.agent.rt.RT
00:02:03 PIT >> INFO : MINION : Failed to dump JaCoCo execution data: org.jacoco.agent.rt.RT
00:02:03 PIT >> INFO : MINION : Failed to set JaCoCo session: org.jacoco.agent.rt.RT
00:02:03 PIT >> INFO : MINION : Failed to dump JaCoCo execution data: org.jacoco.agent.rt.RT
00:02:03 PIT >> INFO : MINION : Failed to set JaCoCo session: org.jacoco.agent.rt.RT
00:02:03 PIT >> INFO : MINION : Failed to dump JaCoCo execution data: org.jacoco.agent.rt.RT
00:02:03 PIT >> INFO : MINION : Failed to set JaCoCo session: org.jacoco.agent.rt.RT
00:02:03 PIT >> INFO : MINION : Failed to dump JaCoCo execution data: org.jacoco.agent.rt.RT
00:02:03 PIT >> INFO : MINION : Failed to set JaCoCo session: org.jacoco.agent.rt.RT
00:02:03 PIT >> INFO : MINION : Failed to dump JaCoCo execution data: org.jacoco.agent.rt.RT
00:02:03 PIT >> INFO : MINION : Failed to set JaCoCo session: org.jacoco.agent.rt.RT
00:02:03 PIT >> INFO : MINION : Failed to dump JaCoCo execution data: org.jacoco.agent.rt.RT
00:02:03 PIT >> INFO : MINION : Failed to set JaCoCo session: org.jacoco.agent.rt.RT
00:02:03 PIT >> INFO : MINION : Failed to dump JaCoCo execution data: org.jacoco.agent.rt.RT
00:02:03 PIT >> INFO : MINION : Failed to set JaCoCo session: org.jacoco.agent.rt.RT
00:02:03 PIT >> INFO : MINION : Failed to dump JaCoCo execution data: org.jacoco.agent.rt.RT
00:02:03 PIT >> INFO : MINION : Failed to set JaCoCo session: org.jacoco.agent.rt.RT
00:02:03 PIT >> INFO : MINION : Failed to dump JaCoCo execution data: org.jacoco.agent.rt.RT
00:02:03 PIT >> INFO : MINION : Failed to set JaCoCo session: org.jacoco.agent.rt.RT
00:02:03 PIT >> INFO : MINION : Failed to dump JaCoCo execution data: org.jacoco.agent.rt.RT
00:02:03 PIT >> INFO : MINION : Failed to set JaCoCo session: org.jacoco.agent.rt.RT
00:02:03 PIT >> INFO : MINION : Failed to dump JaCoCo execution data: org.jacoco.agent.rt.RT
00:02:03 PIT >> INFO : MINION : Failed to set JaCoCo session: org.jacoco.agent.rt.RT
00:02:03 PIT >> INFO : MINION : Failed to dump JaCoCo execution data: org.jacoco.agent.rt.RT
00:02:03 PIT >> INFO : MINION : Failed to set JaCoCo session: org.jacoco.agent.rt.RT
00:02:03 PIT >> INFO : MINION : Failed to dump JaCoCo execution data: org.jacoco.agent.rt.RT
00:02:03 PIT >> INFO : MINION : Failed to set JaCoCo session: org.jacoco.agent.rt.RT
00:02:03 PIT >> INFO : MINION : Failed to dump JaCoCo execution data: org.jacoco.agent.rt.RT
00:02:03 PIT >> INFO : MINION : Failed to set JaCoCo session: org.jacoco.agent.rt.RT
00:02:03 PIT >> INFO : MINION : Failed to dump JaCoCo execution data: org.jacoco.agent.rt.RT
00:02:03 PIT >> INFO : MINION : Failed to set JaCoCo session: org.jacoco.agent.rt.RT
00:02:03 PIT >> INFO : MINION : Failed to dump JaCoCo execution data: org.jacoco.agent.rt.RT
00:02:03 PIT >> INFO : MINION : Failed to set JaCoCo session: org.jacoco.agent.rt.RT
00:02:03 PIT >> INFO : MINION : Failed to dump JaCoCo execution data: org.jacoco.agent.rt.RT
00:02:03 PIT >> INFO : MINION : Failed to set JaCoCo session: org.jacoco.agent.rt.RT
00:02:03 PIT >> INFO : MINION : Failed to dump JaCoCo execution data: org.jacoco.agent.rt.RT
00:02:03 PIT >> INFO : MINION : Failed to set JaCoCo session: org.jacoco.agent.rt.RT
00:02:03 PIT >> INFO : MINION : Failed to dump JaCoCo execution data: org.jacoco.agent.rt.RT
00:02:03 PIT >> INFO : MINION : Failed to set JaCoCo session: org.jacoco.agent.rt.RT
00:02:03 PIT >> INFO : MINION : Failed to dump JaCoCo execution data: org.jacoco.agent.rt.RT
00:02:03 PIT >> INFO : MINION : Failed to set JaCoCo session: org.jacoco.agent.rt.RT
00:02:03 PIT >> INFO : MINION : Failed to dump JaCoCo execution data: org.jacoco.agent.rt.RT
00:02:03 PIT >> INFO : MINION : Failed to set JaCoCo session: org.jacoco.agent.rt.RT
00:02:03 PIT >> INFO : MINION : Failed to dump JaCoCo execution data: org.jacoco.agent.rt.RT
00:02:03 PIT >> INFO : MINION : Failed to set JaCoCo session: org.jacoco.agent.rt.RT
00:02:03 PIT >> INFO : MINION : Failed to dump JaCoCo execution data: org.jacoco.agent.rt.RT
00:02:03 PIT >> INFO : MINION : Failed to set JaCoCo session: org.jacoco.agent.rt.RT
00:02:03 PIT >> INFO : MINION : Failed to dump JaCoCo execution data: org.jacoco.agent.rt.RT
00:02:03 PIT >> INFO : MINION : Failed to set JaCoCo session: org.jacoco.agent.rt.RT
00:02:03 PIT >> INFO : MINION : Failed to dump JaCoCo execution data: org.jacoco.agent.rt.RT
00:02:03 PIT >> INFO : MINION : Failed to set JaCoCo session: org.jacoco.agent.rt.RT
00:02:03 PIT >> INFO : MINION : Failed to dump JaCoCo execution data: org.jacoco.agent.rt.RT
00:02:03 PIT >> INFO : MINION : Failed to set JaCoCo session: org.jacoco.agent.rt.RT
00:02:03 PIT >> INFO : MINION : Failed to dump JaCoCo execution data: org.jacoco.agent.rt.RT
00:02:03 PIT >> INFO : MINION : Failed to set JaCoCo session: org.jacoco.agent.rt.RT
00:02:03 PIT >> INFO : MINION : Failed to dump JaCoCo execution data: org.jacoco.agent.rt.RT
00:02:03 PIT >> INFO : MINION : Failed to set JaCoCo session: org.jacoco.agent.rt.RT
00:02:03 PIT >> INFO : MINION : Failed to dump JaCoCo execution data: org.jacoco.agent.rt.RT
00:02:03 PIT >> INFO : MINION : Failed to set JaCoCo session: org.jacoco.agent.rt.RT
00:02:03 PIT >> INFO : MINION : Failed to dump JaCoCo execution data: org.jacoco.agent.rt.RT
00:02:03 PIT >> INFO : MINION : Failed to set JaCoCo session: org.jacoco.agent.rt.RT
00:02:03 PIT >> INFO : MINION : Failed to dump JaCoCo execution data: org.jacoco.agent.rt.RT
00:02:03 PIT >> INFO : MINION : Failed to set JaCoCo session: org.jacoco.agent.rt.RT
00:02:03 PIT >> INFO : MINION : Failed to dump JaCoCo execution data: org.jacoco.agent.rt.RT
00:02:03 PIT >> INFO : MINION : Failed to set JaCoCo session: org.jacoco.agent.rt.RT
00:02:03 PIT >> INFO : MINION : Failed to dump JaCoCo execution data: org.jacoco.agent.rt.RT
00:02:03 PIT >> INFO : MINION : Failed to set JaCoCo session: org.jacoco.agent.rt.RT
00:02:03 PIT >> INFO : MINION : Failed to dump JaCoCo execution data: org.jacoco.agent.rt.RT
00:02:03 PIT >> INFO : MINION : Failed to set JaCoCo session: org.jacoco.agent.rt.RT
00:02:03 PIT >> INFO : MINION : Failed to dump JaCoCo execution data: org.jacoco.agent.rt.RT
00:02:03 PIT >> INFO : MINION : Failed to set JaCoCo session: org.jacoco.agent.rt.RT
00:02:03 PIT >> INFO : MINION : Failed to dump JaCoCo execution data: org.jacoco.agent.rt.RT
00:02:03 PIT >> INFO : MINION : Failed to set JaCoCo session: org.jacoco.agent.rt.RT
00:02:03 PIT >> INFO : MINION : Failed to dump JaCoCo execution data: org.jacoco.agent.rt.RT
00:02:03 PIT >> INFO : MINION : Failed to set JaCoCo session: org.jacoco.agent.rt.RT
00:02:03 PIT >> INFO : MINION : Failed to dump JaCoCo execution data: org.jacoco.agent.rt.RT
00:02:03 PIT >> INFO : MINION : Failed to set JaCoCo session: org.jacoco.agent.rt.RT
00:02:03 PIT >> INFO : MINION : Failed to dump JaCoCo execution data: org.jacoco.agent.rt.RT
00:02:03 PIT >> INFO : MINION : Failed to set JaCoCo session: org.jacoco.agent.rt.RT
00:02:03 PIT >> INFO : MINION : Failed to dump JaCoCo execution data: org.jacoco.agent.rt.RT
00:02:03 PIT >> INFO : MINION : Failed to set JaCoCo session: org.jacoco.agent.rt.RT
00:02:03 PIT >> INFO : MINION : Failed to dump JaCoCo execution data: org.jacoco.agent.rt.RT
00:02:03 PIT >> INFO : MINION : Failed to set JaCoCo session: org.jacoco.agent.rt.RT
00:02:03 PIT >> INFO : MINION : Failed to dump JaCoCo execution data: org.jacoco.agent.rt.RT
00:02:03 PIT >> INFO : MINION : Failed to set JaCoCo session: org.jacoco.agent.rt.RT
00:02:03 PIT >> INFO : MINION : Failed to dump JaCoCo execution data: org.jacoco.agent.rt.RT
00:02:03 PIT >> INFO : MINION : Failed to set JaCoCo session: org.jacoco.agent.rt.RT
00:02:03 PIT >> INFO : MINION : Failed to dump JaCoCo execution data: org.jacoco.agent.rt.RT
00:02:03 PIT >> INFO : MINION : Failed to set JaCoCo session: org.jacoco.agent.rt.RT
00:02:03 PIT >> INFO : MINION : Failed to dump JaCoCo execution data: org.jacoco.agent.rt.RT
00:02:03 PIT >> INFO : MINION : Failed to set JaCoCo session: org.jacoco.agent.rt.RT
00:02:03 PIT >> INFO : MINION : Failed to dump JaCoCo execution data: org.jacoco.agent.rt.RT
00:02:03 PIT >> INFO : MINION : Failed to set JaCoCo session: org.jacoco.agent.rt.RT
00:02:03 PIT >> INFO : MINION : Failed to dump JaCoCo execution data: org.jacoco.agent.rt.RT
00:02:03 PIT >> INFO : MINION : Failed to set JaCoCo session: org.jacoco.agent.rt.RT
00:02:03 PIT >> INFO : MINION : Failed to dump JaCoCo execution data: org.jacoco.agent.rt.RT
00:02:03 PIT >> INFO : MINION : Failed to set JaCoCo session: org.jacoco.agent.rt.RT
00:02:03 PIT >> INFO : MINION : Failed to dump JaCoCo execution data: org.jacoco.agent.rt.RT
00:02:03 PIT >> INFO : MINION : Failed to set JaCoCo session: org.jacoco.agent.rt.RT
00:02:03 PIT >> INFO : MINION : Failed to dump JaCoCo execution data: org.jacoco.agent.rt.RT
00:02:03 PIT >> INFO : MINION : Failed to set JaCoCo session: org.jacoco.agent.rt.RT
00:02:03 PIT >> INFO : MINION : Failed to dump JaCoCo execution data: org.jacoco.agent.rt.RT
00:02:03 PIT >> INFO : MINION : Failed to set JaCoCo session: org.jacoco.agent.rt.RT
00:02:03 PIT >> INFO : MINION : Failed to dump JaCoCo execution data: org.jacoco.agent.rt.RT
00:02:03 PIT >> INFO : MINION : Failed to set JaCoCo session: org.jacoco.agent.rt.RT
00:02:03 PIT >> INFO : MINION : Failed to dump JaCoCo execution data: org.jacoco.agent.rt.RT
00:02:03 PIT >> INFO : MINION : Failed to set JaCoCo session: org.jacoco.agent.rt.RT
00:02:03 PIT >> INFO : MINION : Failed to dump JaCoCo execution data: org.jacoco.agent.rt.RT
00:02:03 PIT >> INFO : MINION : Failed to set JaCoCo session: org.jacoco.agent.rt.RT
00:02:03 PIT >> INFO : MINION : Failed to dump JaCoCo execution data: org.jacoco.agent.rt.RT
00:02:03 PIT >> INFO : MINION : Failed to set JaCoCo session: org.jacoco.agent.rt.RT
00:02:03 PIT >> INFO : MINION : Failed to dump JaCoCo execution data: org.jacoco.agent.rt.RT
00:02:03 PIT >> INFO : MINION : Failed to set JaCoCo session: org.jacoco.agent.rt.RT
00:02:03 PIT >> INFO : MINION : Failed to dump JaCoCo execution data: org.jacoco.agent.rt.RT
00:02:03 PIT >> INFO : MINION : Failed to set JaCoCo session: org.jacoco.agent.rt.RT
00:02:03 PIT >> INFO : MINION : Failed to dump JaCoCo execution data: org.jacoco.agent.rt.RT
00:02:03 PIT >> INFO : MINION : Failed to set JaCoCo session: org.jacoco.agent.rt.RT
00:02:03 PIT >> INFO : MINION : Failed to dump JaCoCo execution data: org.jacoco.agent.rt.RT
00:02:03 PIT >> INFO : MINION : Failed to set JaCoCo session: org.jacoco.agent.rt.RT
00:02:03 PIT >> INFO : MINION : Failed to dump JaCoCo execution data: org.jacoco.agent.rt.RT
00:02:03 PIT >> INFO : MINION : Failed to set JaCoCo session: org.jacoco.agent.rt.RT
00:02:03 PIT >> INFO : MINION : Failed to dump JaCoCo execution data: org.jacoco.agent.rt.RT
00:02:03 PIT >> INFO : MINION : Failed to set JaCoCo session: org.jacoco.agent.rt.RT
00:02:03 PIT >> INFO : MINION : Failed to dump JaCoCo execution data: org.jacoco.agent.rt.RT
00:02:03 PIT >> INFO : MINION : Failed to set JaCoCo session: org.jacoco.agent.rt.RT
00:02:03 PIT >> INFO : MINION : Failed to dump JaCoCo execution data: org.jacoco.agent.rt.RT
00:02:03 PIT >> INFO : MINION : Failed to set JaCoCo session: org.jacoco.agent.rt.RT
00:02:03 PIT >> INFO : MINION : Failed to dump JaCoCo execution data: org.jacoco.agent.rt.RT
00:02:03 PIT >> INFO : MINION : Failed to set JaCoCo session: org.jacoco.agent.rt.RT
00:02:03 PIT >> INFO : MINION : Failed to dump JaCoCo execution data: org.jacoco.agent.rt.RT
00:02:03 PIT >> INFO : MINION : Failed to set JaCoCo session: org.jacoco.agent.rt.RT
00:02:03 PIT >> INFO : MINION : Failed to dump JaCoCo execution data: org.jacoco.agent.rt.RT
00:02:03 PIT >> INFO : MINION : Failed to set JaCoCo session: org.jacoco.agent.rt.RT
00:02:03 PIT >> INFO : MINION : Failed to dump JaCoCo execution data: org.jacoco.agent.rt.RT
00:02:03 PIT >> INFO : MINION : Failed to set JaCoCo session: org.jacoco.agent.rt.RT
00:02:03 PIT >> INFO : MINION : Failed to dump JaCoCo execution data: org.jacoco.agent.rt.RT
00:02:03 PIT >> INFO : MINION : Failed to set JaCoCo session: org.jacoco.agent.rt.RT
00:02:03 PIT >> INFO : MINION : Failed to dump JaCoCo execution data: org.jacoco.agent.rt.RT
00:02:03 PIT >> INFO : MINION : Failed to set JaCoCo session: org.jacoco.agent.rt.RT
00:02:03 PIT >> INFO : MINION : Failed to dump JaCoCo execution data: org.jacoco.agent.rt.RT
00:02:03 PIT >> INFO : MINION : Failed to set JaCoCo session: org.jacoco.agent.rt.RT
00:02:03 PIT >> INFO : MINION : Failed to dump JaCoCo execution data: org.jacoco.agent.rt.RT
00:02:03 PIT >> INFO : MINION : Failed to set JaCoCo session: org.jacoco.agent.rt.RT
00:02:04 PIT >> INFO : MINION : Failed to dump JaCoCo execution data: org.jacoco.agent.rt.RT
00:02:04 PIT >> INFO : MINION : Failed to set JaCoCo session: org.jacoco.agent.rt.RT
00:02:04 PIT >> INFO : MINION : Failed to dump JaCoCo execution data: org.jacoco.agent.rt.RT
00:02:04 PIT >> INFO : MINION : Failed to set JaCoCo session: org.jacoco.agent.rt.RT
00:02:04 PIT >> INFO : MINION : Failed to dump JaCoCo execution data: org.jacoco.agent.rt.RT
00:02:04 PIT >> INFO : MINION : Failed to set JaCoCo session: org.jacoco.agent.rt.RT
00:02:04 PIT >> INFO : MINION : Failed to dump JaCoCo execution data: org.jacoco.agent.rt.RT
00:02:04 PIT >> INFO : MINION : Failed to set JaCoCo session: org.jacoco.agent.rt.RT
00:02:04 PIT >> INFO : MINION : Failed to dump JaCoCo execution data: org.jacoco.agent.rt.RT
00:02:04 PIT >> INFO : MINION : Failed to set JaCoCo session: org.jacoco.agent.rt.RT
00:02:04 PIT >> INFO : MINION : Failed to dump JaCoCo execution data: org.jacoco.agent.rt.RT
00:02:04 PIT >> INFO : MINION : Failed to set JaCoCo session: org.jacoco.agent.rt.RT
00:02:04 PIT >> INFO : MINION : Failed to dump JaCoCo execution data: org.jacoco.agent.rt.RT
00:02:04 PIT >> INFO : MINION : Failed to set JaCoCo session: org.jacoco.agent.rt.RT
00:02:04 PIT >> INFO : MINION : Failed to dump JaCoCo execution data: org.jacoco.agent.rt.RT
00:02:04 PIT >> INFO : MINION : Failed to set JaCoCo session: org.jacoco.agent.rt.RT
00:02:04 PIT >> INFO : MINION : Failed to dump JaCoCo execution data: org.jacoco.agent.rt.RT
00:02:04 PIT >> INFO : MINION : Failed to set JaCoCo session: org.jacoco.agent.rt.RT
00:02:04 PIT >> INFO : MINION : Failed to dump JaCoCo execution data: org.jacoco.agent.rt.RT
00:02:04 PIT >> INFO : MINION : Failed to set JaCoCo session: org.jacoco.agent.rt.RT
00:02:04 PIT >> INFO : MINION : Failed to dump JaCoCo execution data: org.jacoco.agent.rt.RT
00:02:04 PIT >> INFO : MINION : Failed to set JaCoCo session: org.jacoco.agent.rt.RT
00:02:04 PIT >> INFO : MINION : Failed to dump JaCoCo execution data: org.jacoco.agent.rt.RT
00:02:04 PIT >> INFO : MINION : Failed to set JaCoCo session: org.jacoco.agent.rt.RT
00:02:04 PIT >> INFO : MINION : Failed to dump JaCoCo execution data: org.jacoco.agent.rt.RT
00:02:04 PIT >> INFO : MINION : Failed to set JaCoCo session: org.jacoco.agent.rt.RT
00:02:04 PIT >> INFO : MINION : Failed to dump JaCoCo execution data: org.jacoco.agent.rt.RT
00:02:04 PIT >> INFO : MINION : Failed to set JaCoCo session: org.jacoco.agent.rt.RT
00:02:04 PIT >> INFO : MINION : Failed to dump JaCoCo execution data: org.jacoco.agent.rt.RT
00:02:04 PIT >> INFO : MINION : Failed to set JaCoCo session: org.jacoco.agent.rt.RT
00:02:04 PIT >> INFO : MINION : Failed to dump JaCoCo execution data: org.jacoco.agent.rt.RT
00:02:04 PIT >> INFO : MINION : Failed to set JaCoCo session: org.jacoco.agent.rt.RT
00:02:04 PIT >> INFO : MINION : Failed to dump JaCoCo execution data: org.jacoco.agent.rt.RT
00:02:04 PIT >> INFO : MINION : Failed to set JaCoCo session: org.jacoco.agent.rt.RT
00:02:04 PIT >> INFO : MINION : Failed to dump JaCoCo execution data: org.jacoco.agent.rt.RT
00:02:04 PIT >> INFO : MINION : Failed to set JaCoCo session: org.jacoco.agent.rt.RT
00:02:04 PIT >> INFO : MINION : Failed to dump JaCoCo execution data: org.jacoco.agent.rt.RT
00:02:04 PIT >> INFO : MINION : Failed to set JaCoCo session: org.jacoco.agent.rt.RT
00:02:04 PIT >> INFO : MINION : Failed to dump JaCoCo execution data: org.jacoco.agent.rt.RT
00:02:04 PIT >> INFO : MINION : Failed to set JaCoCo session: org.jacoco.agent.rt.RT
00:02:04 PIT >> INFO : MINION : Failed to dump JaCoCo execution data: org.jacoco.agent.rt.RT
00:02:04 PIT >> INFO : MINION : Failed to set JaCoCo session: org.jacoco.agent.rt.RT
00:02:04 PIT >> INFO : MINION : Failed to dump JaCoCo execution data: org.jacoco.agent.rt.RT
00:02:04 PIT >> INFO : MINION : Failed to set JaCoCo session: org.jacoco.agent.rt.RT
00:02:04 PIT >> INFO : MINION : Failed to dump JaCoCo execution data: org.jacoco.agent.rt.RT
00:02:04 PIT >> INFO : MINION : Failed to set JaCoCo session: org.jacoco.agent.rt.RT
00:02:04 PIT >> INFO : MINION : Failed to dump JaCoCo execution data: org.jacoco.agent.rt.RT
00:02:04 PIT >> INFO : MINION : Failed to set JaCoCo session: org.jacoco.agent.rt.RT
00:02:04 PIT >> INFO : MINION : Failed to dump JaCoCo execution data: org.jacoco.agent.rt.RT
00:02:04 PIT >> INFO : MINION : Failed to set JaCoCo session: org.jacoco.agent.rt.RT
00:02:04 PIT >> INFO : MINION : Failed to dump JaCoCo execution data: org.jacoco.agent.rt.RT
00:02:04 PIT >> INFO : MINION : Failed to set JaCoCo session: org.jacoco.agent.rt.RT
00:02:04 PIT >> INFO : MINION : Failed to dump JaCoCo execution data: org.jacoco.agent.rt.RT
00:02:04 PIT >> INFO : MINION : Failed to set JaCoCo session: org.jacoco.agent.rt.RT
00:02:04 PIT >> INFO : MINION : Failed to dump JaCoCo execution data: org.jacoco.agent.rt.RT
00:02:04 PIT >> INFO : MINION : Failed to set JaCoCo session: org.jacoco.agent.rt.RT
00:02:04 PIT >> INFO : MINION : Failed to dump JaCoCo execution data: org.jacoco.agent.rt.RT
00:02:04 PIT >> INFO : MINION : Failed to set JaCoCo session: org.jacoco.agent.rt.RT
00:02:04 PIT >> INFO : MINION : Failed to dump JaCoCo execution data: org.jacoco.agent.rt.RT
00:02:04 PIT >> INFO : MINION : Failed to set JaCoCo session: org.jacoco.agent.rt.RT
00:02:04 PIT >> INFO : MINION : Failed to dump JaCoCo execution data: org.jacoco.agent.rt.RT
00:02:04 PIT >> INFO : MINION : Failed to set JaCoCo session: org.jacoco.agent.rt.RT
00:02:04 PIT >> INFO : MINION : Failed to dump JaCoCo execution data: org.jacoco.agent.rt.RT
00:02:04 PIT >> INFO : MINION : Failed to set JaCoCo session: org.jacoco.agent.rt.RT
00:02:04 PIT >> INFO : MINION : Failed to dump JaCoCo execution data: org.jacoco.agent.rt.RT
00:02:04 PIT >> INFO : MINION : Failed to set JaCoCo session: org.jacoco.agent.rt.RT
00:02:04 PIT >> INFO : MINION : Failed to dump JaCoCo execution data: org.jacoco.agent.rt.RT
00:02:04 PIT >> INFO : MINION : Failed to set JaCoCo session: org.jacoco.agent.rt.RT
00:02:04 PIT >> INFO : MINION : Failed to dump JaCoCo execution data: org.jacoco.agent.rt.RT
00:02:04 PIT >> INFO : MINION : Failed to set JaCoCo session: org.jacoco.agent.rt.RT
00:02:04 PIT >> INFO : MINION : Failed to dump JaCoCo execution data: org.jacoco.agent.rt.RT
00:02:04 PIT >> INFO : MINION : Failed to set JaCoCo session: org.jacoco.agent.rt.RT
00:02:04 PIT >> INFO : MINION : Failed to dump JaCoCo execution data: org.jacoco.agent.rt.RT
00:02:04 PIT >> INFO : MINION : Failed to set JaCoCo session: org.jacoco.agent.rt.RT
00:02:04 PIT >> INFO : MINION : Failed to dump JaCoCo execution data: org.jacoco.agent.rt.RT
00:02:04 PIT >> INFO : MINION : Failed to set JaCoCo session: org.jacoco.agent.rt.RT
00:02:04 PIT >> INFO : MINION : Failed to dump JaCoCo execution data: org.jacoco.agent.rt.RT
00:02:04 PIT >> INFO : MINION : Failed to set JaCoCo session: org.jacoco.agent.rt.RT
00:02:04 PIT >> INFO : MINION : Failed to dump JaCoCo execution data: org.jacoco.agent.rt.RT
00:02:04 PIT >> INFO : MINION : Failed to set JaCoCo session: org.jacoco.agent.rt.RT
00:02:04 PIT >> INFO : MINION : Failed to dump JaCoCo execution data: org.jacoco.agent.rt.RT
00:02:04 PIT >> INFO : MINION : Failed to set JaCoCo session: org.jacoco.agent.rt.RT
00:02:04 PIT >> INFO : MINION : Failed to dump JaCoCo execution data: org.jacoco.agent.rt.RT
00:02:04 PIT >> INFO : MINION : Failed to set JaCoCo session: org.jacoco.agent.rt.RT
00:02:04 PIT >> INFO : MINION : Failed to dump JaCoCo execution data: org.jacoco.agent.rt.RT
00:02:04 PIT >> INFO : MINION : Failed to set JaCoCo session: org.jacoco.agent.rt.RT
00:02:04 PIT >> INFO : MINION : Failed to dump JaCoCo execution data: org.jacoco.agent.rt.RT
00:02:04 PIT >> INFO : MINION : Failed to set JaCoCo session: org.jacoco.agent.rt.RT
00:02:04 PIT >> INFO : MINION : Failed to dump JaCoCo execution data: org.jacoco.agent.rt.RT
00:02:04 PIT >> INFO : MINION : Failed to set JaCoCo session: org.jacoco.agent.rt.RT
00:02:04 PIT >> INFO : MINION : Failed to dump JaCoCo execution data: org.jacoco.agent.rt.RT
00:02:04 PIT >> INFO : MINION : Failed to set JaCoCo session: org.jacoco.agent.rt.RT
00:02:04 PIT >> INFO : MINION : Failed to dump JaCoCo execution data: org.jacoco.agent.rt.RT
00:02:04 PIT >> INFO : MINION : Failed to set JaCoCo session: org.jacoco.agent.rt.RT
00:02:04 PIT >> INFO : MINION : Failed to dump JaCoCo execution data: org.jacoco.agent.rt.RT
00:02:04 PIT >> INFO : MINION : Failed to set JaCoCo session: org.jacoco.agent.rt.RT
00:02:04 PIT >> INFO : MINION : Failed to dump JaCoCo execution data: org.jacoco.agent.rt.RT
00:02:04 PIT >> INFO : MINION : Failed to set JaCoCo session: org.jacoco.agent.rt.RT
00:02:04 PIT >> INFO : MINION : Failed to dump JaCoCo execution data: org.jacoco.agent.rt.RT
00:02:04 PIT >> INFO : MINION : Failed to set JaCoCo session: org.jacoco.agent.rt.RT
00:02:04 PIT >> INFO : MINION : Failed to dump JaCoCo execution data: org.jacoco.agent.rt.RT
00:02:04 PIT >> INFO : MINION : Failed to set JaCoCo session: org.jacoco.agent.rt.RT
00:02:04 PIT >> INFO : MINION : Failed to dump JaCoCo execution data: org.jacoco.agent.rt.RT
00:02:04 PIT >> INFO : MINION : Failed to set JaCoCo session: org.jacoco.agent.rt.RT
00:02:04 PIT >> INFO : MINION : Failed to dump JaCoCo execution data: org.jacoco.agent.rt.RT
00:02:04 PIT >> INFO : MINION : Failed to set JaCoCo session: org.jacoco.agent.rt.RT
00:02:04 PIT >> INFO : MINION : Failed to dump JaCoCo execution data: org.jacoco.agent.rt.RT
00:02:04 PIT >> INFO : MINION : Failed to set JaCoCo session: org.jacoco.agent.rt.RT
00:02:04 PIT >> INFO : MINION : Failed to dump JaCoCo execution data: org.jacoco.agent.rt.RT
00:02:04 PIT >> INFO : MINION : Failed to set JaCoCo session: org.jacoco.agent.rt.RT
00:02:04 PIT >> INFO : MINION : Failed to dump JaCoCo execution data: org.jacoco.agent.rt.RT
00:02:04 PIT >> INFO : MINION : Failed to set JaCoCo session: org.jacoco.agent.rt.RT
00:02:04 PIT >> INFO : MINION : Failed to dump JaCoCo execution data: org.jacoco.agent.rt.RT
00:02:04 PIT >> INFO : MINION : Failed to set JaCoCo session: org.jacoco.agent.rt.RT
00:02:04 PIT >> INFO : MINION : Failed to dump JaCoCo execution data: org.jacoco.agent.rt.RT
00:02:04 PIT >> INFO : MINION : Failed to set JaCoCo session: org.jacoco.agent.rt.RT
00:02:04 PIT >> INFO : MINION : Failed to dump JaCoCo execution data: org.jacoco.agent.rt.RT
00:02:04 PIT >> INFO : MINION : Failed to set JaCoCo session: org.jacoco.agent.rt.RT
00:02:04 PIT >> INFO : MINION : Failed to dump JaCoCo execution data: org.jacoco.agent.rt.RT
00:02:04 PIT >> INFO : MINION : Failed to set JaCoCo session: org.jacoco.agent.rt.RT
00:02:04 PIT >> INFO : MINION : Failed to dump JaCoCo execution data: org.jacoco.agent.rt.RT
00:02:04 PIT >> INFO : MINION : Failed to set JaCoCo session: org.jacoco.agent.rt.RT
00:02:04 PIT >> INFO : MINION : Failed to dump JaCoCo execution data: org.jacoco.agent.rt.RT
00:02:04 PIT >> INFO : MINION : Failed to set JaCoCo session: org.jacoco.agent.rt.RT
00:02:04 PIT >> INFO : MINION : Failed to dump JaCoCo execution data: org.jacoco.agent.rt.RT
00:02:04 PIT >> INFO : MINION : Failed to set JaCoCo session: org.jacoco.agent.rt.RT
00:02:04 PIT >> INFO : MINION : Failed to dump JaCoCo execution data: org.jacoco.agent.rt.RT
00:02:04 PIT >> INFO : MINION : Failed to set JaCoCo session: org.jacoco.agent.rt.RT
00:02:04 PIT >> INFO : MINION : Failed to dump JaCoCo execution data: org.jacoco.agent.rt.RT
00:02:04 PIT >> INFO : MINION : Failed to set JaCoCo session: org.jacoco.agent.rt.RT
00:02:04 PIT >> INFO : MINION : Failed to dump JaCoCo execution data: org.jacoco.agent.rt.RT
00:02:04 PIT >> INFO : MINION : Failed to set JaCoCo session: org.jacoco.agent.rt.RT
00:02:04 PIT >> INFO : MINION : Failed to dump JaCoCo execution data: org.jacoco.agent.rt.RT
00:02:04 PIT >> INFO : MINION : Failed to set JaCoCo session: org.jacoco.agent.rt.RT
00:02:04 PIT >> INFO : MINION : Failed to dump JaCoCo execution data: org.jacoco.agent.rt.RT
00:02:04 PIT >> INFO : MINION : Failed to set JaCoCo session: org.jacoco.agent.rt.RT
00:02:04 PIT >> INFO : MINION : Failed to dump JaCoCo execution data: org.jacoco.agent.rt.RT
00:02:04 PIT >> INFO : MINION : Failed to set JaCoCo session: org.jacoco.agent.rt.RT
00:02:04 PIT >> INFO : MINION : Failed to dump JaCoCo execution data: org.jacoco.agent.rt.RT
00:02:04 PIT >> INFO : MINION : Failed to set JaCoCo session: org.jacoco.agent.rt.RT
00:02:04 PIT >> INFO : MINION : Failed to dump JaCoCo execution data: org.jacoco.agent.rt.RT
00:02:04 PIT >> INFO : MINION : Failed to set JaCoCo session: org.jacoco.agent.rt.RT
00:02:04 PIT >> INFO : MINION : Failed to dump JaCoCo execution data: org.jacoco.agent.rt.RT
00:02:04 PIT >> INFO : MINION : Failed to set JaCoCo session: org.jacoco.agent.rt.RT
00:02:04 PIT >> INFO : MINION : Failed to dump JaCoCo execution data: org.jacoco.agent.rt.RT
00:02:04 PIT >> INFO : MINION : Failed to set JaCoCo session: org.jacoco.agent.rt.RT
00:02:04 PIT >> INFO : MINION : Failed to dump JaCoCo execution data: org.jacoco.agent.rt.RT
00:02:04 PIT >> INFO : MINION : Failed to set JaCoCo session: org.jacoco.agent.rt.RT
00:02:04 PIT >> INFO : MINION : Failed to dump JaCoCo execution data: org.jacoco.agent.rt.RT
00:02:04 PIT >> INFO : MINION : Failed to set JaCoCo session: org.jacoco.agent.rt.RT
00:02:04 PIT >> INFO : MINION : Failed to dump JaCoCo execution data: org.jacoco.agent.rt.RT
00:02:04 PIT >> INFO : MINION : Failed to set JaCoCo session: org.jacoco.agent.rt.RT
00:02:04 PIT >> INFO : MINION : Failed to dump JaCoCo execution data: org.jacoco.agent.rt.RT
00:02:04 PIT >> INFO : MINION : Failed to set JaCoCo session: org.jacoco.agent.rt.RT
00:02:04 PIT >> INFO : MINION : Failed to dump JaCoCo execution data: org.jacoco.agent.rt.RT
00:02:04 PIT >> INFO : MINION : Failed to set JaCoCo session: org.jacoco.agent.rt.RT
00:02:04 PIT >> INFO : MINION : Failed to dump JaCoCo execution data: org.jacoco.agent.rt.RT
00:02:04 PIT >> INFO : MINION : Failed to set JaCoCo session: org.jacoco.agent.rt.RT
00:02:04 PIT >> INFO : MINION : Failed to dump JaCoCo execution data: org.jacoco.agent.rt.RT
00:02:04 PIT >> INFO : MINION : Failed to set JaCoCo session: org.jacoco.agent.rt.RT
00:02:04 PIT >> INFO : MINION : Failed to dump JaCoCo execution data: org.jacoco.agent.rt.RT
00:02:04 PIT >> INFO : MINION : Failed to set JaCoCo session: org.jacoco.agent.rt.RT
00:02:04 PIT >> INFO : MINION : Failed to dump JaCoCo execution data: org.jacoco.agent.rt.RT
00:02:04 PIT >> INFO : MINION : Failed to set JaCoCo session: org.jacoco.agent.rt.RT
00:02:04 PIT >> INFO : MINION : Failed to dump JaCoCo execution data: org.jacoco.agent.rt.RT
00:02:04 PIT >> INFO : MINION : Failed to set JaCoCo session: org.jacoco.agent.rt.RT
00:02:04 PIT >> INFO : MINION : Failed to dump JaCoCo execution data: org.jacoco.agent.rt.RT
00:02:04 PIT >> INFO : MINION : Failed to set JaCoCo session: org.jacoco.agent.rt.RT
00:02:04 PIT >> INFO : MINION : Failed to dump JaCoCo execution data: org.jacoco.agent.rt.RT
00:02:04 PIT >> INFO : MINION : Failed to set JaCoCo session: org.jacoco.agent.rt.RT
00:02:04 PIT >> INFO : MINION : Failed to dump JaCoCo execution data: org.jacoco.agent.rt.RT
00:02:04 PIT >> INFO : MINION : Failed to set JaCoCo session: org.jacoco.agent.rt.RT
00:02:04 PIT >> INFO : MINION : Failed to dump JaCoCo execution data: org.jacoco.agent.rt.RT
00:02:04 PIT >> INFO : MINION : Failed to set JaCoCo session: org.jacoco.agent.rt.RT
00:02:04 PIT >> INFO : MINION : Failed to dump JaCoCo execution data: org.jacoco.agent.rt.RT
00:02:04 PIT >> INFO : MINION : Failed to set JaCoCo session: org.jacoco.agent.rt.RT
00:02:04 PIT >> INFO : MINION : Failed to dump JaCoCo execution data: org.jacoco.agent.rt.RT
00:02:04 PIT >> INFO : MINION : Failed to set JaCoCo session: org.jacoco.agent.rt.RT
00:02:04 PIT >> INFO : MINION : Failed to dump JaCoCo execution data: org.jacoco.agent.rt.RT
00:02:04 PIT >> INFO : MINION : Failed to set JaCoCo session: org.jacoco.agent.rt.RT
00:02:04 PIT >> INFO : MINION : Failed to dump JaCoCo execution data: org.jacoco.agent.rt.RT
00:02:04 PIT >> INFO : MINION : Failed to set JaCoCo session: org.jacoco.agent.rt.RT
00:02:04 PIT >> INFO : MINION : Failed to dump JaCoCo execution data: org.jacoco.agent.rt.RT
00:02:04 PIT >> INFO : MINION : Failed to set JaCoCo session: org.jacoco.agent.rt.RT
00:02:04 PIT >> INFO : MINION : Failed to dump JaCoCo execution data: org.jacoco.agent.rt.RT
00:02:04 PIT >> INFO : MINION : Failed to set JaCoCo session: org.jacoco.agent.rt.RT
00:02:04 PIT >> INFO : MINION : Failed to dump JaCoCo execution data: org.jacoco.agent.rt.RT
00:02:04 PIT >> INFO : MINION : Failed to set JaCoCo session: org.jacoco.agent.rt.RT
00:02:04 PIT >> INFO : MINION : Failed to dump JaCoCo execution data: org.jacoco.agent.rt.RT
00:02:04 PIT >> INFO : MINION : Failed to set JaCoCo session: org.jacoco.agent.rt.RT
00:02:04 PIT >> INFO : MINION : Failed to dump JaCoCo execution data: org.jacoco.agent.rt.RT
00:02:04 PIT >> INFO : MINION : Failed to set JaCoCo session: org.jacoco.agent.rt.RT
00:02:04 PIT >> INFO : MINION : Failed to dump JaCoCo execution data: org.jacoco.agent.rt.RT
00:02:04 PIT >> INFO : MINION : Failed to set JaCoCo session: org.jacoco.agent.rt.RT
00:02:04 PIT >> INFO : MINION : Failed to dump JaCoCo execution data: org.jacoco.agent.rt.RT
00:02:04 PIT >> INFO : MINION : Failed to set JaCoCo session: org.jacoco.agent.rt.RT
00:02:04 PIT >> INFO : MINION : Failed to dump JaCoCo execution data: org.jacoco.agent.rt.RT
00:02:04 PIT >> INFO : MINION : Failed to set JaCoCo session: org.jacoco.agent.rt.RT
00:02:04 PIT >> INFO : MINION : Failed to dump JaCoCo execution data: org.jacoco.agent.rt.RT
00:02:04 PIT >> INFO : MINION : Failed to set JaCoCo session: org.jacoco.agent.rt.RT
00:02:04 PIT >> INFO : MINION : Failed to dump JaCoCo execution data: org.jacoco.agent.rt.RT
00:02:04 PIT >> INFO : MINION : Failed to set JaCoCo session: org.jacoco.agent.rt.RT
00:02:04 PIT >> INFO : MINION : Failed to dump JaCoCo execution data: org.jacoco.agent.rt.RT
00:02:04 PIT >> INFO : MINION : Failed to set JaCoCo session: org.jacoco.agent.rt.RT
00:02:04 PIT >> INFO : MINION : Failed to dump JaCoCo execution data: org.jacoco.agent.rt.RT
00:02:04 PIT >> INFO : MINION : Failed to set JaCoCo session: org.jacoco.agent.rt.RT
00:02:04 PIT >> INFO : MINION : Failed to dump JaCoCo execution data: org.jacoco.agent.rt.RT
00:02:04 PIT >> INFO : MINION : Failed to set JaCoCo session: org.jacoco.agent.rt.RT
00:02:04 PIT >> INFO : MINION : Failed to dump JaCoCo execution data: org.jacoco.agent.rt.RT
00:02:04 PIT >> INFO : MINION : Failed to set JaCoCo session: org.jacoco.agent.rt.RT
00:02:04 PIT >> INFO : MINION : Failed to dump JaCoCo execution data: org.jacoco.agent.rt.RT
00:02:04 PIT >> INFO : MINION : Failed to set JaCoCo session: org.jacoco.agent.rt.RT
00:02:04 PIT >> INFO : MINION : Failed to dump JaCoCo execution data: org.jacoco.agent.rt.RT
00:02:04 PIT >> INFO : MINION : Failed to set JaCoCo session: org.jacoco.agent.rt.RT
00:02:04 PIT >> INFO : MINION : Failed to dump JaCoCo execution data: org.jacoco.agent.rt.RT
00:02:04 PIT >> INFO : MINION : Failed to set JaCoCo session: org.jacoco.agent.rt.RT
00:02:04 PIT >> INFO : MINION : Failed to dump JaCoCo execution data: org.jacoco.agent.rt.RT
00:02:04 PIT >> INFO : MINION : Failed to set JaCoCo session: org.jacoco.agent.rt.RT
00:02:04 PIT >> INFO : MINION : Failed to dump JaCoCo execution data: org.jacoco.agent.rt.RT
00:02:04 PIT >> INFO : MINION : Failed to set JaCoCo session: org.jacoco.agent.rt.RT
00:02:04 PIT >> INFO : MINION : Failed to dump JaCoCo execution data: org.jacoco.agent.rt.RT
00:02:04 PIT >> INFO : MINION : Failed to set JaCoCo session: org.jacoco.agent.rt.RT
00:02:04 PIT >> INFO : MINION : Failed to dump JaCoCo execution data: org.jacoco.agent.rt.RT
00:02:04 PIT >> INFO : MINION : Failed to set JaCoCo session: org.jacoco.agent.rt.RT
00:02:04 PIT >> INFO : MINION : Failed to dump JaCoCo execution data: org.jacoco.agent.rt.RT
00:02:04 PIT >> INFO : MINION : Failed to set JaCoCo session: org.jacoco.agent.rt.RT
00:02:04 PIT >> INFO : MINION : Failed to dump JaCoCo execution data: org.jacoco.agent.rt.RT
00:02:04 PIT >> INFO : MINION : Failed to set JaCoCo session: org.jacoco.agent.rt.RT
00:02:04 PIT >> INFO : MINION : Failed to dump JaCoCo execution data: org.jacoco.agent.rt.RT
00:02:04 PIT >> INFO : MINION : Failed to set JaCoCo session: org.jacoco.agent.rt.RT
00:02:04 PIT >> INFO : MINION : Failed to dump JaCoCo execution data: org.jacoco.agent.rt.RT
00:02:04 PIT >> INFO : MINION : Failed to set JaCoCo session: org.jacoco.agent.rt.RT
00:02:04 PIT >> INFO : MINION : Failed to dump JaCoCo execution data: org.jacoco.agent.rt.RT
00:02:04 PIT >> INFO : MINION : Failed to set JaCoCo session: org.jacoco.agent.rt.RT
00:02:04 PIT >> INFO : MINION : Failed to dump JaCoCo execution data: org.jacoco.agent.rt.RT
00:02:04 PIT >> INFO : MINION : Failed to set JaCoCo session: org.jacoco.agent.rt.RT
00:02:04 PIT >> INFO : MINION : Failed to dump JaCoCo execution data: org.jacoco.agent.rt.RT
00:02:04 PIT >> INFO : MINION : Failed to set JaCoCo session: org.jacoco.agent.rt.RT
00:02:04 PIT >> INFO : MINION : Failed to dump JaCoCo execution data: org.jacoco.agent.rt.RT
00:02:04 PIT >> INFO : MINION : Failed to set JaCoCo session: org.jacoco.agent.rt.RT
00:02:04 PIT >> INFO : MINION : Failed to dump JaCoCo execution data: org.jacoco.agent.rt.RT
00:02:04 PIT >> INFO : MINION : Failed to set JaCoCo session: org.jacoco.agent.rt.RT
00:02:04 PIT >> INFO : MINION : Failed to dump JaCoCo execution data: org.jacoco.agent.rt.RT
00:02:04 PIT >> INFO : MINION : Failed to set JaCoCo session: org.jacoco.agent.rt.RT
00:02:04 PIT >> INFO : MINION : Failed to dump JaCoCo execution data: org.jacoco.agent.rt.RT
00:02:04 PIT >> INFO : MINION : Failed to set JaCoCo session: org.jacoco.agent.rt.RT
00:02:04 PIT >> INFO : MINION : Failed to dump JaCoCo execution data: org.jacoco.agent.rt.RT
00:02:04 PIT >> INFO : MINION : Failed to set JaCoCo session: org.jacoco.agent.rt.RT
00:02:04 PIT >> INFO : MINION : Failed to dump JaCoCo execution data: org.jacoco.agent.rt.RT
00:02:04 PIT >> INFO : MINION : Failed to set JaCoCo session: org.jacoco.agent.rt.RT
00:02:04 PIT >> INFO : MINION : Failed to dump JaCoCo execution data: org.jacoco.agent.rt.RT
00:02:04 PIT >> INFO : MINION : Failed to set JaCoCo session: org.jacoco.agent.rt.RT
00:02:04 PIT >> INFO : MINION : Failed to dump JaCoCo execution data: org.jacoco.agent.rt.RT
00:02:04 PIT >> INFO : MINION : Failed to set JaCoCo session: org.jacoco.agent.rt.RT
00:02:04 PIT >> INFO : MINION : Failed to dump JaCoCo execution data: org.jacoco.agent.rt.RT
00:02:04 PIT >> INFO : MINION : Failed to set JaCoCo session: org.jacoco.agent.rt.RT
00:02:04 PIT >> INFO : MINION : Failed to dump JaCoCo execution data: org.jacoco.agent.rt.RT
00:02:04 PIT >> INFO : MINION : Failed to set JaCoCo session: org.jacoco.agent.rt.RT
00:02:04 PIT >> INFO : MINION : Failed to dump JaCoCo execution data: org.jacoco.agent.rt.RT
00:02:04 PIT >> INFO : MINION : Failed to set JaCoCo session: org.jacoco.agent.rt.RT
00:02:04 PIT >> INFO : MINION : Failed to dump JaCoCo execution data: org.jacoco.agent.rt.RT
00:02:04 PIT >> INFO : MINION : Failed to set JaCoCo session: org.jacoco.agent.rt.RT
00:02:04 PIT >> INFO : MINION : Failed to dump JaCoCo execution data: org.jacoco.agent.rt.RT
00:02:04 PIT >> INFO : MINION : Failed to set JaCoCo session: org.jacoco.agent.rt.RT
00:02:04 PIT >> INFO : MINION : Failed to dump JaCoCo execution data: org.jacoco.agent.rt.RT
00:02:04 PIT >> INFO : MINION : Failed to set JaCoCo session: org.jacoco.agent.rt.RT
00:02:04 PIT >> INFO : MINION : Failed to dump JaCoCo execution data: org.jacoco.agent.rt.RT
00:02:04 PIT >> INFO : MINION : Failed to set JaCoCo session: org.jacoco.agent.rt.RT
00:02:04 PIT >> INFO : MINION : Failed to dump JaCoCo execution data: org.jacoco.agent.rt.RT
00:02:04 PIT >> INFO : MINION : Failed to set JaCoCo session: org.jacoco.agent.rt.RT
00:02:04 PIT >> INFO : MINION : Failed to dump JaCoCo execution data: org.jacoco.agent.rt.RT
00:02:04 PIT >> INFO : MINION : Failed to set JaCoCo session: org.jacoco.agent.rt.RT
00:02:04 PIT >> INFO : MINION : Failed to dump JaCoCo execution data: org.jacoco.agent.rt.RT
00:02:04 PIT >> INFO : MINION : Failed to set JaCoCo session: org.jacoco.agent.rt.RT
00:02:04 PIT >> INFO : MINION : Failed to dump JaCoCo execution data: org.jacoco.agent.rt.RT
00:02:04 PIT >> INFO : MINION : Failed to set JaCoCo session: org.jacoco.agent.rt.RT
00:02:04 PIT >> INFO : MINION : Failed to dump JaCoCo execution data: org.jacoco.agent.rt.RT
00:02:04 PIT >> INFO : MINION : Failed to set JaCoCo session: org.jacoco.agent.rt.RT
00:02:04 PIT >> INFO : MINION : Failed to dump JaCoCo execution data: org.jacoco.agent.rt.RT
00:02:04 PIT >> INFO : MINION : Failed to set JaCoCo session: org.jacoco.agent.rt.RT
00:02:04 PIT >> INFO : MINION : Failed to dump JaCoCo execution data: org.jacoco.agent.rt.RT
00:02:04 PIT >> INFO : MINION : Failed to set JaCoCo session: org.jacoco.agent.rt.RT
00:02:04 PIT >> INFO : MINION : Failed to dump JaCoCo execution data: org.jacoco.agent.rt.RT
00:02:04 PIT >> INFO : MINION : Failed to set JaCoCo session: org.jacoco.agent.rt.RT
00:02:04 PIT >> INFO : MINION : Failed to dump JaCoCo execution data: org.jacoco.agent.rt.RT
00:02:04 PIT >> INFO : MINION : Failed to set JaCoCo session: org.jacoco.agent.rt.RT
00:02:04 PIT >> INFO : MINION : Failed to dump JaCoCo execution data: org.jacoco.agent.rt.RT
00:02:04 PIT >> INFO : MINION : Failed to set JaCoCo session: org.jacoco.agent.rt.RT
00:02:04 PIT >> INFO : MINION : Failed to dump JaCoCo execution data: org.jacoco.agent.rt.RT
00:02:04 PIT >> INFO : MINION : Failed to set JaCoCo session: org.jacoco.agent.rt.RT
00:02:04 PIT >> INFO : MINION : Failed to dump JaCoCo execution data: org.jacoco.agent.rt.RT
00:02:04 PIT >> INFO : MINION : Failed to set JaCoCo session: org.jacoco.agent.rt.RT
00:02:04 PIT >> INFO : MINION : Failed to dump JaCoCo execution data: org.jacoco.agent.rt.RT
00:02:04 PIT >> INFO : MINION : Failed to set JaCoCo session: org.jacoco.agent.rt.RT
00:02:04 PIT >> INFO : MINION : Failed to dump JaCoCo execution data: org.jacoco.agent.rt.RT
00:02:04 PIT >> INFO : MINION : Failed to set JaCoCo session: org.jacoco.agent.rt.RT
00:02:04 PIT >> INFO : MINION : Failed to dump JaCoCo execution data: org.jacoco.agent.rt.RT
00:02:04 PIT >> INFO : MINION : Failed to set JaCoCo session: org.jacoco.agent.rt.RT
00:02:04 PIT >> INFO : MINION : Failed to dump JaCoCo execution data: org.jacoco.agent.rt.RT
00:02:04 PIT >> INFO : MINION : Failed to set JaCoCo session: org.jacoco.agent.rt.RT
00:02:04 PIT >> INFO : MINION : Failed to dump JaCoCo execution data: org.jacoco.agent.rt.RT
00:02:04 PIT >> INFO : MINION : Failed to set JaCoCo session: org.jacoco.agent.rt.RT
00:02:04 PIT >> INFO : MINION : Failed to dump JaCoCo execution data: org.jacoco.agent.rt.RT
00:02:04 PIT >> INFO : MINION : Failed to set JaCoCo session: org.jacoco.agent.rt.RT
00:02:04 PIT >> INFO : MINION : Failed to dump JaCoCo execution data: org.jacoco.agent.rt.RT
00:02:04 PIT >> INFO : MINION : Failed to set JaCoCo session: org.jacoco.agent.rt.RT
00:02:04 PIT >> INFO : MINION : Failed to dump JaCoCo execution data: org.jacoco.agent.rt.RT
00:02:04 PIT >> INFO : MINION : Failed to set JaCoCo session: org.jacoco.agent.rt.RT
00:02:04 PIT >> INFO : MINION : Failed to dump JaCoCo execution data: org.jacoco.agent.rt.RT
00:02:04 PIT >> INFO : MINION : Failed to set JaCoCo session: org.jacoco.agent.rt.RT
00:02:04 PIT >> INFO : MINION : Failed to dump JaCoCo execution data: org.jacoco.agent.rt.RT
00:02:04 PIT >> INFO : MINION : Failed to set JaCoCo session: org.jacoco.agent.rt.RT
00:02:04 PIT >> INFO : MINION : Failed to dump JaCoCo execution data: org.jacoco.agent.rt.RT
00:02:04 PIT >> INFO : MINION : Failed to set JaCoCo session: org.jacoco.agent.rt.RT
00:02:04 PIT >> INFO : MINION : Failed to dump JaCoCo execution data: org.jacoco.agent.rt.RT
00:02:04 PIT >> INFO : MINION : Failed to set JaCoCo session: org.jacoco.agent.rt.RT
00:02:04 PIT >> INFO : MINION : Failed to dump JaCoCo execution data: org.jacoco.agent.rt.RT
00:02:04 PIT >> INFO : MINION : Failed to set JaCoCo session: org.jacoco.agent.rt.RT
00:02:04 PIT >> INFO : MINION : Failed to dump JaCoCo execution data: org.jacoco.agent.rt.RT
00:02:04 PIT >> INFO : MINION : Failed to set JaCoCo session: org.jacoco.agent.rt.RT
00:02:04 PIT >> INFO : MINION : Failed to dump JaCoCo execution data: org.jacoco.agent.rt.RT
00:02:04 PIT >> INFO : MINION : Failed to set JaCoCo session: org.jacoco.agent.rt.RT
00:02:04 PIT >> INFO : MINION : Failed to dump JaCoCo execution data: org.jacoco.agent.rt.RT
00:02:04 PIT >> INFO : MINION : Failed to set JaCoCo session: org.jacoco.agent.rt.RT
00:02:04 PIT >> INFO : MINION : Failed to dump JaCoCo execution data: org.jacoco.agent.rt.RT
00:02:04 PIT >> INFO : MINION : Failed to set JaCoCo session: org.jacoco.agent.rt.RT
00:02:04 PIT >> INFO : MINION : Failed to dump JaCoCo execution data: org.jacoco.agent.rt.RT
00:02:04 PIT >> INFO : MINION : Failed to set JaCoCo session: org.jacoco.agent.rt.RT
00:02:04 PIT >> INFO : MINION : Failed to dump JaCoCo execution data: org.jacoco.agent.rt.RT
00:02:04 PIT >> INFO : MINION : Failed to set JaCoCo session: org.jacoco.agent.rt.RT
00:02:04 PIT >> INFO : MINION : Failed to dump JaCoCo execution data: org.jacoco.agent.rt.RT
00:02:04 PIT >> INFO : MINION : Failed to set JaCoCo session: org.jacoco.agent.rt.RT
00:02:04 PIT >> INFO : MINION : Failed to dump JaCoCo execution data: org.jacoco.agent.rt.RT
00:02:04 PIT >> INFO : MINION : Failed to set JaCoCo session: org.jacoco.agent.rt.RT
00:02:04 PIT >> INFO : MINION : Failed to dump JaCoCo execution data: org.jacoco.agent.rt.RT
00:02:04 PIT >> INFO : MINION : Failed to set JaCoCo session: org.jacoco.agent.rt.RT
00:02:04 PIT >> INFO : MINION : Failed to dump JaCoCo execution data: org.jacoco.agent.rt.RT
00:02:04 PIT >> INFO : MINION : Failed to set JaCoCo session: org.jacoco.agent.rt.RT
00:02:04 PIT >> INFO : MINION : Failed to dump JaCoCo execution data: org.jacoco.agent.rt.RT
00:02:04 PIT >> INFO : MINION : Failed to set JaCoCo session: org.jacoco.agent.rt.RT
00:02:04 PIT >> INFO : MINION : Failed to dump JaCoCo execution data: org.jacoco.agent.rt.RT
00:02:04 PIT >> INFO : MINION : Failed to set JaCoCo session: org.jacoco.agent.rt.RT
00:02:04 PIT >> INFO : MINION : Failed to dump JaCoCo execution data: org.jacoco.agent.rt.RT
00:02:04 PIT >> INFO : MINION : Failed to set JaCoCo session: org.jacoco.agent.rt.RT
00:02:04 PIT >> INFO : MINION : Failed to dump JaCoCo execution data: org.jacoco.agent.rt.RT
00:02:04 PIT >> INFO : MINION : Failed to set JaCoCo session: org.jacoco.agent.rt.RT
00:02:04 PIT >> INFO : MINION : Failed to dump JaCoCo execution data: org.jacoco.agent.rt.RT
00:02:04 PIT >> INFO : MINION : Failed to set JaCoCo session: org.jacoco.agent.rt.RT
00:02:04 PIT >> INFO : MINION : Failed to dump JaCoCo execution data: org.jacoco.agent.rt.RT
00:02:04 PIT >> INFO : MINION : Failed to set JaCoCo session: org.jacoco.agent.rt.RT
00:02:04 PIT >> INFO : MINION : Failed to dump JaCoCo execution data: org.jacoco.agent.rt.RT
00:02:04 PIT >> INFO : MINION : Failed to set JaCoCo session: org.jacoco.agent.rt.RT
00:02:04 PIT >> INFO : MINION : Failed to dump JaCoCo execution data: org.jacoco.agent.rt.RT
00:02:04 PIT >> INFO : MINION : Failed to set JaCoCo session: org.jacoco.agent.rt.RT
00:02:04 PIT >> INFO : MINION : Failed to dump JaCoCo execution data: org.jacoco.agent.rt.RT
00:02:04 PIT >> INFO : MINION : Failed to set JaCoCo session: org.jacoco.agent.rt.RT
00:02:04 PIT >> INFO : MINION : Failed to dump JaCoCo execution data: org.jacoco.agent.rt.RT
00:02:04 PIT >> INFO : MINION : Failed to set JaCoCo session: org.jacoco.agent.rt.RT
00:02:04 PIT >> INFO : MINION : Failed to dump JaCoCo execution data: org.jacoco.agent.rt.RT
00:02:04 PIT >> INFO : MINION : Failed to set JaCoCo session: org.jacoco.agent.rt.RT
00:02:04 PIT >> INFO : MINION : Failed to dump JaCoCo execution data: org.jacoco.agent.rt.RT
00:02:04 PIT >> INFO : MINION : Failed to set JaCoCo session: org.jacoco.agent.rt.RT
00:02:04 PIT >> INFO : MINION : Failed to dump JaCoCo execution data: org.jacoco.agent.rt.RT
00:02:04 PIT >> INFO : MINION : Failed to set JaCoCo session: org.jacoco.agent.rt.RT
00:02:04 PIT >> INFO : MINION : Failed to dump JaCoCo execution data: org.jacoco.agent.rt.RT
00:02:04 PIT >> INFO : MINION : Failed to set JaCoCo session: org.jacoco.agent.rt.RT
00:02:04 PIT >> INFO : MINION : Failed to dump JaCoCo execution data: org.jacoco.agent.rt.RT
00:02:04 PIT >> INFO : MINION : Failed to set JaCoCo session: org.jacoco.agent.rt.RT
00:02:04 PIT >> INFO : MINION : Failed to dump JaCoCo execution data: org.jacoco.agent.rt.RT
00:02:04 PIT >> INFO : MINION : Failed to set JaCoCo session: org.jacoco.agent.rt.RT
00:02:04 PIT >> INFO : MINION : Failed to dump JaCoCo execution data: org.jacoco.agent.rt.RT
00:02:04 PIT >> INFO : MINION : Failed to set JaCoCo session: org.jacoco.agent.rt.RT
00:02:04 PIT >> INFO : MINION : Failed to dump JaCoCo execution data: org.jacoco.agent.rt.RT
00:02:04 PIT >> INFO : MINION : Failed to set JaCoCo session: org.jacoco.agent.rt.RT
00:02:04 PIT >> INFO : MINION : Failed to dump JaCoCo execution data: org.jacoco.agent.rt.RT
00:02:04 PIT >> INFO : MINION : Failed to set JaCoCo session: org.jacoco.agent.rt.RT
00:02:04 PIT >> INFO : MINION : Failed to dump JaCoCo execution data: org.jacoco.agent.rt.RT
00:02:04 PIT >> INFO : MINION : Failed to set JaCoCo session: org.jacoco.agent.rt.RT
00:02:04 PIT >> INFO : MINION : Failed to dump JaCoCo execution data: org.jacoco.agent.rt.RT
00:02:04 PIT >> INFO : MINION : Failed to set JaCoCo session: org.jacoco.agent.rt.RT
00:02:04 PIT >> INFO : MINION : Failed to dump JaCoCo execution data: org.jacoco.agent.rt.RT
00:02:04 PIT >> INFO : MINION : Failed to set JaCoCo session: org.jacoco.agent.rt.RT
00:02:04 PIT >> INFO : MINION : Failed to dump JaCoCo execution data: org.jacoco.agent.rt.RT
00:02:04 PIT >> INFO : MINION : Failed to set JaCoCo session: org.jacoco.agent.rt.RT
00:02:04 PIT >> INFO : MINION : Failed to dump JaCoCo execution data: org.jacoco.agent.rt.RT
00:02:04 PIT >> INFO : MINION : Failed to set JaCoCo session: org.jacoco.agent.rt.RT
00:02:04 PIT >> INFO : MINION : Failed to dump JaCoCo execution data: org.jacoco.agent.rt.RT
00:02:04 PIT >> INFO : MINION : Failed to set JaCoCo session: org.jacoco.agent.rt.RT
00:02:04 PIT >> INFO : MINION : Failed to dump JaCoCo execution data: org.jacoco.agent.rt.RT
00:02:04 PIT >> INFO : MINION : Failed to set JaCoCo session: org.jacoco.agent.rt.RT
00:02:04 PIT >> INFO : MINION : Failed to dump JaCoCo execution data: org.jacoco.agent.rt.RT
00:02:04 PIT >> INFO : MINION : Failed to set JaCoCo session: org.jacoco.agent.rt.RT
00:02:04 PIT >> INFO : MINION : Failed to dump JaCoCo execution data: org.jacoco.agent.rt.RT
00:02:04 PIT >> INFO : MINION : Failed to set JaCoCo session: org.jacoco.agent.rt.RT
00:02:04 PIT >> INFO : MINION : Failed to dump JaCoCo execution data: org.jacoco.agent.rt.RT
00:02:04 PIT >> INFO : MINION : Failed to set JaCoCo session: org.jacoco.agent.rt.RT
00:02:04 PIT >> INFO : MINION : Failed to dump JaCoCo execution data: org.jacoco.agent.rt.RT
00:02:04 PIT >> INFO : MINION : Failed to set JaCoCo session: org.jacoco.agent.rt.RT
00:02:04 PIT >> INFO : MINION : Failed to dump JaCoCo execution data: org.jacoco.agent.rt.RT
00:02:04 PIT >> INFO : MINION : Failed to set JaCoCo session: org.jacoco.agent.rt.RT
00:02:04 PIT >> INFO : MINION : Failed to dump JaCoCo execution data: org.jacoco.agent.rt.RT
00:02:04 PIT >> INFO : MINION : Failed to set JaCoCo session: org.jacoco.agent.rt.RT
00:02:04 PIT >> INFO : MINION : Failed to dump JaCoCo execution data: org.jacoco.agent.rt.RT
00:02:04 PIT >> INFO : MINION : Failed to set JaCoCo session: org.jacoco.agent.rt.RT
00:02:04 PIT >> INFO : MINION : Failed to dump JaCoCo execution data: org.jacoco.agent.rt.RT
00:02:04 PIT >> INFO : MINION : Failed to set JaCoCo session: org.jacoco.agent.rt.RT
00:02:04 PIT >> INFO : MINION : Failed to dump JaCoCo execution data: org.jacoco.agent.rt.RT
00:02:04 PIT >> INFO : MINION : Failed to set JaCoCo session: org.jacoco.agent.rt.RT
00:02:04 PIT >> INFO : MINION : Failed to dump JaCoCo execution data: org.jacoco.agent.rt.RT
00:02:04 PIT >> INFO : MINION : Failed to set JaCoCo session: org.jacoco.agent.rt.RT
00:02:04 PIT >> INFO : MINION : Failed to dump JaCoCo execution data: org.jacoco.agent.rt.RT
00:02:04 PIT >> INFO : MINION : Failed to set JaCoCo session: org.jacoco.agent.rt.RT
00:02:04 PIT >> INFO : MINION : Failed to dump JaCoCo execution data: org.jacoco.agent.rt.RT
00:02:04 PIT >> INFO : MINION : Failed to set JaCoCo session: org.jacoco.agent.rt.RT
00:02:04 PIT >> INFO : MINION : Failed to dump JaCoCo execution data: org.jacoco.agent.rt.RT
00:02:04 PIT >> INFO : MINION : Failed to set JaCoCo session: org.jacoco.agent.rt.RT
00:02:04 PIT >> INFO : MINION : Failed to dump JaCoCo execution data: org.jacoco.agent.rt.RT
00:02:04 PIT >> INFO : MINION : Failed to set JaCoCo session: org.jacoco.agent.rt.RT
00:02:04 PIT >> INFO : MINION : Failed to dump JaCoCo execution data: org.jacoco.agent.rt.RT
00:02:04 PIT >> INFO : MINION : Failed to set JaCoCo session: org.jacoco.agent.rt.RT
00:02:04 PIT >> INFO : MINION : Failed to dump JaCoCo execution data: org.jacoco.agent.rt.RT
00:02:04 PIT >> INFO : MINION : Failed to set JaCoCo session: org.jacoco.agent.rt.RT
00:02:04 PIT >> INFO : MINION : Failed to dump JaCoCo execution data: org.jacoco.agent.rt.RT
00:02:04 PIT >> INFO : MINION : Failed to set JaCoCo session: org.jacoco.agent.rt.RT
00:02:04 PIT >> INFO : MINION : Failed to dump JaCoCo execution data: org.jacoco.agent.rt.RT
00:02:04 PIT >> INFO : MINION : Failed to set JaCoCo session: org.jacoco.agent.rt.RT
00:02:04 PIT >> INFO : MINION : Failed to dump JaCoCo execution data: org.jacoco.agent.rt.RT
00:02:04 PIT >> INFO : MINION : Failed to set JaCoCo session: org.jacoco.agent.rt.RT
00:02:04 PIT >> INFO : MINION : Failed to dump JaCoCo execution data: org.jacoco.agent.rt.RT
00:02:04 PIT >> INFO : MINION : Failed to set JaCoCo session: org.jacoco.agent.rt.RT
00:02:04 PIT >> INFO : MINION : Failed to dump JaCoCo execution data: org.jacoco.agent.rt.RT
00:02:04 PIT >> INFO : MINION : Failed to set JaCoCo session: org.jacoco.agent.rt.RT
00:02:04 PIT >> INFO : MINION : Failed to dump JaCoCo execution data: org.jacoco.agent.rt.RT
00:02:04 PIT >> INFO : MINION : Failed to set JaCoCo session: org.jacoco.agent.rt.RT
00:02:04 PIT >> INFO : MINION : Failed to dump JaCoCo execution data: org.jacoco.agent.rt.RT
00:02:04 PIT >> INFO : MINION : Failed to set JaCoCo session: org.jacoco.agent.rt.RT
00:02:04 PIT >> INFO : MINION : Failed to dump JaCoCo execution data: org.jacoco.agent.rt.RT
00:02:04 PIT >> INFO : MINION : Failed to set JaCoCo session: org.jacoco.agent.rt.RT
00:02:04 PIT >> INFO : MINION : Failed to dump JaCoCo execution data: org.jacoco.agent.rt.RT
00:02:04 PIT >> INFO : MINION : Failed to set JaCoCo session: org.jacoco.agent.rt.RT
00:02:04 PIT >> INFO : MINION : Failed to dump JaCoCo execution data: org.jacoco.agent.rt.RT
00:02:04 PIT >> INFO : MINION : Failed to set JaCoCo session: org.jacoco.agent.rt.RT
00:02:04 PIT >> INFO : MINION : Failed to dump JaCoCo execution data: org.jacoco.agent.rt.RT
00:02:04 PIT >> INFO : MINION : Failed to set JaCoCo session: org.jacoco.agent.rt.RT
00:02:04 PIT >> INFO : MINION : Failed to dump JaCoCo execution data: org.jacoco.agent.rt.RT
00:02:04 PIT >> INFO : MINION : Failed to set JaCoCo session: org.jacoco.agent.rt.RT
00:02:04 PIT >> INFO : MINION : Failed to dump JaCoCo execution data: org.jacoco.agent.rt.RT
00:02:04 PIT >> INFO : MINION : Failed to set JaCoCo session: org.jacoco.agent.rt.RT
00:02:04 PIT >> INFO : MINION : Failed to dump JaCoCo execution data: org.jacoco.agent.rt.RT
00:02:04 PIT >> INFO : MINION : Failed to set JaCoCo session: org.jacoco.agent.rt.RT
00:02:04 PIT >> INFO : MINION : Failed to dump JaCoCo execution data: org.jacoco.agent.rt.RT
00:02:04 PIT >> INFO : MINION : Failed to set JaCoCo session: org.jacoco.agent.rt.RT
00:02:04 PIT >> INFO : MINION : Failed to dump JaCoCo execution data: org.jacoco.agent.rt.RT
00:02:04 PIT >> INFO : MINION : Failed to set JaCoCo session: org.jacoco.agent.rt.RT
00:02:04 PIT >> INFO : MINION : Failed to dump JaCoCo execution data: org.jacoco.agent.rt.RT
00:02:04 PIT >> INFO : MINION : Failed to set JaCoCo session: org.jacoco.agent.rt.RT
00:02:04 PIT >> INFO : MINION : Failed to dump JaCoCo execution data: org.jacoco.agent.rt.RT
00:02:04 PIT >> INFO : MINION : Failed to set JaCoCo session: org.jacoco.agent.rt.RT
00:02:04 PIT >> INFO : MINION : Failed to dump JaCoCo execution data: org.jacoco.agent.rt.RT
00:02:04 PIT >> INFO : MINION : Failed to set JaCoCo session: org.jacoco.agent.rt.RT
00:02:04 PIT >> INFO : MINION : Failed to dump JaCoCo execution data: org.jacoco.agent.rt.RT
00:02:04 PIT >> INFO : MINION : Failed to set JaCoCo session: org.jacoco.agent.rt.RT
00:02:04 PIT >> INFO : MINION : Failed to dump JaCoCo execution data: org.jacoco.agent.rt.RT
00:02:04 PIT >> INFO : MINION : Failed to set JaCoCo session: org.jacoco.agent.rt.RT
00:02:04 PIT >> INFO : MINION : Failed to dump JaCoCo execution data: org.jacoco.agent.rt.RT
00:02:04 PIT >> INFO : MINION : Failed to set JaCoCo session: org.jacoco.agent.rt.RT
00:02:04 PIT >> INFO : MINION : Failed to dump JaCoCo execution data: org.jacoco.agent.rt.RT
00:02:05 PIT >> INFO : MINION : Failed to set JaCoCo session: org.jacoco.agent.rt.RT
00:02:05 PIT >> INFO : MINION : Failed to dump JaCoCo execution data: org.jacoco.agent.rt.RT
00:02:05 PIT >> INFO : MINION : Failed to set JaCoCo session: org.jacoco.agent.rt.RT
00:02:05 PIT >> INFO : MINION : Failed to dump JaCoCo execution data: org.jacoco.agent.rt.RT
00:02:05 PIT >> INFO : MINION : Failed to set JaCoCo session: org.jacoco.agent.rt.RT
00:02:05 PIT >> INFO : MINION : Failed to dump JaCoCo execution data: org.jacoco.agent.rt.RT
00:02:05 PIT >> INFO : MINION : Failed to set JaCoCo session: org.jacoco.agent.rt.RT
00:02:05 PIT >> INFO : MINION : Failed to dump JaCoCo execution data: org.jacoco.agent.rt.RT
00:02:05 PIT >> INFO : MINION : Failed to set JaCoCo session: org.jacoco.agent.rt.RT
00:02:05 PIT >> INFO : MINION : Failed to dump JaCoCo execution data: org.jacoco.agent.rt.RT
00:02:05 PIT >> INFO : MINION : Failed to set JaCoCo session: org.jacoco.agent.rt.RT
00:02:05 PIT >> INFO : MINION : Failed to dump JaCoCo execution data: org.jacoco.agent.rt.RT
00:02:05 PIT >> INFO : MINION : Failed to set JaCoCo session: org.jacoco.agent.rt.RT
00:02:05 PIT >> INFO : MINION : Failed to dump JaCoCo execution data: org.jacoco.agent.rt.RT
00:02:05 PIT >> INFO : MINION : Failed to set JaCoCo session: org.jacoco.agent.rt.RT
00:02:05 PIT >> INFO : MINION : Failed to dump JaCoCo execution data: org.jacoco.agent.rt.RT
00:02:05 PIT >> INFO : MINION : Failed to set JaCoCo session: org.jacoco.agent.rt.RT
00:02:05 PIT >> INFO : MINION : Failed to dump JaCoCo execution data: org.jacoco.agent.rt.RT
00:02:05 PIT >> INFO : MINION : Failed to set JaCoCo session: org.jacoco.agent.rt.RT
00:02:05 PIT >> INFO : MINION : Failed to dump JaCoCo execution data: org.jacoco.agent.rt.RT
00:02:05 PIT >> INFO : MINION : Failed to set JaCoCo session: org.jacoco.agent.rt.RT
00:02:05 PIT >> INFO : MINION : Failed to dump JaCoCo execution data: org.jacoco.agent.rt.RT
00:02:05 PIT >> INFO : MINION : Failed to set JaCoCo session: org.jacoco.agent.rt.RT
00:02:05 PIT >> INFO : MINION : Failed to dump JaCoCo execution data: org.jacoco.agent.rt.RT
00:02:05 PIT >> INFO : MINION : Failed to set JaCoCo session: org.jacoco.agent.rt.RT
00:02:05 PIT >> INFO : MINION : Failed to dump JaCoCo execution data: org.jacoco.agent.rt.RT
00:02:05 PIT >> INFO : MINION : Failed to set JaCoCo session: org.jacoco.agent.rt.RT
00:02:05 PIT >> INFO : MINION : Failed to dump JaCoCo execution data: org.jacoco.agent.rt.RT
00:02:05 PIT >> INFO : MINION : Failed to set JaCoCo session: org.jacoco.agent.rt.RT
00:02:05 PIT >> INFO : MINION : Failed to dump JaCoCo execution data: org.jacoco.agent.rt.RT
00:02:05 PIT >> INFO : MINION : Failed to set JaCoCo session: org.jacoco.agent.rt.RT
00:02:05 PIT >> INFO : MINION : Failed to dump JaCoCo execution data: org.jacoco.agent.rt.RT
00:02:05 PIT >> INFO : MINION : Failed to set JaCoCo session: org.jacoco.agent.rt.RT
00:02:05 PIT >> INFO : MINION : Failed to dump JaCoCo execution data: org.jacoco.agent.rt.RT
00:02:05 PIT >> INFO : MINION : Failed to set JaCoCo session: org.jacoco.agent.rt.RT
00:02:05 PIT >> INFO : MINION : Failed to dump JaCoCo execution data: org.jacoco.agent.rt.RT
00:02:05 PIT >> INFO : MINION : Failed to set JaCoCo session: org.jacoco.agent.rt.RT
00:02:05 PIT >> INFO : MINION : Failed to dump JaCoCo execution data: org.jacoco.agent.rt.RT
00:02:05 PIT >> INFO : MINION : Failed to set JaCoCo session: org.jacoco.agent.rt.RT
00:02:05 PIT >> INFO : MINION : Failed to dump JaCoCo execution data: org.jacoco.agent.rt.RT
00:02:05 PIT >> INFO : MINION : Failed to set JaCoCo session: org.jacoco.agent.rt.RT
00:02:05 PIT >> INFO : MINION : Failed to dump JaCoCo execution data: org.jacoco.agent.rt.RT
00:02:05 PIT >> INFO : MINION : Failed to set JaCoCo session: org.jacoco.agent.rt.RT
00:02:05 PIT >> INFO : MINION : Failed to dump JaCoCo execution data: org.jacoco.agent.rt.RT
00:02:05 PIT >> INFO : MINION : Failed to set JaCoCo session: org.jacoco.agent.rt.RT
00:02:05 PIT >> INFO : MINION : Failed to dump JaCoCo execution data: org.jacoco.agent.rt.RT
00:02:05 PIT >> INFO : MINION : Failed to set JaCoCo session: org.jacoco.agent.rt.RT
00:02:05 PIT >> INFO : MINION : Failed to dump JaCoCo execution data: org.jacoco.agent.rt.RT
00:02:05 PIT >> INFO : MINION : Failed to set JaCoCo session: org.jacoco.agent.rt.RT
00:02:05 PIT >> INFO : MINION : Failed to dump JaCoCo execution data: org.jacoco.agent.rt.RT
00:02:05 PIT >> INFO : MINION : Failed to set JaCoCo session: org.jacoco.agent.rt.RT
00:02:05 PIT >> INFO : MINION : Failed to dump JaCoCo execution data: org.jacoco.agent.rt.RT
00:02:05 PIT >> INFO : MINION : Failed to set JaCoCo session: org.jacoco.agent.rt.RT
00:02:05 PIT >> INFO : MINION : Failed to dump JaCoCo execution data: org.jacoco.agent.rt.RT
00:02:05 PIT >> INFO : MINION : Failed to set JaCoCo session: org.jacoco.agent.rt.RT
00:02:05 PIT >> INFO : MINION : Failed to dump JaCoCo execution data: org.jacoco.agent.rt.RT
00:02:05 PIT >> INFO : MINION : Failed to set JaCoCo session: org.jacoco.agent.rt.RT
00:02:05 PIT >> INFO : MINION : Failed to dump JaCoCo execution data: org.jacoco.agent.rt.RT
00:02:05 PIT >> INFO : MINION : Failed to set JaCoCo session: org.jacoco.agent.rt.RT
00:02:05 PIT >> INFO : MINION : Failed to dump JaCoCo execution data: org.jacoco.agent.rt.RT
00:02:05 PIT >> INFO : MINION : Failed to set JaCoCo session: org.jacoco.agent.rt.RT
00:02:05 PIT >> INFO : MINION : Failed to dump JaCoCo execution data: org.jacoco.agent.rt.RT
00:02:05 PIT >> INFO : MINION : Failed to set JaCoCo session: org.jacoco.agent.rt.RT
00:02:05 PIT >> INFO : MINION : Failed to dump JaCoCo execution data: org.jacoco.agent.rt.RT
00:02:05 PIT >> INFO : MINION : Failed to set JaCoCo session: org.jacoco.agent.rt.RT
00:02:05 PIT >> INFO : MINION : Failed to dump JaCoCo execution data: org.jacoco.agent.rt.RT
00:02:05 PIT >> INFO : MINION : Failed to set JaCoCo session: org.jacoco.agent.rt.RT
00:02:05 PIT >> INFO : MINION : Failed to dump JaCoCo execution data: org.jacoco.agent.rt.RT
00:02:05 PIT >> INFO : MINION : Failed to set JaCoCo session: org.jacoco.agent.rt.RT
00:02:05 PIT >> INFO : MINION : Failed to dump JaCoCo execution data: org.jacoco.agent.rt.RT
00:02:05 PIT >> INFO : MINION : Failed to set JaCoCo session: org.jacoco.agent.rt.RT
00:02:05 PIT >> INFO : MINION : Failed to dump JaCoCo execution data: org.jacoco.agent.rt.RT
00:02:05 PIT >> INFO : MINION : Failed to set JaCoCo session: org.jacoco.agent.rt.RT
00:02:05 PIT >> INFO : MINION : Failed to dump JaCoCo execution data: org.jacoco.agent.rt.RT
00:02:05 PIT >> INFO : MINION : Failed to set JaCoCo session: org.jacoco.agent.rt.RT
00:02:05 PIT >> INFO : MINION : Failed to dump JaCoCo execution data: org.jacoco.agent.rt.RT
00:02:05 PIT >> INFO : MINION : Failed to set JaCoCo session: org.jacoco.agent.rt.RT
00:02:05 PIT >> INFO : MINION : Failed to dump JaCoCo execution data: org.jacoco.agent.rt.RT
00:02:05 PIT >> INFO : MINION : Failed to set JaCoCo session: org.jacoco.agent.rt.RT
00:02:05 PIT >> INFO : MINION : Failed to dump JaCoCo execution data: org.jacoco.agent.rt.RT
00:02:05 PIT >> INFO : MINION : Failed to set JaCoCo session: org.jacoco.agent.rt.RT
00:02:05 PIT >> INFO : MINION : Failed to dump JaCoCo execution data: org.jacoco.agent.rt.RT
00:02:05 PIT >> INFO : MINION : Failed to set JaCoCo session: org.jacoco.agent.rt.RT
00:02:05 PIT >> INFO : MINION : Failed to dump JaCoCo execution data: org.jacoco.agent.rt.RT
00:02:05 PIT >> INFO : MINION : Failed to set JaCoCo session: org.jacoco.agent.rt.RT
00:02:05 PIT >> INFO : MINION : Failed to dump JaCoCo execution data: org.jacoco.agent.rt.RT
00:02:05 PIT >> INFO : MINION : Failed to set JaCoCo session: org.jacoco.agent.rt.RT
00:02:05 PIT >> INFO : MINION : Failed to dump JaCoCo execution data: org.jacoco.agent.rt.RT
00:02:05 PIT >> INFO : MINION : Failed to set JaCoCo session: org.jacoco.agent.rt.RT
00:02:05 PIT >> INFO : MINION : Failed to dump JaCoCo execution data: org.jacoco.agent.rt.RT
00:02:05 PIT >> INFO : MINION : Failed to set JaCoCo session: org.jacoco.agent.rt.RT
00:02:05 PIT >> INFO : MINION : Failed to dump JaCoCo execution data: org.jacoco.agent.rt.RT
00:02:05 PIT >> INFO : MINION : Failed to set JaCoCo session: org.jacoco.agent.rt.RT
00:02:05 PIT >> INFO : MINION : Failed to dump JaCoCo execution data: org.jacoco.agent.rt.RT
00:02:05 PIT >> INFO : MINION : Failed to set JaCoCo session: org.jacoco.agent.rt.RT
00:02:05 PIT >> INFO : MINION : Failed to dump JaCoCo execution data: org.jacoco.agent.rt.RT
00:02:05 PIT >> INFO : MINION : Failed to set JaCoCo session: org.jacoco.agent.rt.RT
00:02:05 PIT >> INFO : MINION : Failed to dump JaCoCo execution data: org.jacoco.agent.rt.RT
00:02:05 PIT >> INFO : MINION : Failed to set JaCoCo session: org.jacoco.agent.rt.RT
00:02:05 PIT >> INFO : MINION : Failed to dump JaCoCo execution data: org.jacoco.agent.rt.RT
00:02:05 PIT >> INFO : MINION : Failed to set JaCoCo session: org.jacoco.agent.rt.RT
00:02:05 PIT >> INFO : MINION : Failed to dump JaCoCo execution data: org.jacoco.agent.rt.RT
00:02:05 PIT >> INFO : MINION : Failed to set JaCoCo session: org.jacoco.agent.rt.RT
00:02:05 PIT >> INFO : MINION : Failed to dump JaCoCo execution data: org.jacoco.agent.rt.RT
00:02:05 PIT >> INFO : MINION : Failed to set JaCoCo session: org.jacoco.agent.rt.RT
00:02:05 PIT >> INFO : MINION : Failed to dump JaCoCo execution data: org.jacoco.agent.rt.RT
00:02:05 PIT >> INFO : MINION : Failed to set JaCoCo session: org.jacoco.agent.rt.RT
00:02:05 PIT >> INFO : MINION : Failed to dump JaCoCo execution data: org.jacoco.agent.rt.RT
00:02:05 PIT >> INFO : MINION : Failed to set JaCoCo session: org.jacoco.agent.rt.RT
00:02:05 PIT >> INFO : MINION : Failed to dump JaCoCo execution data: org.jacoco.agent.rt.RT
00:02:05 PIT >> INFO : MINION : Failed to set JaCoCo session: org.jacoco.agent.rt.RT
00:02:05 PIT >> INFO : MINION : Failed to dump JaCoCo execution data: org.jacoco.agent.rt.RT
00:02:05 PIT >> INFO : MINION : Failed to set JaCoCo session: org.jacoco.agent.rt.RT
00:02:05 PIT >> INFO : MINION : Failed to dump JaCoCo execution data: org.jacoco.agent.rt.RT
00:02:05 PIT >> INFO : MINION : Failed to set JaCoCo session: org.jacoco.agent.rt.RT
00:02:05 PIT >> INFO : MINION : Failed to dump JaCoCo execution data: org.jacoco.agent.rt.RT
00:02:05 PIT >> INFO : MINION : Failed to set JaCoCo session: org.jacoco.agent.rt.RT
00:02:05 PIT >> INFO : MINION : Failed to dump JaCoCo execution data: org.jacoco.agent.rt.RT
00:02:05 PIT >> INFO : MINION : Failed to set JaCoCo session: org.jacoco.agent.rt.RT
00:02:05 PIT >> INFO : MINION : Failed to dump JaCoCo execution data: org.jacoco.agent.rt.RT
00:02:05 PIT >> INFO : MINION : Failed to set JaCoCo session: org.jacoco.agent.rt.RT
00:02:05 PIT >> INFO : MINION : Failed to dump JaCoCo execution data: org.jacoco.agent.rt.RT
00:02:05 PIT >> INFO : MINION : Failed to set JaCoCo session: org.jacoco.agent.rt.RT
00:02:05 PIT >> INFO : MINION : Failed to dump JaCoCo execution data: org.jacoco.agent.rt.RT
00:02:05 PIT >> INFO : MINION : Failed to set JaCoCo session: org.jacoco.agent.rt.RT
00:02:05 PIT >> INFO : MINION : Failed to dump JaCoCo execution data: org.jacoco.agent.rt.RT
00:02:05 PIT >> INFO : MINION : Failed to set JaCoCo session: org.jacoco.agent.rt.RT
00:02:05 PIT >> INFO : MINION : Failed to dump JaCoCo execution data: org.jacoco.agent.rt.RT
00:02:05 PIT >> INFO : MINION : Failed to set JaCoCo session: org.jacoco.agent.rt.RT
00:02:05 PIT >> INFO : MINION : Failed to dump JaCoCo execution data: org.jacoco.agent.rt.RT
00:02:05 PIT >> INFO : MINION : Failed to set JaCoCo session: org.jacoco.agent.rt.RT
00:02:05 PIT >> INFO : MINION : Failed to dump JaCoCo execution data: org.jacoco.agent.rt.RT
00:02:05 PIT >> INFO : MINION : Failed to set JaCoCo session: org.jacoco.agent.rt.RT
00:02:05 PIT >> INFO : MINION : Failed to dump JaCoCo execution data: org.jacoco.agent.rt.RT
00:02:05 PIT >> INFO : MINION : Failed to set JaCoCo session: org.jacoco.agent.rt.RT
00:02:05 PIT >> INFO : MINION : Failed to dump JaCoCo execution data: org.jacoco.agent.rt.RT
00:02:05 PIT >> INFO : MINION : Failed to set JaCoCo session: org.jacoco.agent.rt.RT
00:02:05 PIT >> INFO : MINION : Failed to dump JaCoCo execution data: org.jacoco.agent.rt.RT
00:02:05 PIT >> INFO : MINION : Failed to set JaCoCo session: org.jacoco.agent.rt.RT
00:02:05 PIT >> INFO : MINION : Failed to dump JaCoCo execution data: org.jacoco.agent.rt.RT
00:02:05 PIT >> INFO : MINION : Failed to set JaCoCo session: org.jacoco.agent.rt.RT
00:02:05 PIT >> INFO : MINION : Failed to dump JaCoCo execution data: org.jacoco.agent.rt.RT
00:02:05 PIT >> INFO : MINION : Failed to set JaCoCo session: org.jacoco.agent.rt.RT
00:02:05 PIT >> INFO : MINION : Failed to dump JaCoCo execution data: org.jacoco.agent.rt.RT
00:02:05 PIT >> INFO : MINION : Failed to set JaCoCo session: org.jacoco.agent.rt.RT
00:02:05 PIT >> INFO : MINION : Failed to dump JaCoCo execution data: org.jacoco.agent.rt.RT
00:02:05 PIT >> INFO : MINION : Failed to set JaCoCo session: org.jacoco.agent.rt.RT
00:02:05 PIT >> INFO : MINION : Failed to dump JaCoCo execution data: org.jacoco.agent.rt.RT
00:02:05 PIT >> INFO : MINION : Failed to set JaCoCo session: org.jacoco.agent.rt.RT
00:02:05 PIT >> INFO : MINION : Failed to dump JaCoCo execution data: org.jacoco.agent.rt.RT
00:02:05 PIT >> INFO : MINION : Failed to set JaCoCo session: org.jacoco.agent.rt.RT
00:02:05 PIT >> INFO : MINION : Failed to dump JaCoCo execution data: org.jacoco.agent.rt.RT
00:02:05 PIT >> INFO : MINION : Failed to set JaCoCo session: org.jacoco.agent.rt.RT
00:02:05 PIT >> INFO : MINION : Failed to dump JaCoCo execution data: org.jacoco.agent.rt.RT
00:02:05 PIT >> INFO : MINION : Failed to set JaCoCo session: org.jacoco.agent.rt.RT
00:02:05 PIT >> INFO : MINION : Failed to dump JaCoCo execution data: org.jacoco.agent.rt.RT
00:02:05 PIT >> INFO : MINION : Failed to set JaCoCo session: org.jacoco.agent.rt.RT
00:02:05 PIT >> INFO : MINION : Failed to dump JaCoCo execution data: org.jacoco.agent.rt.RT
00:02:05 PIT >> INFO : MINION : Failed to set JaCoCo session: org.jacoco.agent.rt.RT
00:02:05 PIT >> INFO : MINION : Failed to dump JaCoCo execution data: org.jacoco.agent.rt.RT
00:02:05 PIT >> INFO : MINION : Failed to set JaCoCo session: org.jacoco.agent.rt.RT
00:02:05 PIT >> INFO : MINION : Failed to dump JaCoCo execution data: org.jacoco.agent.rt.RT
00:02:05 PIT >> INFO : MINION : Failed to set JaCoCo session: org.jacoco.agent.rt.RT
00:02:05 PIT >> INFO : MINION : Failed to dump JaCoCo execution data: org.jacoco.agent.rt.RT
00:02:05 PIT >> INFO : MINION : Failed to set JaCoCo session: org.jacoco.agent.rt.RT
00:02:05 PIT >> INFO : MINION : Failed to dump JaCoCo execution data: org.jacoco.agent.rt.RT
00:02:05 PIT >> INFO : MINION : Failed to set JaCoCo session: org.jacoco.agent.rt.RT
00:02:05 PIT >> INFO : MINION : Failed to dump JaCoCo execution data: org.jacoco.agent.rt.RT
00:02:05 PIT >> INFO : MINION : Failed to set JaCoCo session: org.jacoco.agent.rt.RT
00:02:05 PIT >> INFO : MINION : Failed to dump JaCoCo execution data: org.jacoco.agent.rt.RT
00:02:05 PIT >> INFO : MINION : Failed to set JaCoCo session: org.jacoco.agent.rt.RT
00:02:05 PIT >> INFO : MINION : Failed to dump JaCoCo execution data: org.jacoco.agent.rt.RT
00:02:05 PIT >> INFO : MINION : Failed to set JaCoCo session: org.jacoco.agent.rt.RT
00:02:05 PIT >> INFO : MINION : Failed to dump JaCoCo execution data: org.jacoco.agent.rt.RT
00:02:05 PIT >> INFO : MINION : Failed to set JaCoCo session: org.jacoco.agent.rt.RT
00:02:05 PIT >> INFO : MINION : Failed to dump JaCoCo execution data: org.jacoco.agent.rt.RT
00:02:05 PIT >> INFO : MINION : Failed to set JaCoCo session: org.jacoco.agent.rt.RT
00:02:05 PIT >> INFO : MINION : Failed to dump JaCoCo execution data: org.jacoco.agent.rt.RT
00:02:05 PIT >> INFO : MINION : Failed to set JaCoCo session: org.jacoco.agent.rt.RT
00:02:05 PIT >> INFO : MINION : Failed to dump JaCoCo execution data: org.jacoco.agent.rt.RT
00:02:05 PIT >> INFO : MINION : Failed to set JaCoCo session: org.jacoco.agent.rt.RT
00:02:05 PIT >> INFO : MINION : Failed to dump JaCoCo execution data: org.jacoco.agent.rt.RT
00:02:05 PIT >> INFO : MINION : Failed to set JaCoCo session: org.jacoco.agent.rt.RT
00:02:05 PIT >> INFO : MINION : Failed to dump JaCoCo execution data: org.jacoco.agent.rt.RT
00:02:05 PIT >> INFO : MINION : Failed to set JaCoCo session: org.jacoco.agent.rt.RT
00:02:05 PIT >> INFO : MINION : Failed to dump JaCoCo execution data: org.jacoco.agent.rt.RT
00:02:05 PIT >> INFO : MINION : Failed to set JaCoCo session: org.jacoco.agent.rt.RT
00:02:05 PIT >> INFO : MINION : Failed to dump JaCoCo execution data: org.jacoco.agent.rt.RT
00:02:05 PIT >> INFO : MINION : Failed to set JaCoCo session: org.jacoco.agent.rt.RT
00:02:05 PIT >> INFO : MINION : Failed to dump JaCoCo execution data: org.jacoco.agent.rt.RT
00:02:05 PIT >> INFO : MINION : Failed to set JaCoCo session: org.jacoco.agent.rt.RT
00:02:05 PIT >> INFO : MINION : Failed to dump JaCoCo execution data: org.jacoco.agent.rt.RT
00:02:05 PIT >> INFO : MINION : Failed to set JaCoCo session: org.jacoco.agent.rt.RT
00:02:05 PIT >> INFO : MINION : Failed to dump JaCoCo execution data: org.jacoco.agent.rt.RT
00:02:05 PIT >> INFO : MINION : Failed to set JaCoCo session: org.jacoco.agent.rt.RT
00:02:05 PIT >> INFO : MINION : Failed to dump JaCoCo execution data: org.jacoco.agent.rt.RT
00:02:05 PIT >> INFO : MINION : Failed to set JaCoCo session: org.jacoco.agent.rt.RT
00:02:05 PIT >> INFO : MINION : Failed to dump JaCoCo execution data: org.jacoco.agent.rt.RT
00:02:05 PIT >> INFO : MINION : Failed to set JaCoCo session: org.jacoco.agent.rt.RT
00:02:05 PIT >> INFO : MINION : Failed to dump JaCoCo execution data: org.jacoco.agent.rt.RT
00:02:05 PIT >> INFO : MINION : Failed to set JaCoCo session: org.jacoco.agent.rt.RT
00:02:05 PIT >> INFO : MINION : Failed to dump JaCoCo execution data: org.jacoco.agent.rt.RT
00:02:05 PIT >> INFO : MINION : Failed to set JaCoCo session: org.jacoco.agent.rt.RT
00:02:05 PIT >> INFO : MINION : Failed to dump JaCoCo execution data: org.jacoco.agent.rt.RT
00:02:05 PIT >> INFO : MINION : Failed to set JaCoCo session: org.jacoco.agent.rt.RT
00:02:05 PIT >> INFO : MINION : Failed to dump JaCoCo execution data: org.jacoco.agent.rt.RT
00:02:05 PIT >> INFO : MINION : Failed to set JaCoCo session: org.jacoco.agent.rt.RT
00:02:05 PIT >> INFO : MINION : Failed to dump JaCoCo execution data: org.jacoco.agent.rt.RT
00:02:05 PIT >> INFO : MINION : Failed to set JaCoCo session: org.jacoco.agent.rt.RT
00:02:05 PIT >> INFO : MINION : Failed to dump JaCoCo execution data: org.jacoco.agent.rt.RT
00:02:05 PIT >> INFO : MINION : Failed to set JaCoCo session: org.jacoco.agent.rt.RT
00:02:05 PIT >> INFO : MINION : Failed to dump JaCoCo execution data: org.jacoco.agent.rt.RT
00:02:05 PIT >> INFO : MINION : Failed to set JaCoCo session: org.jacoco.agent.rt.RT
00:02:05 PIT >> INFO : MINION : Failed to dump JaCoCo execution data: org.jacoco.agent.rt.RT
00:02:05 PIT >> INFO : MINION : Failed to set JaCoCo session: org.jacoco.agent.rt.RT
00:02:05 PIT >> INFO : MINION : Failed to dump JaCoCo execution data: org.jacoco.agent.rt.RT
00:02:05 PIT >> INFO : MINION : Failed to set JaCoCo session: org.jacoco.agent.rt.RT
00:02:05 PIT >> INFO : MINION : Failed to dump JaCoCo execution data: org.jacoco.agent.rt.RT
00:02:05 PIT >> INFO : MINION : Failed to set JaCoCo session: org.jacoco.agent.rt.RT
00:02:05 PIT >> INFO : MINION : Failed to dump JaCoCo execution data: org.jacoco.agent.rt.RT
00:02:05 PIT >> INFO : MINION : Failed to set JaCoCo session: org.jacoco.agent.rt.RT
00:02:05 PIT >> INFO : MINION : Failed to dump JaCoCo execution data: org.jacoco.agent.rt.RT
00:02:05 PIT >> INFO : MINION : Failed to set JaCoCo session: org.jacoco.agent.rt.RT
00:02:05 PIT >> INFO : MINION : Failed to dump JaCoCo execution data: org.jacoco.agent.rt.RT
00:02:05 PIT >> INFO : MINION : Failed to set JaCoCo session: org.jacoco.agent.rt.RT
00:02:05 PIT >> INFO : MINION : Failed to dump JaCoCo execution data: org.jacoco.agent.rt.RT
00:02:05 PIT >> INFO : MINION : Failed to set JaCoCo session: org.jacoco.agent.rt.RT
00:02:05 PIT >> INFO : MINION : Failed to dump JaCoCo execution data: org.jacoco.agent.rt.RT
00:02:05 PIT >> INFO : MINION : Failed to set JaCoCo session: org.jacoco.agent.rt.RT
00:02:05 PIT >> INFO : MINION : Failed to dump JaCoCo execution data: org.jacoco.agent.rt.RT
00:02:05 PIT >> INFO : MINION : Failed to set JaCoCo session: org.jacoco.agent.rt.RT
00:02:05 PIT >> INFO : MINION : Failed to dump JaCoCo execution data: org.jacoco.agent.rt.RT
00:02:05 PIT >> INFO : MINION : Failed to set JaCoCo session: org.jacoco.agent.rt.RT
00:02:05 PIT >> INFO : MINION : Failed to dump JaCoCo execution data: org.jacoco.agent.rt.RT
00:02:05 PIT >> INFO : MINION : Failed to set JaCoCo session: org.jacoco.agent.rt.RT
00:02:05 PIT >> INFO : MINION : Failed to dump JaCoCo execution data: org.jacoco.agent.rt.RT
00:02:05 PIT >> INFO : MINION : Failed to set JaCoCo session: org.jacoco.agent.rt.RT
00:02:05 PIT >> INFO : MINION : Failed to dump JaCoCo execution data: org.jacoco.agent.rt.RT
00:02:05 PIT >> INFO : MINION : Failed to set JaCoCo session: org.jacoco.agent.rt.RT
00:02:05 PIT >> INFO : MINION : Failed to dump JaCoCo execution data: org.jacoco.agent.rt.RT
00:02:05 PIT >> INFO : MINION : Failed to set JaCoCo session: org.jacoco.agent.rt.RT
00:02:05 PIT >> INFO : MINION : Failed to dump JaCoCo execution data: org.jacoco.agent.rt.RT
00:02:05 PIT >> INFO : MINION : Failed to set JaCoCo session: org.jacoco.agent.rt.RT
00:02:05 PIT >> INFO : MINION : Failed to dump JaCoCo execution data: org.jacoco.agent.rt.RT
00:02:05 PIT >> INFO : MINION : Failed to set JaCoCo session: org.jacoco.agent.rt.RT
00:02:05 PIT >> INFO : MINION : Failed to dump JaCoCo execution data: org.jacoco.agent.rt.RT
00:02:05 PIT >> INFO : MINION : Failed to set JaCoCo session: org.jacoco.agent.rt.RT
00:02:05 PIT >> INFO : MINION : Failed to dump JaCoCo execution data: org.jacoco.agent.rt.RT
00:02:05 PIT >> INFO : MINION : Failed to set JaCoCo session: org.jacoco.agent.rt.RT
00:02:05 PIT >> INFO : MINION : Failed to dump JaCoCo execution data: org.jacoco.agent.rt.RT
00:02:05 PIT >> INFO : MINION : Failed to set JaCoCo session: org.jacoco.agent.rt.RT
00:02:05 PIT >> INFO : MINION : Failed to dump JaCoCo execution data: org.jacoco.agent.rt.RT
00:02:05 PIT >> INFO : MINION : Failed to set JaCoCo session: org.jacoco.agent.rt.RT
00:02:05 PIT >> INFO : MINION : Failed to dump JaCoCo execution data: org.jacoco.agent.rt.RT
00:02:05 PIT >> INFO : MINION : Failed to set JaCoCo session: org.jacoco.agent.rt.RT
00:02:05 PIT >> INFO : MINION : Failed to dump JaCoCo execution data: org.jacoco.agent.rt.RT
00:02:05 PIT >> INFO : MINION : Failed to set JaCoCo session: org.jacoco.agent.rt.RT
00:02:05 PIT >> INFO : MINION : Failed to dump JaCoCo execution data: org.jacoco.agent.rt.RT
00:02:05 PIT >> INFO : MINION : Failed to set JaCoCo session: org.jacoco.agent.rt.RT
00:02:05 PIT >> INFO : MINION : Failed to dump JaCoCo execution data: org.jacoco.agent.rt.RT
00:02:05 PIT >> INFO : MINION : Failed to set JaCoCo session: org.jacoco.agent.rt.RT
00:02:05 PIT >> INFO : MINION : Failed to dump JaCoCo execution data: org.jacoco.agent.rt.RT
00:02:05 PIT >> INFO : MINION : Failed to set JaCoCo session: org.jacoco.agent.rt.RT
00:02:05 PIT >> INFO : MINION : Failed to dump JaCoCo execution data: org.jacoco.agent.rt.RT
00:02:05 PIT >> INFO : MINION : Failed to set JaCoCo session: org.jacoco.agent.rt.RT
00:02:05 PIT >> INFO : MINION : Failed to dump JaCoCo execution data: org.jacoco.agent.rt.RT
00:02:05 PIT >> INFO : MINION : Failed to set JaCoCo session: org.jacoco.agent.rt.RT
00:02:05 PIT >> INFO : MINION : Failed to dump JaCoCo execution data: org.jacoco.agent.rt.RT
00:02:05 PIT >> INFO : MINION : Failed to set JaCoCo session: org.jacoco.agent.rt.RT
00:02:05 PIT >> INFO : MINION : Failed to dump JaCoCo execution data: org.jacoco.agent.rt.RT
00:02:05 PIT >> INFO : MINION : Failed to set JaCoCo session: org.jacoco.agent.rt.RT
00:02:05 PIT >> INFO : MINION : Failed to dump JaCoCo execution data: org.jacoco.agent.rt.RT
00:02:05 PIT >> INFO : MINION : Failed to set JaCoCo session: org.jacoco.agent.rt.RT
00:02:05 PIT >> INFO : MINION : Failed to dump JaCoCo execution data: org.jacoco.agent.rt.RT
00:02:05 PIT >> INFO : MINION : Failed to set JaCoCo session: org.jacoco.agent.rt.RT
00:02:05 PIT >> INFO : MINION : Failed to dump JaCoCo execution data: org.jacoco.agent.rt.RT
00:02:05 PIT >> INFO : MINION : Failed to set JaCoCo session: org.jacoco.agent.rt.RT
00:02:05 PIT >> INFO : MINION : Failed to dump JaCoCo execution data: org.jacoco.agent.rt.RT
00:02:05 PIT >> INFO : MINION : Failed to set JaCoCo session: org.jacoco.agent.rt.RT
00:02:05 PIT >> INFO : MINION : Failed to dump JaCoCo execution data: org.jacoco.agent.rt.RT
00:02:05 PIT >> INFO : MINION : Failed to set JaCoCo session: org.jacoco.agent.rt.RT
00:02:05 PIT >> INFO : MINION : Failed to dump JaCoCo execution data: org.jacoco.agent.rt.RT
00:02:05 PIT >> INFO : MINION : Failed to set JaCoCo session: org.jacoco.agent.rt.RT
00:02:05 PIT >> INFO : MINION : Failed to dump JaCoCo execution data: org.jacoco.agent.rt.RT
00:02:05 PIT >> INFO : MINION : Failed to set JaCoCo session: org.jacoco.agent.rt.RT
00:02:05 PIT >> INFO : MINION : Failed to dump JaCoCo execution data: org.jacoco.agent.rt.RT
00:02:05 PIT >> INFO : MINION : Failed to set JaCoCo session: org.jacoco.agent.rt.RT
00:02:05 PIT >> INFO : MINION : Failed to dump JaCoCo execution data: org.jacoco.agent.rt.RT
00:02:05 PIT >> INFO : MINION : Failed to set JaCoCo session: org.jacoco.agent.rt.RT
00:02:05 PIT >> INFO : MINION : Failed to dump JaCoCo execution data: org.jacoco.agent.rt.RT
00:02:05 PIT >> INFO : MINION : Failed to set JaCoCo session: org.jacoco.agent.rt.RT
00:02:05 PIT >> INFO : MINION : Failed to dump JaCoCo execution data: org.jacoco.agent.rt.RT
00:02:05 PIT >> INFO : MINION : Failed to set JaCoCo session: org.jacoco.agent.rt.RT
00:02:05 PIT >> INFO : MINION : Failed to dump JaCoCo execution data: org.jacoco.agent.rt.RT
00:02:05 PIT >> INFO : MINION : Failed to set JaCoCo session: org.jacoco.agent.rt.RT
00:02:05 PIT >> INFO : MINION : Failed to dump JaCoCo execution data: org.jacoco.agent.rt.RT
00:02:05 PIT >> INFO : MINION : Failed to set JaCoCo session: org.jacoco.agent.rt.RT
00:02:05 PIT >> INFO : MINION : Failed to dump JaCoCo execution data: org.jacoco.agent.rt.RT
00:02:05 PIT >> INFO : MINION : Failed to set JaCoCo session: org.jacoco.agent.rt.RT
00:02:05 PIT >> INFO : MINION : Failed to dump JaCoCo execution data: org.jacoco.agent.rt.RT
00:02:05 PIT >> INFO : MINION : Failed to set JaCoCo session: org.jacoco.agent.rt.RT
00:02:05 PIT >> INFO : MINION : Failed to dump JaCoCo execution data: org.jacoco.agent.rt.RT
00:02:05 PIT >> INFO : MINION : Failed to set JaCoCo session: org.jacoco.agent.rt.RT
00:02:05 PIT >> INFO : MINION : Failed to dump JaCoCo execution data: org.jacoco.agent.rt.RT
00:02:05 PIT >> INFO : MINION : Failed to set JaCoCo session: org.jacoco.agent.rt.RT
00:02:05 PIT >> INFO : MINION : Failed to dump JaCoCo execution data: org.jacoco.agent.rt.RT
00:02:05 PIT >> INFO : MINION : Failed to set JaCoCo session: org.jacoco.agent.rt.RT
00:02:05 PIT >> INFO : MINION : Failed to dump JaCoCo execution data: org.jacoco.agent.rt.RT
00:02:05 PIT >> INFO : MINION : Failed to set JaCoCo session: org.jacoco.agent.rt.RT
00:02:05 PIT >> INFO : MINION : Failed to dump JaCoCo execution data: org.jacoco.agent.rt.RT
00:02:05 PIT >> INFO : MINION : Failed to set JaCoCo session: org.jacoco.agent.rt.RT
00:02:05 PIT >> INFO : MINION : Failed to dump JaCoCo execution data: org.jacoco.agent.rt.RT
00:02:05 PIT >> INFO : MINION : Failed to set JaCoCo session: org.jacoco.agent.rt.RT
00:02:05 PIT >> INFO : MINION : Failed to dump JaCoCo execution data: org.jacoco.agent.rt.RT
00:02:05 PIT >> INFO : MINION : Failed to set JaCoCo session: org.jacoco.agent.rt.RT
00:02:05 PIT >> INFO : MINION : Failed to dump JaCoCo execution data: org.jacoco.agent.rt.RT
00:02:05 PIT >> INFO : MINION : Failed to set JaCoCo session: org.jacoco.agent.rt.RT
00:02:05 PIT >> INFO : MINION : Failed to dump JaCoCo execution data: org.jacoco.agent.rt.RT
00:02:05 PIT >> INFO : MINION : Failed to set JaCoCo session: org.jacoco.agent.rt.RT
00:02:05 PIT >> INFO : MINION : Failed to dump JaCoCo execution data: org.jacoco.agent.rt.RT
00:02:05 PIT >> INFO : MINION : Failed to set JaCoCo session: org.jacoco.agent.rt.RT
00:02:05 PIT >> INFO : MINION : Failed to dump JaCoCo execution data: org.jacoco.agent.rt.RT
00:02:05 PIT >> INFO : MINION : Failed to set JaCoCo session: org.jacoco.agent.rt.RT
00:02:05 PIT >> INFO : MINION : Failed to dump JaCoCo execution data: org.jacoco.agent.rt.RT
00:02:05 PIT >> INFO : MINION : Failed to set JaCoCo session: org.jacoco.agent.rt.RT
00:02:05 PIT >> INFO : MINION : Failed to dump JaCoCo execution data: org.jacoco.agent.rt.RT
00:02:05 PIT >> INFO : MINION : Failed to set JaCoCo session: org.jacoco.agent.rt.RT
00:02:05 PIT >> INFO : MINION : Failed to dump JaCoCo execution data: org.jacoco.agent.rt.RT
00:02:05 PIT >> INFO : MINION : Failed to set JaCoCo session: org.jacoco.agent.rt.RT
00:02:05 PIT >> INFO : MINION : Failed to dump JaCoCo execution data: org.jacoco.agent.rt.RT
00:02:05 PIT >> INFO : MINION : Failed to set JaCoCo session: org.jacoco.agent.rt.RT
00:02:05 PIT >> INFO : MINION : Failed to dump JaCoCo execution data: org.jacoco.agent.rt.RT
00:02:05 PIT >> INFO : MINION : Failed to set JaCoCo session: org.jacoco.agent.rt.RT
00:02:05 PIT >> INFO : MINION : Failed to dump JaCoCo execution data: org.jacoco.agent.rt.RT
00:02:05 PIT >> INFO : MINION : Failed to set JaCoCo session: org.jacoco.agent.rt.RT
00:02:05 PIT >> INFO : MINION : Failed to dump JaCoCo execution data: org.jacoco.agent.rt.RT
00:02:05 PIT >> INFO : MINION : Failed to set JaCoCo session: org.jacoco.agent.rt.RT
00:02:05 PIT >> INFO : MINION : Failed to dump JaCoCo execution data: org.jacoco.agent.rt.RT
00:02:05 PIT >> INFO : MINION : Failed to set JaCoCo session: org.jacoco.agent.rt.RT
00:02:05 PIT >> INFO : MINION : Failed to dump JaCoCo execution data: org.jacoco.agent.rt.RT
00:02:05 PIT >> INFO : MINION : Failed to set JaCoCo session: org.jacoco.agent.rt.RT
00:02:05 PIT >> INFO : MINION : Failed to dump JaCoCo execution data: org.jacoco.agent.rt.RT
00:02:05 PIT >> INFO : MINION : Failed to set JaCoCo session: org.jacoco.agent.rt.RT
00:02:05 PIT >> INFO : MINION : Failed to dump JaCoCo execution data: org.jacoco.agent.rt.RT
00:02:05 PIT >> INFO : MINION : Failed to set JaCoCo session: org.jacoco.agent.rt.RT
00:02:05 PIT >> INFO : MINION : Failed to dump JaCoCo execution data: org.jacoco.agent.rt.RT
00:02:05 PIT >> INFO : MINION : Failed to set JaCoCo session: org.jacoco.agent.rt.RT
00:02:05 PIT >> INFO : MINION : Failed to dump JaCoCo execution data: org.jacoco.agent.rt.RT
00:02:05 PIT >> INFO : MINION : Failed to set JaCoCo session: org.jacoco.agent.rt.RT
00:02:05 PIT >> INFO : MINION : Failed to dump JaCoCo execution data: org.jacoco.agent.rt.RT
00:02:05 PIT >> INFO : MINION : Failed to set JaCoCo session: org.jacoco.agent.rt.RT
00:02:05 PIT >> INFO : MINION : Failed to dump JaCoCo execution data: org.jacoco.agent.rt.RT
00:02:05 PIT >> INFO : MINION : Failed to set JaCoCo session: org.jacoco.agent.rt.RT
00:02:05 PIT >> INFO : MINION : Failed to dump JaCoCo execution data: org.jacoco.agent.rt.RT
00:02:05 PIT >> INFO : MINION : Failed to set JaCoCo session: org.jacoco.agent.rt.RT
00:02:05 PIT >> INFO : MINION : Failed to dump JaCoCo execution data: org.jacoco.agent.rt.RT
00:02:05 PIT >> INFO : MINION : Failed to set JaCoCo session: org.jacoco.agent.rt.RT
00:02:05 PIT >> INFO : MINION : Failed to dump JaCoCo execution data: org.jacoco.agent.rt.RT
00:02:05 PIT >> INFO : MINION : Failed to set JaCoCo session: org.jacoco.agent.rt.RT
00:02:05 PIT >> INFO : MINION : Failed to dump JaCoCo execution data: org.jacoco.agent.rt.RT
00:02:05 PIT >> INFO : MINION : Failed to set JaCoCo session: org.jacoco.agent.rt.RT
00:02:05 PIT >> INFO : MINION : Failed to dump JaCoCo execution data: org.jacoco.agent.rt.RT
00:02:05 PIT >> INFO : MINION : Failed to set JaCoCo session: org.jacoco.agent.rt.RT
00:02:05 PIT >> INFO : MINION : Failed to dump JaCoCo execution data: org.jacoco.agent.rt.RT
00:02:05 PIT >> INFO : MINION : Failed to set JaCoCo session: org.jacoco.agent.rt.RT
00:02:05 PIT >> INFO : MINION : Failed to dump JaCoCo execution data: org.jacoco.agent.rt.RT
00:02:05 PIT >> INFO : MINION : Failed to set JaCoCo session: org.jacoco.agent.rt.RT
00:02:05 PIT >> INFO : MINION : Failed to dump JaCoCo execution data: org.jacoco.agent.rt.RT
00:02:05 PIT >> INFO : MINION : Failed to set JaCoCo session: org.jacoco.agent.rt.RT
00:02:05 PIT >> INFO : MINION : Failed to dump JaCoCo execution data: org.jacoco.agent.rt.RT
00:02:05 PIT >> INFO : MINION : Failed to set JaCoCo session: org.jacoco.agent.rt.RT
00:02:05 PIT >> INFO : MINION : Failed to dump JaCoCo execution data: org.jacoco.agent.rt.RT
00:02:05 PIT >> INFO : MINION : Failed to set JaCoCo session: org.jacoco.agent.rt.RT
00:02:05 PIT >> INFO : MINION : Failed to dump JaCoCo execution data: org.jacoco.agent.rt.RT
00:02:05 PIT >> INFO : MINION : Failed to set JaCoCo session: org.jacoco.agent.rt.RT
00:02:05 PIT >> INFO : MINION : Failed to dump JaCoCo execution data: org.jacoco.agent.rt.RT
00:02:05 PIT >> INFO : MINION : Failed to set JaCoCo session: org.jacoco.agent.rt.RT
00:02:05 PIT >> INFO : MINION : Failed to dump JaCoCo execution data: org.jacoco.agent.rt.RT
00:02:05 PIT >> INFO : MINION : Failed to set JaCoCo session: org.jacoco.agent.rt.RT
00:02:05 PIT >> INFO : MINION : Failed to dump JaCoCo execution data: org.jacoco.agent.rt.RT
00:02:05 PIT >> INFO : MINION : Failed to set JaCoCo session: org.jacoco.agent.rt.RT
00:02:05 PIT >> INFO : MINION : Failed to dump JaCoCo execution data: org.jacoco.agent.rt.RT
00:02:05 PIT >> INFO : MINION : Failed to set JaCoCo session: org.jacoco.agent.rt.RT
00:02:05 PIT >> INFO : MINION : Failed to dump JaCoCo execution data: org.jacoco.agent.rt.RT
00:02:05 PIT >> INFO : MINION : Failed to set JaCoCo session: org.jacoco.agent.rt.RT
00:02:05 PIT >> INFO : MINION : Failed to dump JaCoCo execution data: org.jacoco.agent.rt.RT
00:02:05 PIT >> INFO : MINION : Failed to set JaCoCo session: org.jacoco.agent.rt.RT
00:02:05 PIT >> INFO : MINION : Failed to dump JaCoCo execution data: org.jacoco.agent.rt.RT
00:02:05 PIT >> INFO : MINION : Failed to set JaCoCo session: org.jacoco.agent.rt.RT
00:02:05 PIT >> INFO : MINION : Failed to dump JaCoCo execution data: org.jacoco.agent.rt.RT
00:02:05 PIT >> INFO : MINION : Failed to set JaCoCo session: org.jacoco.agent.rt.RT
00:02:05 PIT >> INFO : MINION : Failed to dump JaCoCo execution data: org.jacoco.agent.rt.RT
00:02:05 PIT >> INFO : MINION : Failed to set JaCoCo session: org.jacoco.agent.rt.RT
00:02:05 PIT >> INFO : MINION : Failed to dump JaCoCo execution data: org.jacoco.agent.rt.RT
00:02:05 PIT >> INFO : MINION : Failed to set JaCoCo session: org.jacoco.agent.rt.RT
00:02:05 PIT >> INFO : MINION : Failed to dump JaCoCo execution data: org.jacoco.agent.rt.RT
00:02:05 PIT >> INFO : MINION : Failed to set JaCoCo session: org.jacoco.agent.rt.RT
00:02:05 PIT >> INFO : MINION : Failed to dump JaCoCo execution data: org.jacoco.agent.rt.RT
00:02:05 PIT >> INFO : MINION : Failed to set JaCoCo session: org.jacoco.agent.rt.RT
00:02:05 PIT >> INFO : MINION : Failed to dump JaCoCo execution data: org.jacoco.agent.rt.RT
00:02:05 PIT >> INFO : MINION : Failed to set JaCoCo session: org.jacoco.agent.rt.RT
00:02:05 PIT >> INFO : MINION : Failed to dump JaCoCo execution data: org.jacoco.agent.rt.RT
00:02:05 PIT >> INFO : MINION : Failed to set JaCoCo session: org.jacoco.agent.rt.RT
00:02:05 PIT >> INFO : MINION : Failed to dump JaCoCo execution data: org.jacoco.agent.rt.RT
00:02:05 PIT >> INFO : MINION : Failed to set JaCoCo session: org.jacoco.agent.rt.RT
00:02:05 PIT >> INFO : MINION : Failed to dump JaCoCo execution data: org.jacoco.agent.rt.RT
00:02:05 PIT >> INFO : MINION : Failed to set JaCoCo session: org.jacoco.agent.rt.RT
00:02:05 PIT >> INFO : MINION : Failed to dump JaCoCo execution data: org.jacoco.agent.rt.RT
00:02:05 PIT >> INFO : MINION : Failed to set JaCoCo session: org.jacoco.agent.rt.RT
00:02:05 PIT >> INFO : MINION : Failed to dump JaCoCo execution data: org.jacoco.agent.rt.RT
00:02:05 PIT >> INFO : MINION : Failed to set JaCoCo session: org.jacoco.agent.rt.RT
00:02:05 PIT >> INFO : MINION : Failed to dump JaCoCo execution data: org.jacoco.agent.rt.RT
00:02:05 PIT >> INFO : MINION : Failed to set JaCoCo session: org.jacoco.agent.rt.RT
00:02:05 PIT >> INFO : MINION : Failed to dump JaCoCo execution data: org.jacoco.agent.rt.RT
00:02:05 PIT >> INFO : MINION : Failed to set JaCoCo session: org.jacoco.agent.rt.RT
00:02:05 PIT >> INFO : MINION : Failed to dump JaCoCo execution data: org.jacoco.agent.rt.RT
00:02:05 PIT >> INFO : MINION : Failed to set JaCoCo session: org.jacoco.agent.rt.RT
00:02:05 PIT >> INFO : MINION : Failed to dump JaCoCo execution data: org.jacoco.agent.rt.RT
00:02:05 PIT >> INFO : MINION : Failed to set JaCoCo session: org.jacoco.agent.rt.RT
00:02:05 PIT >> INFO : MINION : Failed to dump JaCoCo execution data: org.jacoco.agent.rt.RT
00:02:05 PIT >> INFO : MINION : Failed to set JaCoCo session: org.jacoco.agent.rt.RT
00:02:05 PIT >> INFO : MINION : Failed to dump JaCoCo execution data: org.jacoco.agent.rt.RT
00:02:05 PIT >> INFO : MINION : Failed to set JaCoCo session: org.jacoco.agent.rt.RT
00:02:05 PIT >> INFO : MINION : Failed to dump JaCoCo execution data: org.jacoco.agent.rt.RT
00:02:05 PIT >> INFO : MINION : Failed to set JaCoCo session: org.jacoco.agent.rt.RT
00:02:05 PIT >> INFO : MINION : Failed to dump JaCoCo execution data: org.jacoco.agent.rt.RT
00:02:05 PIT >> INFO : MINION : Failed to set JaCoCo session: org.jacoco.agent.rt.RT
00:02:05 PIT >> INFO : MINION : Failed to dump JaCoCo execution data: org.jacoco.agent.rt.RT
00:02:05 PIT >> INFO : MINION : Failed to set JaCoCo session: org.jacoco.agent.rt.RT
00:02:05 PIT >> INFO : MINION : Failed to dump JaCoCo execution data: org.jacoco.agent.rt.RT
00:02:05 PIT >> INFO : MINION : Failed to set JaCoCo session: org.jacoco.agent.rt.RT
00:02:05 PIT >> INFO : MINION : Failed to dump JaCoCo execution data: org.jacoco.agent.rt.RT
00:02:05 PIT >> INFO : MINION : Failed to set JaCoCo session: org.jacoco.agent.rt.RT
00:02:05 PIT >> INFO : MINION : Failed to dump JaCoCo execution data: org.jacoco.agent.rt.RT
00:02:05 PIT >> INFO : MINION : Failed to set JaCoCo session: org.jacoco.agent.rt.RT
00:02:05 PIT >> INFO : MINION : Failed to dump JaCoCo execution data: org.jacoco.agent.rt.RT
00:02:05 PIT >> INFO : MINION : Failed to set JaCoCo session: org.jacoco.agent.rt.RT
00:02:05 PIT >> INFO : MINION : Failed to dump JaCoCo execution data: org.jacoco.agent.rt.RT
00:02:05 PIT >> INFO : MINION : Failed to set JaCoCo session: org.jacoco.agent.rt.RT
00:02:05 PIT >> INFO : MINION : Failed to dump JaCoCo execution data: org.jacoco.agent.rt.RT
00:02:05 PIT >> INFO : MINION : Failed to set JaCoCo session: org.jacoco.agent.rt.RT
00:02:05 PIT >> INFO : MINION : Failed to dump JaCoCo execution data: org.jacoco.agent.rt.RT
00:02:05 PIT >> INFO : MINION : Failed to set JaCoCo session: org.jacoco.agent.rt.RT
00:02:05 PIT >> INFO : MINION : Failed to dump JaCoCo execution data: org.jacoco.agent.rt.RT
00:02:05 PIT >> INFO : MINION : Failed to set JaCoCo session: org.jacoco.agent.rt.RT
00:02:05 PIT >> INFO : MINION : Failed to dump JaCoCo execution data: org.jacoco.agent.rt.RT
00:02:05 PIT >> INFO : MINION : Failed to set JaCoCo session: org.jacoco.agent.rt.RT
00:02:05 PIT >> INFO : MINION : Failed to dump JaCoCo execution data: org.jacoco.agent.rt.RT
00:02:05 PIT >> INFO : MINION : Failed to set JaCoCo session: org.jacoco.agent.rt.RT
00:02:05 PIT >> INFO : MINION : Failed to dump JaCoCo execution data: org.jacoco.agent.rt.RT
00:02:05 PIT >> INFO : MINION : Failed to set JaCoCo session: org.jacoco.agent.rt.RT
00:02:05 PIT >> INFO : MINION : Failed to dump JaCoCo execution data: org.jacoco.agent.rt.RT
00:02:05 PIT >> INFO : MINION : Failed to set JaCoCo session: org.jacoco.agent.rt.RT
00:02:05 PIT >> INFO : MINION : Failed to dump JaCoCo execution data: org.jacoco.agent.rt.RT
00:02:05 PIT >> INFO : MINION : Failed to set JaCoCo session: org.jacoco.agent.rt.RT
00:02:05 PIT >> INFO : MINION : Failed to dump JaCoCo execution data: org.jacoco.agent.rt.RT
00:02:05 PIT >> INFO : MINION : Failed to set JaCoCo session: org.jacoco.agent.rt.RT
00:02:05 PIT >> INFO : MINION : Failed to dump JaCoCo execution data: org.jacoco.agent.rt.RT
00:02:05 PIT >> INFO : MINION : Failed to set JaCoCo session: org.jacoco.agent.rt.RT
00:02:05 PIT >> INFO : MINION : Failed to dump JaCoCo execution data: org.jacoco.agent.rt.RT
00:02:05 PIT >> INFO : MINION : Failed to set JaCoCo session: org.jacoco.agent.rt.RT
00:02:05 PIT >> INFO : MINION : Failed to dump JaCoCo execution data: org.jacoco.agent.rt.RT
00:02:05 PIT >> INFO : MINION : Failed to set JaCoCo session: org.jacoco.agent.rt.RT
00:02:05 PIT >> INFO : MINION : Failed to dump JaCoCo execution data: org.jacoco.agent.rt.RT
00:02:05 PIT >> INFO : MINION : Failed to set JaCoCo session: org.jacoco.agent.rt.RT
00:02:05 PIT >> INFO : MINION : Failed to dump JaCoCo execution data: org.jacoco.agent.rt.RT
00:02:05 PIT >> INFO : MINION : Failed to set JaCoCo session: org.jacoco.agent.rt.RT
00:02:05 PIT >> INFO : MINION : Failed to dump JaCoCo execution data: org.jacoco.agent.rt.RT
00:02:05 PIT >> INFO : MINION : Failed to set JaCoCo session: org.jacoco.agent.rt.RT
00:02:05 PIT >> INFO : MINION : Failed to dump JaCoCo execution data: org.jacoco.agent.rt.RT
00:02:05 PIT >> INFO : MINION : Failed to set JaCoCo session: org.jacoco.agent.rt.RT
00:02:05 PIT >> INFO : MINION : Failed to dump JaCoCo execution data: org.jacoco.agent.rt.RT
00:02:05 PIT >> INFO : MINION : Failed to set JaCoCo session: org.jacoco.agent.rt.RT
00:02:05 PIT >> INFO : MINION : Failed to dump JaCoCo execution data: org.jacoco.agent.rt.RT
00:02:05 PIT >> INFO : MINION : Failed to set JaCoCo session: org.jacoco.agent.rt.RT
00:02:05 PIT >> INFO : MINION : Failed to dump JaCoCo execution data: org.jacoco.agent.rt.RT
00:02:05 PIT >> INFO : MINION : Failed to set JaCoCo session: org.jacoco.agent.rt.RT
00:02:05 PIT >> INFO : MINION : Failed to dump JaCoCo execution data: org.jacoco.agent.rt.RT
00:02:05 PIT >> INFO : MINION : Failed to set JaCoCo session: org.jacoco.agent.rt.RT
00:02:05 PIT >> INFO : MINION : Failed to dump JaCoCo execution data: org.jacoco.agent.rt.RT
00:02:05 PIT >> INFO : MINION : Failed to set JaCoCo session: org.jacoco.agent.rt.RT
00:02:05 PIT >> INFO : MINION : Failed to dump JaCoCo execution data: org.jacoco.agent.rt.RT
00:02:05 PIT >> INFO : MINION : Failed to set JaCoCo session: org.jacoco.agent.rt.RT
00:02:05 PIT >> INFO : MINION : Failed to dump JaCoCo execution data: org.jacoco.agent.rt.RT
00:02:05 PIT >> INFO : MINION : Failed to set JaCoCo session: org.jacoco.agent.rt.RT
00:02:05 PIT >> INFO : MINION : Failed to dump JaCoCo execution data: org.jacoco.agent.rt.RT
00:02:05 PIT >> INFO : MINION : Failed to set JaCoCo session: org.jacoco.agent.rt.RT
00:02:05 PIT >> INFO : MINION : Failed to dump JaCoCo execution data: org.jacoco.agent.rt.RT
00:02:05 PIT >> INFO : MINION : Failed to set JaCoCo session: org.jacoco.agent.rt.RT
00:02:05 PIT >> INFO : MINION : Failed to dump JaCoCo execution data: org.jacoco.agent.rt.RT
00:02:05 PIT >> INFO : MINION : Failed to set JaCoCo session: org.jacoco.agent.rt.RT
00:02:05 PIT >> INFO : MINION : Failed to dump JaCoCo execution data: org.jacoco.agent.rt.RT
00:02:05 PIT >> INFO : MINION : Failed to set JaCoCo session: org.jacoco.agent.rt.RT
00:02:05 PIT >> INFO : MINION : Failed to dump JaCoCo execution data: org.jacoco.agent.rt.RT
00:02:05 PIT >> INFO : MINION : Failed to set JaCoCo session: org.jacoco.agent.rt.RT
00:02:05 PIT >> INFO : MINION : Failed to dump JaCoCo execution data: org.jacoco.agent.rt.RT
00:02:05 PIT >> INFO : MINION : Failed to set JaCoCo session: org.jacoco.agent.rt.RT
00:02:05 PIT >> INFO : MINION : Failed to dump JaCoCo execution data: org.jacoco.agent.rt.RT
00:02:05 PIT >> INFO : MINION : Failed to set JaCoCo session: org.jacoco.agent.rt.RT
00:02:05 PIT >> INFO : MINION : Failed to dump JaCoCo execution data: org.jacoco.agent.rt.RT
00:02:05 PIT >> INFO : MINION : Failed to set JaCoCo session: org.jacoco.agent.rt.RT
00:02:05 PIT >> INFO : MINION : Failed to dump JaCoCo execution data: org.jacoco.agent.rt.RT
00:02:05 PIT >> INFO : MINION : Failed to set JaCoCo session: org.jacoco.agent.rt.RT
00:02:05 PIT >> INFO : MINION : Failed to dump JaCoCo execution data: org.jacoco.agent.rt.RT
00:02:05 PIT >> INFO : MINION : Failed to set JaCoCo session: org.jacoco.agent.rt.RT
00:02:05 PIT >> INFO : MINION : Failed to dump JaCoCo execution data: org.jacoco.agent.rt.RT
00:02:05 PIT >> INFO : MINION : Failed to set JaCoCo session: org.jacoco.agent.rt.RT
00:02:05 PIT >> INFO : MINION : Failed to dump JaCoCo execution data: org.jacoco.agent.rt.RT
00:02:05 PIT >> INFO : MINION : Failed to set JaCoCo session: org.jacoco.agent.rt.RT
00:02:05 PIT >> INFO : MINION : Failed to dump JaCoCo execution data: org.jacoco.agent.rt.RT
00:02:05 PIT >> INFO : MINION : Failed to set JaCoCo session: org.jacoco.agent.rt.RT
00:02:05 PIT >> INFO : MINION : Failed to dump JaCoCo execution data: org.jacoco.agent.rt.RT
00:02:05 PIT >> INFO : MINION : Failed to set JaCoCo session: org.jacoco.agent.rt.RT
00:02:05 PIT >> INFO : MINION : Failed to dump JaCoCo execution data: org.jacoco.agent.rt.RT
00:02:05 PIT >> INFO : MINION : Failed to set JaCoCo session: org.jacoco.agent.rt.RT
00:02:05 PIT >> INFO : MINION : Failed to dump JaCoCo execution data: org.jacoco.agent.rt.RT
00:02:05 PIT >> INFO : MINION : Failed to set JaCoCo session: org.jacoco.agent.rt.RT
00:02:05 PIT >> INFO : MINION : Failed to dump JaCoCo execution data: org.jacoco.agent.rt.RT
00:02:05 PIT >> INFO : MINION : Failed to set JaCoCo session: org.jacoco.agent.rt.RT
00:02:05 PIT >> INFO : MINION : Failed to dump JaCoCo execution data: org.jacoco.agent.rt.RT
00:02:05 PIT >> INFO : MINION : Failed to set JaCoCo session: org.jacoco.agent.rt.RT
00:02:05 PIT >> INFO : MINION : Failed to dump JaCoCo execution data: org.jacoco.agent.rt.RT
00:02:05 PIT >> INFO : MINION : Failed to set JaCoCo session: org.jacoco.agent.rt.RT
00:02:05 PIT >> INFO : MINION : Failed to dump JaCoCo execution data: org.jacoco.agent.rt.RT
00:02:05 PIT >> INFO : MINION : Failed to set JaCoCo session: org.jacoco.agent.rt.RT
00:02:05 PIT >> INFO : MINION : Failed to dump JaCoCo execution data: org.jacoco.agent.rt.RT
00:02:05 PIT >> INFO : MINION : Failed to set JaCoCo session: org.jacoco.agent.rt.RT
00:02:05 PIT >> INFO : MINION : Failed to dump JaCoCo execution data: org.jacoco.agent.rt.RT
00:02:05 PIT >> INFO : MINION : Failed to set JaCoCo session: org.jacoco.agent.rt.RT
00:02:05 PIT >> INFO : MINION : Failed to dump JaCoCo execution data: org.jacoco.agent.rt.RT
00:02:05 PIT >> INFO : MINION : Failed to set JaCoCo session: org.jacoco.agent.rt.RT
00:02:05 PIT >> INFO : MINION : Failed to dump JaCoCo execution data: org.jacoco.agent.rt.RT
00:02:05 PIT >> INFO : MINION : Failed to set JaCoCo session: org.jacoco.agent.rt.RT
00:02:05 PIT >> INFO : MINION : Failed to dump JaCoCo execution data: org.jacoco.agent.rt.RT
00:02:05 PIT >> INFO : MINION : Failed to set JaCoCo session: org.jacoco.agent.rt.RT
00:02:05 PIT >> INFO : MINION : Failed to dump JaCoCo execution data: org.jacoco.agent.rt.RT
00:02:05 PIT >> INFO : MINION : Failed to set JaCoCo session: org.jacoco.agent.rt.RT
00:02:05 PIT >> INFO : MINION : Failed to dump JaCoCo execution data: org.jacoco.agent.rt.RT
00:02:05 PIT >> INFO : MINION : Failed to set JaCoCo session: org.jacoco.agent.rt.RT
00:02:05 PIT >> INFO : MINION : Failed to dump JaCoCo execution data: org.jacoco.agent.rt.RT
00:02:05 PIT >> INFO : MINION : Failed to set JaCoCo session: org.jacoco.agent.rt.RT
00:02:05 PIT >> INFO : MINION : Failed to dump JaCoCo execution data: org.jacoco.agent.rt.RT
00:02:05 PIT >> INFO : MINION : Failed to set JaCoCo session: org.jacoco.agent.rt.RT
00:02:05 PIT >> INFO : MINION : Failed to dump JaCoCo execution data: org.jacoco.agent.rt.RT
00:02:05 PIT >> INFO : MINION : Failed to set JaCoCo session: org.jacoco.agent.rt.RT
00:02:05 PIT >> INFO : MINION : Failed to dump JaCoCo execution data: org.jacoco.agent.rt.RT
00:02:05 PIT >> INFO : MINION : Failed to set JaCoCo session: org.jacoco.agent.rt.RT
00:02:05 PIT >> INFO : MINION : Failed to dump JaCoCo execution data: org.jacoco.agent.rt.RT
00:02:05 PIT >> INFO : MINION : Failed to set JaCoCo session: org.jacoco.agent.rt.RT
00:02:05 PIT >> INFO : MINION : Failed to dump JaCoCo execution data: org.jacoco.agent.rt.RT
00:02:05 PIT >> INFO : MINION : Failed to set JaCoCo session: org.jacoco.agent.rt.RT
00:02:05 PIT >> INFO : MINION : Failed to dump JaCoCo execution data: org.jacoco.agent.rt.RT
00:02:05 PIT >> INFO : MINION : Failed to set JaCoCo session: org.jacoco.agent.rt.RT
00:02:05 PIT >> INFO : MINION : Failed to dump JaCoCo execution data: org.jacoco.agent.rt.RT
00:02:05 PIT >> INFO : MINION : Failed to set JaCoCo session: org.jacoco.agent.rt.RT
00:02:05 PIT >> INFO : MINION : Failed to dump JaCoCo execution data: org.jacoco.agent.rt.RT
00:02:05 PIT >> INFO : MINION : Failed to set JaCoCo session: org.jacoco.agent.rt.RT
00:02:05 PIT >> INFO : MINION : Failed to dump JaCoCo execution data: org.jacoco.agent.rt.RT
00:02:05 PIT >> INFO : MINION : Failed to set JaCoCo session: org.jacoco.agent.rt.RT
00:02:05 PIT >> INFO : MINION : Failed to dump JaCoCo execution data: org.jacoco.agent.rt.RT
00:02:05 PIT >> INFO : MINION : Failed to set JaCoCo session: org.jacoco.agent.rt.RT
00:02:05 PIT >> INFO : MINION : Failed to dump JaCoCo execution data: org.jacoco.agent.rt.RT
00:02:05 PIT >> INFO : MINION : Failed to set JaCoCo session: org.jacoco.agent.rt.RT
00:02:05 PIT >> INFO : MINION : Failed to dump JaCoCo execution data: org.jacoco.agent.rt.RT
00:02:05 PIT >> INFO : MINION : Failed to set JaCoCo session: org.jacoco.agent.rt.RT
00:02:05 PIT >> INFO : MINION : Failed to dump JaCoCo execution data: org.jacoco.agent.rt.RT
00:02:06 PIT >> INFO : MINION : Failed to set JaCoCo session: org.jacoco.agent.rt.RT
00:02:06 PIT >> INFO : MINION : Failed to dump JaCoCo execution data: org.jacoco.agent.rt.RT
00:02:06 PIT >> INFO : MINION : Failed to set JaCoCo session: org.jacoco.agent.rt.RT
00:02:06 PIT >> INFO : MINION : Failed to dump JaCoCo execution data: org.jacoco.agent.rt.RT
00:02:06 PIT >> INFO : MINION : Failed to set JaCoCo session: org.jacoco.agent.rt.RT
00:02:06 PIT >> INFO : MINION : Failed to dump JaCoCo execution data: org.jacoco.agent.rt.RT
00:02:06 PIT >> INFO : MINION : Failed to set JaCoCo session: org.jacoco.agent.rt.RT
00:02:06 PIT >> INFO : MINION : Failed to dump JaCoCo execution data: org.jacoco.agent.rt.RT
00:02:06 PIT >> INFO : MINION : Failed to set JaCoCo session: org.jacoco.agent.rt.RT
00:02:06 PIT >> INFO : MINION : Failed to dump JaCoCo execution data: org.jacoco.agent.rt.RT
00:02:06 PIT >> INFO : MINION : Failed to set JaCoCo session: org.jacoco.agent.rt.RT
00:02:06 PIT >> INFO : MINION : Failed to dump JaCoCo execution data: org.jacoco.agent.rt.RT
00:02:06 PIT >> INFO : MINION : Failed to set JaCoCo session: org.jacoco.agent.rt.RT
00:02:06 PIT >> INFO : MINION : Failed to dump JaCoCo execution data: org.jacoco.agent.rt.RT
00:02:06 PIT >> INFO : MINION : Failed to set JaCoCo session: org.jacoco.agent.rt.RT
00:02:06 PIT >> INFO : MINION : Failed to dump JaCoCo execution data: org.jacoco.agent.rt.RT
00:02:06 PIT >> INFO : MINION : Failed to set JaCoCo session: org.jacoco.agent.rt.RT
00:02:06 PIT >> INFO : MINION : Failed to dump JaCoCo execution data: org.jacoco.agent.rt.RT
00:02:06 PIT >> INFO : MINION : Failed to set JaCoCo session: org.jacoco.agent.rt.RT
00:02:06 PIT >> INFO : MINION : Failed to dump JaCoCo execution data: org.jacoco.agent.rt.RT
00:02:06 PIT >> INFO : MINION : Failed to set JaCoCo session: org.jacoco.agent.rt.RT
00:02:06 PIT >> INFO : MINION : Failed to dump JaCoCo execution data: org.jacoco.agent.rt.RT
00:02:06 PIT >> INFO : MINION : Failed to set JaCoCo session: org.jacoco.agent.rt.RT
00:02:06 PIT >> INFO : MINION : Failed to dump JaCoCo execution data: org.jacoco.agent.rt.RT
00:02:06 PIT >> INFO : MINION : Failed to set JaCoCo session: org.jacoco.agent.rt.RT
00:02:06 PIT >> INFO : MINION : Failed to dump JaCoCo execution data: org.jacoco.agent.rt.RT
00:02:06 PIT >> INFO : MINION : Failed to set JaCoCo session: org.jacoco.agent.rt.RT
00:02:06 PIT >> INFO : MINION : Failed to dump JaCoCo execution data: org.jacoco.agent.rt.RT
00:02:06 PIT >> INFO : MINION : Failed to set JaCoCo session: org.jacoco.agent.rt.RT
00:02:06 PIT >> INFO : MINION : Failed to dump JaCoCo execution data: org.jacoco.agent.rt.RT
00:02:06 PIT >> INFO : MINION : Failed to set JaCoCo session: org.jacoco.agent.rt.RT
00:02:06 PIT >> INFO : MINION : Failed to dump JaCoCo execution data: org.jacoco.agent.rt.RT
00:02:06 PIT >> INFO : MINION : Failed to set JaCoCo session: org.jacoco.agent.rt.RT
00:02:06 PIT >> INFO : MINION : Failed to dump JaCoCo execution data: org.jacoco.agent.rt.RT
00:02:06 PIT >> INFO : MINION : Failed to set JaCoCo session: org.jacoco.agent.rt.RT
00:02:06 PIT >> INFO : MINION : Failed to dump JaCoCo execution data: org.jacoco.agent.rt.RT
00:02:06 PIT >> INFO : MINION : Failed to set JaCoCo session: org.jacoco.agent.rt.RT
00:02:06 PIT >> INFO : MINION : Failed to dump JaCoCo execution data: org.jacoco.agent.rt.RT
00:02:06 PIT >> INFO : MINION : Failed to set JaCoCo session: org.jacoco.agent.rt.RT
00:02:06 PIT >> INFO : MINION : Failed to dump JaCoCo execution data: org.jacoco.agent.rt.RT
00:02:06 PIT >> INFO : MINION : Failed to set JaCoCo session: org.jacoco.agent.rt.RT
00:02:06 PIT >> INFO : MINION : Failed to dump JaCoCo execution data: org.jacoco.agent.rt.RT
00:02:06 PIT >> INFO : MINION : Failed to set JaCoCo session: org.jacoco.agent.rt.RT
00:02:06 PIT >> INFO : MINION : Failed to dump JaCoCo execution data: org.jacoco.agent.rt.RT
00:02:06 PIT >> INFO : MINION : Failed to set JaCoCo session: org.jacoco.agent.rt.RT
00:02:06 PIT >> INFO : MINION : Failed to dump JaCoCo execution data: org.jacoco.agent.rt.RT
00:02:06 PIT >> INFO : MINION : Failed to set JaCoCo session: org.jacoco.agent.rt.RT
00:02:06 PIT >> INFO : MINION : Failed to dump JaCoCo execution data: org.jacoco.agent.rt.RT
00:02:06 PIT >> INFO : MINION : Failed to set JaCoCo session: org.jacoco.agent.rt.RT
00:02:06 PIT >> INFO : MINION : Failed to dump JaCoCo execution data: org.jacoco.agent.rt.RT
00:02:06 PIT >> INFO : MINION : Failed to set JaCoCo session: org.jacoco.agent.rt.RT
00:02:06 PIT >> INFO : MINION : Failed to dump JaCoCo execution data: org.jacoco.agent.rt.RT
00:02:06 PIT >> INFO : MINION : Failed to set JaCoCo session: org.jacoco.agent.rt.RT
00:02:06 PIT >> INFO : MINION : Failed to dump JaCoCo execution data: org.jacoco.agent.rt.RT
00:02:06 PIT >> INFO : MINION : Failed to set JaCoCo session: org.jacoco.agent.rt.RT
00:02:06 PIT >> INFO : MINION : Failed to dump JaCoCo execution data: org.jacoco.agent.rt.RT
00:02:06 PIT >> INFO : MINION : Failed to set JaCoCo session: org.jacoco.agent.rt.RT
00:02:06 PIT >> INFO : MINION : Failed to dump JaCoCo execution data: org.jacoco.agent.rt.RT
00:02:06 PIT >> INFO : MINION : Failed to set JaCoCo session: org.jacoco.agent.rt.RT
00:02:06 PIT >> INFO : MINION : Failed to dump JaCoCo execution data: org.jacoco.agent.rt.RT
00:02:06 PIT >> INFO : MINION : Failed to set JaCoCo session: org.jacoco.agent.rt.RT
00:02:06 PIT >> INFO : MINION : Failed to dump JaCoCo execution data: org.jacoco.agent.rt.RT
00:02:06 PIT >> INFO : MINION : Failed to set JaCoCo session: org.jacoco.agent.rt.RT
00:02:06 PIT >> INFO : MINION : Failed to dump JaCoCo execution data: org.jacoco.agent.rt.RT
00:02:06 PIT >> INFO : MINION : Failed to set JaCoCo session: org.jacoco.agent.rt.RT
00:02:06 PIT >> SEVERE : Description [testClass=org.springframework.core.io.support.PathMatchingResourcePatternResolverTests, name=[engine:junit-jupiter]/[class:org.springframework.core.io.support.PathMatchingResourcePatternResolverTests]/[nested-class:FileSystemResources]/[method:encodedHashtagInPath()]] did not pass without mutation.
00:02:06 PIT >> INFO : MINION : Failed to dump JaCoCo execution data: org.jacoco.agent.rt.RT
00:02:06 PIT >> INFO : MINION : Failed to set JaCoCo session: org.jacoco.agent.rt.RT
00:02:06 PIT >> INFO : MINION : Failed to dump JaCoCo execution data: org.jacoco.agent.rt.RT
00:02:06 PIT >> INFO : MINION : Failed to set JaCoCo session: org.jacoco.agent.rt.RT
00:02:06 PIT >> INFO : MINION : Failed to dump JaCoCo execution data: org.jacoco.agent.rt.RT
00:02:06 PIT >> INFO : MINION : Failed to set JaCoCo session: org.jacoco.agent.rt.RT
00:02:06 PIT >> INFO : MINION : Failed to dump JaCoCo execution data: org.jacoco.agent.rt.RT
00:02:06 PIT >> INFO : MINION : Failed to set JaCoCo session: org.jacoco.agent.rt.RT
00:02:06 PIT >> INFO : MINION : Failed to dump JaCoCo execution data: org.jacoco.agent.rt.RT
00:02:06 PIT >> SEVERE : Description [testClass=org.springframework.core.io.support.PathMatchingResourcePatternResolverTests, name=[engine:junit-jupiter]/[class:org.springframework.core.io.support.PathMatchingResourcePatternResolverTests]/[nested-class:FileSystemResources]/[nested-class:WithHashtagsInTheirFilenames]/[method:usingClasspathStarProtocolWithWildcardInPatternAndEndingInSlash()]] did not pass without mutation.
00:02:06 PIT >> INFO : MINION : Failed to set JaCoCo session: org.jacoco.agent.rt.RT
00:02:06 PIT >> SEVERE : Description [testClass=org.springframework.core.io.support.PathMatchingResourcePatternResolverTests, name=[engine:junit-jupiter]/[class:org.springframework.core.io.support.PathMatchingResourcePatternResolverTests]/[nested-class:FileSystemResources]/[nested-class:WithHashtagsInTheirFilenames]/[method:usingFileProtocolWithWildcardInPatternAndNotEndingInSlash()]] did not pass without mutation.
00:02:06 PIT >> INFO : MINION : Failed to dump JaCoCo execution data: org.jacoco.agent.rt.RT
00:02:06 PIT >> INFO : MINION : Failed to set JaCoCo session: org.jacoco.agent.rt.RT
00:02:06 PIT >> INFO : MINION : Failed to dump JaCoCo execution data: org.jacoco.agent.rt.RT
00:02:06 PIT >> INFO : MINION : Failed to set JaCoCo session: org.jacoco.agent.rt.RT
00:02:06 PIT >> INFO : MINION : Failed to dump JaCoCo execution data: org.jacoco.agent.rt.RT
00:02:06 PIT >> INFO : MINION : Failed to set JaCoCo session: org.jacoco.agent.rt.RT
00:02:06 PIT >> INFO : MINION : Failed to dump JaCoCo execution data: org.jacoco.agent.rt.RT
00:02:06 PIT >> INFO : MINION : Failed to set JaCoCo session: org.jacoco.agent.rt.RT
00:02:06 PIT >> INFO : MINION : Failed to dump JaCoCo execution data: org.jacoco.agent.rt.RT
00:02:06 PIT >> SEVERE : Description [testClass=org.springframework.core.io.support.PathMatchingResourcePatternResolverTests, name=[engine:junit-jupiter]/[class:org.springframework.core.io.support.PathMatchingResourcePatternResolverTests]/[nested-class:FileSystemResources]/[nested-class:WithHashtagsInTheirFilenames]/[method:usingFileProtocolWithWildcardInPatternAndEndingInSlashStarStar()]] did not pass without mutation.
00:02:06 PIT >> SEVERE : Description [testClass=org.springframework.core.io.support.PathMatchingResourcePatternResolverTests, name=[engine:junit-jupiter]/[class:org.springframework.core.io.support.PathMatchingResourcePatternResolverTests]/[nested-class:FileSystemResources]/[nested-class:WithHashtagsInTheirFilenames]/[method:usingFileProtocolWithoutWildcardInPatternAndEndingInSlashStarStar()]] did not pass without mutation.
00:02:06 PIT >> SEVERE : Description [testClass=org.springframework.core.io.support.PathMatchingResourcePatternResolverTests, name=[engine:junit-jupiter]/[class:org.springframework.core.io.support.PathMatchingResourcePatternResolverTests]/[nested-class:FileSystemResources]/[nested-class:WithHashtagsInTheirFilenames]/[method:usingFileProtocolAndAssertingUrlAndUriSyntax()]] did not pass without mutation.
00:02:06 PIT >> INFO : MINION : Failed to set JaCoCo session: org.jacoco.agent.rt.RT
00:02:06 PIT >> INFO : MINION : Failed to dump JaCoCo execution data: org.jacoco.agent.rt.RT
00:02:06 PIT >> INFO : MINION : Failed to set JaCoCo session: org.jacoco.agent.rt.RT
00:02:06 PIT >> INFO : MINION : Failed to dump JaCoCo execution data: org.jacoco.agent.rt.RT
00:02:06 PIT >> INFO : MINION : Failed to set JaCoCo session: org.jacoco.agent.rt.RT
00:02:06 PIT >> INFO : MINION : Failed to dump JaCoCo execution data: org.jacoco.agent.rt.RT
00:02:06 PIT >> INFO : MINION : Failed to set JaCoCo session: org.jacoco.agent.rt.RT
00:02:06 PIT >> INFO : MINION : Failed to dump JaCoCo execution data: org.jacoco.agent.rt.RT
00:02:06 PIT >> INFO : MINION : Failed to set JaCoCo session: org.jacoco.agent.rt.RT
00:02:06 PIT >> INFO : MINION : Failed to dump JaCoCo execution data: org.jacoco.agent.rt.RT
00:02:06 PIT >> INFO : MINION : Failed to set JaCoCo session: org.jacoco.agent.rt.RT
00:02:06 PIT >> INFO : MINION : Failed to dump JaCoCo execution data: org.jacoco.agent.rt.RT
00:02:06 PIT >> INFO : MINION : Failed to set JaCoCo session: org.jacoco.agent.rt.RT
00:02:06 PIT >> INFO : MINION : Failed to dump JaCoCo execution data: org.jacoco.agent.rt.RT
00:02:06 PIT >> INFO : MINION : Failed to set JaCoCo session: org.jacoco.agent.rt.RT
00:02:06 PIT >> INFO : MINION : Failed to dump JaCoCo execution data: org.jacoco.agent.rt.RT
00:02:06 PIT >> INFO : MINION : Failed to set JaCoCo session: org.jacoco.agent.rt.RT
00:02:06 PIT >> INFO : MINION : Failed to dump JaCoCo execution data: org.jacoco.agent.rt.RT
00:02:06 PIT >> INFO : MINION : Failed to set JaCoCo session: org.jacoco.agent.rt.RT
00:02:06 PIT >> INFO : MINION : Failed to dump JaCoCo execution data: org.jacoco.agent.rt.RT
00:02:06 PIT >> INFO : MINION : Failed to set JaCoCo session: org.jacoco.agent.rt.RT
00:02:06 PIT >> INFO : MINION : Failed to dump JaCoCo execution data: org.jacoco.agent.rt.RT
00:02:06 PIT >> INFO : MINION : Failed to set JaCoCo session: org.jacoco.agent.rt.RT
00:02:06 PIT >> INFO : MINION : Failed to dump JaCoCo execution data: org.jacoco.agent.rt.RT
00:02:06 PIT >> INFO : MINION : Failed to set JaCoCo session: org.jacoco.agent.rt.RT
00:02:06 PIT >> INFO : MINION : Failed to dump JaCoCo execution data: org.jacoco.agent.rt.RT
00:02:06 PIT >> INFO : MINION : Failed to set JaCoCo session: org.jacoco.agent.rt.RT
00:02:06 PIT >> INFO : MINION : Failed to dump JaCoCo execution data: org.jacoco.agent.rt.RT
00:02:06 PIT >> INFO : MINION : Failed to set JaCoCo session: org.jacoco.agent.rt.RT
00:02:06 PIT >> INFO : MINION : Failed to dump JaCoCo execution data: org.jacoco.agent.rt.RT
00:02:06 PIT >> INFO : MINION : Failed to set JaCoCo session: org.jacoco.agent.rt.RT
00:02:06 PIT >> INFO : MINION : Failed to dump JaCoCo execution data: org.jacoco.agent.rt.RT
00:02:06 PIT >> INFO : MINION : Failed to set JaCoCo session: org.jacoco.agent.rt.RT
00:02:06 PIT >> INFO : MINION : Failed to dump JaCoCo execution data: org.jacoco.agent.rt.RT
00:02:06 PIT >> INFO : MINION : Failed to set JaCoCo session: org.jacoco.agent.rt.RT
00:02:06 PIT >> INFO : MINION : Failed to dump JaCoCo execution data: org.jacoco.agent.rt.RT
00:02:06 PIT >> INFO : MINION : Failed to set JaCoCo session: org.jacoco.agent.rt.RT
00:02:06 PIT >> INFO : MINION : Failed to dump JaCoCo execution data: org.jacoco.agent.rt.RT
00:02:06 PIT >> INFO : MINION : Failed to set JaCoCo session: org.jacoco.agent.rt.RT
00:02:06 PIT >> INFO : MINION : Failed to dump JaCoCo execution data: org.jacoco.agent.rt.RT
00:02:06 PIT >> INFO : MINION : Failed to set JaCoCo session: org.jacoco.agent.rt.RT
00:02:06 PIT >> INFO : MINION : Failed to dump JaCoCo execution data: org.jacoco.agent.rt.RT
00:02:06 PIT >> INFO : MINION : Failed to set JaCoCo session: org.jacoco.agent.rt.RT
00:02:06 PIT >> INFO : MINION : Failed to dump JaCoCo execution data: org.jacoco.agent.rt.RT
00:02:06 PIT >> INFO : MINION : Failed to set JaCoCo session: org.jacoco.agent.rt.RT
00:02:06 PIT >> INFO : MINION : Failed to dump JaCoCo execution data: org.jacoco.agent.rt.RT
00:02:06 PIT >> INFO : MINION : Failed to set JaCoCo session: org.jacoco.agent.rt.RT
00:02:06 PIT >> INFO : MINION : Failed to dump JaCoCo execution data: org.jacoco.agent.rt.RT
00:02:06 PIT >> INFO : MINION : Failed to set JaCoCo session: org.jacoco.agent.rt.RT
00:02:06 PIT >> INFO : MINION : Failed to dump JaCoCo execution data: org.jacoco.agent.rt.RT
00:02:06 PIT >> INFO : MINION : Failed to set JaCoCo session: org.jacoco.agent.rt.RT
00:02:06 PIT >> INFO : MINION : Failed to dump JaCoCo execution data: org.jacoco.agent.rt.RT
00:02:06 PIT >> INFO : MINION : Failed to set JaCoCo session: org.jacoco.agent.rt.RT
00:02:06 PIT >> INFO : MINION : Failed to dump JaCoCo execution data: org.jacoco.agent.rt.RT
00:02:06 PIT >> INFO : MINION : Failed to set JaCoCo session: org.jacoco.agent.rt.RT
00:02:06 PIT >> INFO : MINION : Failed to dump JaCoCo execution data: org.jacoco.agent.rt.RT
00:02:06 PIT >> INFO : MINION : Failed to set JaCoCo session: org.jacoco.agent.rt.RT
00:02:06 PIT >> INFO : MINION : Failed to dump JaCoCo execution data: org.jacoco.agent.rt.RT
00:02:06 PIT >> INFO : MINION : Failed to set JaCoCo session: org.jacoco.agent.rt.RT
00:02:06 PIT >> INFO : MINION : Failed to dump JaCoCo execution data: org.jacoco.agent.rt.RT
00:02:06 PIT >> INFO : MINION : Failed to set JaCoCo session: org.jacoco.agent.rt.RT
00:02:06 PIT >> INFO : MINION : Failed to dump JaCoCo execution data: org.jacoco.agent.rt.RT
00:02:06 PIT >> INFO : MINION : Failed to set JaCoCo session: org.jacoco.agent.rt.RT
00:02:06 PIT >> INFO : MINION : Failed to dump JaCoCo execution data: org.jacoco.agent.rt.RT
00:02:06 PIT >> INFO : MINION : Failed to set JaCoCo session: org.jacoco.agent.rt.RT
00:02:06 PIT >> INFO : MINION : Failed to dump JaCoCo execution data: org.jacoco.agent.rt.RT
00:02:06 PIT >> INFO : MINION : Failed to set JaCoCo session: org.jacoco.agent.rt.RT
00:02:06 PIT >> INFO : MINION : Failed to dump JaCoCo execution data: org.jacoco.agent.rt.RT
00:02:06 PIT >> INFO : MINION : Failed to set JaCoCo session: org.jacoco.agent.rt.RT
00:02:06 PIT >> INFO : MINION : Failed to dump JaCoCo execution data: org.jacoco.agent.rt.RT
00:02:06 PIT >> INFO : MINION : Failed to set JaCoCo session: org.jacoco.agent.rt.RT
00:02:06 PIT >> INFO : MINION : Failed to dump JaCoCo execution data: org.jacoco.agent.rt.RT
00:02:06 PIT >> INFO : MINION : Failed to set JaCoCo session: org.jacoco.agent.rt.RT
00:02:06 PIT >> INFO : MINION : Failed to dump JaCoCo execution data: org.jacoco.agent.rt.RT
00:02:06 PIT >> INFO : MINION : Failed to set JaCoCo session: org.jacoco.agent.rt.RT
00:02:06 PIT >> INFO : MINION : Failed to dump JaCoCo execution data: org.jacoco.agent.rt.RT
00:02:06 PIT >> INFO : MINION : Failed to set JaCoCo session: org.jacoco.agent.rt.RT
00:02:06 PIT >> INFO : MINION : Failed to dump JaCoCo execution data: org.jacoco.agent.rt.RT
00:02:06 PIT >> INFO : MINION : Failed to set JaCoCo session: org.jacoco.agent.rt.RT
00:02:06 PIT >> INFO : MINION : Failed to dump JaCoCo execution data: org.jacoco.agent.rt.RT
00:02:06 PIT >> INFO : MINION : Failed to set JaCoCo session: org.jacoco.agent.rt.RT
00:02:06 PIT >> INFO : MINION : Failed to dump JaCoCo execution data: org.jacoco.agent.rt.RT
00:02:06 PIT >> INFO : MINION : Failed to set JaCoCo session: org.jacoco.agent.rt.RT
00:02:06 PIT >> INFO : MINION : Failed to dump JaCoCo execution data: org.jacoco.agent.rt.RT
00:02:06 PIT >> INFO : MINION : Failed to set JaCoCo session: org.jacoco.agent.rt.RT
00:02:06 PIT >> INFO : MINION : Failed to dump JaCoCo execution data: org.jacoco.agent.rt.RT
00:02:06 PIT >> INFO : MINION : Failed to set JaCoCo session: org.jacoco.agent.rt.RT
00:02:06 PIT >> INFO : MINION : Failed to dump JaCoCo execution data: org.jacoco.agent.rt.RT
00:02:06 PIT >> INFO : MINION : Failed to set JaCoCo session: org.jacoco.agent.rt.RT
00:02:06 PIT >> INFO : MINION : Failed to dump JaCoCo execution data: org.jacoco.agent.rt.RT
00:02:06 PIT >> INFO : MINION : Failed to set JaCoCo session: org.jacoco.agent.rt.RT
00:02:06 PIT >> INFO : MINION : Failed to dump JaCoCo execution data: org.jacoco.agent.rt.RT
00:02:06 PIT >> INFO : MINION : Failed to set JaCoCo session: org.jacoco.agent.rt.RT
00:02:06 PIT >> INFO : MINION : Failed to dump JaCoCo execution data: org.jacoco.agent.rt.RT
00:02:06 PIT >> INFO : MINION : Failed to set JaCoCo session: org.jacoco.agent.rt.RT
00:02:06 PIT >> INFO : MINION : Failed to dump JaCoCo execution data: org.jacoco.agent.rt.RT
00:02:06 PIT >> INFO : MINION : Failed to set JaCoCo session: org.jacoco.agent.rt.RT
00:02:06 PIT >> INFO : MINION : Failed to dump JaCoCo execution data: org.jacoco.agent.rt.RT
00:02:06 PIT >> INFO : MINION : Failed to set JaCoCo session: org.jacoco.agent.rt.RT
00:02:06 PIT >> INFO : MINION : Failed to dump JaCoCo execution data: org.jacoco.agent.rt.RT
00:02:06 PIT >> INFO : MINION : Failed to set JaCoCo session: org.jacoco.agent.rt.RT
00:02:06 PIT >> INFO : MINION : Failed to dump JaCoCo execution data: org.jacoco.agent.rt.RT
00:02:06 PIT >> INFO : MINION : Failed to set JaCoCo session: org.jacoco.agent.rt.RT
00:02:06 PIT >> INFO : MINION : Failed to dump JaCoCo execution data: org.jacoco.agent.rt.RT
00:02:06 PIT >> INFO : MINION : Failed to set JaCoCo session: org.jacoco.agent.rt.RT
00:02:06 PIT >> INFO : MINION : Failed to dump JaCoCo execution data: org.jacoco.agent.rt.RT
00:02:06 PIT >> INFO : MINION : Failed to set JaCoCo session: org.jacoco.agent.rt.RT
00:02:06 PIT >> INFO : MINION : Failed to dump JaCoCo execution data: org.jacoco.agent.rt.RT
00:02:06 PIT >> INFO : MINION : Failed to set JaCoCo session: org.jacoco.agent.rt.RT
00:02:06 PIT >> INFO : MINION : Failed to dump JaCoCo execution data: org.jacoco.agent.rt.RT
00:02:06 PIT >> INFO : MINION : Failed to set JaCoCo session: org.jacoco.agent.rt.RT
00:02:06 PIT >> INFO : MINION : Failed to dump JaCoCo execution data: org.jacoco.agent.rt.RT
00:02:06 PIT >> INFO : MINION : Failed to set JaCoCo session: org.jacoco.agent.rt.RT
00:02:06 PIT >> INFO : MINION : Failed to dump JaCoCo execution data: org.jacoco.agent.rt.RT
00:02:06 PIT >> INFO : MINION : Failed to set JaCoCo session: org.jacoco.agent.rt.RT
00:02:06 PIT >> INFO : MINION : Failed to dump JaCoCo execution data: org.jacoco.agent.rt.RT
00:02:06 PIT >> SEVERE : Description [testClass=org.springframework.core.io.support.SpringFactoriesLoaderTests, name=[engine:junit-jupiter]/[class:org.springframework.core.io.support.SpringFactoriesLoaderTests]/[method:loadWhenMultipleConstructorsThrowsException()]] did not pass without mutation.
00:02:06 PIT >> SEVERE : Description [testClass=org.springframework.core.io.support.SpringFactoriesLoaderTests, name=[engine:junit-jupiter]/[class:org.springframework.core.io.support.SpringFactoriesLoaderTests]/[method:loadWithArgumentResolverWhenNoDefaultConstructor()]] did not pass without mutation.
00:02:06 PIT >> INFO : MINION : Failed to set JaCoCo session: org.jacoco.agent.rt.RT
00:02:06 PIT >> INFO : MINION : Failed to dump JaCoCo execution data: org.jacoco.agent.rt.RT
00:02:06 PIT >> INFO : MINION : Failed to set JaCoCo session: org.jacoco.agent.rt.RT
00:02:06 PIT >> INFO : MINION : Failed to dump JaCoCo execution data: org.jacoco.agent.rt.RT
00:02:06 PIT >> INFO : MINION : Failed to set JaCoCo session: org.jacoco.agent.rt.RT
00:02:06 PIT >> INFO : MINION : Failed to dump JaCoCo execution data: org.jacoco.agent.rt.RT
00:02:06 PIT >> INFO : MINION : Failed to set JaCoCo session: org.jacoco.agent.rt.RT
00:02:06 PIT >> INFO : MINION : Failed to dump JaCoCo execution data: org.jacoco.agent.rt.RT
00:02:06 PIT >> INFO : MINION : Failed to set JaCoCo session: org.jacoco.agent.rt.RT
00:02:06 PIT >> INFO : MINION : Failed to dump JaCoCo execution data: org.jacoco.agent.rt.RT
00:02:06 PIT >> INFO : MINION : Failed to set JaCoCo session: org.jacoco.agent.rt.RT
00:02:06 PIT >> INFO : MINION : Failed to dump JaCoCo execution data: org.jacoco.agent.rt.RT
00:02:06 PIT >> INFO : MINION : Failed to set JaCoCo session: org.jacoco.agent.rt.RT
00:02:06 PIT >> INFO : MINION : Failed to dump JaCoCo execution data: org.jacoco.agent.rt.RT
00:02:06 PIT >> INFO : MINION : Failed to set JaCoCo session: org.jacoco.agent.rt.RT
00:02:06 PIT >> INFO : MINION : Failed to dump JaCoCo execution data: org.jacoco.agent.rt.RT
00:02:06 PIT >> INFO : Calculated coverage in 6 seconds.
00:02:06 PIT >> SEVERE : Tests failing without mutation: 
Description [testClass=org.springframework.core.io.PathResourceTests, name=[engine:junit-jupiter]/[class:org.springframework.core.io.PathResourceTests]/[method:dirExists()]]
Description [testClass=org.springframework.core.io.PathResourceTests, name=[engine:junit-jupiter]/[class:org.springframework.core.io.PathResourceTests]/[method:fileIsWritable()]]
Description [testClass=org.springframework.core.io.PathResourceTests, name=[engine:junit-jupiter]/[class:org.springframework.core.io.PathResourceTests]/[method:getInputStream()]]
Description [testClass=org.springframework.core.io.PathResourceTests, name=[engine:junit-jupiter]/[class:org.springframework.core.io.PathResourceTests]/[method:contentLength()]]
Description [testClass=org.springframework.core.io.PathResourceTests, name=[engine:junit-jupiter]/[class:org.springframework.core.io.PathResourceTests]/[method:fileIsReadable()]]
Description [testClass=org.springframework.core.io.PathResourceTests, name=[engine:junit-jupiter]/[class:org.springframework.core.io.PathResourceTests]/[method:getOutputStreamForDirectory()]]
Description [testClass=org.springframework.core.io.PathResourceTests, name=[engine:junit-jupiter]/[class:org.springframework.core.io.PathResourceTests]/[method:getReadableByteChannel()]]
Description [testClass=org.springframework.core.io.PathResourceTests, name=[engine:junit-jupiter]/[class:org.springframework.core.io.PathResourceTests]/[method:contentLengthForDirectory()]]
Description [testClass=org.springframework.core.io.PathResourceTests, name=[engine:junit-jupiter]/[class:org.springframework.core.io.PathResourceTests]/[method:getReadableByteChannelForDir()]]
Description [testClass=org.springframework.core.io.PathResourceTests, name=[engine:junit-jupiter]/[class:org.springframework.core.io.PathResourceTests]/[method:fileExists()]]
Description [testClass=org.springframework.core.io.PathResourceTests, name=[engine:junit-jupiter]/[class:org.springframework.core.io.PathResourceTests]/[method:lastModified()]]
Description [testClass=org.springframework.core.io.support.PathMatchingResourcePatternResolverTests, name=[engine:junit-jupiter]/[class:org.springframework.core.io.support.PathMatchingResourcePatternResolverTests]/[nested-class:FileSystemResources]/[method:encodedHashtagInPath()]]
Description [testClass=org.springframework.core.io.support.PathMatchingResourcePatternResolverTests, name=[engine:junit-jupiter]/[class:org.springframework.core.io.support.PathMatchingResourcePatternResolverTests]/[nested-class:FileSystemResources]/[nested-class:WithHashtagsInTheirFilenames]/[method:usingClasspathStarProtocolWithWildcardInPatternAndEndingInSlash()]]
Description [testClass=org.springframework.core.io.support.PathMatchingResourcePatternResolverTests, name=[engine:junit-jupiter]/[class:org.springframework.core.io.support.PathMatchingResourcePatternResolverTests]/[nested-class:FileSystemResources]/[nested-class:WithHashtagsInTheirFilenames]/[method:usingFileProtocolWithWildcardInPatternAndNotEndingInSlash()]]
Description [testClass=org.springframework.core.io.support.PathMatchingResourcePatternResolverTests, name=[engine:junit-jupiter]/[class:org.springframework.core.io.support.PathMatchingResourcePatternResolverTests]/[nested-class:FileSystemResources]/[nested-class:WithHashtagsInTheirFilenames]/[method:usingFileProtocolWithWildcardInPatternAndEndingInSlashStarStar()]]
Description [testClass=org.springframework.core.io.support.PathMatchingResourcePatternResolverTests, name=[engine:junit-jupiter]/[class:org.springframework.core.io.support.PathMatchingResourcePatternResolverTests]/[nested-class:FileSystemResources]/[nested-class:WithHashtagsInTheirFilenames]/[method:usingFileProtocolWithoutWildcardInPatternAndEndingInSlashStarStar()]]
Description [testClass=org.springframework.core.io.support.PathMatchingResourcePatternResolverTests, name=[engine:junit-jupiter]/[class:org.springframework.core.io.support.PathMatchingResourcePatternResolverTests]/[nested-class:FileSystemResources]/[nested-class:WithHashtagsInTheirFilenames]/[method:usingFileProtocolAndAssertingUrlAndUriSyntax()]]
Description [testClass=org.springframework.core.io.support.SpringFactoriesLoaderTests, name=[engine:junit-jupiter]/[class:org.springframework.core.io.support.SpringFactoriesLoaderTests]/[method:loadWhenMultipleConstructorsThrowsException()]]
Description [testClass=org.springframework.core.io.support.SpringFactoriesLoaderTests, name=[engine:junit-jupiter]/[class:org.springframework.core.io.support.SpringFactoriesLoaderTests]/[method:loadWithArgumentResolverWhenNoDefaultConstructor()]]
Exception in thread "main" org.pitest.help.PitHelpError: 19 tests did not pass without mutation when calculating line coverage. Mutation testing requires a green suite.
See https://pitest.org for more details.
	at org.pitest.coverage.execute.DefaultCoverageGenerator.verifyBuildSuitableForMutationTesting(DefaultCoverageGenerator.java:127)
	at org.pitest.coverage.execute.DefaultCoverageGenerator.calculateCoverage(DefaultCoverageGenerator.java:109)
	at org.pitest.coverage.execute.DefaultCoverageGenerator.calculateCoverage(DefaultCoverageGenerator.java:53)
	at org.pitest.mutationtest.tooling.MutationCoverage.runAnalysis(MutationCoverage.java:158)
	at org.pitest.mutationtest.tooling.MutationCoverage.runReport(MutationCoverage.java:145)
	at org.pitest.mutationtest.tooling.EntryPoint.execute(EntryPoint.java:138)
	at org.pitest.mutationtest.tooling.EntryPoint.execute(EntryPoint.java:64)
	at org.pitest.mutationtest.commandline.MutationCoverageReport.runReport(MutationCoverageReport.java:98)
	at org.pitest.mutationtest.commandline.MutationCoverageReport.main(MutationCoverageReport.java:45)
