Picked up JAVA_TOOL_OPTIONS: -XX:ActiveProcessorCount=1
19:21:40 PIT >> INFO : Verbose logging is disabled. If you encounter a problem, please enable it before reporting an issue.
19:21:40 PIT >> INFO : Created 1 mutation test units in pre scan
19:21:40 PIT >> INFO : MINION : Picked up JAVA_TOOL_OPTIONS: -XX:ActiveProcessorCount=1
19:21:40 PIT >> INFO : Sending 397 test classes to minion
19:21:40 PIT >> INFO : Sent tests to minion
19:21:41 PIT >> INFO : MINION : Failed to set JaCoCo session: org.jacoco.agent.rt.RT
19:21:41 PIT >> INFO : MINION : Failed to dump JaCoCo execution data: org.jacoco.agent.rt.RT
19:21:41 PIT >> INFO : MINION : Failed to set JaCoCo session: org.jacoco.agent.rt.RT
19:21:41 PIT >> INFO : MINION : Failed to dump JaCoCo execution data: org.jacoco.agent.rt.RT
19:21:41 PIT >> INFO : MINION : Failed to set JaCoCo session: org.jacoco.agent.rt.RT
19:21:41 PIT >> INFO : MINION : Failed to dump JaCoCo execution data: org.jacoco.agent.rt.RT
19:21:41 PIT >> INFO : MINION : Failed to set JaCoCo session: org.jacoco.agent.rt.RT
19:21:41 PIT >> INFO : MINION : Failed to dump JaCoCo execution data: org.jacoco.agent.rt.RT
19:21:41 PIT >> INFO : MINION : Failed to set JaCoCo session: org.jacoco.agent.rt.RT
19:21:41 PIT >> INFO : MINION : Failed to dump JaCoCo execution data: org.jacoco.agent.rt.RT
19:21:41 PIT >> INFO : MINION : Failed to set JaCoCo session: org.jacoco.agent.rt.RT
19:21:41 PIT >> INFO : MINION : Failed to dump JaCoCo execution data: org.jacoco.agent.rt.RT
19:21:41 PIT >> INFO : MINION : Failed to set JaCoCo session: org.jacoco.agent.rt.RT
19:21:41 PIT >> INFO : MINION : Failed to dump JaCoCo execution data: org.jacoco.agent.rt.RT
19:21:41 PIT >> INFO : MINION : Failed to set JaCoCo session: org.jacoco.agent.rt.RT
19:21:41 PIT >> INFO : MINION : Failed to dump JaCoCo execution data: org.jacoco.agent.rt.RT
19:21:41 PIT >> INFO : MINION : Failed to set JaCoCo session: org.jacoco.agent.rt.RT
19:21:41 PIT >> INFO : MINION : Failed to dump JaCoCo execution data: org.jacoco.agent.rt.RT
19:21:41 PIT >> INFO : MINION : Failed to set JaCoCo session: org.jacoco.agent.rt.RT
19:21:41 PIT >> INFO : MINION : Failed to dump JaCoCo execution data: org.jacoco.agent.rt.RT
19:21:41 PIT >> INFO : MINION : Failed to set JaCoCo session: org.jacoco.agent.rt.RT
19:21:41 PIT >> INFO : MINION : Failed to dump JaCoCo execution data: org.jacoco.agent.rt.RT
19:21:41 PIT >> INFO : MINION : Failed to set JaCoCo session: org.jacoco.agent.rt.RT
19:21:41 PIT >> INFO : MINION : Failed to dump JaCoCo execution data: org.jacoco.agent.rt.RT
19:21:41 PIT >> INFO : MINION : Failed to set JaCoCo session: org.jacoco.agent.rt.RT
19:21:41 PIT >> INFO : MINION : Failed to dump JaCoCo execution data: org.jacoco.agent.rt.RT
19:21:41 PIT >> INFO : MINION : Failed to set JaCoCo session: org.jacoco.agent.rt.RT
19:21:41 PIT >> INFO : MINION : Failed to dump JaCoCo execution data: org.jacoco.agent.rt.RT
19:21:41 PIT >> INFO : MINION : Failed to set JaCoCo session: org.jacoco.agent.rt.RT
19:21:41 PIT >> INFO : MINION : Failed to dump JaCoCo execution data: org.jacoco.agent.rt.RT
19:21:41 PIT >> INFO : MINION : Failed to set JaCoCo session: org.jacoco.agent.rt.RT
19:21:41 PIT >> INFO : MINION : Failed to dump JaCoCo execution data: org.jacoco.agent.rt.RT
19:21:41 PIT >> INFO : MINION : Failed to set JaCoCo session: org.jacoco.agent.rt.RT
19:21:41 PIT >> INFO : MINION : Failed to dump JaCoCo execution data: org.jacoco.agent.rt.RT
19:21:41 PIT >> INFO : MINION : Failed to set JaCoCo session: org.jacoco.agent.rt.RT
19:21:41 PIT >> INFO : MINION : Failed to dump JaCoCo execution data: org.jacoco.agent.rt.RT
19:21:41 PIT >> INFO : MINION : Failed to set JaCoCo session: org.jacoco.agent.rt.RT
19:21:41 PIT >> INFO : MINION : Failed to dump JaCoCo execution data: org.jacoco.agent.rt.RT
19:21:41 PIT >> INFO : MINION : Failed to set JaCoCo session: org.jacoco.agent.rt.RT
19:21:41 PIT >> INFO : MINION : Failed to dump JaCoCo execution data: org.jacoco.agent.rt.RT
19:21:41 PIT >> INFO : MINION : Failed to set JaCoCo session: org.jacoco.agent.rt.RT
19:21:41 PIT >> INFO : MINION : Failed to dump JaCoCo execution data: org.jacoco.agent.rt.RT
19:21:41 PIT >> SEVERE : Description [testClass=org.springframework.core.annotation.AnnotatedElementUtilsTests, name=[engine:junit-jupiter]/[class:org.springframework.core.annotation.AnnotatedElementUtilsTests]/[method:getAllAnnotationAttributesOnClassWithLocalAnnotation()]] did not pass without mutation.
19:21:41 PIT >> INFO : MINION : Failed to set JaCoCo session: org.jacoco.agent.rt.RT
19:21:41 PIT >> SEVERE : Description [testClass=org.springframework.core.annotation.AnnotatedElementUtilsTests, name=[engine:junit-jupiter]/[class:org.springframework.core.annotation.AnnotatedElementUtilsTests]/[method:getAllAnnotationAttributesFavorsInheritedComposedAnnotationsOverMoreLocallyDeclaredComposedAnnotations()]] did not pass without mutation.
19:21:41 PIT >> SEVERE : Description [testClass=org.springframework.core.annotation.AnnotatedElementUtilsTests, name=[engine:junit-jupiter]/[class:org.springframework.core.annotation.AnnotatedElementUtilsTests]/[method:getMergedAnnotationAttributesWithImplicitAliasesInMetaAnnotationOnComposedAnnotation()]] did not pass without mutation.
19:21:41 PIT >> SEVERE : Description [testClass=org.springframework.core.annotation.AnnotatedElementUtilsTests, name=[engine:junit-jupiter]/[class:org.springframework.core.annotation.AnnotatedElementUtilsTests]/[method:findAndSynthesizeAnnotationAttributesOnClassWithAttributeAliasesInTargetAnnotation()]] did not pass without mutation.
19:21:41 PIT >> INFO : MINION : Failed to dump JaCoCo execution data: org.jacoco.agent.rt.RT
19:21:41 PIT >> SEVERE : Description [testClass=org.springframework.core.annotation.AnnotatedElementUtilsTests, name=[engine:junit-jupiter]/[class:org.springframework.core.annotation.AnnotatedElementUtilsTests]/[method:getMergedAnnotationAttributesOnClassWithLocalAnnotation()]] did not pass without mutation.
19:21:41 PIT >> SEVERE : Description [testClass=org.springframework.core.annotation.AnnotatedElementUtilsTests, name=[engine:junit-jupiter]/[class:org.springframework.core.annotation.AnnotatedElementUtilsTests]/[method:getMergedAnnotationAttributesWithAliasedComposedAnnotation()]] did not pass without mutation.
19:21:41 PIT >> SEVERE : Description [testClass=org.springframework.core.annotation.AnnotatedElementUtilsTests, name=[engine:junit-jupiter]/[class:org.springframework.core.annotation.AnnotatedElementUtilsTests]/[method:findMergedAnnotationAttributesInheritedFromBridgedMethod()]] did not pass without mutation.
19:21:41 PIT >> SEVERE : Description [testClass=org.springframework.core.annotation.AnnotatedElementUtilsTests, name=[engine:junit-jupiter]/[class:org.springframework.core.annotation.AnnotatedElementUtilsTests]/[method:getAllAnnotationAttributesOnJavaxType()]] did not pass without mutation.
19:21:41 PIT >> SEVERE : Description [testClass=org.springframework.core.annotation.AnnotatedElementUtilsTests, name=[engine:junit-jupiter]/[class:org.springframework.core.annotation.AnnotatedElementUtilsTests]/[method:findMergedAnnotationAttributesOnSubInheritedAnnotationInterface()]] did not pass without mutation.
19:21:41 PIT >> SEVERE : Description [testClass=org.springframework.core.annotation.AnnotatedElementUtilsTests, name=[engine:junit-jupiter]/[class:org.springframework.core.annotation.AnnotatedElementUtilsTests]/[method:getMergedAnnotationWithTransitiveImplicitAliasesWithSkippedLevel()]] did not pass without mutation.
19:21:41 PIT >> SEVERE : Description [testClass=org.springframework.core.annotation.AnnotatedElementUtilsTests, name=[engine:junit-jupiter]/[class:org.springframework.core.annotation.AnnotatedElementUtilsTests]/[method:getMergedAnnotationWithAliasedValueComposedAnnotation()]] did not pass without mutation.
19:21:41 PIT >> SEVERE : Description [testClass=org.springframework.core.annotation.AnnotatedElementUtilsTests, name=[engine:junit-jupiter]/[class:org.springframework.core.annotation.AnnotatedElementUtilsTests]/[method:getAllAnnotationAttributesFavorsInheritedAnnotationsOverMoreLocallyDeclaredComposedAnnotations()]] did not pass without mutation.
19:21:41 PIT >> SEVERE : Description [testClass=org.springframework.core.annotation.AnnotatedElementUtilsTests, name=[engine:junit-jupiter]/[class:org.springframework.core.annotation.AnnotatedElementUtilsTests]/[method:getMergedAnnotationAttributesWithAliasedValueComposedAnnotation()]] did not pass without mutation.
19:21:41 PIT >> SEVERE : Description [testClass=org.springframework.core.annotation.AnnotatedElementUtilsTests, name=[engine:junit-jupiter]/[class:org.springframework.core.annotation.AnnotatedElementUtilsTests]/[method:getAllAnnotationAttributesOnLangType()]] did not pass without mutation.
19:21:41 PIT >> SEVERE : Description [testClass=org.springframework.core.annotation.AnnotatedElementUtilsTests, name=[engine:junit-jupiter]/[class:org.springframework.core.annotation.AnnotatedElementUtilsTests]/[method:getMergedAnnotationAttributesOnInheritedAnnotationInterface()]] did not pass without mutation.
19:21:41 PIT >> SEVERE : Description [testClass=org.springframework.core.annotation.AnnotatedElementUtilsTests, name=[engine:junit-jupiter]/[class:org.springframework.core.annotation.AnnotatedElementUtilsTests]/[method:findMergedAnnotationAttributesOnClassWithAttributeAliasInComposedAnnotationAndNestedAnnotationsInTargetAnnotation()]] did not pass without mutation.
19:21:41 PIT >> INFO : MINION : Failed to set JaCoCo session: org.jacoco.agent.rt.RT
19:21:41 PIT >> INFO : MINION : Failed to dump JaCoCo execution data: org.jacoco.agent.rt.RT
19:21:41 PIT >> INFO : MINION : Failed to set JaCoCo session: org.jacoco.agent.rt.RT
19:21:41 PIT >> INFO : MINION : Failed to dump JaCoCo execution data: org.jacoco.agent.rt.RT
19:21:41 PIT >> INFO : MINION : Failed to set JaCoCo session: org.jacoco.agent.rt.RT
19:21:41 PIT >> INFO : MINION : Failed to dump JaCoCo execution data: org.jacoco.agent.rt.RT
19:21:41 PIT >> INFO : MINION : Failed to set JaCoCo session: org.jacoco.agent.rt.RT
19:21:41 PIT >> INFO : MINION : Failed to dump JaCoCo execution data: org.jacoco.agent.rt.RT
19:21:41 PIT >> INFO : MINION : Failed to set JaCoCo session: org.jacoco.agent.rt.RT
19:21:41 PIT >> INFO : MINION : Failed to dump JaCoCo execution data: org.jacoco.agent.rt.RT
19:21:41 PIT >> INFO : MINION : Failed to set JaCoCo session: org.jacoco.agent.rt.RT
19:21:41 PIT >> INFO : MINION : Failed to dump JaCoCo execution data: org.jacoco.agent.rt.RT
19:21:41 PIT >> INFO : MINION : Failed to set JaCoCo session: org.jacoco.agent.rt.RT
19:21:41 PIT >> INFO : MINION : Failed to dump JaCoCo execution data: org.jacoco.agent.rt.RT
19:21:41 PIT >> INFO : MINION : Failed to set JaCoCo session: org.jacoco.agent.rt.RT
19:21:41 PIT >> INFO : MINION : Failed to dump JaCoCo execution data: org.jacoco.agent.rt.RT
19:21:41 PIT >> INFO : MINION : Failed to set JaCoCo session: org.jacoco.agent.rt.RT
19:21:41 PIT >> INFO : MINION : Failed to dump JaCoCo execution data: org.jacoco.agent.rt.RT
19:21:41 PIT >> INFO : MINION : Failed to set JaCoCo session: org.jacoco.agent.rt.RT
19:21:41 PIT >> INFO : MINION : Failed to dump JaCoCo execution data: org.jacoco.agent.rt.RT
19:21:41 PIT >> INFO : MINION : Failed to set JaCoCo session: org.jacoco.agent.rt.RT
19:21:41 PIT >> INFO : MINION : Failed to dump JaCoCo execution data: org.jacoco.agent.rt.RT
19:21:41 PIT >> INFO : MINION : Failed to set JaCoCo session: org.jacoco.agent.rt.RT
19:21:41 PIT >> INFO : MINION : Failed to dump JaCoCo execution data: org.jacoco.agent.rt.RT
19:21:41 PIT >> INFO : MINION : Failed to set JaCoCo session: org.jacoco.agent.rt.RT
19:21:41 PIT >> INFO : MINION : Failed to dump JaCoCo execution data: org.jacoco.agent.rt.RT
19:21:41 PIT >> INFO : MINION : Failed to set JaCoCo session: org.jacoco.agent.rt.RT
19:21:41 PIT >> INFO : MINION : Failed to dump JaCoCo execution data: org.jacoco.agent.rt.RT
19:21:41 PIT >> INFO : MINION : Failed to set JaCoCo session: org.jacoco.agent.rt.RT
19:21:41 PIT >> INFO : MINION : Failed to dump JaCoCo execution data: org.jacoco.agent.rt.RT
19:21:41 PIT >> INFO : MINION : Failed to set JaCoCo session: org.jacoco.agent.rt.RT
19:21:41 PIT >> INFO : MINION : Failed to dump JaCoCo execution data: org.jacoco.agent.rt.RT
19:21:41 PIT >> INFO : MINION : Failed to set JaCoCo session: org.jacoco.agent.rt.RT
19:21:41 PIT >> INFO : MINION : Failed to dump JaCoCo execution data: org.jacoco.agent.rt.RT
19:21:41 PIT >> INFO : MINION : Failed to set JaCoCo session: org.jacoco.agent.rt.RT
19:21:41 PIT >> INFO : MINION : Failed to dump JaCoCo execution data: org.jacoco.agent.rt.RT
19:21:41 PIT >> INFO : MINION : Failed to set JaCoCo session: org.jacoco.agent.rt.RT
19:21:41 PIT >> INFO : MINION : Failed to dump JaCoCo execution data: org.jacoco.agent.rt.RT
19:21:41 PIT >> SEVERE : Description [testClass=org.springframework.core.annotation.AnnotatedElementUtilsTests, name=[engine:junit-jupiter]/[class:org.springframework.core.annotation.AnnotatedElementUtilsTests]/[method:getMergedAnnotationAttributesFavorsInheritedComposedAnnotationsOverMoreLocallyDeclaredComposedAnnotations()]] did not pass without mutation.
19:21:41 PIT >> SEVERE : Description [testClass=org.springframework.core.annotation.AnnotatedElementUtilsTests, name=[engine:junit-jupiter]/[class:org.springframework.core.annotation.AnnotatedElementUtilsTests]/[method:findMergedAnnotationOnClassWithComposedMetaTransactionalAnnotation()]] did not pass without mutation.
19:21:41 PIT >> SEVERE : Description [testClass=org.springframework.core.annotation.AnnotatedElementUtilsTests, name=[engine:junit-jupiter]/[class:org.springframework.core.annotation.AnnotatedElementUtilsTests]/[method:findMergedAnnotationAttributesInheritedFromAbstractMethod()]] did not pass without mutation.
19:21:41 PIT >> SEVERE : Description [testClass=org.springframework.core.annotation.AnnotatedElementUtilsTests, name=[engine:junit-jupiter]/[class:org.springframework.core.annotation.AnnotatedElementUtilsTests]/[method:getMergedAnnotationAttributesOnNonInheritedAnnotationInterface()]] did not pass without mutation.
19:21:41 PIT >> SEVERE : Description [testClass=org.springframework.core.annotation.AnnotatedElementUtilsTests, name=[engine:junit-jupiter]/[class:org.springframework.core.annotation.AnnotatedElementUtilsTests]/[method:findMergedAnnotationAttributesWithSingleElementOverridingAnArrayViaAliasFor()]] did not pass without mutation.
19:21:41 PIT >> INFO : MINION : Failed to set JaCoCo session: org.jacoco.agent.rt.RT
19:21:41 PIT >> SEVERE : Description [testClass=org.springframework.core.annotation.AnnotatedElementUtilsTests, name=[engine:junit-jupiter]/[class:org.springframework.core.annotation.AnnotatedElementUtilsTests]/[method:findMergedAnnotationAttributesFromBridgeMethod()]] did not pass without mutation.
19:21:41 PIT >> SEVERE : Description [testClass=org.springframework.core.annotation.AnnotatedElementUtilsTests, name=[engine:junit-jupiter]/[class:org.springframework.core.annotation.AnnotatedElementUtilsTests]/[method:findMergedAnnotationAttributesOnSubNonInheritedAnnotationInterface()]] did not pass without mutation.
19:21:41 PIT >> SEVERE : Description [testClass=org.springframework.core.annotation.AnnotatedElementUtilsTests, name=[engine:junit-jupiter]/[class:org.springframework.core.annotation.AnnotatedElementUtilsTests]/[method:findMergedAnnotationAttributesOnMethodWithComposedMetaTransactionalAnnotation()]] did not pass without mutation.
19:21:41 PIT >> SEVERE : Description [testClass=org.springframework.core.annotation.AnnotatedElementUtilsTests, name=[engine:junit-jupiter]/[class:org.springframework.core.annotation.AnnotatedElementUtilsTests]/[method:findMergedAnnotationOnMethodWithComposedMetaTransactionalAnnotation()]] did not pass without mutation.
19:21:41 PIT >> SEVERE : Description [testClass=org.springframework.core.annotation.AnnotatedElementUtilsTests, name=[engine:junit-jupiter]/[class:org.springframework.core.annotation.AnnotatedElementUtilsTests]/[method:findMergedAnnotationAttributesOnInheritedAnnotationInterface()]] did not pass without mutation.
19:21:41 PIT >> SEVERE : Description [testClass=org.springframework.core.annotation.AnnotatedElementUtilsTests, name=[engine:junit-jupiter]/[class:org.springframework.core.annotation.AnnotatedElementUtilsTests]/[method:findMergedAnnotationAttributesOnSubSubNonInheritedAnnotationInterface()]] did not pass without mutation.
19:21:41 PIT >> SEVERE : Description [testClass=org.springframework.core.annotation.AnnotatedElementUtilsTests, name=[engine:junit-jupiter]/[class:org.springframework.core.annotation.AnnotatedElementUtilsTests]/[method:getMergedAnnotationAttributesWithShadowedAliasComposedAnnotation()]] did not pass without mutation.
19:21:41 PIT >> SEVERE : Description [testClass=org.springframework.core.annotation.AnnotatedElementUtilsTests, name=[engine:junit-jupiter]/[class:org.springframework.core.annotation.AnnotatedElementUtilsTests]/[method:findMergedAnnotationWithSingleElementOverridingAnArrayViaAliasFor()]] did not pass without mutation.
19:21:41 PIT >> INFO : MINION : Failed to dump JaCoCo execution data: org.jacoco.agent.rt.RT
19:21:41 PIT >> SEVERE : Description [testClass=org.springframework.core.annotation.AnnotatedElementUtilsTests, name=[engine:junit-jupiter]/[class:org.springframework.core.annotation.AnnotatedElementUtilsTests]/[method:findMergedAnnotationForMultipleMetaAnnotationsWithClashingAttributeNames()]] did not pass without mutation.
19:21:41 PIT >> SEVERE : Description [testClass=org.springframework.core.annotation.AnnotatedElementUtilsTests, name=[engine:junit-jupiter]/[class:org.springframework.core.annotation.AnnotatedElementUtilsTests]/[method:findMergedAnnotationAttributesInheritedFromInterfaceMethod()]] did not pass without mutation.
19:21:41 PIT >> SEVERE : Description [testClass=org.springframework.core.annotation.AnnotatedElementUtilsTests, name=[engine:junit-jupiter]/[class:org.springframework.core.annotation.AnnotatedElementUtilsTests]/[method:findMergedAnnotationAttributesOnClassWithMetaAndLocalTxConfig()]] did not pass without mutation.
19:21:41 PIT >> SEVERE : Description [testClass=org.springframework.core.annotation.AnnotatedElementUtilsTests, name=[engine:junit-jupiter]/[class:org.springframework.core.annotation.AnnotatedElementUtilsTests]/[method:getMergedRepeatableAnnotationsWithContainerWithMultipleAttributes()]] did not pass without mutation.
19:21:41 PIT >> INFO : MINION : Failed to set JaCoCo session: org.jacoco.agent.rt.RT
19:21:41 PIT >> INFO : MINION : Failed to dump JaCoCo execution data: org.jacoco.agent.rt.RT
19:21:41 PIT >> INFO : MINION : Failed to set JaCoCo session: org.jacoco.agent.rt.RT
19:21:41 PIT >> INFO : MINION : Failed to dump JaCoCo execution data: org.jacoco.agent.rt.RT
19:21:41 PIT >> INFO : MINION : Failed to set JaCoCo session: org.jacoco.agent.rt.RT
19:21:41 PIT >> INFO : MINION : Failed to dump JaCoCo execution data: org.jacoco.agent.rt.RT
19:21:41 PIT >> INFO : MINION : Failed to set JaCoCo session: org.jacoco.agent.rt.RT
19:21:41 PIT >> INFO : MINION : Failed to dump JaCoCo execution data: org.jacoco.agent.rt.RT
19:21:41 PIT >> INFO : MINION : Failed to set JaCoCo session: org.jacoco.agent.rt.RT
19:21:41 PIT >> INFO : MINION : Failed to dump JaCoCo execution data: org.jacoco.agent.rt.RT
19:21:41 PIT >> INFO : MINION : Failed to set JaCoCo session: org.jacoco.agent.rt.RT
19:21:41 PIT >> INFO : MINION : Failed to dump JaCoCo execution data: org.jacoco.agent.rt.RT
19:21:41 PIT >> INFO : MINION : Failed to set JaCoCo session: org.jacoco.agent.rt.RT
19:21:41 PIT >> INFO : MINION : Failed to dump JaCoCo execution data: org.jacoco.agent.rt.RT
19:21:41 PIT >> INFO : MINION : Failed to set JaCoCo session: org.jacoco.agent.rt.RT
19:21:41 PIT >> INFO : MINION : Failed to dump JaCoCo execution data: org.jacoco.agent.rt.RT
19:21:41 PIT >> INFO : MINION : Failed to set JaCoCo session: org.jacoco.agent.rt.RT
19:21:41 PIT >> INFO : MINION : Failed to dump JaCoCo execution data: org.jacoco.agent.rt.RT
19:21:41 PIT >> INFO : MINION : Failed to set JaCoCo session: org.jacoco.agent.rt.RT
19:21:41 PIT >> INFO : MINION : Failed to dump JaCoCo execution data: org.jacoco.agent.rt.RT
19:21:41 PIT >> INFO : MINION : Failed to set JaCoCo session: org.jacoco.agent.rt.RT
19:21:41 PIT >> INFO : MINION : Failed to dump JaCoCo execution data: org.jacoco.agent.rt.RT
19:21:41 PIT >> INFO : MINION : Failed to set JaCoCo session: org.jacoco.agent.rt.RT
19:21:41 PIT >> INFO : MINION : Failed to dump JaCoCo execution data: org.jacoco.agent.rt.RT
19:21:41 PIT >> INFO : MINION : Failed to set JaCoCo session: org.jacoco.agent.rt.RT
19:21:41 PIT >> INFO : MINION : Failed to dump JaCoCo execution data: org.jacoco.agent.rt.RT
19:21:41 PIT >> INFO : MINION : Failed to set JaCoCo session: org.jacoco.agent.rt.RT
19:21:41 PIT >> INFO : MINION : Failed to dump JaCoCo execution data: org.jacoco.agent.rt.RT
19:21:41 PIT >> INFO : MINION : Failed to set JaCoCo session: org.jacoco.agent.rt.RT
19:21:41 PIT >> INFO : MINION : Failed to dump JaCoCo execution data: org.jacoco.agent.rt.RT
19:21:41 PIT >> INFO : MINION : Failed to set JaCoCo session: org.jacoco.agent.rt.RT
19:21:41 PIT >> INFO : MINION : Failed to dump JaCoCo execution data: org.jacoco.agent.rt.RT
19:21:41 PIT >> INFO : MINION : Failed to set JaCoCo session: org.jacoco.agent.rt.RT
19:21:41 PIT >> INFO : MINION : Failed to dump JaCoCo execution data: org.jacoco.agent.rt.RT
19:21:41 PIT >> INFO : MINION : Failed to set JaCoCo session: org.jacoco.agent.rt.RT
19:21:41 PIT >> INFO : MINION : Failed to dump JaCoCo execution data: org.jacoco.agent.rt.RT
19:21:41 PIT >> INFO : MINION : Failed to set JaCoCo session: org.jacoco.agent.rt.RT
19:21:41 PIT >> INFO : MINION : Failed to dump JaCoCo execution data: org.jacoco.agent.rt.RT
19:21:41 PIT >> INFO : MINION : Failed to set JaCoCo session: org.jacoco.agent.rt.RT
19:21:41 PIT >> INFO : MINION : Failed to dump JaCoCo execution data: org.jacoco.agent.rt.RT
19:21:41 PIT >> SEVERE : Description [testClass=org.springframework.core.annotation.AnnotatedElementUtilsTests, name=[engine:junit-jupiter]/[class:org.springframework.core.annotation.AnnotatedElementUtilsTests]/[method:getMergedAnnotationWithImplicitAliasesInMetaAnnotationOnComposedAnnotation()]] did not pass without mutation.
19:21:41 PIT >> SEVERE : Description [testClass=org.springframework.core.annotation.AnnotatedElementUtilsTests, name=[engine:junit-jupiter]/[class:org.springframework.core.annotation.AnnotatedElementUtilsTests]/[method:getMergedAnnotationOnThreeDeepMetaWithValue()]] did not pass without mutation.
19:21:41 PIT >> SEVERE : Description [testClass=org.springframework.core.annotation.AnnotatedElementUtilsTests, name=[engine:junit-jupiter]/[class:org.springframework.core.annotation.AnnotatedElementUtilsTests]/[method:getMergedAnnotationAttributesOnClassWithLocalAnnotationThatShadowsAnnotationFromSuperclass()]] did not pass without mutation.
19:21:41 PIT >> SEVERE : Description [testClass=org.springframework.core.annotation.AnnotatedElementUtilsTests, name=[engine:junit-jupiter]/[class:org.springframework.core.annotation.AnnotatedElementUtilsTests]/[method:findMethodAnnotationFromGenericInterface()]] did not pass without mutation.
19:21:41 PIT >> SEVERE : Description [testClass=org.springframework.core.annotation.AnnotatedElementUtilsTests, name=[engine:junit-jupiter]/[class:org.springframework.core.annotation.AnnotatedElementUtilsTests]/[method:getAllAnnotationAttributesOnClassWithLocalAnnotationThatShadowsAnnotationFromSuperclass()]] did not pass without mutation.
19:21:41 PIT >> INFO : MINION : Failed to set JaCoCo session: org.jacoco.agent.rt.RT
19:21:41 PIT >> SEVERE : Description [testClass=org.springframework.core.annotation.AnnotatedElementUtilsTests, name=[engine:junit-jupiter]/[class:org.springframework.core.annotation.AnnotatedElementUtilsTests]/[method:getMetaAnnotationTypesOnClassWithMetaDepth1()]] did not pass without mutation.
19:21:41 PIT >> SEVERE : Description [testClass=org.springframework.core.annotation.AnnotatedElementUtilsTests, name=[engine:junit-jupiter]/[class:org.springframework.core.annotation.AnnotatedElementUtilsTests]/[method:getMetaAnnotationTypesOnClassWithMetaDepth2()]] did not pass without mutation.
19:21:41 PIT >> SEVERE : Description [testClass=org.springframework.core.annotation.AnnotatedElementUtilsTests, name=[engine:junit-jupiter]/[class:org.springframework.core.annotation.AnnotatedElementUtilsTests]/[method:getAllAnnotationAttributesOnClassWithMultipleComposedAnnotations()]] did not pass without mutation.
19:21:41 PIT >> SEVERE : Description [testClass=org.springframework.core.annotation.AnnotatedElementUtilsTests, name=[engine:junit-jupiter]/[class:org.springframework.core.annotation.AnnotatedElementUtilsTests]/[method:getMergedAnnotationWithTransitiveImplicitAliases()]] did not pass without mutation.
19:21:41 PIT >> SEVERE : Description [testClass=org.springframework.core.annotation.AnnotatedElementUtilsTests, name=[engine:junit-jupiter]/[class:org.springframework.core.annotation.AnnotatedElementUtilsTests]/[method:isAnnotatedOnClassWithMetaDepth()]] did not pass without mutation.
19:21:41 PIT >> SEVERE : Description [testClass=org.springframework.core.annotation.AnnotatedElementUtilsTests, name=[engine:junit-jupiter]/[class:org.springframework.core.annotation.AnnotatedElementUtilsTests]/[method:findMergedRepeatableAnnotationsWithContainerWithMultipleAttributes()]] did not pass without mutation.
19:21:41 PIT >> INFO : MINION : Failed to dump JaCoCo execution data: org.jacoco.agent.rt.RT
19:21:41 PIT >> SEVERE : Description [testClass=org.springframework.core.annotation.AnnotatedElementUtilsTests, name=[engine:junit-jupiter]/[class:org.springframework.core.annotation.AnnotatedElementUtilsTests]/[method:getMergedAnnotationWithImplicitAliasesForSameAttributeInComposedAnnotation()]] did not pass without mutation.
19:21:41 PIT >> SEVERE : Description [testClass=org.springframework.core.annotation.AnnotatedElementUtilsTests, name=[engine:junit-jupiter]/[class:org.springframework.core.annotation.AnnotatedElementUtilsTests]/[method:getMergedAnnotationWithTransitiveImplicitAliasesWithSkippedLevelWithSingleElementOverridingAnArrayViaAliasFor()]] did not pass without mutation.
19:21:41 PIT >> SEVERE : Description [testClass=org.springframework.core.annotation.AnnotatedElementUtilsTests, name=[engine:junit-jupiter]/[class:org.springframework.core.annotation.AnnotatedElementUtilsTests]/[method:getAllAnnotationAttributesOnClassWithLocalComposedAnnotationAndInheritedAnnotation()]] did not pass without mutation.
19:21:41 PIT >> SEVERE : Description [testClass=org.springframework.core.annotation.AnnotatedElementUtilsTests, name=[engine:junit-jupiter]/[class:org.springframework.core.annotation.AnnotatedElementUtilsTests]/[method:findMergedAnnotationAttributesOnClassWithComposedMetaTransactionalAnnotation()]] did not pass without mutation.
19:21:41 PIT >> SEVERE : Description [testClass=org.springframework.core.annotation.AnnotatedElementUtilsTests, name=[engine:junit-jupiter]/[class:org.springframework.core.annotation.AnnotatedElementUtilsTests]/[method:isAnnotatedWithNameOnClassWithMetaDepth()]] did not pass without mutation.
19:21:41 PIT >> SEVERE : Description [testClass=org.springframework.core.annotation.AnnotatedElementUtilsTests, name=[engine:junit-jupiter]/[class:org.springframework.core.annotation.AnnotatedElementUtilsTests]/[method:findMergedAnnotationAttributesOnNonInheritedAnnotationInterface()]] did not pass without mutation.
19:21:41 PIT >> SEVERE : Description [testClass=org.springframework.core.annotation.AnnotatedElementUtilsTests, name=[engine:junit-jupiter]/[class:org.springframework.core.annotation.AnnotatedElementUtilsTests]/[method:getMergedAnnotationWithImplicitAliasesWithDefaultsInMetaAnnotationOnComposedAnnotation()]] did not pass without mutation.
19:21:41 PIT >> SEVERE : Description [testClass=org.springframework.core.annotation.AnnotatedElementUtilsTests, name=[engine:junit-jupiter]/[class:org.springframework.core.annotation.AnnotatedElementUtilsTests]/[method:getMergedAnnotationAttributesFavorsInheritedAnnotationsOverMoreLocallyDeclaredComposedAnnotations()]] did not pass without mutation.
19:21:41 PIT >> INFO : MINION : Failed to set JaCoCo session: org.jacoco.agent.rt.RT
19:21:41 PIT >> SEVERE : Description [testClass=org.springframework.core.annotation.AnnotatedElementUtilsTests, name=[engine:junit-jupiter]/[class:org.springframework.core.annotation.AnnotatedElementUtilsTests]/[method:javaxMetaAnnotationTypeViaFindMergedAnnotation()]] did not pass without mutation.
19:21:41 PIT >> INFO : MINION : Failed to dump JaCoCo execution data: org.jacoco.agent.rt.RT
19:21:41 PIT >> INFO : MINION : Failed to set JaCoCo session: org.jacoco.agent.rt.RT
19:21:41 PIT >> INFO : MINION : Failed to dump JaCoCo execution data: org.jacoco.agent.rt.RT
19:21:41 PIT >> INFO : MINION : Failed to set JaCoCo session: org.jacoco.agent.rt.RT
19:21:41 PIT >> INFO : MINION : Failed to dump JaCoCo execution data: org.jacoco.agent.rt.RT
19:21:41 PIT >> INFO : MINION : Failed to set JaCoCo session: org.jacoco.agent.rt.RT
19:21:41 PIT >> INFO : MINION : Failed to dump JaCoCo execution data: org.jacoco.agent.rt.RT
19:21:41 PIT >> INFO : MINION : Failed to set JaCoCo session: org.jacoco.agent.rt.RT
19:21:41 PIT >> INFO : MINION : Failed to dump JaCoCo execution data: org.jacoco.agent.rt.RT
19:21:41 PIT >> INFO : MINION : Failed to set JaCoCo session: org.jacoco.agent.rt.RT
19:21:41 PIT >> INFO : MINION : Failed to dump JaCoCo execution data: org.jacoco.agent.rt.RT
19:21:41 PIT >> INFO : MINION : Failed to set JaCoCo session: org.jacoco.agent.rt.RT
19:21:41 PIT >> INFO : MINION : Failed to dump JaCoCo execution data: org.jacoco.agent.rt.RT
19:21:41 PIT >> INFO : MINION : Failed to set JaCoCo session: org.jacoco.agent.rt.RT
19:21:41 PIT >> INFO : MINION : Failed to dump JaCoCo execution data: org.jacoco.agent.rt.RT
19:21:41 PIT >> INFO : MINION : Failed to set JaCoCo session: org.jacoco.agent.rt.RT
19:21:41 PIT >> INFO : MINION : Failed to dump JaCoCo execution data: org.jacoco.agent.rt.RT
19:21:41 PIT >> INFO : MINION : Failed to set JaCoCo session: org.jacoco.agent.rt.RT
19:21:41 PIT >> INFO : MINION : Failed to dump JaCoCo execution data: org.jacoco.agent.rt.RT
19:21:41 PIT >> INFO : MINION : Failed to set JaCoCo session: org.jacoco.agent.rt.RT
19:21:41 PIT >> INFO : MINION : Failed to dump JaCoCo execution data: org.jacoco.agent.rt.RT
19:21:41 PIT >> INFO : MINION : Failed to set JaCoCo session: org.jacoco.agent.rt.RT
19:21:41 PIT >> INFO : MINION : Failed to dump JaCoCo execution data: org.jacoco.agent.rt.RT
19:21:41 PIT >> INFO : MINION : Failed to set JaCoCo session: org.jacoco.agent.rt.RT
19:21:41 PIT >> INFO : MINION : Failed to dump JaCoCo execution data: org.jacoco.agent.rt.RT
19:21:41 PIT >> INFO : MINION : Failed to set JaCoCo session: org.jacoco.agent.rt.RT
19:21:41 PIT >> INFO : MINION : Failed to dump JaCoCo execution data: org.jacoco.agent.rt.RT
19:21:41 PIT >> INFO : MINION : Failed to set JaCoCo session: org.jacoco.agent.rt.RT
19:21:41 PIT >> INFO : MINION : Failed to dump JaCoCo execution data: org.jacoco.agent.rt.RT
19:21:41 PIT >> INFO : MINION : Failed to set JaCoCo session: org.jacoco.agent.rt.RT
19:21:41 PIT >> INFO : MINION : Failed to dump JaCoCo execution data: org.jacoco.agent.rt.RT
19:21:41 PIT >> INFO : MINION : Failed to set JaCoCo session: org.jacoco.agent.rt.RT
19:21:41 PIT >> INFO : MINION : Failed to dump JaCoCo execution data: org.jacoco.agent.rt.RT
19:21:41 PIT >> INFO : MINION : Failed to set JaCoCo session: org.jacoco.agent.rt.RT
19:21:41 PIT >> INFO : MINION : Failed to dump JaCoCo execution data: org.jacoco.agent.rt.RT
19:21:41 PIT >> INFO : MINION : Failed to set JaCoCo session: org.jacoco.agent.rt.RT
19:21:41 PIT >> INFO : MINION : Failed to dump JaCoCo execution data: org.jacoco.agent.rt.RT
19:21:41 PIT >> INFO : MINION : Failed to set JaCoCo session: org.jacoco.agent.rt.RT
19:21:41 PIT >> INFO : MINION : Failed to dump JaCoCo execution data: org.jacoco.agent.rt.RT
19:21:41 PIT >> SEVERE : Description [testClass=org.springframework.core.annotation.AnnotatedElementUtilsTests, name=[engine:junit-jupiter]/[class:org.springframework.core.annotation.AnnotatedElementUtilsTests]/[method:nullableAnnotationTypeViaFindMergedAnnotation()]] did not pass without mutation.
19:21:41 PIT >> SEVERE : Description [testClass=org.springframework.core.annotation.AnnotatedElementUtilsTests, name=[engine:junit-jupiter]/[class:org.springframework.core.annotation.AnnotatedElementUtilsTests]/[method:findMergedAnnotationAttributesOnClassWithBothAttributesOfAnAliasPairDeclared()]] did not pass without mutation.
19:21:41 PIT >> SEVERE : Description [testClass=org.springframework.core.annotation.AnnotatedElementUtilsTests, name=[engine:junit-jupiter]/[class:org.springframework.core.annotation.AnnotatedElementUtilsTests]/[method:hasMetaAnnotationTypesOnClassWithMetaDepth0()]] did not pass without mutation.
19:21:41 PIT >> SEVERE : Description [testClass=org.springframework.core.annotation.AnnotatedElementUtilsTests, name=[engine:junit-jupiter]/[class:org.springframework.core.annotation.AnnotatedElementUtilsTests]/[method:hasMetaAnnotationTypesOnClassWithMetaDepth1()]] did not pass without mutation.
19:21:41 PIT >> SEVERE : Description [testClass=org.springframework.core.annotation.AnnotatedElementUtilsTests, name=[engine:junit-jupiter]/[class:org.springframework.core.annotation.AnnotatedElementUtilsTests]/[method:hasMetaAnnotationTypesOnClassWithMetaDepth2()]] did not pass without mutation.
19:21:41 PIT >> SEVERE : Description [testClass=org.springframework.core.annotation.AnnotatedElementUtilsTests, name=[engine:junit-jupiter]/[class:org.springframework.core.annotation.AnnotatedElementUtilsTests]/[method:findMergedAnnotationAttributesOnSubSubInheritedAnnotationInterface()]] did not pass without mutation.
19:21:41 PIT >> SEVERE : Description [testClass=org.springframework.core.annotation.AnnotatedElementUtilsTests, name=[engine:junit-jupiter]/[class:org.springframework.core.annotation.AnnotatedElementUtilsTests]/[method:findAllMergedAnnotationsOnClassWithInterface()]] did not pass without mutation.
19:21:41 PIT >> SEVERE : Description [testClass=org.springframework.core.annotation.AnnotatedElementUtilsTests, name=[engine:junit-jupiter]/[class:org.springframework.core.annotation.AnnotatedElementUtilsTests]/[method:javaxAnnotationTypeViaFindMergedAnnotation()]] did not pass without mutation.
19:21:41 PIT >> SEVERE : Description [testClass=org.springframework.core.annotation.AnnotatedElementUtilsTests, name=[engine:junit-jupiter]/[class:org.springframework.core.annotation.AnnotatedElementUtilsTests]/[method:getMergedAnnotationWithTransitiveImplicitAliasesWithSingleElementOverridingAnArrayViaAliasFor()]] did not pass without mutation.
19:21:41 PIT >> INFO : MINION : Failed to set JaCoCo session: org.jacoco.agent.rt.RT
19:21:41 PIT >> SEVERE : Description [testClass=org.springframework.core.annotation.AnnotatedElementUtilsTests, name=[engine:junit-jupiter]/[class:org.springframework.core.annotation.AnnotatedElementUtilsTests]/[method:findMethodAnnotationFromGenericSuperclass()]] did not pass without mutation.
19:21:41 PIT >> SEVERE : Description [testClass=org.springframework.core.annotation.AnnotatedElementUtilsTests, name=[engine:junit-jupiter]/[class:org.springframework.core.annotation.AnnotatedElementUtilsTests]/[method:hasAnnotationOnClassWithMetaDepth()]] did not pass without mutation.
19:21:41 PIT >> SEVERE : Description [testClass=org.springframework.core.annotation.AnnotatedElementUtilsTests, name=[engine:junit-jupiter]/[class:org.springframework.core.annotation.AnnotatedElementUtilsTests]/[method:getMergedAnnotationAttributesOnMetaCycleAnnotatedClassWithMissingTargetMetaAnnotation()]] did not pass without mutation.
19:21:41 PIT >> SEVERE : Description [testClass=org.springframework.core.annotation.AnnotatedElementUtilsTests, name=[engine:junit-jupiter]/[class:org.springframework.core.annotation.AnnotatedElementUtilsTests]/[method:findMergedAnnotationWithAttributeAliasesInTargetAnnotation()]] did not pass without mutation.
19:21:41 PIT >> SEVERE : Description [testClass=org.springframework.core.annotation.AnnotatedElementUtilsTests, name=[engine:junit-jupiter]/[class:org.springframework.core.annotation.AnnotatedElementUtilsTests]/[method:getMergedAnnotationAttributesFavorsLocalComposedAnnotationOverInheritedAnnotation()]] did not pass without mutation.
19:21:41 PIT >> SEVERE : Description [testClass=org.springframework.core.annotation.AnnotatedElementUtilsTests, name=[engine:junit-jupiter]/[class:org.springframework.core.annotation.AnnotatedElementUtilsTests]/[nested-class:ConventionBasedAnnotationAttributeOverrideTests]/[method:getMergedAnnotationAttributesWithConventionBasedComposedAnnotation()]] did not pass without mutation.
19:21:41 PIT >> SEVERE : Description [testClass=org.springframework.core.annotation.AnnotatedElementUtilsTests, name=[engine:junit-jupiter]/[class:org.springframework.core.annotation.AnnotatedElementUtilsTests]/[nested-class:ConventionBasedAnnotationAttributeOverrideTests]/[method:findMergedAnnotationAttributesWithSingleElementOverridingAnArrayViaConvention()]] did not pass without mutation.
19:21:41 PIT >> SEVERE : Description [testClass=org.springframework.core.annotation.AnnotatedElementUtilsTests, name=[engine:junit-jupiter]/[class:org.springframework.core.annotation.AnnotatedElementUtilsTests]/[nested-class:ConventionBasedAnnotationAttributeOverrideTests]/[method:findMergedAnnotationWithSingleElementOverridingAnArrayViaConvention()]] did not pass without mutation.
19:21:41 PIT >> INFO : MINION : Failed to dump JaCoCo execution data: org.jacoco.agent.rt.RT
19:21:41 PIT >> INFO : MINION : Failed to set JaCoCo session: org.jacoco.agent.rt.RT
19:21:41 PIT >> INFO : MINION : Failed to dump JaCoCo execution data: org.jacoco.agent.rt.RT
19:21:41 PIT >> INFO : MINION : Failed to set JaCoCo session: org.jacoco.agent.rt.RT
19:21:41 PIT >> INFO : MINION : Failed to dump JaCoCo execution data: org.jacoco.agent.rt.RT
19:21:41 PIT >> INFO : MINION : Failed to set JaCoCo session: org.jacoco.agent.rt.RT
19:21:41 PIT >> INFO : MINION : Failed to dump JaCoCo execution data: org.jacoco.agent.rt.RT
19:21:41 PIT >> INFO : MINION : Failed to set JaCoCo session: org.jacoco.agent.rt.RT
19:21:41 PIT >> INFO : MINION : Failed to dump JaCoCo execution data: org.jacoco.agent.rt.RT
19:21:41 PIT >> INFO : MINION : Failed to set JaCoCo session: org.jacoco.agent.rt.RT
19:21:41 PIT >> INFO : MINION : Failed to dump JaCoCo execution data: org.jacoco.agent.rt.RT
19:21:41 PIT >> INFO : MINION : Failed to set JaCoCo session: org.jacoco.agent.rt.RT
19:21:41 PIT >> INFO : MINION : Failed to dump JaCoCo execution data: org.jacoco.agent.rt.RT
19:21:41 PIT >> INFO : MINION : Failed to set JaCoCo session: org.jacoco.agent.rt.RT
19:21:41 PIT >> INFO : MINION : Failed to dump JaCoCo execution data: org.jacoco.agent.rt.RT
19:21:41 PIT >> INFO : MINION : Failed to set JaCoCo session: org.jacoco.agent.rt.RT
19:21:41 PIT >> INFO : MINION : Failed to dump JaCoCo execution data: org.jacoco.agent.rt.RT
19:21:41 PIT >> INFO : MINION : Failed to set JaCoCo session: org.jacoco.agent.rt.RT
19:21:41 PIT >> INFO : MINION : Failed to dump JaCoCo execution data: org.jacoco.agent.rt.RT
19:21:41 PIT >> INFO : MINION : Failed to set JaCoCo session: org.jacoco.agent.rt.RT
19:21:41 PIT >> INFO : MINION : Failed to dump JaCoCo execution data: org.jacoco.agent.rt.RT
19:21:41 PIT >> INFO : MINION : Failed to set JaCoCo session: org.jacoco.agent.rt.RT
19:21:41 PIT >> INFO : MINION : Failed to dump JaCoCo execution data: org.jacoco.agent.rt.RT
19:21:41 PIT >> INFO : MINION : Failed to set JaCoCo session: org.jacoco.agent.rt.RT
19:21:41 PIT >> INFO : MINION : Failed to dump JaCoCo execution data: org.jacoco.agent.rt.RT
19:21:41 PIT >> INFO : MINION : Failed to set JaCoCo session: org.jacoco.agent.rt.RT
19:21:41 PIT >> INFO : MINION : Failed to dump JaCoCo execution data: org.jacoco.agent.rt.RT
19:21:41 PIT >> INFO : MINION : Failed to set JaCoCo session: org.jacoco.agent.rt.RT
19:21:41 PIT >> INFO : MINION : Failed to dump JaCoCo execution data: org.jacoco.agent.rt.RT
19:21:41 PIT >> INFO : MINION : Failed to set JaCoCo session: org.jacoco.agent.rt.RT
19:21:41 PIT >> INFO : MINION : Failed to dump JaCoCo execution data: org.jacoco.agent.rt.RT
19:21:41 PIT >> INFO : MINION : Failed to set JaCoCo session: org.jacoco.agent.rt.RT
19:21:41 PIT >> INFO : MINION : Failed to dump JaCoCo execution data: org.jacoco.agent.rt.RT
19:21:41 PIT >> INFO : MINION : Failed to set JaCoCo session: org.jacoco.agent.rt.RT
19:21:41 PIT >> INFO : MINION : Failed to dump JaCoCo execution data: org.jacoco.agent.rt.RT
19:21:41 PIT >> INFO : MINION : Failed to set JaCoCo session: org.jacoco.agent.rt.RT
19:21:41 PIT >> INFO : MINION : Failed to dump JaCoCo execution data: org.jacoco.agent.rt.RT
19:21:41 PIT >> INFO : MINION : Failed to set JaCoCo session: org.jacoco.agent.rt.RT
19:21:41 PIT >> INFO : MINION : Failed to dump JaCoCo execution data: org.jacoco.agent.rt.RT
19:21:41 PIT >> INFO : MINION : Failed to set JaCoCo session: org.jacoco.agent.rt.RT
19:21:41 PIT >> INFO : MINION : Failed to dump JaCoCo execution data: org.jacoco.agent.rt.RT
19:21:41 PIT >> INFO : MINION : Failed to set JaCoCo session: org.jacoco.agent.rt.RT
19:21:41 PIT >> INFO : MINION : Failed to dump JaCoCo execution data: org.jacoco.agent.rt.RT
19:21:41 PIT >> INFO : MINION : Failed to set JaCoCo session: org.jacoco.agent.rt.RT
19:21:41 PIT >> INFO : MINION : Failed to dump JaCoCo execution data: org.jacoco.agent.rt.RT
19:21:41 PIT >> INFO : MINION : Failed to set JaCoCo session: org.jacoco.agent.rt.RT
19:21:41 PIT >> INFO : MINION : Failed to dump JaCoCo execution data: org.jacoco.agent.rt.RT
19:21:41 PIT >> SEVERE : Description [testClass=org.springframework.core.annotation.AnnotatedElementUtilsTests, name=[engine:junit-jupiter]/[class:org.springframework.core.annotation.AnnotatedElementUtilsTests]/[nested-class:ConventionBasedAnnotationAttributeOverrideTests]/[method:getMergedAnnotationAttributesWithInvalidConventionBasedComposedAnnotation()]] did not pass without mutation.
19:21:41 PIT >> SEVERE : Description [testClass=org.springframework.core.annotation.AnnotatedElementUtilsTests, name=[engine:junit-jupiter]/[class:org.springframework.core.annotation.AnnotatedElementUtilsTests]/[nested-class:ConventionBasedAnnotationAttributeOverrideTests]/[method:findMergedAnnotationWithLocalAliasesThatConflictWithAttributesInMetaAnnotationByConvention()]] did not pass without mutation.
19:21:41 PIT >> SEVERE : Description [testClass=org.springframework.core.annotation.AnnotationAttributesTests, name=[engine:junit-jupiter]/[class:org.springframework.core.annotation.AnnotationAttributesTests]/[method:getAliasedStringArrayWithImplicitAliases()]] did not pass without mutation.
19:21:41 PIT >> INFO : MINION : Failed to set JaCoCo session: org.jacoco.agent.rt.RT
19:21:41 PIT >> SEVERE : Description [testClass=org.springframework.core.annotation.AnnotationAttributesTests, name=[engine:junit-jupiter]/[class:org.springframework.core.annotation.AnnotationAttributesTests]/[method:getAliasedStringWithImplicitAliases()]] did not pass without mutation.
19:21:41 PIT >> INFO : MINION : Failed to dump JaCoCo execution data: org.jacoco.agent.rt.RT
19:21:41 PIT >> SEVERE : Description [testClass=org.springframework.core.annotation.AnnotationAwareOrderComparatorTests, name=[engine:junit-jupiter]/[class:org.springframework.core.annotation.AnnotationAwareOrderComparatorTests]/[method:sortInstancesWithOrderAndPriority()]] did not pass without mutation.
19:21:41 PIT >> SEVERE : Description [testClass=org.springframework.core.annotation.AnnotationAwareOrderComparatorTests, name=[engine:junit-jupiter]/[class:org.springframework.core.annotation.AnnotationAwareOrderComparatorTests]/[method:sortClassesWithSubclass()]] did not pass without mutation.
19:21:41 PIT >> SEVERE : Description [testClass=org.springframework.core.annotation.AnnotationAwareOrderComparatorTests, name=[engine:junit-jupiter]/[class:org.springframework.core.annotation.AnnotationAwareOrderComparatorTests]/[method:sortInstancesWithSubclass()]] did not pass without mutation.
19:21:41 PIT >> SEVERE : Description [testClass=org.springframework.core.annotation.AnnotationAwareOrderComparatorTests, name=[engine:junit-jupiter]/[class:org.springframework.core.annotation.AnnotationAwareOrderComparatorTests]/[method:sortInstances()]] did not pass without mutation.
19:21:41 PIT >> SEVERE : Description [testClass=org.springframework.core.annotation.AnnotationAwareOrderComparatorTests, name=[engine:junit-jupiter]/[class:org.springframework.core.annotation.AnnotationAwareOrderComparatorTests]/[method:sortInstancesWithPriority()]] did not pass without mutation.
19:21:41 PIT >> SEVERE : Description [testClass=org.springframework.core.annotation.AnnotationAwareOrderComparatorTests, name=[engine:junit-jupiter]/[class:org.springframework.core.annotation.AnnotationAwareOrderComparatorTests]/[method:sortWithNulls()]] did not pass without mutation.
19:21:41 PIT >> SEVERE : Description [testClass=org.springframework.core.annotation.AnnotationAwareOrderComparatorTests, name=[engine:junit-jupiter]/[class:org.springframework.core.annotation.AnnotationAwareOrderComparatorTests]/[method:sortClasses()]] did not pass without mutation.
19:21:41 PIT >> SEVERE : Description [testClass=org.springframework.core.annotation.AnnotationBackCompatibilityTests, name=[engine:junit-jupiter]/[class:org.springframework.core.annotation.AnnotationBackCompatibilityTests]/[method:defaultValue()]] did not pass without mutation.
19:21:41 PIT >> SEVERE : Description [testClass=org.springframework.core.annotation.AnnotationBackCompatibilityTests, name=[engine:junit-jupiter]/[class:org.springframework.core.annotation.AnnotationBackCompatibilityTests]/[method:multiplRoutesToMetaAnnotation()]] did not pass without mutation.
19:21:41 PIT >> INFO : MINION : Failed to set JaCoCo session: org.jacoco.agent.rt.RT
19:21:41 PIT >> INFO : MINION : Failed to dump JaCoCo execution data: org.jacoco.agent.rt.RT
19:21:41 PIT >> INFO : MINION : Failed to set JaCoCo session: org.jacoco.agent.rt.RT
19:21:41 PIT >> INFO : MINION : Failed to dump JaCoCo execution data: org.jacoco.agent.rt.RT
19:21:41 PIT >> INFO : MINION : Failed to set JaCoCo session: org.jacoco.agent.rt.RT
19:21:41 PIT >> INFO : MINION : Failed to dump JaCoCo execution data: org.jacoco.agent.rt.RT
19:21:41 PIT >> INFO : MINION : Failed to set JaCoCo session: org.jacoco.agent.rt.RT
19:21:41 PIT >> INFO : MINION : Failed to dump JaCoCo execution data: org.jacoco.agent.rt.RT
19:21:41 PIT >> INFO : MINION : Failed to set JaCoCo session: org.jacoco.agent.rt.RT
19:21:41 PIT >> INFO : MINION : Failed to dump JaCoCo execution data: org.jacoco.agent.rt.RT
19:21:41 PIT >> INFO : MINION : Failed to set JaCoCo session: org.jacoco.agent.rt.RT
19:21:41 PIT >> INFO : MINION : Failed to dump JaCoCo execution data: org.jacoco.agent.rt.RT
19:21:41 PIT >> INFO : MINION : Failed to set JaCoCo session: org.jacoco.agent.rt.RT
19:21:41 PIT >> INFO : MINION : Failed to dump JaCoCo execution data: org.jacoco.agent.rt.RT
19:21:41 PIT >> INFO : MINION : Failed to set JaCoCo session: org.jacoco.agent.rt.RT
19:21:41 PIT >> INFO : MINION : Failed to dump JaCoCo execution data: org.jacoco.agent.rt.RT
19:21:41 PIT >> INFO : MINION : Failed to set JaCoCo session: org.jacoco.agent.rt.RT
19:21:41 PIT >> INFO : MINION : Failed to dump JaCoCo execution data: org.jacoco.agent.rt.RT
19:21:41 PIT >> INFO : MINION : Failed to set JaCoCo session: org.jacoco.agent.rt.RT
19:21:41 PIT >> INFO : MINION : Failed to dump JaCoCo execution data: org.jacoco.agent.rt.RT
19:21:41 PIT >> INFO : MINION : Failed to set JaCoCo session: org.jacoco.agent.rt.RT
19:21:41 PIT >> INFO : MINION : Failed to dump JaCoCo execution data: org.jacoco.agent.rt.RT
19:21:41 PIT >> INFO : MINION : Failed to set JaCoCo session: org.jacoco.agent.rt.RT
19:21:41 PIT >> INFO : MINION : Failed to dump JaCoCo execution data: org.jacoco.agent.rt.RT
19:21:41 PIT >> INFO : MINION : Failed to set JaCoCo session: org.jacoco.agent.rt.RT
19:21:41 PIT >> INFO : MINION : Failed to dump JaCoCo execution data: org.jacoco.agent.rt.RT
19:21:41 PIT >> INFO : MINION : Failed to set JaCoCo session: org.jacoco.agent.rt.RT
19:21:41 PIT >> INFO : MINION : Failed to dump JaCoCo execution data: org.jacoco.agent.rt.RT
19:21:41 PIT >> INFO : MINION : Failed to set JaCoCo session: org.jacoco.agent.rt.RT
19:21:41 PIT >> INFO : MINION : Failed to dump JaCoCo execution data: org.jacoco.agent.rt.RT
19:21:41 PIT >> INFO : MINION : Failed to set JaCoCo session: org.jacoco.agent.rt.RT
19:21:41 PIT >> INFO : MINION : Failed to dump JaCoCo execution data: org.jacoco.agent.rt.RT
19:21:41 PIT >> INFO : MINION : Failed to set JaCoCo session: org.jacoco.agent.rt.RT
19:21:41 PIT >> INFO : MINION : Failed to dump JaCoCo execution data: org.jacoco.agent.rt.RT
19:21:41 PIT >> INFO : MINION : Failed to set JaCoCo session: org.jacoco.agent.rt.RT
19:21:41 PIT >> INFO : MINION : Failed to dump JaCoCo execution data: org.jacoco.agent.rt.RT
19:21:41 PIT >> INFO : MINION : Failed to set JaCoCo session: org.jacoco.agent.rt.RT
19:21:41 PIT >> INFO : MINION : Failed to dump JaCoCo execution data: org.jacoco.agent.rt.RT
19:21:41 PIT >> INFO : MINION : Failed to set JaCoCo session: org.jacoco.agent.rt.RT
19:21:41 PIT >> INFO : MINION : Failed to dump JaCoCo execution data: org.jacoco.agent.rt.RT
19:21:41 PIT >> INFO : MINION : Failed to set JaCoCo session: org.jacoco.agent.rt.RT
19:21:41 PIT >> INFO : MINION : Failed to dump JaCoCo execution data: org.jacoco.agent.rt.RT
19:21:41 PIT >> INFO : MINION : Failed to set JaCoCo session: org.jacoco.agent.rt.RT
19:21:41 PIT >> INFO : MINION : Failed to dump JaCoCo execution data: org.jacoco.agent.rt.RT
19:21:41 PIT >> INFO : MINION : Failed to set JaCoCo session: org.jacoco.agent.rt.RT
19:21:41 PIT >> INFO : MINION : Failed to dump JaCoCo execution data: org.jacoco.agent.rt.RT
19:21:41 PIT >> INFO : MINION : Failed to set JaCoCo session: org.jacoco.agent.rt.RT
19:21:41 PIT >> SEVERE : Description [testClass=org.springframework.core.annotation.AnnotationTypeMappingsTests, name=[engine:junit-jupiter]/[class:org.springframework.core.annotation.AnnotationTypeMappingsTests]/[method:getMirrorSetWhenThreeDeepReturnsMirrors()]] did not pass without mutation.
19:21:41 PIT >> SEVERE : Description [testClass=org.springframework.core.annotation.AnnotationTypeMappingsTests, name=[engine:junit-jupiter]/[class:org.springframework.core.annotation.AnnotationTypeMappingsTests]/[method:getAliasMappingReturnsAttributes()]] did not pass without mutation.
19:21:41 PIT >> SEVERE : Description [testClass=org.springframework.core.annotation.AnnotationTypeMappingsTests, name=[engine:junit-jupiter]/[class:org.springframework.core.annotation.AnnotationTypeMappingsTests]/[method:isEquivalentToDefaultValueWhenClassAndStringNamesMatchReturnsTrue()]] did not pass without mutation.
19:21:41 PIT >> SEVERE : Description [testClass=org.springframework.core.annotation.AnnotationTypeMappingsTests, name=[engine:junit-jupiter]/[class:org.springframework.core.annotation.AnnotationTypeMappingsTests]/[method:forAnnotationTypeWhenAliasForSelfWithDifferentDefaults()]] did not pass without mutation.
19:21:41 PIT >> SEVERE : Description [testClass=org.springframework.core.annotation.AnnotationTypeMappingsTests, name=[engine:junit-jupiter]/[class:org.springframework.core.annotation.AnnotationTypeMappingsTests]/[method:forAnnotationTypeWhenAliasForToOtherNonExistingAttribute()]] did not pass without mutation.
19:21:41 PIT >> INFO : MINION : Failed to dump JaCoCo execution data: org.jacoco.agent.rt.RT
19:21:41 PIT >> SEVERE : Description [testClass=org.springframework.core.annotation.AnnotationTypeMappingsTests, name=[engine:junit-jupiter]/[class:org.springframework.core.annotation.AnnotationTypeMappingsTests]/[method:getDistanceReturnsDistance()]] did not pass without mutation.
19:21:41 PIT >> SEVERE : Description [testClass=org.springframework.core.annotation.AnnotationTypeMappingsTests, name=[engine:junit-jupiter]/[class:org.springframework.core.annotation.AnnotationTypeMappingsTests]/[method:isEquivalentToDefaultValueWhenNotMatchingReturnsFalse()]] did not pass without mutation.
19:21:41 PIT >> SEVERE : Description [testClass=org.springframework.core.annotation.AnnotationTypeMappingsTests, name=[engine:junit-jupiter]/[class:org.springframework.core.annotation.AnnotationTypeMappingsTests]/[method:getAnnotationWhenMetaAnnotationReturnsAnnotation()]] did not pass without mutation.
19:21:41 PIT >> SEVERE : Description [testClass=org.springframework.core.annotation.AnnotationTypeMappingsTests, name=[engine:junit-jupiter]/[class:org.springframework.core.annotation.AnnotationTypeMappingsTests]/[method:isEquivalentToDefaultValueWhenValueAndDefaultAreNullReturnsTrue()]] did not pass without mutation.
19:21:41 PIT >> SEVERE : Description [testClass=org.springframework.core.annotation.AnnotationTypeMappingsTests, name=[engine:junit-jupiter]/[class:org.springframework.core.annotation.AnnotationTypeMappingsTests]/[method:getAnnotationTypeReturnsAnnotationType()]] did not pass without mutation.
19:21:41 PIT >> INFO : MINION : Failed to set JaCoCo session: org.jacoco.agent.rt.RT
19:21:41 PIT >> INFO : MINION : Failed to dump JaCoCo execution data: org.jacoco.agent.rt.RT
19:21:42 PIT >> INFO : MINION : Failed to set JaCoCo session: org.jacoco.agent.rt.RT
19:21:42 PIT >> INFO : MINION : Failed to dump JaCoCo execution data: org.jacoco.agent.rt.RT
19:21:42 PIT >> INFO : MINION : Failed to set JaCoCo session: org.jacoco.agent.rt.RT
19:21:42 PIT >> INFO : MINION : Failed to dump JaCoCo execution data: org.jacoco.agent.rt.RT
19:21:42 PIT >> INFO : MINION : Failed to set JaCoCo session: org.jacoco.agent.rt.RT
19:21:42 PIT >> INFO : MINION : Failed to dump JaCoCo execution data: org.jacoco.agent.rt.RT
19:21:42 PIT >> INFO : MINION : Failed to set JaCoCo session: org.jacoco.agent.rt.RT
19:21:42 PIT >> INFO : MINION : Failed to dump JaCoCo execution data: org.jacoco.agent.rt.RT
19:21:42 PIT >> INFO : MINION : Failed to set JaCoCo session: org.jacoco.agent.rt.RT
19:21:42 PIT >> INFO : MINION : Failed to dump JaCoCo execution data: org.jacoco.agent.rt.RT
19:21:42 PIT >> INFO : MINION : Failed to set JaCoCo session: org.jacoco.agent.rt.RT
19:21:42 PIT >> INFO : MINION : Failed to dump JaCoCo execution data: org.jacoco.agent.rt.RT
19:21:42 PIT >> INFO : MINION : Failed to set JaCoCo session: org.jacoco.agent.rt.RT
19:21:42 PIT >> INFO : MINION : Failed to dump JaCoCo execution data: org.jacoco.agent.rt.RT
19:21:42 PIT >> INFO : MINION : Failed to set JaCoCo session: org.jacoco.agent.rt.RT
19:21:42 PIT >> INFO : MINION : Failed to dump JaCoCo execution data: org.jacoco.agent.rt.RT
19:21:42 PIT >> INFO : MINION : Failed to set JaCoCo session: org.jacoco.agent.rt.RT
19:21:42 PIT >> INFO : MINION : Failed to dump JaCoCo execution data: org.jacoco.agent.rt.RT
19:21:42 PIT >> INFO : MINION : Failed to set JaCoCo session: org.jacoco.agent.rt.RT
19:21:42 PIT >> INFO : MINION : Failed to dump JaCoCo execution data: org.jacoco.agent.rt.RT
19:21:42 PIT >> INFO : MINION : Failed to set JaCoCo session: org.jacoco.agent.rt.RT
19:21:42 PIT >> INFO : MINION : Failed to dump JaCoCo execution data: org.jacoco.agent.rt.RT
19:21:42 PIT >> INFO : MINION : Failed to set JaCoCo session: org.jacoco.agent.rt.RT
19:21:42 PIT >> INFO : MINION : Failed to dump JaCoCo execution data: org.jacoco.agent.rt.RT
19:21:42 PIT >> INFO : MINION : Failed to set JaCoCo session: org.jacoco.agent.rt.RT
19:21:42 PIT >> INFO : MINION : Failed to dump JaCoCo execution data: org.jacoco.agent.rt.RT
19:21:42 PIT >> INFO : MINION : Failed to set JaCoCo session: org.jacoco.agent.rt.RT
19:21:42 PIT >> INFO : MINION : Failed to dump JaCoCo execution data: org.jacoco.agent.rt.RT
19:21:42 PIT >> INFO : MINION : Failed to set JaCoCo session: org.jacoco.agent.rt.RT
19:21:42 PIT >> INFO : MINION : Failed to dump JaCoCo execution data: org.jacoco.agent.rt.RT
19:21:42 PIT >> INFO : MINION : Failed to set JaCoCo session: org.jacoco.agent.rt.RT
19:21:42 PIT >> INFO : MINION : Failed to dump JaCoCo execution data: org.jacoco.agent.rt.RT
19:21:42 PIT >> INFO : MINION : Failed to set JaCoCo session: org.jacoco.agent.rt.RT
19:21:42 PIT >> INFO : MINION : Failed to dump JaCoCo execution data: org.jacoco.agent.rt.RT
19:21:42 PIT >> INFO : MINION : Failed to set JaCoCo session: org.jacoco.agent.rt.RT
19:21:42 PIT >> INFO : MINION : Failed to dump JaCoCo execution data: org.jacoco.agent.rt.RT
19:21:42 PIT >> INFO : MINION : Failed to set JaCoCo session: org.jacoco.agent.rt.RT
19:21:42 PIT >> INFO : MINION : Failed to dump JaCoCo execution data: org.jacoco.agent.rt.RT
19:21:42 PIT >> INFO : MINION : Failed to set JaCoCo session: org.jacoco.agent.rt.RT
19:21:42 PIT >> INFO : MINION : Failed to dump JaCoCo execution data: org.jacoco.agent.rt.RT
19:21:42 PIT >> INFO : MINION : Failed to set JaCoCo session: org.jacoco.agent.rt.RT
19:21:42 PIT >> INFO : MINION : Failed to dump JaCoCo execution data: org.jacoco.agent.rt.RT
19:21:42 PIT >> SEVERE : Description [testClass=org.springframework.core.annotation.AnnotationTypeMappingsTests, name=[engine:junit-jupiter]/[class:org.springframework.core.annotation.AnnotationTypeMappingsTests]/[method:forAnnotationTypeWhenMetaAnnotationsReturnsMappings()]] did not pass without mutation.
19:21:42 PIT >> SEVERE : Description [testClass=org.springframework.core.annotation.AnnotationTypeMappingsTests, name=[engine:junit-jupiter]/[class:org.springframework.core.annotation.AnnotationTypeMappingsTests]/[method:forAnnotationTypeWhenAliasForSelfWithMissingDefault()]] did not pass without mutation.
19:21:42 PIT >> SEVERE : Description [testClass=org.springframework.core.annotation.AnnotationTypeMappingsTests, name=[engine:junit-jupiter]/[class:org.springframework.core.annotation.AnnotationTypeMappingsTests]/[method:getConventionMappingReturnsAttributes()]] did not pass without mutation.
19:21:42 PIT >> SEVERE : Description [testClass=org.springframework.core.annotation.AnnotationTypeMappingsTests, name=[engine:junit-jupiter]/[class:org.springframework.core.annotation.AnnotationTypeMappingsTests]/[method:resolveMirrorsWhenHasSameValuesUsesFirst()]] did not pass without mutation.
19:21:42 PIT >> SEVERE : Description [testClass=org.springframework.core.annotation.AnnotationTypeMappingsTests, name=[engine:junit-jupiter]/[class:org.springframework.core.annotation.AnnotationTypeMappingsTests]/[method:forAnnotationTypeWhenAliasForNonMetaAnnotated()]] did not pass without mutation.
19:21:42 PIT >> SEVERE : Description [testClass=org.springframework.core.annotation.AnnotationTypeMappingsTests, name=[engine:junit-jupiter]/[class:org.springframework.core.annotation.AnnotationTypeMappingsTests]/[method:getMetaTypeReturnsTypes()]] did not pass without mutation.
19:21:42 PIT >> INFO : MINION : Failed to set JaCoCo session: org.jacoco.agent.rt.RT
19:21:42 PIT >> SEVERE : Description [testClass=org.springframework.core.annotation.AnnotationTypeMappingsTests, name=[engine:junit-jupiter]/[class:org.springframework.core.annotation.AnnotationTypeMappingsTests]/[method:getConventionMappingWhenConventionToExplicitAliasesReturnsMappedAttributes()]] did not pass without mutation.
19:21:42 PIT >> SEVERE : Description [testClass=org.springframework.core.annotation.AnnotationTypeMappingsTests, name=[engine:junit-jupiter]/[class:org.springframework.core.annotation.AnnotationTypeMappingsTests]/[method:resolveMirrorsWhenHasWithMultipleRoutesToAliasReturnsMirrors()]] did not pass without mutation.
19:21:42 PIT >> SEVERE : Description [testClass=org.springframework.core.annotation.AnnotationTypeMappingsTests, name=[engine:junit-jupiter]/[class:org.springframework.core.annotation.AnnotationTypeMappingsTests]/[method:forAnnotationTypeWhenHasAliasForWithBothValueAndAttributeThrowsException()]] did not pass without mutation.
19:21:42 PIT >> INFO : MINION : Failed to dump JaCoCo execution data: org.jacoco.agent.rt.RT
19:21:42 PIT >> SEVERE : Description [testClass=org.springframework.core.annotation.AnnotationTypeMappingsTests, name=[engine:junit-jupiter]/[class:org.springframework.core.annotation.AnnotationTypeMappingsTests]/[method:isEquivalentToDefaultValueWhenNestedAnnotationAndExtractedValuesMatchReturnsTrueAndValueSuppliedAsTypeMappedAnnotation()]] did not pass without mutation.
19:21:42 PIT >> SEVERE : Description [testClass=org.springframework.core.annotation.AnnotationTypeMappingsTests, name=[engine:junit-jupiter]/[class:org.springframework.core.annotation.AnnotationTypeMappingsTests]/[method:forAnnotationTypeWhenRepeatableMetaAnnotationIsFiltered()]] did not pass without mutation.
19:21:42 PIT >> SEVERE : Description [testClass=org.springframework.core.annotation.AnnotationTypeMappingsTests, name=[engine:junit-jupiter]/[class:org.springframework.core.annotation.AnnotationTypeMappingsTests]/[method:getAttributesReturnsAttributes()]] did not pass without mutation.
19:21:42 PIT >> SEVERE : Description [testClass=org.springframework.core.annotation.AnnotationTypeMappingsTests, name=[engine:junit-jupiter]/[class:org.springframework.core.annotation.AnnotationTypeMappingsTests]/[method:getAnnotationWhenRootReturnsNull()]] did not pass without mutation.
19:21:42 PIT >> SEVERE : Description [testClass=org.springframework.core.annotation.AnnotationTypeMappingsTests, name=[engine:junit-jupiter]/[class:org.springframework.core.annotation.AnnotationTypeMappingsTests]/[method:forAnnotationTypeWhenSelfAnnotatedReturnsMapping()]] did not pass without mutation.
19:21:42 PIT >> SEVERE : Description [testClass=org.springframework.core.annotation.AnnotationTypeMappingsTests, name=[engine:junit-jupiter]/[class:org.springframework.core.annotation.AnnotationTypeMappingsTests]/[method:forAnnotationTypeWhenAliasForToSelf()]] did not pass without mutation.
19:21:42 PIT >> SEVERE : Description [testClass=org.springframework.core.annotation.AnnotationTypeMappingsTests, name=[engine:junit-jupiter]/[class:org.springframework.core.annotation.AnnotationTypeMappingsTests]/[method:forAnnotationTypeWhenAliasForWithArrayCompatibleReturnTypes()]] did not pass without mutation.
19:21:42 PIT >> SEVERE : Description [testClass=org.springframework.core.annotation.AnnotationTypeMappingsTests, name=[engine:junit-jupiter]/[class:org.springframework.core.annotation.AnnotationTypeMappingsTests]/[method:forAnnotationTypeWhenAliasForHasMixedImplicitAndExplicitAliases()]] did not pass without mutation.
19:21:42 PIT >> SEVERE : Description [testClass=org.springframework.core.annotation.AnnotationTypeMappingsTests, name=[engine:junit-jupiter]/[class:org.springframework.core.annotation.AnnotationTypeMappingsTests]/[method:forAnnotationTypeWhenAliasWithExplicitMirrorAndDifferentDefaults()]] did not pass without mutation.
19:21:42 PIT >> SEVERE : Description [testClass=org.springframework.core.annotation.AnnotationTypeMappingsTests, name=[engine:junit-jupiter]/[class:org.springframework.core.annotation.AnnotationTypeMappingsTests]/[method:resolveMirrorsWhenHasDifferentValuesThrowsException()]] did not pass without mutation.
19:21:42 PIT >> INFO : MINION : Failed to set JaCoCo session: org.jacoco.agent.rt.RT
19:21:42 PIT >> SEVERE : Description [testClass=org.springframework.core.annotation.AnnotationTypeMappingsTests, name=[engine:junit-jupiter]/[class:org.springframework.core.annotation.AnnotationTypeMappingsTests]/[method:forAnnotationTypeWhenFormsLoopReturnsMapping()]] did not pass without mutation.
19:21:42 PIT >> SEVERE : Description [testClass=org.springframework.core.annotation.AnnotationTypeMappingsTests, name=[engine:junit-jupiter]/[class:org.springframework.core.annotation.AnnotationTypeMappingsTests]/[method:isEquivalentToDefaultValueWhenValueAndDefaultMatchReturnsTrue()]] did not pass without mutation.
19:21:42 PIT >> SEVERE : Description [testClass=org.springframework.core.annotation.AnnotationTypeMappingsTests, name=[engine:junit-jupiter]/[class:org.springframework.core.annotation.AnnotationTypeMappingsTests]/[method:getAliasMappingWhenHasWithMultipleRoutesToAliasReturnsMappedAttributes()]] did not pass without mutation.
19:21:42 PIT >> SEVERE : Description [testClass=org.springframework.core.annotation.AnnotationTypeMappingsTests, name=[engine:junit-jupiter]/[class:org.springframework.core.annotation.AnnotationTypeMappingsTests]/[method:isEquivalentToDefaultValueWhenClassArrayAndStringArrayNamesMatchReturnsTrue()]] did not pass without mutation.
19:21:42 PIT >> INFO : MINION : Failed to dump JaCoCo execution data: org.jacoco.agent.rt.RT
19:21:42 PIT >> INFO : MINION : Failed to set JaCoCo session: org.jacoco.agent.rt.RT
19:21:42 PIT >> INFO : MINION : Failed to dump JaCoCo execution data: org.jacoco.agent.rt.RT
19:21:42 PIT >> INFO : MINION : Failed to set JaCoCo session: org.jacoco.agent.rt.RT
19:21:42 PIT >> INFO : MINION : Failed to dump JaCoCo execution data: org.jacoco.agent.rt.RT
19:21:42 PIT >> INFO : MINION : Failed to set JaCoCo session: org.jacoco.agent.rt.RT
19:21:42 PIT >> INFO : MINION : Failed to dump JaCoCo execution data: org.jacoco.agent.rt.RT
19:21:42 PIT >> INFO : MINION : Failed to set JaCoCo session: org.jacoco.agent.rt.RT
19:21:42 PIT >> INFO : MINION : Failed to dump JaCoCo execution data: org.jacoco.agent.rt.RT
19:21:42 PIT >> INFO : MINION : Failed to set JaCoCo session: org.jacoco.agent.rt.RT
19:21:42 PIT >> INFO : MINION : Failed to dump JaCoCo execution data: org.jacoco.agent.rt.RT
19:21:42 PIT >> INFO : MINION : Failed to set JaCoCo session: org.jacoco.agent.rt.RT
19:21:42 PIT >> INFO : MINION : Failed to dump JaCoCo execution data: org.jacoco.agent.rt.RT
19:21:42 PIT >> INFO : MINION : Failed to set JaCoCo session: org.jacoco.agent.rt.RT
19:21:42 PIT >> INFO : MINION : Failed to dump JaCoCo execution data: org.jacoco.agent.rt.RT
19:21:42 PIT >> INFO : MINION : Failed to set JaCoCo session: org.jacoco.agent.rt.RT
19:21:42 PIT >> INFO : MINION : Failed to dump JaCoCo execution data: org.jacoco.agent.rt.RT
19:21:42 PIT >> INFO : MINION : Failed to set JaCoCo session: org.jacoco.agent.rt.RT
19:21:42 PIT >> INFO : MINION : Failed to dump JaCoCo execution data: org.jacoco.agent.rt.RT
19:21:42 PIT >> INFO : MINION : Failed to set JaCoCo session: org.jacoco.agent.rt.RT
19:21:42 PIT >> INFO : MINION : Failed to dump JaCoCo execution data: org.jacoco.agent.rt.RT
19:21:42 PIT >> INFO : MINION : Failed to set JaCoCo session: org.jacoco.agent.rt.RT
19:21:42 PIT >> INFO : MINION : Failed to dump JaCoCo execution data: org.jacoco.agent.rt.RT
19:21:42 PIT >> INFO : MINION : Failed to set JaCoCo session: org.jacoco.agent.rt.RT
19:21:42 PIT >> INFO : MINION : Failed to dump JaCoCo execution data: org.jacoco.agent.rt.RT
19:21:42 PIT >> INFO : MINION : Failed to set JaCoCo session: org.jacoco.agent.rt.RT
19:21:42 PIT >> INFO : MINION : Failed to dump JaCoCo execution data: org.jacoco.agent.rt.RT
19:21:42 PIT >> INFO : MINION : Failed to set JaCoCo session: org.jacoco.agent.rt.RT
19:21:42 PIT >> INFO : MINION : Failed to dump JaCoCo execution data: org.jacoco.agent.rt.RT
19:21:42 PIT >> INFO : MINION : Failed to set JaCoCo session: org.jacoco.agent.rt.RT
19:21:42 PIT >> INFO : MINION : Failed to dump JaCoCo execution data: org.jacoco.agent.rt.RT
19:21:42 PIT >> INFO : MINION : Failed to set JaCoCo session: org.jacoco.agent.rt.RT
19:21:42 PIT >> INFO : MINION : Failed to dump JaCoCo execution data: org.jacoco.agent.rt.RT
19:21:42 PIT >> INFO : MINION : Failed to set JaCoCo session: org.jacoco.agent.rt.RT
19:21:42 PIT >> INFO : MINION : Failed to dump JaCoCo execution data: org.jacoco.agent.rt.RT
19:21:42 PIT >> INFO : MINION : Failed to set JaCoCo session: org.jacoco.agent.rt.RT
19:21:42 PIT >> INFO : MINION : Failed to dump JaCoCo execution data: org.jacoco.agent.rt.RT
19:21:42 PIT >> INFO : MINION : Failed to set JaCoCo session: org.jacoco.agent.rt.RT
19:21:42 PIT >> INFO : MINION : Failed to dump JaCoCo execution data: org.jacoco.agent.rt.RT
19:21:42 PIT >> INFO : MINION : Failed to set JaCoCo session: org.jacoco.agent.rt.RT
19:21:42 PIT >> INFO : MINION : Failed to dump JaCoCo execution data: org.jacoco.agent.rt.RT
19:21:42 PIT >> INFO : MINION : Failed to set JaCoCo session: org.jacoco.agent.rt.RT
19:21:42 PIT >> INFO : MINION : Failed to dump JaCoCo execution data: org.jacoco.agent.rt.RT
19:21:42 PIT >> SEVERE : Description [testClass=org.springframework.core.annotation.AnnotationTypeMappingsTests, name=[engine:junit-jupiter]/[class:org.springframework.core.annotation.AnnotationTypeMappingsTests]/[method:forAnnotationTypeWhenAliasForToSelfNonExistingAttribute()]] did not pass without mutation.
19:21:42 PIT >> SEVERE : Description [testClass=org.springframework.core.annotation.AnnotationTypeMappingsTests, name=[engine:junit-jupiter]/[class:org.springframework.core.annotation.AnnotationTypeMappingsTests]/[method:getAliasMappingsWhenHasDefinedAttributesReturnsMappedAttributes()]] did not pass without mutation.
19:21:42 PIT >> SEVERE : Description [testClass=org.springframework.core.annotation.AnnotationTypeMappingsTests, name=[engine:junit-jupiter]/[class:org.springframework.core.annotation.AnnotationTypeMappingsTests]/[method:forAnnotationTypeWhenHasRepeatingMetaAnnotationReturnsMapping()]] did not pass without mutation.
19:21:42 PIT >> SEVERE : Description [testClass=org.springframework.core.annotation.AnnotationTypeMappingsTests, name=[engine:junit-jupiter]/[class:org.springframework.core.annotation.AnnotationTypeMappingsTests]/[method:resolveMirrorsWhenOnlyHasDefaultValuesUsesFirst()]] did not pass without mutation.
19:21:42 PIT >> SEVERE : Description [testClass=org.springframework.core.annotation.AnnotationTypeMappingsTests, name=[engine:junit-jupiter]/[class:org.springframework.core.annotation.AnnotationTypeMappingsTests]/[method:forAnnotationTypeWhenAliasForToSelfAnnotatedToOtherAttribute()]] did not pass without mutation.
19:21:42 PIT >> INFO : MINION : Failed to set JaCoCo session: org.jacoco.agent.rt.RT
19:21:42 PIT >> SEVERE : Description [testClass=org.springframework.core.annotation.AnnotationTypeMappingsTests, name=[engine:junit-jupiter]/[class:org.springframework.core.annotation.AnnotationTypeMappingsTests]/[method:forAnnotationTypeWhenAliasForWithIncompatibleReturnTypes()]] did not pass without mutation.
19:21:42 PIT >> SEVERE : Description [testClass=org.springframework.core.annotation.AnnotationTypeMappingsTests, name=[engine:junit-jupiter]/[class:org.springframework.core.annotation.AnnotationTypeMappingsTests]/[method:isEquivalentToDefaultValueWhenNestedAnnotationAndExtractedValuesMatchReturnsTrueAndValueSuppliedAsMap()]] did not pass without mutation.
19:21:42 PIT >> SEVERE : Description [testClass=org.springframework.core.annotation.AnnotationTypeMappingsTests, name=[engine:junit-jupiter]/[class:org.springframework.core.annotation.AnnotationTypeMappingsTests]/[method:getMirrorSetWhenAliasPairReturnsMirrors()]] did not pass without mutation.
19:21:42 PIT >> SEVERE : Description [testClass=org.springframework.core.annotation.AnnotationTypeMappingsTests, name=[engine:junit-jupiter]/[class:org.springframework.core.annotation.AnnotationTypeMappingsTests]/[method:getMirrorSetWhenImplicitMirrorsReturnsMirrors()]] did not pass without mutation.
19:21:42 PIT >> SEVERE : Description [testClass=org.springframework.core.annotation.AnnotationTypeMappingsTests, name=[engine:junit-jupiter]/[class:org.springframework.core.annotation.AnnotationTypeMappingsTests]/[method:getAliasMappingWhenThreeDeepReturnsMappedAttributes()]] did not pass without mutation.
19:21:42 PIT >> SEVERE : Description [testClass=org.springframework.core.annotation.AnnotationTypeMappingsTests, name=[engine:junit-jupiter]/[class:org.springframework.core.annotation.AnnotationTypeMappingsTests]/[method:forAnnotationTypeWhenNoMetaAnnotationsReturnsMappings()]] did not pass without mutation.
19:21:42 PIT >> INFO : MINION : Failed to dump JaCoCo execution data: org.jacoco.agent.rt.RT
19:21:42 PIT >> SEVERE : Description [testClass=org.springframework.core.annotation.AnnotationTypeMappingsTests, name=[engine:junit-jupiter]/[class:org.springframework.core.annotation.AnnotationTypeMappingsTests]/[method:resolveMirrorsWhenAliasPairResolves()]] did not pass without mutation.
19:21:42 PIT >> SEVERE : Description [testClass=org.springframework.core.annotation.AnnotationUtilsTests, name=[engine:junit-jupiter]/[class:org.springframework.core.annotation.AnnotationUtilsTests]/[method:getRepeatableAnnotationsDeclaredOnMethod()]] did not pass without mutation.
19:21:42 PIT >> SEVERE : Description [testClass=org.springframework.core.annotation.AnnotationUtilsTests, name=[engine:junit-jupiter]/[class:org.springframework.core.annotation.AnnotationUtilsTests]/[method:getRepeatableAnnotationsDeclaredOnSuperclass()]] did not pass without mutation.
19:21:42 PIT >> SEVERE : Description [testClass=org.springframework.core.annotation.AnnotationUtilsTests, name=[engine:junit-jupiter]/[class:org.springframework.core.annotation.AnnotationUtilsTests]/[method:getRepeatableAnnotationsDeclaredOnClass()]] did not pass without mutation.
19:21:42 PIT >> SEVERE : Description [testClass=org.springframework.core.annotation.AnnotationUtilsTests, name=[engine:junit-jupiter]/[class:org.springframework.core.annotation.AnnotationUtilsTests]/[method:isAnnotationInheritedForAllScenarios()]] did not pass without mutation.
19:21:42 PIT >> SEVERE : Description [testClass=org.springframework.core.annotation.AnnotationUtilsTests, name=[engine:junit-jupiter]/[class:org.springframework.core.annotation.AnnotationUtilsTests]/[method:findMethodAnnotationOnRootButOverridden()]] did not pass without mutation.
19:21:42 PIT >> SEVERE : Description [testClass=org.springframework.core.annotation.AnnotationUtilsTests, name=[engine:junit-jupiter]/[class:org.springframework.core.annotation.AnnotationUtilsTests]/[method:findAnnotationFindsRepeatableContainerOnComposedAnnotationMetaAnnotatedWithRepeatableAnnotations()]] did not pass without mutation.
19:21:42 PIT >> INFO : MINION : Failed to set JaCoCo session: org.jacoco.agent.rt.RT
19:21:42 PIT >> SEVERE : Description [testClass=org.springframework.core.annotation.AnnotationUtilsTests, name=[engine:junit-jupiter]/[class:org.springframework.core.annotation.AnnotationUtilsTests]/[method:synthesizeAnnotationFromMapWithNestedArrayOfMaps()]] did not pass without mutation.
19:21:42 PIT >> SEVERE : Description [testClass=org.springframework.core.annotation.AnnotationUtilsTests, name=[engine:junit-jupiter]/[class:org.springframework.core.annotation.AnnotationUtilsTests]/[method:getAnnotationAttributesWithAttributeAliasesWithDifferentValues()]] did not pass without mutation.
19:21:42 PIT >> SEVERE : Description [testClass=org.springframework.core.annotation.AnnotationUtilsTests, name=[engine:junit-jupiter]/[class:org.springframework.core.annotation.AnnotationUtilsTests]/[method:getAnnotationAttributesWithNestedAnnotations()]] did not pass without mutation.
19:21:42 PIT >> SEVERE : Description [testClass=org.springframework.core.annotation.AnnotationUtilsTests, name=[engine:junit-jupiter]/[class:org.springframework.core.annotation.AnnotationUtilsTests]/[method:synthesizeAnnotationWithImplicitAliasesWithMissingDefaultValues()]] did not pass without mutation.
19:21:42 PIT >> SEVERE : Description [testClass=org.springframework.core.annotation.AnnotationUtilsTests, name=[engine:junit-jupiter]/[class:org.springframework.core.annotation.AnnotationUtilsTests]/[method:findClassAnnotationOnMetaCycleAnnotatedClassWithMissingTargetMetaAnnotation()]] did not pass without mutation.
19:21:42 PIT >> INFO : MINION : Failed to dump JaCoCo execution data: org.jacoco.agent.rt.RT
19:21:42 PIT >> INFO : MINION : Failed to set JaCoCo session: org.jacoco.agent.rt.RT
19:21:42 PIT >> INFO : MINION : Failed to dump JaCoCo execution data: org.jacoco.agent.rt.RT
19:21:42 PIT >> INFO : MINION : Failed to set JaCoCo session: org.jacoco.agent.rt.RT
19:21:42 PIT >> INFO : MINION : Failed to dump JaCoCo execution data: org.jacoco.agent.rt.RT
19:21:42 PIT >> INFO : MINION : Failed to set JaCoCo session: org.jacoco.agent.rt.RT
19:21:42 PIT >> INFO : MINION : Failed to dump JaCoCo execution data: org.jacoco.agent.rt.RT
19:21:42 PIT >> INFO : MINION : Failed to set JaCoCo session: org.jacoco.agent.rt.RT
19:21:42 PIT >> INFO : MINION : Failed to dump JaCoCo execution data: org.jacoco.agent.rt.RT
19:21:42 PIT >> INFO : MINION : Failed to set JaCoCo session: org.jacoco.agent.rt.RT
19:21:42 PIT >> INFO : MINION : Failed to dump JaCoCo execution data: org.jacoco.agent.rt.RT
19:21:42 PIT >> INFO : MINION : Failed to set JaCoCo session: org.jacoco.agent.rt.RT
19:21:42 PIT >> INFO : MINION : Failed to dump JaCoCo execution data: org.jacoco.agent.rt.RT
19:21:42 PIT >> INFO : MINION : Failed to set JaCoCo session: org.jacoco.agent.rt.RT
19:21:42 PIT >> INFO : MINION : Failed to dump JaCoCo execution data: org.jacoco.agent.rt.RT
19:21:42 PIT >> INFO : MINION : Failed to set JaCoCo session: org.jacoco.agent.rt.RT
19:21:42 PIT >> INFO : MINION : Failed to dump JaCoCo execution data: org.jacoco.agent.rt.RT
19:21:42 PIT >> INFO : MINION : Failed to set JaCoCo session: org.jacoco.agent.rt.RT
19:21:42 PIT >> INFO : MINION : Failed to dump JaCoCo execution data: org.jacoco.agent.rt.RT
19:21:42 PIT >> INFO : MINION : Failed to set JaCoCo session: org.jacoco.agent.rt.RT
19:21:42 PIT >> INFO : MINION : Failed to dump JaCoCo execution data: org.jacoco.agent.rt.RT
19:21:42 PIT >> INFO : MINION : Failed to set JaCoCo session: org.jacoco.agent.rt.RT
19:21:42 PIT >> INFO : MINION : Failed to dump JaCoCo execution data: org.jacoco.agent.rt.RT
19:21:42 PIT >> INFO : MINION : Failed to set JaCoCo session: org.jacoco.agent.rt.RT
19:21:42 PIT >> INFO : MINION : Failed to dump JaCoCo execution data: org.jacoco.agent.rt.RT
19:21:42 PIT >> INFO : MINION : Failed to set JaCoCo session: org.jacoco.agent.rt.RT
19:21:42 PIT >> INFO : MINION : Failed to dump JaCoCo execution data: org.jacoco.agent.rt.RT
19:21:42 PIT >> INFO : MINION : Failed to set JaCoCo session: org.jacoco.agent.rt.RT
19:21:42 PIT >> INFO : MINION : Failed to dump JaCoCo execution data: org.jacoco.agent.rt.RT
19:21:42 PIT >> INFO : MINION : Failed to set JaCoCo session: org.jacoco.agent.rt.RT
19:21:42 PIT >> INFO : MINION : Failed to dump JaCoCo execution data: org.jacoco.agent.rt.RT
19:21:42 PIT >> INFO : MINION : Failed to set JaCoCo session: org.jacoco.agent.rt.RT
19:21:42 PIT >> INFO : MINION : Failed to dump JaCoCo execution data: org.jacoco.agent.rt.RT
19:21:42 PIT >> INFO : MINION : Failed to set JaCoCo session: org.jacoco.agent.rt.RT
19:21:42 PIT >> INFO : MINION : Failed to dump JaCoCo execution data: org.jacoco.agent.rt.RT
19:21:42 PIT >> INFO : MINION : Failed to set JaCoCo session: org.jacoco.agent.rt.RT
19:21:42 PIT >> INFO : MINION : Failed to dump JaCoCo execution data: org.jacoco.agent.rt.RT
19:21:42 PIT >> INFO : MINION : Failed to set JaCoCo session: org.jacoco.agent.rt.RT
19:21:42 PIT >> INFO : MINION : Failed to dump JaCoCo execution data: org.jacoco.agent.rt.RT
19:21:42 PIT >> INFO : MINION : Failed to set JaCoCo session: org.jacoco.agent.rt.RT
19:21:42 PIT >> INFO : MINION : Failed to dump JaCoCo execution data: org.jacoco.agent.rt.RT
19:21:42 PIT >> INFO : MINION : Failed to set JaCoCo session: org.jacoco.agent.rt.RT
19:21:42 PIT >> INFO : MINION : Failed to dump JaCoCo execution data: org.jacoco.agent.rt.RT
19:21:42 PIT >> INFO : MINION : Failed to set JaCoCo session: org.jacoco.agent.rt.RT
19:21:42 PIT >> INFO : MINION : Failed to dump JaCoCo execution data: org.jacoco.agent.rt.RT
19:21:42 PIT >> SEVERE : Description [testClass=org.springframework.core.annotation.AnnotationUtilsTests, name=[engine:junit-jupiter]/[class:org.springframework.core.annotation.AnnotationUtilsTests]/[method:isAnnotationDeclaredLocallyForAllScenarios()]] did not pass without mutation.
19:21:42 PIT >> SEVERE : Description [testClass=org.springframework.core.annotation.AnnotationUtilsTests, name=[engine:junit-jupiter]/[class:org.springframework.core.annotation.AnnotationUtilsTests]/[method:synthesizeAnnotationFromDefaultsWithoutAttributeAliases()]] did not pass without mutation.
19:21:42 PIT >> SEVERE : Description [testClass=org.springframework.core.annotation.AnnotationUtilsTests, name=[engine:junit-jupiter]/[class:org.springframework.core.annotation.AnnotationUtilsTests]/[method:getRepeatableAnnotationsDeclaredOnClassAndSuperclass()]] did not pass without mutation.
19:21:42 PIT >> SEVERE : Description [testClass=org.springframework.core.annotation.AnnotationUtilsTests, name=[engine:junit-jupiter]/[class:org.springframework.core.annotation.AnnotationUtilsTests]/[method:getAnnotationAttributesWithAttributeAliases()]] did not pass without mutation.
19:21:42 PIT >> SEVERE : Description [testClass=org.springframework.core.annotation.AnnotationUtilsTests, name=[engine:junit-jupiter]/[class:org.springframework.core.annotation.AnnotationUtilsTests]/[method:getRepeatableAnnotationsDeclaredOnClassWithAttributeAliases()]] did not pass without mutation.
19:21:42 PIT >> SEVERE : Description [testClass=org.springframework.core.annotation.AnnotationUtilsTests, name=[engine:junit-jupiter]/[class:org.springframework.core.annotation.AnnotationUtilsTests]/[method:findClassAnnotationFavorsMoreLocallyDeclaredComposedAnnotationsOverInheritedAnnotations()]] did not pass without mutation.
19:21:42 PIT >> SEVERE : Description [testClass=org.springframework.core.annotation.AnnotationUtilsTests, name=[engine:junit-jupiter]/[class:org.springframework.core.annotation.AnnotationUtilsTests]/[method:findMethodAnnotationWithMetaMetaAnnotationOnLeaf()]] did not pass without mutation.
19:21:42 PIT >> SEVERE : Description [testClass=org.springframework.core.annotation.AnnotationUtilsTests, name=[engine:junit-jupiter]/[class:org.springframework.core.annotation.AnnotationUtilsTests]/[method:findClassAnnotationOnAnnotatedClassWithMissingTargetMetaAnnotation()]] did not pass without mutation.
19:21:42 PIT >> SEVERE : Description [testClass=org.springframework.core.annotation.AnnotationUtilsTests, name=[engine:junit-jupiter]/[class:org.springframework.core.annotation.AnnotationUtilsTests]/[method:synthesizeAnnotationFromMapWithAttributeOfIncorrectType()]] did not pass without mutation.
19:21:42 PIT >> SEVERE : Description [testClass=org.springframework.core.annotation.AnnotationUtilsTests, name=[engine:junit-jupiter]/[class:org.springframework.core.annotation.AnnotationUtilsTests]/[method:synthesizeAnnotationFromAnnotationAttributesWithoutAttributeAliases()]] did not pass without mutation.
19:21:42 PIT >> SEVERE : Description [testClass=org.springframework.core.annotation.AnnotationUtilsTests, name=[engine:junit-jupiter]/[class:org.springframework.core.annotation.AnnotationUtilsTests]/[method:synthesizeAnnotationFromMapWithMissingAttributeValue()]] did not pass without mutation.
19:21:42 PIT >> INFO : MINION : Failed to set JaCoCo session: org.jacoco.agent.rt.RT
19:21:42 PIT >> SEVERE : Description [testClass=org.springframework.core.annotation.AnnotationUtilsTests, name=[engine:junit-jupiter]/[class:org.springframework.core.annotation.AnnotationUtilsTests]/[method:getDefaultValueFromAnnotationType()]] did not pass without mutation.
19:21:42 PIT >> SEVERE : Description [testClass=org.springframework.core.annotation.AnnotationUtilsTests, name=[engine:junit-jupiter]/[class:org.springframework.core.annotation.AnnotationUtilsTests]/[method:findClassAnnotationOnSubNonInheritedAnnotationInterface()]] did not pass without mutation.
19:21:42 PIT >> SEVERE : Description [testClass=org.springframework.core.annotation.AnnotationUtilsTests, name=[engine:junit-jupiter]/[class:org.springframework.core.annotation.AnnotationUtilsTests]/[method:synthesizeAnnotationFromMapWithMinimalAttributesWithAttributeAliases()]] did not pass without mutation.
19:21:42 PIT >> SEVERE : Description [testClass=org.springframework.core.annotation.AnnotationUtilsTests, name=[engine:junit-jupiter]/[class:org.springframework.core.annotation.AnnotationUtilsTests]/[method:getDeclaredRepeatableAnnotationsDeclaredOnClass()]] did not pass without mutation.
19:21:42 PIT >> SEVERE : Description [testClass=org.springframework.core.annotation.AnnotationUtilsTests, name=[engine:junit-jupiter]/[class:org.springframework.core.annotation.AnnotationUtilsTests]/[method:synthesizeAnnotationFromMapWithNullAttributeValue()]] did not pass without mutation.
19:21:42 PIT >> SEVERE : Description [testClass=org.springframework.core.annotation.AnnotationUtilsTests, name=[engine:junit-jupiter]/[class:org.springframework.core.annotation.AnnotationUtilsTests]/[method:getDefaultValueFromNonPublicAnnotation()]] did not pass without mutation.
19:21:42 PIT >> SEVERE : Description [testClass=org.springframework.core.annotation.AnnotationUtilsTests, name=[engine:junit-jupiter]/[class:org.springframework.core.annotation.AnnotationUtilsTests]/[method:findClassAnnotationOnSubInheritedAnnotationInterface()]] did not pass without mutation.
19:21:42 PIT >> INFO : MINION : Failed to dump JaCoCo execution data: org.jacoco.agent.rt.RT
19:21:42 PIT >> SEVERE : Description [testClass=org.springframework.core.annotation.AnnotationUtilsTests, name=[engine:junit-jupiter]/[class:org.springframework.core.annotation.AnnotationUtilsTests]/[method:findAnnotationDeclaringClassForAllScenarios()]] did not pass without mutation.
19:21:42 PIT >> SEVERE : Description [testClass=org.springframework.core.annotation.AnnotationUtilsTests, name=[engine:junit-jupiter]/[class:org.springframework.core.annotation.AnnotationUtilsTests]/[method:synthesizeAnnotationFromMapWithoutAttributeAliases()]] did not pass without mutation.
19:21:42 PIT >> SEVERE : Description [testClass=org.springframework.core.annotation.AnnotationUtilsTests, name=[engine:junit-jupiter]/[class:org.springframework.core.annotation.AnnotationUtilsTests]/[method:findAnnotationDeclaringClassForTypesWithSingleCandidateType()]] did not pass without mutation.
19:21:42 PIT >> INFO : MINION : Failed to set JaCoCo session: org.jacoco.agent.rt.RT
19:21:42 PIT >> INFO : MINION : Failed to dump JaCoCo execution data: org.jacoco.agent.rt.RT
19:21:42 PIT >> INFO : MINION : Failed to set JaCoCo session: org.jacoco.agent.rt.RT
19:21:42 PIT >> INFO : MINION : Failed to dump JaCoCo execution data: org.jacoco.agent.rt.RT
19:21:42 PIT >> INFO : MINION : Failed to set JaCoCo session: org.jacoco.agent.rt.RT
19:21:42 PIT >> INFO : MINION : Failed to dump JaCoCo execution data: org.jacoco.agent.rt.RT
19:21:42 PIT >> INFO : MINION : Failed to set JaCoCo session: org.jacoco.agent.rt.RT
19:21:42 PIT >> INFO : MINION : Failed to dump JaCoCo execution data: org.jacoco.agent.rt.RT
19:21:42 PIT >> INFO : MINION : Failed to set JaCoCo session: org.jacoco.agent.rt.RT
19:21:42 PIT >> INFO : MINION : Failed to dump JaCoCo execution data: org.jacoco.agent.rt.RT
19:21:42 PIT >> INFO : MINION : Failed to set JaCoCo session: org.jacoco.agent.rt.RT
19:21:42 PIT >> INFO : MINION : Failed to dump JaCoCo execution data: org.jacoco.agent.rt.RT
19:21:42 PIT >> INFO : MINION : Failed to set JaCoCo session: org.jacoco.agent.rt.RT
19:21:42 PIT >> INFO : MINION : Failed to dump JaCoCo execution data: org.jacoco.agent.rt.RT
19:21:42 PIT >> INFO : MINION : Failed to set JaCoCo session: org.jacoco.agent.rt.RT
19:21:42 PIT >> INFO : MINION : Failed to dump JaCoCo execution data: org.jacoco.agent.rt.RT
19:21:42 PIT >> INFO : MINION : Failed to set JaCoCo session: org.jacoco.agent.rt.RT
19:21:42 PIT >> INFO : MINION : Failed to dump JaCoCo execution data: org.jacoco.agent.rt.RT
19:21:42 PIT >> INFO : MINION : Failed to set JaCoCo session: org.jacoco.agent.rt.RT
19:21:42 PIT >> INFO : MINION : Failed to dump JaCoCo execution data: org.jacoco.agent.rt.RT
19:21:42 PIT >> INFO : MINION : Failed to set JaCoCo session: org.jacoco.agent.rt.RT
19:21:42 PIT >> INFO : MINION : Failed to dump JaCoCo execution data: org.jacoco.agent.rt.RT
19:21:42 PIT >> INFO : MINION : Failed to set JaCoCo session: org.jacoco.agent.rt.RT
19:21:42 PIT >> INFO : MINION : Failed to dump JaCoCo execution data: org.jacoco.agent.rt.RT
19:21:42 PIT >> INFO : MINION : Failed to set JaCoCo session: org.jacoco.agent.rt.RT
19:21:42 PIT >> INFO : MINION : Failed to dump JaCoCo execution data: org.jacoco.agent.rt.RT
19:21:42 PIT >> INFO : MINION : Failed to set JaCoCo session: org.jacoco.agent.rt.RT
19:21:42 PIT >> INFO : MINION : Failed to dump JaCoCo execution data: org.jacoco.agent.rt.RT
19:21:42 PIT >> INFO : MINION : Failed to set JaCoCo session: org.jacoco.agent.rt.RT
19:21:42 PIT >> INFO : MINION : Failed to dump JaCoCo execution data: org.jacoco.agent.rt.RT
19:21:42 PIT >> INFO : MINION : Failed to set JaCoCo session: org.jacoco.agent.rt.RT
19:21:42 PIT >> INFO : MINION : Failed to dump JaCoCo execution data: org.jacoco.agent.rt.RT
19:21:42 PIT >> INFO : MINION : Failed to set JaCoCo session: org.jacoco.agent.rt.RT
19:21:42 PIT >> INFO : MINION : Failed to dump JaCoCo execution data: org.jacoco.agent.rt.RT
19:21:42 PIT >> INFO : MINION : Failed to set JaCoCo session: org.jacoco.agent.rt.RT
19:21:42 PIT >> INFO : MINION : Failed to dump JaCoCo execution data: org.jacoco.agent.rt.RT
19:21:42 PIT >> INFO : MINION : Failed to set JaCoCo session: org.jacoco.agent.rt.RT
19:21:42 PIT >> INFO : MINION : Failed to dump JaCoCo execution data: org.jacoco.agent.rt.RT
19:21:42 PIT >> INFO : MINION : Failed to set JaCoCo session: org.jacoco.agent.rt.RT
19:21:42 PIT >> INFO : MINION : Failed to dump JaCoCo execution data: org.jacoco.agent.rt.RT
19:21:42 PIT >> INFO : MINION : Failed to set JaCoCo session: org.jacoco.agent.rt.RT
19:21:42 PIT >> INFO : MINION : Failed to dump JaCoCo execution data: org.jacoco.agent.rt.RT
19:21:42 PIT >> INFO : MINION : Failed to set JaCoCo session: org.jacoco.agent.rt.RT
19:21:42 PIT >> INFO : MINION : Failed to dump JaCoCo execution data: org.jacoco.agent.rt.RT
19:21:42 PIT >> SEVERE : Description [testClass=org.springframework.core.annotation.AnnotationUtilsTests, name=[engine:junit-jupiter]/[class:org.springframework.core.annotation.AnnotationUtilsTests]/[method:findAnnotationDeclaringClassForTypesWithMultipleCandidateTypes()]] did not pass without mutation.
19:21:42 PIT >> SEVERE : Description [testClass=org.springframework.core.annotation.AnnotationUtilsTests, name=[engine:junit-jupiter]/[class:org.springframework.core.annotation.AnnotationUtilsTests]/[method:findMethodAnnotationWithAnnotationOnMethodInInterface()]] did not pass without mutation.
19:21:42 PIT >> SEVERE : Description [testClass=org.springframework.core.annotation.AnnotationUtilsTests, name=[engine:junit-jupiter]/[class:org.springframework.core.annotation.AnnotationUtilsTests]/[method:findClassAnnotationFavorsMoreLocallyDeclaredComposedAnnotationsOverInheritedComposedAnnotations()]] did not pass without mutation.
19:21:42 PIT >> INFO : MINION : Failed to set JaCoCo session: org.jacoco.agent.rt.RT
19:21:42 PIT >> SEVERE : Description [testClass=org.springframework.core.annotation.AnnotationUtilsTests, name=[engine:junit-jupiter]/[class:org.springframework.core.annotation.AnnotationUtilsTests]/[method:findMethodAnnotationFromGenericInterface()]] did not pass without mutation.
19:21:42 PIT >> SEVERE : Description [testClass=org.springframework.core.annotation.AnnotationUtilsTests, name=[engine:junit-jupiter]/[class:org.springframework.core.annotation.AnnotationUtilsTests]/[method:findMethodAnnotationOnLeaf()]] did not pass without mutation.
19:21:42 PIT >> SEVERE : Description [testClass=org.springframework.core.annotation.AnnotationUtilsTests, name=[engine:junit-jupiter]/[class:org.springframework.core.annotation.AnnotationUtilsTests]/[method:findMethodAnnotationOnRoot()]] did not pass without mutation.
19:21:42 PIT >> SEVERE : Description [testClass=org.springframework.core.annotation.AnnotationUtilsTests, name=[engine:junit-jupiter]/[class:org.springframework.core.annotation.AnnotationUtilsTests]/[method:findAnnotationFindsRepeatableContainerOnComposedAnnotationMetaAnnotatedWithRepeatableAnnotationsOnMethod()]] did not pass without mutation.
19:21:42 PIT >> SEVERE : Description [testClass=org.springframework.core.annotation.AnnotationUtilsTests, name=[engine:junit-jupiter]/[class:org.springframework.core.annotation.AnnotationUtilsTests]/[method:synthesizeAnnotationWithImplicitAliasesWithDuplicateValues()]] did not pass without mutation.
19:21:42 PIT >> SEVERE : Description [testClass=org.springframework.core.annotation.AnnotationUtilsTests, name=[engine:junit-jupiter]/[class:org.springframework.core.annotation.AnnotationUtilsTests]/[method:getValueFromAnnotation()]] did not pass without mutation.
19:21:42 PIT >> INFO : MINION : Failed to dump JaCoCo execution data: org.jacoco.agent.rt.RT
19:21:42 PIT >> SEVERE : Description [testClass=org.springframework.core.annotation.AnnotationUtilsTests, name=[engine:junit-jupiter]/[class:org.springframework.core.annotation.AnnotationUtilsTests]/[method:findMethodAnnotationWithMetaAnnotationOnLeaf()]] did not pass without mutation.
19:21:42 PIT >> SEVERE : Description [testClass=org.springframework.core.annotation.AnnotationUtilsTests, name=[engine:junit-jupiter]/[class:org.springframework.core.annotation.AnnotationUtilsTests]/[method:findMethodAnnotationWithMetaAnnotationOnRoot()]] did not pass without mutation.
19:21:42 PIT >> SEVERE : Description [testClass=org.springframework.core.annotation.AnnotationUtilsTests, name=[engine:junit-jupiter]/[class:org.springframework.core.annotation.AnnotationUtilsTests]/[method:findAnnotationWithRepeatablesElements()]] did not pass without mutation.
19:21:42 PIT >> SEVERE : Description [testClass=org.springframework.core.annotation.AnnotationUtilsTests, name=[engine:junit-jupiter]/[class:org.springframework.core.annotation.AnnotationUtilsTests]/[method:synthesizeAnnotationWithImplicitAliasesWithDifferentDefaultValues()]] did not pass without mutation.
19:21:42 PIT >> SEVERE : Description [testClass=org.springframework.core.annotation.AnnotationUtilsTests, name=[engine:junit-jupiter]/[class:org.springframework.core.annotation.AnnotationUtilsTests]/[method:findClassAnnotationOnMetaMetaAnnotatedClass()]] did not pass without mutation.
19:21:42 PIT >> SEVERE : Description [testClass=org.springframework.core.annotation.AnnotationUtilsTests, name=[engine:junit-jupiter]/[class:org.springframework.core.annotation.AnnotationUtilsTests]/[method:synthesizeAnnotationFromMapWithImplicitAttributeAliases()]] did not pass without mutation.
19:21:42 PIT >> SEVERE : Description [testClass=org.springframework.core.annotation.AnnotationUtilsTests, name=[engine:junit-jupiter]/[class:org.springframework.core.annotation.AnnotationUtilsTests]/[method:getRepeatableAnnotationsDeclaredOnMultipleSuperclasses()]] did not pass without mutation.
19:21:42 PIT >> SEVERE : Description [testClass=org.springframework.core.annotation.AnnotationUtilsTests, name=[engine:junit-jupiter]/[class:org.springframework.core.annotation.AnnotationUtilsTests]/[method:findMethodAnnotationFromInterface()]] did not pass without mutation.
19:21:42 PIT >> SEVERE : Description [testClass=org.springframework.core.annotation.AnnotationUtilsTests, name=[engine:junit-jupiter]/[class:org.springframework.core.annotation.AnnotationUtilsTests]/[method:synthesizeAnnotationFromMapWithAttributeAliasesThatOverrideArraysWithSingleElements()]] did not pass without mutation.
19:21:42 PIT >> SEVERE : Description [testClass=org.springframework.core.annotation.AnnotationUtilsTests, name=[engine:junit-jupiter]/[class:org.springframework.core.annotation.AnnotationUtilsTests]/[method:synthesizeAnnotationFromMapWithNestedMap()]] did not pass without mutation.
19:21:42 PIT >> SEVERE : Description [testClass=org.springframework.core.annotation.AnnotationUtilsTests, name=[engine:junit-jupiter]/[class:org.springframework.core.annotation.AnnotationUtilsTests]/[method:findMethodAnnotationOnBridgedMethod()]] did not pass without mutation.
19:21:42 PIT >> SEVERE : Description [testClass=org.springframework.core.annotation.AnnotationUtilsTests, name=[engine:junit-jupiter]/[class:org.springframework.core.annotation.AnnotationUtilsTests]/[method:findClassAnnotationOnSubSubInheritedAnnotationInterface()]] did not pass without mutation.
19:21:42 PIT >> INFO : MINION : Failed to set JaCoCo session: org.jacoco.agent.rt.RT
19:21:42 PIT >> INFO : MINION : Failed to dump JaCoCo execution data: org.jacoco.agent.rt.RT
19:21:42 PIT >> INFO : MINION : Failed to set JaCoCo session: org.jacoco.agent.rt.RT
19:21:42 PIT >> INFO : MINION : Failed to dump JaCoCo execution data: org.jacoco.agent.rt.RT
19:21:42 PIT >> INFO : MINION : Failed to set JaCoCo session: org.jacoco.agent.rt.RT
19:21:42 PIT >> INFO : MINION : Failed to dump JaCoCo execution data: org.jacoco.agent.rt.RT
19:21:42 PIT >> INFO : MINION : Failed to set JaCoCo session: org.jacoco.agent.rt.RT
19:21:42 PIT >> INFO : MINION : Failed to dump JaCoCo execution data: org.jacoco.agent.rt.RT
19:21:42 PIT >> INFO : MINION : Failed to set JaCoCo session: org.jacoco.agent.rt.RT
19:21:42 PIT >> INFO : MINION : Failed to dump JaCoCo execution data: org.jacoco.agent.rt.RT
19:21:42 PIT >> INFO : MINION : Failed to set JaCoCo session: org.jacoco.agent.rt.RT
19:21:42 PIT >> INFO : MINION : Failed to dump JaCoCo execution data: org.jacoco.agent.rt.RT
19:21:42 PIT >> INFO : MINION : Failed to set JaCoCo session: org.jacoco.agent.rt.RT
19:21:42 PIT >> INFO : MINION : Failed to dump JaCoCo execution data: org.jacoco.agent.rt.RT
19:21:42 PIT >> INFO : MINION : Failed to set JaCoCo session: org.jacoco.agent.rt.RT
19:21:42 PIT >> INFO : MINION : Failed to dump JaCoCo execution data: org.jacoco.agent.rt.RT
19:21:42 PIT >> INFO : MINION : Failed to set JaCoCo session: org.jacoco.agent.rt.RT
19:21:42 PIT >> INFO : MINION : Failed to dump JaCoCo execution data: org.jacoco.agent.rt.RT
19:21:42 PIT >> INFO : MINION : Failed to set JaCoCo session: org.jacoco.agent.rt.RT
19:21:42 PIT >> INFO : MINION : Failed to dump JaCoCo execution data: org.jacoco.agent.rt.RT
19:21:42 PIT >> INFO : MINION : Failed to set JaCoCo session: org.jacoco.agent.rt.RT
19:21:42 PIT >> INFO : MINION : Failed to dump JaCoCo execution data: org.jacoco.agent.rt.RT
19:21:42 PIT >> INFO : MINION : Failed to set JaCoCo session: org.jacoco.agent.rt.RT
19:21:42 PIT >> INFO : MINION : Failed to dump JaCoCo execution data: org.jacoco.agent.rt.RT
19:21:42 PIT >> INFO : MINION : Failed to set JaCoCo session: org.jacoco.agent.rt.RT
19:21:42 PIT >> INFO : MINION : Failed to dump JaCoCo execution data: org.jacoco.agent.rt.RT
19:21:42 PIT >> INFO : MINION : Failed to set JaCoCo session: org.jacoco.agent.rt.RT
19:21:42 PIT >> INFO : MINION : Failed to dump JaCoCo execution data: org.jacoco.agent.rt.RT
19:21:42 PIT >> INFO : MINION : Failed to set JaCoCo session: org.jacoco.agent.rt.RT
19:21:42 PIT >> INFO : MINION : Failed to dump JaCoCo execution data: org.jacoco.agent.rt.RT
19:21:42 PIT >> INFO : MINION : Failed to set JaCoCo session: org.jacoco.agent.rt.RT
19:21:42 PIT >> INFO : MINION : Failed to dump JaCoCo execution data: org.jacoco.agent.rt.RT
19:21:42 PIT >> INFO : MINION : Failed to set JaCoCo session: org.jacoco.agent.rt.RT
19:21:42 PIT >> INFO : MINION : Failed to dump JaCoCo execution data: org.jacoco.agent.rt.RT
19:21:42 PIT >> INFO : MINION : Failed to set JaCoCo session: org.jacoco.agent.rt.RT
19:21:42 PIT >> INFO : MINION : Failed to dump JaCoCo execution data: org.jacoco.agent.rt.RT
19:21:42 PIT >> INFO : MINION : Failed to set JaCoCo session: org.jacoco.agent.rt.RT
19:21:42 PIT >> INFO : MINION : Failed to dump JaCoCo execution data: org.jacoco.agent.rt.RT
19:21:42 PIT >> INFO : MINION : Failed to set JaCoCo session: org.jacoco.agent.rt.RT
19:21:42 PIT >> INFO : MINION : Failed to dump JaCoCo execution data: org.jacoco.agent.rt.RT
19:21:42 PIT >> INFO : MINION : Failed to set JaCoCo session: org.jacoco.agent.rt.RT
19:21:42 PIT >> INFO : MINION : Failed to dump JaCoCo execution data: org.jacoco.agent.rt.RT
19:21:42 PIT >> INFO : MINION : Failed to set JaCoCo session: org.jacoco.agent.rt.RT
19:21:42 PIT >> INFO : MINION : Failed to dump JaCoCo execution data: org.jacoco.agent.rt.RT
19:21:42 PIT >> INFO : MINION : Failed to set JaCoCo session: org.jacoco.agent.rt.RT
19:21:42 PIT >> INFO : MINION : Failed to dump JaCoCo execution data: org.jacoco.agent.rt.RT
19:21:42 PIT >> SEVERE : Description [testClass=org.springframework.core.annotation.AnnotationUtilsTests, name=[engine:junit-jupiter]/[class:org.springframework.core.annotation.AnnotationUtilsTests]/[method:findClassAnnotationOnInheritedAnnotationInterface()]] did not pass without mutation.
19:21:42 PIT >> SEVERE : Description [testClass=org.springframework.core.annotation.AnnotationUtilsTests, name=[engine:junit-jupiter]/[class:org.springframework.core.annotation.AnnotationUtilsTests]/[method:getAnnotationAttributesWithoutAttributeAliases()]] did not pass without mutation.
19:21:42 PIT >> SEVERE : Description [testClass=org.springframework.core.annotation.AnnotationUtilsTests, name=[engine:junit-jupiter]/[class:org.springframework.core.annotation.AnnotationUtilsTests]/[method:findMethodAnnotationFromGenericSuperclass()]] did not pass without mutation.
19:21:42 PIT >> SEVERE : Description [testClass=org.springframework.core.annotation.AnnotationUtilsTests, name=[engine:junit-jupiter]/[class:org.springframework.core.annotation.AnnotationUtilsTests]/[method:findMethodAnnotationFromInterfaceOnSuper()]] did not pass without mutation.
19:21:42 PIT >> SEVERE : Description [testClass=org.springframework.core.annotation.AnnotationUtilsTests, name=[engine:junit-jupiter]/[class:org.springframework.core.annotation.AnnotationUtilsTests]/[method:findMethodAnnotationOnBridgeMethod()]] did not pass without mutation.
19:21:42 PIT >> SEVERE : Description [testClass=org.springframework.core.annotation.AnnotationUtilsTests, name=[engine:junit-jupiter]/[class:org.springframework.core.annotation.AnnotationUtilsTests]/[method:findClassAnnotationOnMetaMetaMetaAnnotatedClass()]] did not pass without mutation.
19:21:42 PIT >> SEVERE : Description [testClass=org.springframework.core.annotation.AnnotationUtilsTests, name=[engine:junit-jupiter]/[class:org.springframework.core.annotation.AnnotationUtilsTests]/[method:findMethodAnnotationFromInterfaceWhenSuperDoesNotImplementMethod()]] did not pass without mutation.
19:21:42 PIT >> SEVERE : Description [testClass=org.springframework.core.annotation.AnnotationUtilsTests, name=[engine:junit-jupiter]/[class:org.springframework.core.annotation.AnnotationUtilsTests]/[method:findClassAnnotationFavorsMoreLocallyDeclaredComposedAnnotationsOverAnnotationsOnInterfaces()]] did not pass without mutation.
19:21:42 PIT >> SEVERE : Description [testClass=org.springframework.core.annotation.AnnotationUtilsTests, name=[engine:junit-jupiter]/[class:org.springframework.core.annotation.AnnotationUtilsTests]/[method:findClassAnnotationOnNonInheritedAnnotationInterface()]] did not pass without mutation.
19:21:42 PIT >> SEVERE : Description [testClass=org.springframework.core.annotation.AnnotationUtilsTests, name=[engine:junit-jupiter]/[class:org.springframework.core.annotation.AnnotationUtilsTests]/[method:findClassAnnotationOnSubSubNonInheritedAnnotationInterface()]] did not pass without mutation.
19:21:42 PIT >> INFO : MINION : Failed to set JaCoCo session: org.jacoco.agent.rt.RT
19:21:42 PIT >> SEVERE : Description [testClass=org.springframework.core.annotation.AnnotationUtilsTests, name=[engine:junit-jupiter]/[class:org.springframework.core.annotation.AnnotationUtilsTests]/[method:synthesizeAnnotationFromDefaultsWithAttributeAliases()]] did not pass without mutation.
19:21:42 PIT >> SEVERE : Description [testClass=org.springframework.core.annotation.AnnotationUtilsTests, name=[engine:junit-jupiter]/[class:org.springframework.core.annotation.AnnotationUtilsTests]/[method:getDefaultValueFromAnnotation()]] did not pass without mutation.
19:21:42 PIT >> INFO : MINION : Failed to dump JaCoCo execution data: org.jacoco.agent.rt.RT
19:21:42 PIT >> INFO : MINION : Failed to set JaCoCo session: org.jacoco.agent.rt.RT
19:21:42 PIT >> INFO : MINION : Failed to dump JaCoCo execution data: org.jacoco.agent.rt.RT
19:21:42 PIT >> INFO : MINION : Failed to set JaCoCo session: org.jacoco.agent.rt.RT
19:21:42 PIT >> INFO : MINION : Failed to dump JaCoCo execution data: org.jacoco.agent.rt.RT
19:21:42 PIT >> INFO : MINION : Failed to set JaCoCo session: org.jacoco.agent.rt.RT
19:21:42 PIT >> INFO : MINION : Failed to dump JaCoCo execution data: org.jacoco.agent.rt.RT
19:21:42 PIT >> INFO : MINION : Failed to set JaCoCo session: org.jacoco.agent.rt.RT
19:21:42 PIT >> INFO : MINION : Failed to dump JaCoCo execution data: org.jacoco.agent.rt.RT
19:21:42 PIT >> INFO : MINION : Failed to set JaCoCo session: org.jacoco.agent.rt.RT
19:21:42 PIT >> INFO : MINION : Failed to dump JaCoCo execution data: org.jacoco.agent.rt.RT
19:21:42 PIT >> INFO : MINION : Failed to set JaCoCo session: org.jacoco.agent.rt.RT
19:21:42 PIT >> INFO : MINION : Failed to dump JaCoCo execution data: org.jacoco.agent.rt.RT
19:21:42 PIT >> INFO : MINION : Failed to set JaCoCo session: org.jacoco.agent.rt.RT
19:21:42 PIT >> INFO : MINION : Failed to dump JaCoCo execution data: org.jacoco.agent.rt.RT
19:21:42 PIT >> INFO : MINION : Failed to set JaCoCo session: org.jacoco.agent.rt.RT
19:21:42 PIT >> INFO : MINION : Failed to dump JaCoCo execution data: org.jacoco.agent.rt.RT
19:21:42 PIT >> INFO : MINION : Failed to set JaCoCo session: org.jacoco.agent.rt.RT
19:21:42 PIT >> INFO : MINION : Failed to dump JaCoCo execution data: org.jacoco.agent.rt.RT
19:21:42 PIT >> INFO : MINION : Failed to set JaCoCo session: org.jacoco.agent.rt.RT
19:21:42 PIT >> INFO : MINION : Failed to dump JaCoCo execution data: org.jacoco.agent.rt.RT
19:21:42 PIT >> INFO : MINION : Failed to set JaCoCo session: org.jacoco.agent.rt.RT
19:21:42 PIT >> INFO : MINION : Failed to dump JaCoCo execution data: org.jacoco.agent.rt.RT
19:21:42 PIT >> INFO : MINION : Failed to set JaCoCo session: org.jacoco.agent.rt.RT
19:21:42 PIT >> INFO : MINION : Failed to dump JaCoCo execution data: org.jacoco.agent.rt.RT
19:21:42 PIT >> INFO : MINION : Failed to set JaCoCo session: org.jacoco.agent.rt.RT
19:21:42 PIT >> INFO : MINION : Failed to dump JaCoCo execution data: org.jacoco.agent.rt.RT
19:21:42 PIT >> INFO : MINION : Failed to set JaCoCo session: org.jacoco.agent.rt.RT
19:21:42 PIT >> INFO : MINION : Failed to dump JaCoCo execution data: org.jacoco.agent.rt.RT
19:21:42 PIT >> INFO : MINION : Failed to set JaCoCo session: org.jacoco.agent.rt.RT
19:21:42 PIT >> INFO : MINION : Failed to dump JaCoCo execution data: org.jacoco.agent.rt.RT
19:21:42 PIT >> INFO : MINION : Failed to set JaCoCo session: org.jacoco.agent.rt.RT
19:21:42 PIT >> INFO : MINION : Failed to dump JaCoCo execution data: org.jacoco.agent.rt.RT
19:21:42 PIT >> INFO : MINION : Failed to set JaCoCo session: org.jacoco.agent.rt.RT
19:21:42 PIT >> INFO : MINION : Failed to dump JaCoCo execution data: org.jacoco.agent.rt.RT
19:21:42 PIT >> INFO : MINION : Failed to set JaCoCo session: org.jacoco.agent.rt.RT
19:21:42 PIT >> INFO : MINION : Failed to dump JaCoCo execution data: org.jacoco.agent.rt.RT
19:21:42 PIT >> INFO : MINION : Failed to set JaCoCo session: org.jacoco.agent.rt.RT
19:21:42 PIT >> INFO : MINION : Failed to dump JaCoCo execution data: org.jacoco.agent.rt.RT
19:21:42 PIT >> INFO : MINION : Failed to set JaCoCo session: org.jacoco.agent.rt.RT
19:21:42 PIT >> INFO : MINION : Failed to dump JaCoCo execution data: org.jacoco.agent.rt.RT
19:21:42 PIT >> INFO : MINION : Failed to set JaCoCo session: org.jacoco.agent.rt.RT
19:21:42 PIT >> INFO : MINION : Failed to dump JaCoCo execution data: org.jacoco.agent.rt.RT
19:21:42 PIT >> INFO : MINION : Failed to set JaCoCo session: org.jacoco.agent.rt.RT
19:21:42 PIT >> INFO : MINION : Failed to dump JaCoCo execution data: org.jacoco.agent.rt.RT
19:21:42 PIT >> INFO : MINION : Failed to set JaCoCo session: org.jacoco.agent.rt.RT
19:21:42 PIT >> INFO : MINION : Failed to dump JaCoCo execution data: org.jacoco.agent.rt.RT
19:21:42 PIT >> INFO : MINION : Failed to set JaCoCo session: org.jacoco.agent.rt.RT
19:21:42 PIT >> INFO : MINION : Failed to dump JaCoCo execution data: org.jacoco.agent.rt.RT
19:21:42 PIT >> INFO : MINION : Failed to set JaCoCo session: org.jacoco.agent.rt.RT
19:21:42 PIT >> INFO : MINION : Failed to dump JaCoCo execution data: org.jacoco.agent.rt.RT
19:21:42 PIT >> INFO : MINION : Failed to set JaCoCo session: org.jacoco.agent.rt.RT
19:21:42 PIT >> INFO : MINION : Failed to dump JaCoCo execution data: org.jacoco.agent.rt.RT
19:21:42 PIT >> INFO : MINION : Failed to set JaCoCo session: org.jacoco.agent.rt.RT
19:21:42 PIT >> INFO : MINION : Failed to dump JaCoCo execution data: org.jacoco.agent.rt.RT
19:21:42 PIT >> INFO : MINION : Failed to set JaCoCo session: org.jacoco.agent.rt.RT
19:21:42 PIT >> INFO : MINION : Failed to dump JaCoCo execution data: org.jacoco.agent.rt.RT
19:21:42 PIT >> INFO : MINION : Failed to set JaCoCo session: org.jacoco.agent.rt.RT
19:21:42 PIT >> INFO : MINION : Failed to dump JaCoCo execution data: org.jacoco.agent.rt.RT
19:21:42 PIT >> INFO : MINION : Failed to set JaCoCo session: org.jacoco.agent.rt.RT
19:21:42 PIT >> INFO : MINION : Failed to dump JaCoCo execution data: org.jacoco.agent.rt.RT
19:21:42 PIT >> INFO : MINION : Failed to set JaCoCo session: org.jacoco.agent.rt.RT
19:21:42 PIT >> INFO : MINION : Failed to dump JaCoCo execution data: org.jacoco.agent.rt.RT
19:21:42 PIT >> INFO : MINION : Failed to set JaCoCo session: org.jacoco.agent.rt.RT
19:21:42 PIT >> INFO : MINION : Failed to dump JaCoCo execution data: org.jacoco.agent.rt.RT
19:21:42 PIT >> INFO : MINION : Failed to set JaCoCo session: org.jacoco.agent.rt.RT
19:21:42 PIT >> INFO : MINION : Failed to dump JaCoCo execution data: org.jacoco.agent.rt.RT
19:21:42 PIT >> INFO : MINION : Failed to set JaCoCo session: org.jacoco.agent.rt.RT
19:21:42 PIT >> INFO : MINION : Failed to dump JaCoCo execution data: org.jacoco.agent.rt.RT
19:21:42 PIT >> INFO : MINION : Failed to set JaCoCo session: org.jacoco.agent.rt.RT
19:21:42 PIT >> INFO : MINION : Failed to dump JaCoCo execution data: org.jacoco.agent.rt.RT
19:21:42 PIT >> INFO : MINION : Failed to set JaCoCo session: org.jacoco.agent.rt.RT
19:21:42 PIT >> INFO : MINION : Failed to dump JaCoCo execution data: org.jacoco.agent.rt.RT
19:21:42 PIT >> INFO : MINION : Failed to set JaCoCo session: org.jacoco.agent.rt.RT
19:21:42 PIT >> INFO : MINION : Failed to dump JaCoCo execution data: org.jacoco.agent.rt.RT
19:21:42 PIT >> INFO : MINION : Failed to set JaCoCo session: org.jacoco.agent.rt.RT
19:21:42 PIT >> INFO : MINION : Failed to dump JaCoCo execution data: org.jacoco.agent.rt.RT
19:21:42 PIT >> INFO : MINION : Failed to set JaCoCo session: org.jacoco.agent.rt.RT
19:21:42 PIT >> INFO : MINION : Failed to dump JaCoCo execution data: org.jacoco.agent.rt.RT
19:21:42 PIT >> INFO : MINION : Failed to set JaCoCo session: org.jacoco.agent.rt.RT
19:21:42 PIT >> INFO : MINION : Failed to dump JaCoCo execution data: org.jacoco.agent.rt.RT
19:21:42 PIT >> INFO : MINION : Failed to set JaCoCo session: org.jacoco.agent.rt.RT
19:21:42 PIT >> INFO : MINION : Failed to dump JaCoCo execution data: org.jacoco.agent.rt.RT
19:21:42 PIT >> INFO : MINION : Failed to set JaCoCo session: org.jacoco.agent.rt.RT
19:21:42 PIT >> INFO : MINION : Failed to dump JaCoCo execution data: org.jacoco.agent.rt.RT
19:21:42 PIT >> INFO : MINION : Failed to set JaCoCo session: org.jacoco.agent.rt.RT
19:21:42 PIT >> INFO : MINION : Failed to dump JaCoCo execution data: org.jacoco.agent.rt.RT
19:21:42 PIT >> INFO : MINION : Failed to set JaCoCo session: org.jacoco.agent.rt.RT
19:21:42 PIT >> INFO : MINION : Failed to dump JaCoCo execution data: org.jacoco.agent.rt.RT
19:21:42 PIT >> INFO : MINION : Failed to set JaCoCo session: org.jacoco.agent.rt.RT
19:21:42 PIT >> INFO : MINION : Failed to dump JaCoCo execution data: org.jacoco.agent.rt.RT
19:21:42 PIT >> INFO : MINION : Failed to set JaCoCo session: org.jacoco.agent.rt.RT
19:21:42 PIT >> INFO : MINION : Failed to dump JaCoCo execution data: org.jacoco.agent.rt.RT
19:21:42 PIT >> INFO : MINION : Failed to set JaCoCo session: org.jacoco.agent.rt.RT
19:21:42 PIT >> INFO : MINION : Failed to dump JaCoCo execution data: org.jacoco.agent.rt.RT
19:21:42 PIT >> INFO : MINION : Failed to set JaCoCo session: org.jacoco.agent.rt.RT
19:21:42 PIT >> INFO : MINION : Failed to dump JaCoCo execution data: org.jacoco.agent.rt.RT
19:21:42 PIT >> INFO : MINION : Failed to set JaCoCo session: org.jacoco.agent.rt.RT
19:21:42 PIT >> INFO : MINION : Failed to dump JaCoCo execution data: org.jacoco.agent.rt.RT
19:21:42 PIT >> INFO : MINION : Failed to set JaCoCo session: org.jacoco.agent.rt.RT
19:21:42 PIT >> INFO : MINION : Failed to dump JaCoCo execution data: org.jacoco.agent.rt.RT
19:21:42 PIT >> INFO : MINION : Failed to set JaCoCo session: org.jacoco.agent.rt.RT
19:21:42 PIT >> INFO : MINION : Failed to dump JaCoCo execution data: org.jacoco.agent.rt.RT
19:21:42 PIT >> INFO : MINION : Failed to set JaCoCo session: org.jacoco.agent.rt.RT
19:21:42 PIT >> INFO : MINION : Failed to dump JaCoCo execution data: org.jacoco.agent.rt.RT
19:21:42 PIT >> INFO : MINION : Failed to set JaCoCo session: org.jacoco.agent.rt.RT
19:21:42 PIT >> INFO : MINION : Failed to dump JaCoCo execution data: org.jacoco.agent.rt.RT
19:21:42 PIT >> INFO : MINION : Failed to set JaCoCo session: org.jacoco.agent.rt.RT
19:21:42 PIT >> INFO : MINION : Failed to dump JaCoCo execution data: org.jacoco.agent.rt.RT
19:21:42 PIT >> INFO : MINION : Failed to set JaCoCo session: org.jacoco.agent.rt.RT
19:21:42 PIT >> INFO : MINION : Failed to dump JaCoCo execution data: org.jacoco.agent.rt.RT
19:21:42 PIT >> INFO : MINION : Failed to set JaCoCo session: org.jacoco.agent.rt.RT
19:21:42 PIT >> INFO : MINION : Failed to dump JaCoCo execution data: org.jacoco.agent.rt.RT
19:21:42 PIT >> INFO : MINION : Failed to set JaCoCo session: org.jacoco.agent.rt.RT
19:21:43 PIT >> INFO : MINION : WARNING: A Java agent has been loaded dynamically (/Users/D061177/.gradle/caches/modules-2/files-2.1/net.bytebuddy/byte-buddy-agent/1.14.15/b4cc9d88d5de562bf75b3a54ab436ad01b3f72d/byte-buddy-agent-1.14.15.jar)
19:21:43 PIT >> INFO : MINION : WARNING: If a serviceability tool is in use, please run with -XX:+EnableDynamicAgentLoading to hide this warning
19:21:43 PIT >> INFO : MINION : WARNING: If a serviceability tool is not in use, please run with -Djdk.instrument.traceUsage for more information
19:21:43 PIT >> INFO : MINION : WARNING: Dynamic loading of agents will be disallowed by default in a future release
19:21:43 PIT >> INFO : MINION : OpenJDK 64-Bit Server VM warning: Sharing is only supported for boot loader classes because bootstrap classpath has been appended
19:21:43 PIT >> INFO : MINION : Failed to dump JaCoCo execution data: org.jacoco.agent.rt.RT
19:21:43 PIT >> INFO : MINION : Failed to set JaCoCo session: org.jacoco.agent.rt.RT
19:21:43 PIT >> INFO : MINION : Failed to dump JaCoCo execution data: org.jacoco.agent.rt.RT
19:21:43 PIT >> INFO : MINION : Failed to set JaCoCo session: org.jacoco.agent.rt.RT
19:21:43 PIT >> INFO : MINION : Failed to dump JaCoCo execution data: org.jacoco.agent.rt.RT
19:21:43 PIT >> INFO : MINION : Failed to set JaCoCo session: org.jacoco.agent.rt.RT
19:21:43 PIT >> INFO : MINION : Failed to dump JaCoCo execution data: org.jacoco.agent.rt.RT
19:21:43 PIT >> INFO : MINION : Failed to set JaCoCo session: org.jacoco.agent.rt.RT
19:21:43 PIT >> INFO : MINION : Failed to dump JaCoCo execution data: org.jacoco.agent.rt.RT
19:21:43 PIT >> INFO : MINION : Failed to set JaCoCo session: org.jacoco.agent.rt.RT
19:21:43 PIT >> INFO : MINION : Failed to dump JaCoCo execution data: org.jacoco.agent.rt.RT
19:21:43 PIT >> INFO : MINION : Failed to set JaCoCo session: org.jacoco.agent.rt.RT
19:21:43 PIT >> INFO : MINION : Failed to dump JaCoCo execution data: org.jacoco.agent.rt.RT
19:21:43 PIT >> INFO : MINION : Failed to set JaCoCo session: org.jacoco.agent.rt.RT
19:21:43 PIT >> INFO : MINION : Failed to dump JaCoCo execution data: org.jacoco.agent.rt.RT
19:21:43 PIT >> INFO : MINION : Failed to set JaCoCo session: org.jacoco.agent.rt.RT
19:21:43 PIT >> INFO : MINION : Failed to dump JaCoCo execution data: org.jacoco.agent.rt.RT
19:21:43 PIT >> INFO : MINION : Failed to set JaCoCo session: org.jacoco.agent.rt.RT
19:21:43 PIT >> INFO : MINION : Failed to dump JaCoCo execution data: org.jacoco.agent.rt.RT
19:21:43 PIT >> INFO : MINION : Failed to set JaCoCo session: org.jacoco.agent.rt.RT
19:21:43 PIT >> INFO : MINION : Failed to dump JaCoCo execution data: org.jacoco.agent.rt.RT
19:21:43 PIT >> INFO : MINION : Failed to set JaCoCo session: org.jacoco.agent.rt.RT
19:21:43 PIT >> INFO : MINION : Failed to dump JaCoCo execution data: org.jacoco.agent.rt.RT
19:21:43 PIT >> INFO : MINION : Failed to set JaCoCo session: org.jacoco.agent.rt.RT
19:21:43 PIT >> INFO : MINION : Failed to dump JaCoCo execution data: org.jacoco.agent.rt.RT
19:21:43 PIT >> INFO : MINION : Failed to set JaCoCo session: org.jacoco.agent.rt.RT
19:21:43 PIT >> INFO : MINION : Failed to dump JaCoCo execution data: org.jacoco.agent.rt.RT
19:21:43 PIT >> INFO : MINION : Failed to set JaCoCo session: org.jacoco.agent.rt.RT
19:21:43 PIT >> INFO : MINION : Failed to dump JaCoCo execution data: org.jacoco.agent.rt.RT
19:21:43 PIT >> INFO : MINION : Failed to set JaCoCo session: org.jacoco.agent.rt.RT
19:21:43 PIT >> SEVERE : Description [testClass=org.springframework.core.annotation.ComposedRepeatableAnnotationsTests, name=[engine:junit-jupiter]/[class:org.springframework.core.annotation.ComposedRepeatableAnnotationsTests]/[method:getComposedRepeatableAnnotationsOnClass()]] did not pass without mutation.
19:21:43 PIT >> SEVERE : Description [testClass=org.springframework.core.annotation.ComposedRepeatableAnnotationsTests, name=[engine:junit-jupiter]/[class:org.springframework.core.annotation.ComposedRepeatableAnnotationsTests]/[method:getRepeatableAnnotationsOnSuperclass()]] did not pass without mutation.
19:21:43 PIT >> INFO : MINION : Failed to dump JaCoCo execution data: org.jacoco.agent.rt.RT
19:21:43 PIT >> INFO : MINION : Failed to set JaCoCo session: org.jacoco.agent.rt.RT
19:21:43 PIT >> INFO : MINION : Failed to dump JaCoCo execution data: org.jacoco.agent.rt.RT
19:21:43 PIT >> INFO : MINION : Failed to set JaCoCo session: org.jacoco.agent.rt.RT
19:21:43 PIT >> INFO : MINION : Failed to dump JaCoCo execution data: org.jacoco.agent.rt.RT
19:21:43 PIT >> INFO : MINION : Failed to set JaCoCo session: org.jacoco.agent.rt.RT
19:21:43 PIT >> INFO : MINION : Failed to dump JaCoCo execution data: org.jacoco.agent.rt.RT
19:21:43 PIT >> INFO : MINION : Failed to set JaCoCo session: org.jacoco.agent.rt.RT
19:21:43 PIT >> INFO : MINION : Failed to dump JaCoCo execution data: org.jacoco.agent.rt.RT
19:21:43 PIT >> INFO : MINION : Failed to set JaCoCo session: org.jacoco.agent.rt.RT
19:21:43 PIT >> INFO : MINION : Failed to dump JaCoCo execution data: org.jacoco.agent.rt.RT
19:21:43 PIT >> INFO : MINION : Failed to set JaCoCo session: org.jacoco.agent.rt.RT
19:21:43 PIT >> INFO : MINION : Failed to dump JaCoCo execution data: org.jacoco.agent.rt.RT
19:21:43 PIT >> INFO : MINION : Failed to set JaCoCo session: org.jacoco.agent.rt.RT
19:21:43 PIT >> INFO : MINION : Failed to dump JaCoCo execution data: org.jacoco.agent.rt.RT
19:21:43 PIT >> INFO : MINION : Failed to set JaCoCo session: org.jacoco.agent.rt.RT
19:21:43 PIT >> INFO : MINION : Failed to dump JaCoCo execution data: org.jacoco.agent.rt.RT
19:21:43 PIT >> INFO : MINION : Failed to set JaCoCo session: org.jacoco.agent.rt.RT
19:21:43 PIT >> INFO : MINION : Failed to dump JaCoCo execution data: org.jacoco.agent.rt.RT
19:21:43 PIT >> INFO : MINION : Failed to set JaCoCo session: org.jacoco.agent.rt.RT
19:21:43 PIT >> INFO : MINION : Failed to dump JaCoCo execution data: org.jacoco.agent.rt.RT
19:21:43 PIT >> INFO : MINION : Failed to set JaCoCo session: org.jacoco.agent.rt.RT
19:21:43 PIT >> INFO : MINION : Failed to dump JaCoCo execution data: org.jacoco.agent.rt.RT
19:21:43 PIT >> INFO : MINION : Failed to set JaCoCo session: org.jacoco.agent.rt.RT
19:21:43 PIT >> INFO : MINION : Failed to dump JaCoCo execution data: org.jacoco.agent.rt.RT
19:21:43 PIT >> INFO : MINION : Failed to set JaCoCo session: org.jacoco.agent.rt.RT
19:21:43 PIT >> INFO : MINION : Failed to dump JaCoCo execution data: org.jacoco.agent.rt.RT
19:21:43 PIT >> INFO : MINION : Failed to set JaCoCo session: org.jacoco.agent.rt.RT
19:21:43 PIT >> INFO : MINION : Failed to dump JaCoCo execution data: org.jacoco.agent.rt.RT
19:21:43 PIT >> INFO : MINION : Failed to set JaCoCo session: org.jacoco.agent.rt.RT
19:21:43 PIT >> INFO : MINION : Failed to dump JaCoCo execution data: org.jacoco.agent.rt.RT
19:21:43 PIT >> INFO : MINION : Failed to set JaCoCo session: org.jacoco.agent.rt.RT
19:21:43 PIT >> INFO : MINION : Failed to dump JaCoCo execution data: org.jacoco.agent.rt.RT
19:21:43 PIT >> INFO : MINION : Failed to set JaCoCo session: org.jacoco.agent.rt.RT
19:21:43 PIT >> INFO : MINION : Failed to dump JaCoCo execution data: org.jacoco.agent.rt.RT
19:21:43 PIT >> INFO : MINION : Failed to set JaCoCo session: org.jacoco.agent.rt.RT
19:21:43 PIT >> INFO : MINION : Failed to dump JaCoCo execution data: org.jacoco.agent.rt.RT
19:21:43 PIT >> INFO : MINION : Failed to set JaCoCo session: org.jacoco.agent.rt.RT
19:21:43 PIT >> INFO : MINION : Failed to dump JaCoCo execution data: org.jacoco.agent.rt.RT
19:21:43 PIT >> INFO : MINION : Failed to set JaCoCo session: org.jacoco.agent.rt.RT
19:21:43 PIT >> INFO : MINION : Failed to dump JaCoCo execution data: org.jacoco.agent.rt.RT
19:21:43 PIT >> SEVERE : Description [testClass=org.springframework.core.annotation.ComposedRepeatableAnnotationsTests, name=[engine:junit-jupiter]/[class:org.springframework.core.annotation.ComposedRepeatableAnnotationsTests]/[method:getComposedContainerForRepeatableAnnotationsOnClass()]] did not pass without mutation.
19:21:43 PIT >> SEVERE : Description [testClass=org.springframework.core.annotation.ComposedRepeatableAnnotationsTests, name=[engine:junit-jupiter]/[class:org.springframework.core.annotation.ComposedRepeatableAnnotationsTests]/[method:getNoninheritedComposedRepeatableAnnotationsOnClass()]] did not pass without mutation.
19:21:43 PIT >> SEVERE : Description [testClass=org.springframework.core.annotation.ComposedRepeatableAnnotationsTests, name=[engine:junit-jupiter]/[class:org.springframework.core.annotation.ComposedRepeatableAnnotationsTests]/[method:findRepeatableAnnotationsOnClass()]] did not pass without mutation.
19:21:43 PIT >> SEVERE : Description [testClass=org.springframework.core.annotation.ComposedRepeatableAnnotationsTests, name=[engine:junit-jupiter]/[class:org.springframework.core.annotation.ComposedRepeatableAnnotationsTests]/[method:getRepeatableAnnotationsOnClass()]] did not pass without mutation.
19:21:43 PIT >> SEVERE : Description [testClass=org.springframework.core.annotation.ComposedRepeatableAnnotationsTests, name=[engine:junit-jupiter]/[class:org.springframework.core.annotation.ComposedRepeatableAnnotationsTests]/[method:findComposedRepeatableAnnotationsMixedWithContainerOnClass()]] did not pass without mutation.
19:21:43 PIT >> SEVERE : Description [testClass=org.springframework.core.annotation.ComposedRepeatableAnnotationsTests, name=[engine:junit-jupiter]/[class:org.springframework.core.annotation.ComposedRepeatableAnnotationsTests]/[method:findComposedContainerForRepeatableAnnotationsOnClass()]] did not pass without mutation.
19:21:43 PIT >> SEVERE : Description [testClass=org.springframework.core.annotation.ComposedRepeatableAnnotationsTests, name=[engine:junit-jupiter]/[class:org.springframework.core.annotation.ComposedRepeatableAnnotationsTests]/[method:findNoninheritedComposedRepeatableAnnotationsOnClass()]] did not pass without mutation.
19:21:43 PIT >> SEVERE : Description [testClass=org.springframework.core.annotation.ComposedRepeatableAnnotationsTests, name=[engine:junit-jupiter]/[class:org.springframework.core.annotation.ComposedRepeatableAnnotationsTests]/[method:findComposedRepeatableAnnotationsOnClass()]] did not pass without mutation.
19:21:43 PIT >> SEVERE : Description [testClass=org.springframework.core.annotation.ComposedRepeatableAnnotationsTests, name=[engine:junit-jupiter]/[class:org.springframework.core.annotation.ComposedRepeatableAnnotationsTests]/[method:getComposedRepeatableAnnotationsMixedWithContainerOnClass()]] did not pass without mutation.
19:21:43 PIT >> SEVERE : Description [testClass=org.springframework.core.annotation.ComposedRepeatableAnnotationsTests, name=[engine:junit-jupiter]/[class:org.springframework.core.annotation.ComposedRepeatableAnnotationsTests]/[method:findRepeatableAnnotationsOnSuperclass()]] did not pass without mutation.
19:21:43 PIT >> SEVERE : Description [testClass=org.springframework.core.annotation.ComposedRepeatableAnnotationsTests, name=[engine:junit-jupiter]/[class:org.springframework.core.annotation.ComposedRepeatableAnnotationsTests]/[method:findNoninheritedComposedRepeatableAnnotationsOnSuperclass()]] did not pass without mutation.
19:21:43 PIT >> SEVERE : Description [testClass=org.springframework.core.annotation.KotlinMergedAnnotationsTests, name=[engine:junit-jupiter]/[class:org.springframework.core.annotation.KotlinMergedAnnotationsTests]/[method:recursiveAnnotationWithoutAlias()]] did not pass without mutation.
19:21:43 PIT >> SEVERE : Description [testClass=org.springframework.core.annotation.KotlinMergedAnnotationsTests, name=[engine:junit-jupiter]/[class:org.springframework.core.annotation.KotlinMergedAnnotationsTests]/[method:recursiveAnnotationWithAlias()]] did not pass without mutation.
19:21:43 PIT >> SEVERE : Description [testClass=org.springframework.core.annotation.KotlinMergedAnnotationsTests, name=[engine:junit-jupiter]/[class:org.springframework.core.annotation.KotlinMergedAnnotationsTests]/[method:recursiveNestedAnnotationWithAlias()]] did not pass without mutation.
19:21:43 PIT >> INFO : MINION : Failed to set JaCoCo session: org.jacoco.agent.rt.RT
19:21:43 PIT >> INFO : MINION : Failed to dump JaCoCo execution data: org.jacoco.agent.rt.RT
19:21:43 PIT >> INFO : MINION : Failed to set JaCoCo session: org.jacoco.agent.rt.RT
19:21:43 PIT >> INFO : MINION : Failed to dump JaCoCo execution data: org.jacoco.agent.rt.RT
19:21:43 PIT >> INFO : MINION : Failed to set JaCoCo session: org.jacoco.agent.rt.RT
19:21:43 PIT >> INFO : MINION : Failed to dump JaCoCo execution data: org.jacoco.agent.rt.RT
19:21:43 PIT >> INFO : MINION : Failed to set JaCoCo session: org.jacoco.agent.rt.RT
19:21:43 PIT >> INFO : MINION : Failed to dump JaCoCo execution data: org.jacoco.agent.rt.RT
19:21:43 PIT >> INFO : MINION : Failed to set JaCoCo session: org.jacoco.agent.rt.RT
19:21:43 PIT >> INFO : MINION : Failed to dump JaCoCo execution data: org.jacoco.agent.rt.RT
19:21:43 PIT >> INFO : MINION : Failed to set JaCoCo session: org.jacoco.agent.rt.RT
19:21:43 PIT >> INFO : MINION : Failed to dump JaCoCo execution data: org.jacoco.agent.rt.RT
19:21:43 PIT >> INFO : MINION : Failed to set JaCoCo session: org.jacoco.agent.rt.RT
19:21:43 PIT >> INFO : MINION : Failed to dump JaCoCo execution data: org.jacoco.agent.rt.RT
19:21:43 PIT >> INFO : MINION : Failed to set JaCoCo session: org.jacoco.agent.rt.RT
19:21:43 PIT >> INFO : MINION : Failed to dump JaCoCo execution data: org.jacoco.agent.rt.RT
19:21:43 PIT >> INFO : MINION : Failed to set JaCoCo session: org.jacoco.agent.rt.RT
19:21:43 PIT >> INFO : MINION : Failed to dump JaCoCo execution data: org.jacoco.agent.rt.RT
19:21:43 PIT >> INFO : MINION : Failed to set JaCoCo session: org.jacoco.agent.rt.RT
19:21:43 PIT >> INFO : MINION : Failed to dump JaCoCo execution data: org.jacoco.agent.rt.RT
19:21:43 PIT >> INFO : MINION : Failed to set JaCoCo session: org.jacoco.agent.rt.RT
19:21:43 PIT >> INFO : MINION : Failed to dump JaCoCo execution data: org.jacoco.agent.rt.RT
19:21:43 PIT >> INFO : MINION : Failed to set JaCoCo session: org.jacoco.agent.rt.RT
19:21:43 PIT >> INFO : MINION : Failed to dump JaCoCo execution data: org.jacoco.agent.rt.RT
19:21:43 PIT >> INFO : MINION : Failed to set JaCoCo session: org.jacoco.agent.rt.RT
19:21:43 PIT >> INFO : MINION : Failed to dump JaCoCo execution data: org.jacoco.agent.rt.RT
19:21:43 PIT >> INFO : MINION : Failed to set JaCoCo session: org.jacoco.agent.rt.RT
19:21:43 PIT >> INFO : MINION : Failed to dump JaCoCo execution data: org.jacoco.agent.rt.RT
19:21:43 PIT >> INFO : MINION : Failed to set JaCoCo session: org.jacoco.agent.rt.RT
19:21:43 PIT >> INFO : MINION : Failed to dump JaCoCo execution data: org.jacoco.agent.rt.RT
19:21:43 PIT >> INFO : MINION : Failed to set JaCoCo session: org.jacoco.agent.rt.RT
19:21:43 PIT >> INFO : MINION : Failed to dump JaCoCo execution data: org.jacoco.agent.rt.RT
19:21:43 PIT >> INFO : MINION : Failed to set JaCoCo session: org.jacoco.agent.rt.RT
19:21:43 PIT >> INFO : MINION : Failed to dump JaCoCo execution data: org.jacoco.agent.rt.RT
19:21:43 PIT >> INFO : MINION : Failed to set JaCoCo session: org.jacoco.agent.rt.RT
19:21:43 PIT >> INFO : MINION : Failed to dump JaCoCo execution data: org.jacoco.agent.rt.RT
19:21:43 PIT >> INFO : MINION : Failed to set JaCoCo session: org.jacoco.agent.rt.RT
19:21:43 PIT >> INFO : MINION : Failed to dump JaCoCo execution data: org.jacoco.agent.rt.RT
19:21:43 PIT >> INFO : MINION : Failed to set JaCoCo session: org.jacoco.agent.rt.RT
19:21:43 PIT >> INFO : MINION : Failed to dump JaCoCo execution data: org.jacoco.agent.rt.RT
19:21:43 PIT >> INFO : MINION : Failed to set JaCoCo session: org.jacoco.agent.rt.RT
19:21:43 PIT >> INFO : MINION : Failed to dump JaCoCo execution data: org.jacoco.agent.rt.RT
19:21:43 PIT >> INFO : MINION : Failed to set JaCoCo session: org.jacoco.agent.rt.RT
19:21:43 PIT >> INFO : MINION : Failed to dump JaCoCo execution data: org.jacoco.agent.rt.RT
19:21:43 PIT >> INFO : MINION : Failed to set JaCoCo session: org.jacoco.agent.rt.RT
19:21:43 PIT >> INFO : MINION : Failed to dump JaCoCo execution data: org.jacoco.agent.rt.RT
19:21:43 PIT >> SEVERE : Description [testClass=org.springframework.core.annotation.MergedAnnotationClassLoaderTests, name=[engine:junit-jupiter]/[class:org.springframework.core.annotation.MergedAnnotationClassLoaderTests]/[method:synthesizedUsesCorrectClassLoader()]] did not pass without mutation.
19:21:43 PIT >> SEVERE : Description [testClass=org.springframework.core.annotation.MergedAnnotationCollectorsTests, name=[engine:junit-jupiter]/[class:org.springframework.core.annotation.MergedAnnotationCollectorsTests]/[method:toAnnotationArrayCollectsAnnotationArrayWithSynthesizedAnnotations()]] did not pass without mutation.
19:21:43 PIT >> SEVERE : Description [testClass=org.springframework.core.annotation.MergedAnnotationCollectorsTests, name=[engine:junit-jupiter]/[class:org.springframework.core.annotation.MergedAnnotationCollectorsTests]/[method:toAnnotationSetCollectsLinkedHashSetWithSynthesizedAnnotations()]] did not pass without mutation.
19:21:43 PIT >> SEVERE : Description [testClass=org.springframework.core.annotation.MergedAnnotationCollectorsTests, name=[engine:junit-jupiter]/[class:org.springframework.core.annotation.MergedAnnotationCollectorsTests]/[method:toFinishedMultiValueMapCollectsMultiValueMap()]] did not pass without mutation.
19:21:43 PIT >> SEVERE : Description [testClass=org.springframework.core.annotation.MergedAnnotationCollectorsTests, name=[engine:junit-jupiter]/[class:org.springframework.core.annotation.MergedAnnotationCollectorsTests]/[method:toSuppliedAnnotationArrayCollectsAnnotationArrayWithSynthesizedAnnotations()]] did not pass without mutation.
19:21:43 PIT >> SEVERE : Description [testClass=org.springframework.core.annotation.MergedAnnotationCollectorsTests, name=[engine:junit-jupiter]/[class:org.springframework.core.annotation.MergedAnnotationCollectorsTests]/[method:toMultiValueMapCollectsMultiValueMap()]] did not pass without mutation.
19:21:43 PIT >> SEVERE : Description [testClass=org.springframework.core.annotation.MergedAnnotationPredicatesTests, name=[engine:junit-jupiter]/[class:org.springframework.core.annotation.MergedAnnotationPredicatesTests]/[method:typeInStringArrayWhenNameDoesNotMatchRejects()]] did not pass without mutation.
19:21:43 PIT >> SEVERE : Description [testClass=org.springframework.core.annotation.MergedAnnotationPredicatesTests, name=[engine:junit-jupiter]/[class:org.springframework.core.annotation.MergedAnnotationPredicatesTests]/[method:firstRunOfAcceptsOnlyFirstRun()]] did not pass without mutation.
19:21:43 PIT >> INFO : MINION : Failed to set JaCoCo session: org.jacoco.agent.rt.RT
19:21:43 PIT >> SEVERE : Description [testClass=org.springframework.core.annotation.MergedAnnotationPredicatesTests, name=[engine:junit-jupiter]/[class:org.springframework.core.annotation.MergedAnnotationPredicatesTests]/[method:typeInCollectionWhenDoesNotMatchAnyRejects()]] did not pass without mutation.
19:21:43 PIT >> SEVERE : Description [testClass=org.springframework.core.annotation.MergedAnnotationPredicatesTests, name=[engine:junit-jupiter]/[class:org.springframework.core.annotation.MergedAnnotationPredicatesTests]/[method:typeInCollectionWhenMatchesClassInCollectionAccepts()]] did not pass without mutation.
19:21:43 PIT >> SEVERE : Description [testClass=org.springframework.core.annotation.MergedAnnotationPredicatesTests, name=[engine:junit-jupiter]/[class:org.springframework.core.annotation.MergedAnnotationPredicatesTests]/[method:typeInClassArrayWhenNameMatchesAccepts()]] did not pass without mutation.
19:21:43 PIT >> SEVERE : Description [testClass=org.springframework.core.annotation.MergedAnnotationPredicatesTests, name=[engine:junit-jupiter]/[class:org.springframework.core.annotation.MergedAnnotationPredicatesTests]/[method:uniqueAcceptsUniquely()]] did not pass without mutation.
19:21:43 PIT >> SEVERE : Description [testClass=org.springframework.core.annotation.MergedAnnotationPredicatesTests, name=[engine:junit-jupiter]/[class:org.springframework.core.annotation.MergedAnnotationPredicatesTests]/[method:typeInStringArrayWhenNameMatchesAccepts()]] did not pass without mutation.
19:21:43 PIT >> INFO : MINION : Failed to dump JaCoCo execution data: org.jacoco.agent.rt.RT
19:21:43 PIT >> SEVERE : Description [testClass=org.springframework.core.annotation.MergedAnnotationPredicatesTests, name=[engine:junit-jupiter]/[class:org.springframework.core.annotation.MergedAnnotationPredicatesTests]/[method:typeInClassArrayWhenNameDoesNotMatchRejects()]] did not pass without mutation.
19:21:43 PIT >> SEVERE : Description [testClass=org.springframework.core.annotation.MergedAnnotationPredicatesTests, name=[engine:junit-jupiter]/[class:org.springframework.core.annotation.MergedAnnotationPredicatesTests]/[method:typeInCollectionWhenMatchesStringInCollectionAccepts()]] did not pass without mutation.
19:21:43 PIT >> SEVERE : Description [testClass=org.springframework.core.annotation.MergedAnnotationsCollectionTests, name=[engine:junit-jupiter]/[class:org.springframework.core.annotation.MergedAnnotationsCollectionTests]/[method:getMetaWhenRootHasNoAttributeValuesShouldAliasAttributes()]] did not pass without mutation.
19:21:43 PIT >> SEVERE : Description [testClass=org.springframework.core.annotation.MergedAnnotationsCollectionTests, name=[engine:junit-jupiter]/[class:org.springframework.core.annotation.MergedAnnotationsCollectionTests]/[method:getWithPredicateReturnsOnlyMatching()]] did not pass without mutation.
19:21:43 PIT >> SEVERE : Description [testClass=org.springframework.core.annotation.MergedAnnotationsCollectionTests, name=[engine:junit-jupiter]/[class:org.springframework.core.annotation.MergedAnnotationsCollectionTests]/[method:getMetaWhenRootHasAttributeValuesShouldAliasAttributes()]] did not pass without mutation.
19:21:43 PIT >> SEVERE : Description [testClass=org.springframework.core.annotation.MergedAnnotationsCollectionTests, name=[engine:junit-jupiter]/[class:org.springframework.core.annotation.MergedAnnotationsCollectionTests]/[method:isPresentWhenMetaPresentReturnsTrue()]] did not pass without mutation.
19:21:43 PIT >> SEVERE : Description [testClass=org.springframework.core.annotation.MergedAnnotationsCollectionTests, name=[engine:junit-jupiter]/[class:org.springframework.core.annotation.MergedAnnotationsCollectionTests]/[method:getWithSelectorReturnsSelected()]] did not pass without mutation.
19:21:43 PIT >> INFO : MINION : Failed to set JaCoCo session: org.jacoco.agent.rt.RT
19:21:43 PIT >> INFO : MINION : Failed to dump JaCoCo execution data: org.jacoco.agent.rt.RT
19:21:43 PIT >> INFO : MINION : Failed to set JaCoCo session: org.jacoco.agent.rt.RT
19:21:43 PIT >> INFO : MINION : Failed to dump JaCoCo execution data: org.jacoco.agent.rt.RT
19:21:43 PIT >> INFO : MINION : Failed to set JaCoCo session: org.jacoco.agent.rt.RT
19:21:43 PIT >> INFO : MINION : Failed to dump JaCoCo execution data: org.jacoco.agent.rt.RT
19:21:43 PIT >> INFO : MINION : Failed to set JaCoCo session: org.jacoco.agent.rt.RT
19:21:43 PIT >> INFO : MINION : Failed to dump JaCoCo execution data: org.jacoco.agent.rt.RT
19:21:43 PIT >> INFO : MINION : Failed to set JaCoCo session: org.jacoco.agent.rt.RT
19:21:43 PIT >> INFO : MINION : Failed to dump JaCoCo execution data: org.jacoco.agent.rt.RT
19:21:43 PIT >> INFO : MINION : Failed to set JaCoCo session: org.jacoco.agent.rt.RT
19:21:43 PIT >> INFO : MINION : Failed to dump JaCoCo execution data: org.jacoco.agent.rt.RT
19:21:43 PIT >> INFO : MINION : Failed to set JaCoCo session: org.jacoco.agent.rt.RT
19:21:43 PIT >> INFO : MINION : Failed to dump JaCoCo execution data: org.jacoco.agent.rt.RT
19:21:43 PIT >> INFO : MINION : Failed to set JaCoCo session: org.jacoco.agent.rt.RT
19:21:43 PIT >> INFO : MINION : Failed to dump JaCoCo execution data: org.jacoco.agent.rt.RT
19:21:43 PIT >> INFO : MINION : Failed to set JaCoCo session: org.jacoco.agent.rt.RT
19:21:43 PIT >> INFO : MINION : Failed to dump JaCoCo execution data: org.jacoco.agent.rt.RT
19:21:43 PIT >> INFO : MINION : Failed to set JaCoCo session: org.jacoco.agent.rt.RT
19:21:43 PIT >> INFO : MINION : Failed to dump JaCoCo execution data: org.jacoco.agent.rt.RT
19:21:43 PIT >> INFO : MINION : Failed to set JaCoCo session: org.jacoco.agent.rt.RT
19:21:43 PIT >> INFO : MINION : Failed to dump JaCoCo execution data: org.jacoco.agent.rt.RT
19:21:43 PIT >> INFO : MINION : Failed to set JaCoCo session: org.jacoco.agent.rt.RT
19:21:43 PIT >> INFO : MINION : Failed to dump JaCoCo execution data: org.jacoco.agent.rt.RT
19:21:43 PIT >> INFO : MINION : Failed to set JaCoCo session: org.jacoco.agent.rt.RT
19:21:43 PIT >> INFO : MINION : Failed to dump JaCoCo execution data: org.jacoco.agent.rt.RT
19:21:43 PIT >> INFO : MINION : Failed to set JaCoCo session: org.jacoco.agent.rt.RT
19:21:43 PIT >> INFO : MINION : Failed to dump JaCoCo execution data: org.jacoco.agent.rt.RT
19:21:43 PIT >> INFO : MINION : Failed to set JaCoCo session: org.jacoco.agent.rt.RT
19:21:43 PIT >> INFO : MINION : Failed to dump JaCoCo execution data: org.jacoco.agent.rt.RT
19:21:43 PIT >> INFO : MINION : Failed to set JaCoCo session: org.jacoco.agent.rt.RT
19:21:43 PIT >> INFO : MINION : Failed to dump JaCoCo execution data: org.jacoco.agent.rt.RT
19:21:43 PIT >> INFO : MINION : Failed to set JaCoCo session: org.jacoco.agent.rt.RT
19:21:43 PIT >> INFO : MINION : Failed to dump JaCoCo execution data: org.jacoco.agent.rt.RT
19:21:43 PIT >> INFO : MINION : Failed to set JaCoCo session: org.jacoco.agent.rt.RT
19:21:43 PIT >> INFO : MINION : Failed to dump JaCoCo execution data: org.jacoco.agent.rt.RT
19:21:43 PIT >> INFO : MINION : Failed to set JaCoCo session: org.jacoco.agent.rt.RT
19:21:43 PIT >> INFO : MINION : Failed to dump JaCoCo execution data: org.jacoco.agent.rt.RT
19:21:43 PIT >> INFO : MINION : Failed to set JaCoCo session: org.jacoco.agent.rt.RT
19:21:43 PIT >> INFO : MINION : Failed to dump JaCoCo execution data: org.jacoco.agent.rt.RT
19:21:43 PIT >> INFO : MINION : Failed to set JaCoCo session: org.jacoco.agent.rt.RT
19:21:43 PIT >> INFO : MINION : Failed to dump JaCoCo execution data: org.jacoco.agent.rt.RT
19:21:43 PIT >> SEVERE : Description [testClass=org.springframework.core.annotation.MergedAnnotationsCollectionTests, name=[engine:junit-jupiter]/[class:org.springframework.core.annotation.MergedAnnotationsCollectionTests]/[method:getWhenNotPresentReturnsMissing()]] did not pass without mutation.
19:21:43 PIT >> SEVERE : Description [testClass=org.springframework.core.annotation.MergedAnnotationsCollectionTests, name=[engine:junit-jupiter]/[class:org.springframework.core.annotation.MergedAnnotationsCollectionTests]/[method:isDirectlyPresentWhenMetaPresentReturnsFalse()]] did not pass without mutation.
19:21:43 PIT >> SEVERE : Description [testClass=org.springframework.core.annotation.MergedAnnotationsCollectionTests, name=[engine:junit-jupiter]/[class:org.springframework.core.annotation.MergedAnnotationsCollectionTests]/[method:streamStreamsInCorrectOrder()]] did not pass without mutation.
19:21:43 PIT >> SEVERE : Description [testClass=org.springframework.core.annotation.MergedAnnotationsCollectionTests, name=[engine:junit-jupiter]/[class:org.springframework.core.annotation.MergedAnnotationsCollectionTests]/[method:isPresentWhenNotPresentReturnsFalse()]] did not pass without mutation.
19:21:43 PIT >> SEVERE : Description [testClass=org.springframework.core.annotation.MergedAnnotationsCollectionTests, name=[engine:junit-jupiter]/[class:org.springframework.core.annotation.MergedAnnotationsCollectionTests]/[method:iterateIteratesInCorrectOrder()]] did not pass without mutation.
19:21:43 PIT >> SEVERE : Description [testClass=org.springframework.core.annotation.MergedAnnotationsCollectionTests, name=[engine:junit-jupiter]/[class:org.springframework.core.annotation.MergedAnnotationsCollectionTests]/[method:getReturnsAppropriateAnnotation()]] did not pass without mutation.
19:21:43 PIT >> SEVERE : Description [testClass=org.springframework.core.annotation.MergedAnnotationsCollectionTests, name=[engine:junit-jupiter]/[class:org.springframework.core.annotation.MergedAnnotationsCollectionTests]/[method:streamWithTypeStreamsInCorrectOrder()]] did not pass without mutation.
19:21:43 PIT >> SEVERE : Description [testClass=org.springframework.core.annotation.MergedAnnotationsCollectionTests, name=[engine:junit-jupiter]/[class:org.springframework.core.annotation.MergedAnnotationsCollectionTests]/[method:isPresentWhenDirectlyPresentReturnsTrue()]] did not pass without mutation.
19:21:43 PIT >> INFO : MINION : Failed to set JaCoCo session: org.jacoco.agent.rt.RT
19:21:43 PIT >> SEVERE : Description [testClass=org.springframework.core.annotation.MergedAnnotationsCollectionTests, name=[engine:junit-jupiter]/[class:org.springframework.core.annotation.MergedAnnotationsCollectionTests]/[method:spliteratorEstimatesSize()]] did not pass without mutation.
19:21:43 PIT >> SEVERE : Description [testClass=org.springframework.core.annotation.MergedAnnotationsCollectionTests, name=[engine:junit-jupiter]/[class:org.springframework.core.annotation.MergedAnnotationsCollectionTests]/[method:isDirectlyPresentWhenDirectlyPresentReturnsTrue()]] did not pass without mutation.
19:21:43 PIT >> SEVERE : Description [testClass=org.springframework.core.annotation.MergedAnnotationsCollectionTests, name=[engine:junit-jupiter]/[class:org.springframework.core.annotation.MergedAnnotationsCollectionTests]/[method:isDirectlyPresentWhenNotPresentReturnsFalse()]] did not pass without mutation.
19:21:43 PIT >> SEVERE : Description [testClass=org.springframework.core.annotation.MergedAnnotationsCollectionTests, name=[engine:junit-jupiter]/[class:org.springframework.core.annotation.MergedAnnotationsCollectionTests]/[method:spliteratorIteratesInCorrectOrder()]] did not pass without mutation.
19:21:43 PIT >> INFO : MINION : Failed to dump JaCoCo execution data: org.jacoco.agent.rt.RT
19:21:43 PIT >> SEVERE : Description [testClass=org.springframework.core.annotation.MergedAnnotationsComposedOnSingleAnnotatedElementTests, name=[engine:junit-jupiter]/[class:org.springframework.core.annotation.MergedAnnotationsComposedOnSingleAnnotatedElementTests]/[method:typeHierarchyStrategyComposedCacheOnInterfaceAndLocalCacheOnClass()]] did not pass without mutation.
19:21:43 PIT >> SEVERE : Description [testClass=org.springframework.core.annotation.MergedAnnotationsComposedOnSingleAnnotatedElementTests, name=[engine:junit-jupiter]/[class:org.springframework.core.annotation.MergedAnnotationsComposedOnSingleAnnotatedElementTests]/[method:typeHierarchyStrategyMultipleInheritedComposedAnnotationsOnSuperclass()]] did not pass without mutation.
19:21:43 PIT >> SEVERE : Description [testClass=org.springframework.core.annotation.MergedAnnotationsComposedOnSingleAnnotatedElementTests, name=[engine:junit-jupiter]/[class:org.springframework.core.annotation.MergedAnnotationsComposedOnSingleAnnotatedElementTests]/[method:inheritedStrategyMultipleInheritedComposedAnnotationsOnSuperclass()]] did not pass without mutation.
19:21:43 PIT >> SEVERE : Description [testClass=org.springframework.core.annotation.MergedAnnotationsComposedOnSingleAnnotatedElementTests, name=[engine:junit-jupiter]/[class:org.springframework.core.annotation.MergedAnnotationsComposedOnSingleAnnotatedElementTests]/[method:typeHierarchyStrategyMultipleComposedAnnotationsOnInterface()]] did not pass without mutation.
19:21:43 PIT >> SEVERE : Description [testClass=org.springframework.core.annotation.MergedAnnotationsComposedOnSingleAnnotatedElementTests, name=[engine:junit-jupiter]/[class:org.springframework.core.annotation.MergedAnnotationsComposedOnSingleAnnotatedElementTests]/[method:typeHierarchyStrategyMultipleNoninheritedComposedAnnotationsOnSuperclass()]] did not pass without mutation.
19:21:43 PIT >> SEVERE : Description [testClass=org.springframework.core.annotation.MergedAnnotationsComposedOnSingleAnnotatedElementTests, name=[engine:junit-jupiter]/[class:org.springframework.core.annotation.MergedAnnotationsComposedOnSingleAnnotatedElementTests]/[method:inheritedStrategyComposedPlusLocalAnnotationsOnMethod()]] did not pass without mutation.
19:21:43 PIT >> SEVERE : Description [testClass=org.springframework.core.annotation.MergedAnnotationsComposedOnSingleAnnotatedElementTests, name=[engine:junit-jupiter]/[class:org.springframework.core.annotation.MergedAnnotationsComposedOnSingleAnnotatedElementTests]/[method:inheritedStrategyMultipleNoninheritedComposedAnnotationsOnClass()]] did not pass without mutation.
19:21:43 PIT >> INFO : MINION : Failed to set JaCoCo session: org.jacoco.agent.rt.RT
19:21:43 PIT >> INFO : MINION : Failed to dump JaCoCo execution data: org.jacoco.agent.rt.RT
19:21:43 PIT >> INFO : MINION : Failed to set JaCoCo session: org.jacoco.agent.rt.RT
19:21:43 PIT >> INFO : MINION : Failed to dump JaCoCo execution data: org.jacoco.agent.rt.RT
19:21:43 PIT >> INFO : MINION : Failed to set JaCoCo session: org.jacoco.agent.rt.RT
19:21:43 PIT >> INFO : MINION : Failed to dump JaCoCo execution data: org.jacoco.agent.rt.RT
19:21:43 PIT >> INFO : MINION : Failed to set JaCoCo session: org.jacoco.agent.rt.RT
19:21:43 PIT >> INFO : MINION : Failed to dump JaCoCo execution data: org.jacoco.agent.rt.RT
19:21:43 PIT >> INFO : MINION : Failed to set JaCoCo session: org.jacoco.agent.rt.RT
19:21:43 PIT >> INFO : MINION : Failed to dump JaCoCo execution data: org.jacoco.agent.rt.RT
19:21:43 PIT >> INFO : MINION : Failed to set JaCoCo session: org.jacoco.agent.rt.RT
19:21:43 PIT >> INFO : MINION : Failed to dump JaCoCo execution data: org.jacoco.agent.rt.RT
19:21:43 PIT >> INFO : MINION : Failed to set JaCoCo session: org.jacoco.agent.rt.RT
19:21:43 PIT >> INFO : MINION : Failed to dump JaCoCo execution data: org.jacoco.agent.rt.RT
19:21:43 PIT >> INFO : MINION : Failed to set JaCoCo session: org.jacoco.agent.rt.RT
19:21:43 PIT >> INFO : MINION : Failed to dump JaCoCo execution data: org.jacoco.agent.rt.RT
19:21:43 PIT >> INFO : MINION : Failed to set JaCoCo session: org.jacoco.agent.rt.RT
19:21:43 PIT >> INFO : MINION : Failed to dump JaCoCo execution data: org.jacoco.agent.rt.RT
19:21:43 PIT >> INFO : MINION : Failed to set JaCoCo session: org.jacoco.agent.rt.RT
19:21:43 PIT >> INFO : MINION : Failed to dump JaCoCo execution data: org.jacoco.agent.rt.RT
19:21:43 PIT >> INFO : MINION : Failed to set JaCoCo session: org.jacoco.agent.rt.RT
19:21:43 PIT >> INFO : MINION : Failed to dump JaCoCo execution data: org.jacoco.agent.rt.RT
19:21:43 PIT >> INFO : MINION : Failed to set JaCoCo session: org.jacoco.agent.rt.RT
19:21:43 PIT >> INFO : MINION : Failed to dump JaCoCo execution data: org.jacoco.agent.rt.RT
19:21:43 PIT >> INFO : MINION : Failed to set JaCoCo session: org.jacoco.agent.rt.RT
19:21:43 PIT >> INFO : MINION : Failed to dump JaCoCo execution data: org.jacoco.agent.rt.RT
19:21:43 PIT >> INFO : MINION : Failed to set JaCoCo session: org.jacoco.agent.rt.RT
19:21:43 PIT >> INFO : MINION : Failed to dump JaCoCo execution data: org.jacoco.agent.rt.RT
19:21:43 PIT >> INFO : MINION : Failed to set JaCoCo session: org.jacoco.agent.rt.RT
19:21:43 PIT >> INFO : MINION : Failed to dump JaCoCo execution data: org.jacoco.agent.rt.RT
19:21:43 PIT >> INFO : MINION : Failed to set JaCoCo session: org.jacoco.agent.rt.RT
19:21:43 PIT >> INFO : MINION : Failed to dump JaCoCo execution data: org.jacoco.agent.rt.RT
19:21:43 PIT >> INFO : MINION : Failed to set JaCoCo session: org.jacoco.agent.rt.RT
19:21:43 PIT >> INFO : MINION : Failed to dump JaCoCo execution data: org.jacoco.agent.rt.RT
19:21:43 PIT >> INFO : MINION : Failed to set JaCoCo session: org.jacoco.agent.rt.RT
19:21:43 PIT >> INFO : MINION : Failed to dump JaCoCo execution data: org.jacoco.agent.rt.RT
19:21:43 PIT >> SEVERE : Description [testClass=org.springframework.core.annotation.MergedAnnotationsComposedOnSingleAnnotatedElementTests, name=[engine:junit-jupiter]/[class:org.springframework.core.annotation.MergedAnnotationsComposedOnSingleAnnotatedElementTests]/[method:typeHierarchyStrategyComposedPlusLocalAnnotationsOnClass()]] did not pass without mutation.
19:21:43 PIT >> SEVERE : Description [testClass=org.springframework.core.annotation.MergedAnnotationsComposedOnSingleAnnotatedElementTests, name=[engine:junit-jupiter]/[class:org.springframework.core.annotation.MergedAnnotationsComposedOnSingleAnnotatedElementTests]/[method:typeHierarchyStrategyMultipleComposedAnnotationsOnMethod()]] did not pass without mutation.
19:21:43 PIT >> SEVERE : Description [testClass=org.springframework.core.annotation.MergedAnnotationsComposedOnSingleAnnotatedElementTests, name=[engine:junit-jupiter]/[class:org.springframework.core.annotation.MergedAnnotationsComposedOnSingleAnnotatedElementTests]/[method:inheritedStrategyComposedPlusLocalAnnotationsOnClass()]] did not pass without mutation.
19:21:43 PIT >> SEVERE : Description [testClass=org.springframework.core.annotation.MergedAnnotationsComposedOnSingleAnnotatedElementTests, name=[engine:junit-jupiter]/[class:org.springframework.core.annotation.MergedAnnotationsComposedOnSingleAnnotatedElementTests]/[method:inheritedStrategyMultipleComposedAnnotationsOnMethod()]] did not pass without mutation.
19:21:43 PIT >> SEVERE : Description [testClass=org.springframework.core.annotation.MergedAnnotationsComposedOnSingleAnnotatedElementTests, name=[engine:junit-jupiter]/[class:org.springframework.core.annotation.MergedAnnotationsComposedOnSingleAnnotatedElementTests]/[method:typeHierarchyStrategyMultipleNoninheritedComposedAnnotationsOnClass()]] did not pass without mutation.
19:21:43 PIT >> INFO : MINION : Failed to set JaCoCo session: org.jacoco.agent.rt.RT
19:21:43 PIT >> SEVERE : Description [testClass=org.springframework.core.annotation.MergedAnnotationsComposedOnSingleAnnotatedElementTests, name=[engine:junit-jupiter]/[class:org.springframework.core.annotation.MergedAnnotationsComposedOnSingleAnnotatedElementTests]/[method:typeHierarchyStrategyMultipleComposedAnnotationsOnClass()]] did not pass without mutation.
19:21:43 PIT >> SEVERE : Description [testClass=org.springframework.core.annotation.MergedAnnotationsComposedOnSingleAnnotatedElementTests, name=[engine:junit-jupiter]/[class:org.springframework.core.annotation.MergedAnnotationsComposedOnSingleAnnotatedElementTests]/[method:inheritedStrategyMultipleComposedAnnotationsOnClass()]] did not pass without mutation.
19:21:43 PIT >> SEVERE : Description [testClass=org.springframework.core.annotation.MergedAnnotationsComposedOnSingleAnnotatedElementTests, name=[engine:junit-jupiter]/[class:org.springframework.core.annotation.MergedAnnotationsComposedOnSingleAnnotatedElementTests]/[method:typeHierarchyStrategyComposedPlusLocalAnnotationsOnMethod()]] did not pass without mutation.
19:21:43 PIT >> SEVERE : Description [testClass=org.springframework.core.annotation.MergedAnnotationsComposedOnSingleAnnotatedElementTests, name=[engine:junit-jupiter]/[class:org.springframework.core.annotation.MergedAnnotationsComposedOnSingleAnnotatedElementTests]/[method:typeHierarchyStrategyMultipleComposedAnnotationsOnBridgeMethod()]] did not pass without mutation.
19:21:43 PIT >> SEVERE : Description [testClass=org.springframework.core.annotation.MergedAnnotationsRepeatableAnnotationTests, name=[engine:junit-jupiter]/[class:org.springframework.core.annotation.MergedAnnotationsRepeatableAnnotationTests]/[method:typeHierarchyWhenOnClassReturnsAnnotations()]] did not pass without mutation.
19:21:43 PIT >> SEVERE : Description [testClass=org.springframework.core.annotation.MergedAnnotationsRepeatableAnnotationTests, name=[engine:junit-jupiter]/[class:org.springframework.core.annotation.MergedAnnotationsRepeatableAnnotationTests]/[method:typeHierarchyWhenOnSuperclassReturnsAnnotations()]] did not pass without mutation.
19:21:43 PIT >> INFO : MINION : Failed to dump JaCoCo execution data: org.jacoco.agent.rt.RT
19:21:43 PIT >> SEVERE : Description [testClass=org.springframework.core.annotation.MergedAnnotationsRepeatableAnnotationTests, name=[engine:junit-jupiter]/[class:org.springframework.core.annotation.MergedAnnotationsRepeatableAnnotationTests]/[method:searchFindsRepeatableContainerAnnotationAndRepeatedAnnotations()]] did not pass without mutation.
19:21:43 PIT >> SEVERE : Description [testClass=org.springframework.core.annotation.MergedAnnotationsRepeatableAnnotationTests, name=[engine:junit-jupiter]/[class:org.springframework.core.annotation.MergedAnnotationsRepeatableAnnotationTests]/[method:inheritedAnnotationsWhenComposedContainerForRepeatableOnClassReturnsAnnotations()]] did not pass without mutation.
19:21:43 PIT >> SEVERE : Description [testClass=org.springframework.core.annotation.MergedAnnotationsRepeatableAnnotationTests, name=[engine:junit-jupiter]/[class:org.springframework.core.annotation.MergedAnnotationsRepeatableAnnotationTests]/[method:inheritedAnnotationsWhenOnClassReturnsAnnotations()]] did not pass without mutation.
19:21:43 PIT >> SEVERE : Description [testClass=org.springframework.core.annotation.MergedAnnotationsRepeatableAnnotationTests, name=[engine:junit-jupiter]/[class:org.springframework.core.annotation.MergedAnnotationsRepeatableAnnotationTests]/[method:typeHierarchyAnnotationsWhenNoninheritedComposedRepeatableOnSuperclassReturnsAnnotations()]] did not pass without mutation.
19:21:43 PIT >> INFO : MINION : Failed to set JaCoCo session: org.jacoco.agent.rt.RT
19:21:43 PIT >> INFO : MINION : Failed to dump JaCoCo execution data: org.jacoco.agent.rt.RT
19:21:43 PIT >> INFO : MINION : Failed to set JaCoCo session: org.jacoco.agent.rt.RT
19:21:43 PIT >> INFO : MINION : Failed to dump JaCoCo execution data: org.jacoco.agent.rt.RT
19:21:43 PIT >> INFO : MINION : Failed to set JaCoCo session: org.jacoco.agent.rt.RT
19:21:43 PIT >> INFO : MINION : Failed to dump JaCoCo execution data: org.jacoco.agent.rt.RT
19:21:43 PIT >> INFO : MINION : Failed to set JaCoCo session: org.jacoco.agent.rt.RT
19:21:43 PIT >> INFO : MINION : Failed to dump JaCoCo execution data: org.jacoco.agent.rt.RT
19:21:43 PIT >> INFO : MINION : Failed to set JaCoCo session: org.jacoco.agent.rt.RT
19:21:43 PIT >> INFO : MINION : Failed to dump JaCoCo execution data: org.jacoco.agent.rt.RT
19:21:43 PIT >> INFO : MINION : Failed to set JaCoCo session: org.jacoco.agent.rt.RT
19:21:43 PIT >> INFO : MINION : Failed to dump JaCoCo execution data: org.jacoco.agent.rt.RT
19:21:43 PIT >> INFO : MINION : Failed to set JaCoCo session: org.jacoco.agent.rt.RT
19:21:43 PIT >> INFO : MINION : Failed to dump JaCoCo execution data: org.jacoco.agent.rt.RT
19:21:43 PIT >> INFO : MINION : Failed to set JaCoCo session: org.jacoco.agent.rt.RT
19:21:43 PIT >> INFO : MINION : Failed to dump JaCoCo execution data: org.jacoco.agent.rt.RT
19:21:43 PIT >> INFO : MINION : Failed to set JaCoCo session: org.jacoco.agent.rt.RT
19:21:43 PIT >> INFO : MINION : Failed to dump JaCoCo execution data: org.jacoco.agent.rt.RT
19:21:43 PIT >> INFO : MINION : Failed to set JaCoCo session: org.jacoco.agent.rt.RT
19:21:43 PIT >> INFO : MINION : Failed to dump JaCoCo execution data: org.jacoco.agent.rt.RT
19:21:43 PIT >> INFO : MINION : Failed to set JaCoCo session: org.jacoco.agent.rt.RT
19:21:43 PIT >> INFO : MINION : Failed to dump JaCoCo execution data: org.jacoco.agent.rt.RT
19:21:43 PIT >> INFO : MINION : Failed to set JaCoCo session: org.jacoco.agent.rt.RT
19:21:43 PIT >> INFO : MINION : Failed to dump JaCoCo execution data: org.jacoco.agent.rt.RT
19:21:43 PIT >> INFO : MINION : Failed to set JaCoCo session: org.jacoco.agent.rt.RT
19:21:43 PIT >> INFO : MINION : Failed to dump JaCoCo execution data: org.jacoco.agent.rt.RT
19:21:43 PIT >> INFO : MINION : Failed to set JaCoCo session: org.jacoco.agent.rt.RT
19:21:43 PIT >> INFO : MINION : Failed to dump JaCoCo execution data: org.jacoco.agent.rt.RT
19:21:43 PIT >> INFO : MINION : Failed to set JaCoCo session: org.jacoco.agent.rt.RT
19:21:43 PIT >> INFO : MINION : Failed to dump JaCoCo execution data: org.jacoco.agent.rt.RT
19:21:43 PIT >> INFO : MINION : Failed to set JaCoCo session: org.jacoco.agent.rt.RT
19:21:43 PIT >> INFO : MINION : Failed to dump JaCoCo execution data: org.jacoco.agent.rt.RT
19:21:43 PIT >> INFO : MINION : Failed to set JaCoCo session: org.jacoco.agent.rt.RT
19:21:43 PIT >> INFO : MINION : Failed to dump JaCoCo execution data: org.jacoco.agent.rt.RT
19:21:43 PIT >> INFO : MINION : Failed to set JaCoCo session: org.jacoco.agent.rt.RT
19:21:43 PIT >> INFO : MINION : Failed to dump JaCoCo execution data: org.jacoco.agent.rt.RT
19:21:43 PIT >> INFO : MINION : Failed to set JaCoCo session: org.jacoco.agent.rt.RT
19:21:43 PIT >> INFO : MINION : Failed to dump JaCoCo execution data: org.jacoco.agent.rt.RT
19:21:43 PIT >> SEVERE : Description [testClass=org.springframework.core.annotation.MergedAnnotationsRepeatableAnnotationTests, name=[engine:junit-jupiter]/[class:org.springframework.core.annotation.MergedAnnotationsRepeatableAnnotationTests]/[method:inheritedAnnotationsWhenNoninheritedComposedRepeatableOnClassReturnsAnnotations()]] did not pass without mutation.
19:21:43 PIT >> SEVERE : Description [testClass=org.springframework.core.annotation.MergedAnnotationsRepeatableAnnotationTests, name=[engine:junit-jupiter]/[class:org.springframework.core.annotation.MergedAnnotationsRepeatableAnnotationTests]/[method:inheritedAnnotationsWhenWhenOnSuperclassReturnsAnnotations()]] did not pass without mutation.
19:21:43 PIT >> SEVERE : Description [testClass=org.springframework.core.annotation.MergedAnnotationsRepeatableAnnotationTests, name=[engine:junit-jupiter]/[class:org.springframework.core.annotation.MergedAnnotationsRepeatableAnnotationTests]/[method:typeHierarchyWhenComposedOnClassReturnsAnnotations()]] did not pass without mutation.
19:21:43 PIT >> SEVERE : Description [testClass=org.springframework.core.annotation.MergedAnnotationsRepeatableAnnotationTests, name=[engine:junit-jupiter]/[class:org.springframework.core.annotation.MergedAnnotationsRepeatableAnnotationTests]/[method:typeHierarchyAnnotationsWhenNoninheritedComposedRepeatableOnClassReturnsAnnotations()]] did not pass without mutation.
19:21:43 PIT >> SEVERE : Description [testClass=org.springframework.core.annotation.MergedAnnotationsRepeatableAnnotationTests, name=[engine:junit-jupiter]/[class:org.springframework.core.annotation.MergedAnnotationsRepeatableAnnotationTests]/[method:inheritedAnnotationsWhenComposedMixedWithContainerOnClassReturnsAnnotations()]] did not pass without mutation.
19:21:43 PIT >> INFO : MINION : Failed to set JaCoCo session: org.jacoco.agent.rt.RT
19:21:43 PIT >> SEVERE : Description [testClass=org.springframework.core.annotation.MergedAnnotationsRepeatableAnnotationTests, name=[engine:junit-jupiter]/[class:org.springframework.core.annotation.MergedAnnotationsRepeatableAnnotationTests]/[method:inheritedAnnotationsWhenComposedOnClassReturnsAnnotations()]] did not pass without mutation.
19:21:43 PIT >> SEVERE : Description [testClass=org.springframework.core.annotation.MergedAnnotationsRepeatableAnnotationTests, name=[engine:junit-jupiter]/[class:org.springframework.core.annotation.MergedAnnotationsRepeatableAnnotationTests]/[method:typeHierarchyAnnotationsWithLocalComposedAnnotationWhoseRepeatableMetaAnnotationsAreFiltered()]] did not pass without mutation.
19:21:43 PIT >> SEVERE : Description [testClass=org.springframework.core.annotation.MergedAnnotationsRepeatableAnnotationTests, name=[engine:junit-jupiter]/[class:org.springframework.core.annotation.MergedAnnotationsRepeatableAnnotationTests]/[method:typeHierarchyWhenComposedMixedWithContainerOnClassReturnsAnnotations()]] did not pass without mutation.
19:21:43 PIT >> SEVERE : Description [testClass=org.springframework.core.annotation.MergedAnnotationsRepeatableAnnotationTests, name=[engine:junit-jupiter]/[class:org.springframework.core.annotation.MergedAnnotationsRepeatableAnnotationTests]/[method:typeHierarchyWhenComposedContainerForRepeatableOnClassReturnsAnnotations()]] did not pass without mutation.
19:21:43 PIT >> SEVERE : Description [testClass=org.springframework.core.annotation.MergedAnnotationsTests, name=[engine:junit-jupiter]/[class:org.springframework.core.annotation.MergedAnnotationsTests]/[method:synthesizeWhenAliasForHasDuplicateAttributeDeclaration()]] did not pass without mutation.
19:21:43 PIT >> SEVERE : Description [testClass=org.springframework.core.annotation.MergedAnnotationsTests, name=[engine:junit-jupiter]/[class:org.springframework.core.annotation.MergedAnnotationsTests]/[method:getWithTypeHierarchyFromInheritedAnnotationInterface()]] did not pass without mutation.
19:21:43 PIT >> SEVERE : Description [testClass=org.springframework.core.annotation.MergedAnnotationsTests, name=[engine:junit-jupiter]/[class:org.springframework.core.annotation.MergedAnnotationsTests]/[method:getDirectWithAttributeAliasesWithDifferentValues()]] did not pass without mutation.
19:21:43 PIT >> INFO : MINION : Failed to dump JaCoCo execution data: org.jacoco.agent.rt.RT
19:21:43 PIT >> INFO : MINION : Failed to set JaCoCo session: org.jacoco.agent.rt.RT
19:21:43 PIT >> INFO : MINION : Failed to dump JaCoCo execution data: org.jacoco.agent.rt.RT
19:21:43 PIT >> INFO : MINION : Failed to set JaCoCo session: org.jacoco.agent.rt.RT
19:21:43 PIT >> INFO : MINION : Failed to dump JaCoCo execution data: org.jacoco.agent.rt.RT
19:21:43 PIT >> INFO : MINION : Failed to set JaCoCo session: org.jacoco.agent.rt.RT
19:21:43 PIT >> INFO : MINION : Failed to dump JaCoCo execution data: org.jacoco.agent.rt.RT
19:21:43 PIT >> INFO : MINION : Failed to set JaCoCo session: org.jacoco.agent.rt.RT
19:21:43 PIT >> INFO : MINION : Failed to dump JaCoCo execution data: org.jacoco.agent.rt.RT
19:21:43 PIT >> INFO : MINION : Failed to set JaCoCo session: org.jacoco.agent.rt.RT
19:21:43 PIT >> INFO : MINION : Failed to dump JaCoCo execution data: org.jacoco.agent.rt.RT
19:21:43 PIT >> INFO : MINION : Failed to set JaCoCo session: org.jacoco.agent.rt.RT
19:21:43 PIT >> INFO : MINION : Failed to dump JaCoCo execution data: org.jacoco.agent.rt.RT
19:21:43 PIT >> INFO : MINION : Failed to set JaCoCo session: org.jacoco.agent.rt.RT
19:21:43 PIT >> INFO : MINION : Failed to dump JaCoCo execution data: org.jacoco.agent.rt.RT
19:21:43 PIT >> INFO : MINION : Failed to set JaCoCo session: org.jacoco.agent.rt.RT
19:21:43 PIT >> INFO : MINION : Failed to dump JaCoCo execution data: org.jacoco.agent.rt.RT
19:21:43 PIT >> INFO : MINION : Failed to set JaCoCo session: org.jacoco.agent.rt.RT
19:21:43 PIT >> INFO : MINION : Failed to dump JaCoCo execution data: org.jacoco.agent.rt.RT
19:21:43 PIT >> INFO : MINION : Failed to set JaCoCo session: org.jacoco.agent.rt.RT
19:21:43 PIT >> INFO : MINION : Failed to dump JaCoCo execution data: org.jacoco.agent.rt.RT
19:21:43 PIT >> INFO : MINION : Failed to set JaCoCo session: org.jacoco.agent.rt.RT
19:21:43 PIT >> INFO : MINION : Failed to dump JaCoCo execution data: org.jacoco.agent.rt.RT
19:21:43 PIT >> INFO : MINION : Failed to set JaCoCo session: org.jacoco.agent.rt.RT
19:21:43 PIT >> INFO : MINION : Failed to dump JaCoCo execution data: org.jacoco.agent.rt.RT
19:21:43 PIT >> INFO : MINION : Failed to set JaCoCo session: org.jacoco.agent.rt.RT
19:21:43 PIT >> INFO : MINION : Failed to dump JaCoCo execution data: org.jacoco.agent.rt.RT
19:21:43 PIT >> INFO : MINION : Failed to set JaCoCo session: org.jacoco.agent.rt.RT
19:21:43 PIT >> INFO : MINION : Failed to dump JaCoCo execution data: org.jacoco.agent.rt.RT
19:21:43 PIT >> INFO : MINION : Failed to set JaCoCo session: org.jacoco.agent.rt.RT
19:21:43 PIT >> INFO : MINION : Failed to dump JaCoCo execution data: org.jacoco.agent.rt.RT
19:21:43 PIT >> INFO : MINION : Failed to set JaCoCo session: org.jacoco.agent.rt.RT
19:21:43 PIT >> INFO : MINION : Failed to dump JaCoCo execution data: org.jacoco.agent.rt.RT
19:21:43 PIT >> INFO : MINION : Failed to set JaCoCo session: org.jacoco.agent.rt.RT
19:21:43 PIT >> INFO : MINION : Failed to dump JaCoCo execution data: org.jacoco.agent.rt.RT
19:21:43 PIT >> INFO : MINION : Failed to set JaCoCo session: org.jacoco.agent.rt.RT
19:21:43 PIT >> INFO : MINION : Failed to dump JaCoCo execution data: org.jacoco.agent.rt.RT
19:21:43 PIT >> INFO : MINION : Failed to set JaCoCo session: org.jacoco.agent.rt.RT
19:21:43 PIT >> INFO : MINION : Failed to dump JaCoCo execution data: org.jacoco.agent.rt.RT
19:21:43 PIT >> INFO : MINION : Failed to set JaCoCo session: org.jacoco.agent.rt.RT
19:21:43 PIT >> INFO : MINION : Failed to dump JaCoCo execution data: org.jacoco.agent.rt.RT
19:21:43 PIT >> INFO : MINION : Failed to set JaCoCo session: org.jacoco.agent.rt.RT
19:21:43 PIT >> INFO : MINION : Failed to dump JaCoCo execution data: org.jacoco.agent.rt.RT
19:21:43 PIT >> INFO : MINION : Failed to set JaCoCo session: org.jacoco.agent.rt.RT
19:21:43 PIT >> INFO : MINION : Failed to dump JaCoCo execution data: org.jacoco.agent.rt.RT
19:21:43 PIT >> INFO : MINION : Failed to set JaCoCo session: org.jacoco.agent.rt.RT
19:21:43 PIT >> INFO : MINION : Failed to dump JaCoCo execution data: org.jacoco.agent.rt.RT
19:21:43 PIT >> SEVERE : Description [testClass=org.springframework.core.annotation.MergedAnnotationsTests, name=[engine:junit-jupiter]/[class:org.springframework.core.annotation.MergedAnnotationsTests]/[method:synthesizeWithImplicitAliasesWithDuplicateValues()]] did not pass without mutation.
19:21:43 PIT >> SEVERE : Description [testClass=org.springframework.core.annotation.MergedAnnotationsTests, name=[engine:junit-jupiter]/[class:org.springframework.core.annotation.MergedAnnotationsTests]/[method:getFromMethodWithInterfaceOnSuper()]] did not pass without mutation.
19:21:43 PIT >> SEVERE : Description [testClass=org.springframework.core.annotation.MergedAnnotationsTests, name=[engine:junit-jupiter]/[class:org.springframework.core.annotation.MergedAnnotationsTests]/[method:getWithInheritedAnnotationsFromClassWithLocalAnnotationThatShadowsAnnotationFromSuperclass()]] did not pass without mutation.
19:21:43 PIT >> SEVERE : Description [testClass=org.springframework.core.annotation.MergedAnnotationsTests, name=[engine:junit-jupiter]/[class:org.springframework.core.annotation.MergedAnnotationsTests]/[method:getWithTypeHierarchyFromBridgeMethod()]] did not pass without mutation.
19:21:43 PIT >> SEVERE : Description [testClass=org.springframework.core.annotation.MergedAnnotationsTests, name=[engine:junit-jupiter]/[class:org.springframework.core.annotation.MergedAnnotationsTests]/[method:getWithInheritedAnnotationsFromNonInheritedAnnotationInterface()]] did not pass without mutation.
19:21:43 PIT >> SEVERE : Description [testClass=org.springframework.core.annotation.MergedAnnotationsTests, name=[engine:junit-jupiter]/[class:org.springframework.core.annotation.MergedAnnotationsTests]/[method:synthesizeWithImplicitAliases()]] did not pass without mutation.
19:21:43 PIT >> SEVERE : Description [testClass=org.springframework.core.annotation.MergedAnnotationsTests, name=[engine:junit-jupiter]/[class:org.springframework.core.annotation.MergedAnnotationsTests]/[method:getWithInheritedAnnotationsFavorsInheritedAnnotationsOverMoreLocallyDeclaredComposedAnnotations()]] did not pass without mutation.
19:21:43 PIT >> SEVERE : Description [testClass=org.springframework.core.annotation.MergedAnnotationsTests, name=[engine:junit-jupiter]/[class:org.springframework.core.annotation.MergedAnnotationsTests]/[method:getWithInheritedAnnotationsFromClassWithLocalAnnotation()]] did not pass without mutation.
19:21:43 PIT >> SEVERE : Description [testClass=org.springframework.core.annotation.MergedAnnotationsTests, name=[engine:junit-jupiter]/[class:org.springframework.core.annotation.MergedAnnotationsTests]/[method:getWithTypeHierarchyFromClassWithMetaAndLocalTxConfig()]] did not pass without mutation.
19:21:43 PIT >> INFO : MINION : Failed to set JaCoCo session: org.jacoco.agent.rt.RT
19:21:43 PIT >> SEVERE : Description [testClass=org.springframework.core.annotation.MergedAnnotationsTests, name=[engine:junit-jupiter]/[class:org.springframework.core.annotation.MergedAnnotationsTests]/[method:asAnnotationAttributesReturnsPopulatedAnnotationAttributes()]] did not pass without mutation.
19:21:43 PIT >> SEVERE : Description [testClass=org.springframework.core.annotation.MergedAnnotationsTests, name=[engine:junit-jupiter]/[class:org.springframework.core.annotation.MergedAnnotationsTests]/[method:getDirectFromClassWithMetaCycleAnnotatedClassWithMissingTargetMetaAnnotation()]] did not pass without mutation.
19:21:43 PIT >> SEVERE : Description [testClass=org.springframework.core.annotation.MergedAnnotationsTests, name=[engine:junit-jupiter]/[class:org.springframework.core.annotation.MergedAnnotationsTests]/[method:getFromMethodWithBridgedMethod()]] did not pass without mutation.
19:21:43 PIT >> SEVERE : Description [testClass=org.springframework.core.annotation.MergedAnnotationsTests, name=[engine:junit-jupiter]/[class:org.springframework.core.annotation.MergedAnnotationsTests]/[method:synthesizeWithTransitiveImplicitAliases()]] did not pass without mutation.
19:21:43 PIT >> SEVERE : Description [testClass=org.springframework.core.annotation.MergedAnnotationsTests, name=[engine:junit-jupiter]/[class:org.springframework.core.annotation.MergedAnnotationsTests]/[method:getWithAnnotationOnRoot()]] did not pass without mutation.
19:21:43 PIT >> SEVERE : Description [testClass=org.springframework.core.annotation.MergedAnnotationsTests, name=[engine:junit-jupiter]/[class:org.springframework.core.annotation.MergedAnnotationsTests]/[method:synthesizeFromMapWithoutAttributeAliases()]] did not pass without mutation.
19:21:43 PIT >> SEVERE : Description [testClass=org.springframework.core.annotation.MergedAnnotationsTests, name=[engine:junit-jupiter]/[class:org.springframework.core.annotation.MergedAnnotationsTests]/[method:streamRepeatableDeclaredOnClass()]] did not pass without mutation.
19:21:43 PIT >> SEVERE : Description [testClass=org.springframework.core.annotation.MergedAnnotationsTests, name=[engine:junit-jupiter]/[class:org.springframework.core.annotation.MergedAnnotationsTests]/[method:synthesizeShouldNotSynthesizeNonsynthesizableAnnotations()]] did not pass without mutation.
19:21:43 PIT >> SEVERE : Description [testClass=org.springframework.core.annotation.MergedAnnotationsTests, name=[engine:junit-jupiter]/[class:org.springframework.core.annotation.MergedAnnotationsTests]/[method:getWithTypeHierarchyInheritedFromBridgedMethod()]] did not pass without mutation.
19:21:43 PIT >> SEVERE : Description [testClass=org.springframework.core.annotation.MergedAnnotationsTests, name=[engine:junit-jupiter]/[class:org.springframework.core.annotation.MergedAnnotationsTests]/[method:getFromMethodWithInterface()]] did not pass without mutation.
19:21:43 PIT >> SEVERE : Description [testClass=org.springframework.core.annotation.MergedAnnotationsTests, name=[engine:junit-jupiter]/[class:org.springframework.core.annotation.MergedAnnotationsTests]/[method:getDirectWithJavaxAnnotationType()]] did not pass without mutation.
19:21:43 PIT >> SEVERE : Description [testClass=org.springframework.core.annotation.MergedAnnotationsTests, name=[engine:junit-jupiter]/[class:org.springframework.core.annotation.MergedAnnotationsTests]/[method:synthesizeWhenAttributeAliasForWithMissingDefaultValues()]] did not pass without mutation.
19:21:43 PIT >> SEVERE : Description [testClass=org.springframework.core.annotation.MergedAnnotationsTests, name=[engine:junit-jupiter]/[class:org.springframework.core.annotation.MergedAnnotationsTests]/[method:synthesizeAlreadySynthesized()]] did not pass without mutation.
19:21:43 PIT >> INFO : MINION : Failed to dump JaCoCo execution data: org.jacoco.agent.rt.RT
19:21:43 PIT >> INFO : MINION : Failed to set JaCoCo session: org.jacoco.agent.rt.RT
19:21:43 PIT >> INFO : MINION : Failed to dump JaCoCo execution data: org.jacoco.agent.rt.RT
19:21:43 PIT >> INFO : MINION : Failed to set JaCoCo session: org.jacoco.agent.rt.RT
19:21:43 PIT >> INFO : MINION : Failed to dump JaCoCo execution data: org.jacoco.agent.rt.RT
19:21:43 PIT >> INFO : MINION : Failed to set JaCoCo session: org.jacoco.agent.rt.RT
19:21:43 PIT >> INFO : MINION : Failed to dump JaCoCo execution data: org.jacoco.agent.rt.RT
19:21:43 PIT >> INFO : MINION : Failed to set JaCoCo session: org.jacoco.agent.rt.RT
19:21:43 PIT >> INFO : MINION : Failed to dump JaCoCo execution data: org.jacoco.agent.rt.RT
19:21:43 PIT >> INFO : MINION : Failed to set JaCoCo session: org.jacoco.agent.rt.RT
19:21:43 PIT >> INFO : MINION : Failed to dump JaCoCo execution data: org.jacoco.agent.rt.RT
19:21:43 PIT >> INFO : MINION : Failed to set JaCoCo session: org.jacoco.agent.rt.RT
19:21:43 PIT >> INFO : MINION : Failed to dump JaCoCo execution data: org.jacoco.agent.rt.RT
19:21:43 PIT >> INFO : MINION : Failed to set JaCoCo session: org.jacoco.agent.rt.RT
19:21:43 PIT >> INFO : MINION : Failed to dump JaCoCo execution data: org.jacoco.agent.rt.RT
19:21:43 PIT >> INFO : MINION : Failed to set JaCoCo session: org.jacoco.agent.rt.RT
19:21:43 PIT >> INFO : MINION : Failed to dump JaCoCo execution data: org.jacoco.agent.rt.RT
19:21:43 PIT >> INFO : MINION : Failed to set JaCoCo session: org.jacoco.agent.rt.RT
19:21:43 PIT >> INFO : MINION : Failed to dump JaCoCo execution data: org.jacoco.agent.rt.RT
19:21:43 PIT >> INFO : MINION : Failed to set JaCoCo session: org.jacoco.agent.rt.RT
19:21:43 PIT >> INFO : MINION : Failed to dump JaCoCo execution data: org.jacoco.agent.rt.RT
19:21:43 PIT >> INFO : MINION : Failed to set JaCoCo session: org.jacoco.agent.rt.RT
19:21:43 PIT >> INFO : MINION : Failed to dump JaCoCo execution data: org.jacoco.agent.rt.RT
19:21:43 PIT >> INFO : MINION : Failed to set JaCoCo session: org.jacoco.agent.rt.RT
19:21:43 PIT >> INFO : MINION : Failed to dump JaCoCo execution data: org.jacoco.agent.rt.RT
19:21:43 PIT >> INFO : MINION : Failed to set JaCoCo session: org.jacoco.agent.rt.RT
19:21:43 PIT >> INFO : MINION : Failed to dump JaCoCo execution data: org.jacoco.agent.rt.RT
19:21:43 PIT >> INFO : MINION : Failed to set JaCoCo session: org.jacoco.agent.rt.RT
19:21:43 PIT >> INFO : MINION : Failed to dump JaCoCo execution data: org.jacoco.agent.rt.RT
19:21:43 PIT >> INFO : MINION : Failed to set JaCoCo session: org.jacoco.agent.rt.RT
19:21:43 PIT >> INFO : MINION : Failed to dump JaCoCo execution data: org.jacoco.agent.rt.RT
19:21:43 PIT >> INFO : MINION : Failed to set JaCoCo session: org.jacoco.agent.rt.RT
19:21:43 PIT >> INFO : MINION : Failed to dump JaCoCo execution data: org.jacoco.agent.rt.RT
19:21:43 PIT >> INFO : MINION : Failed to set JaCoCo session: org.jacoco.agent.rt.RT
19:21:43 PIT >> INFO : MINION : Failed to dump JaCoCo execution data: org.jacoco.agent.rt.RT
19:21:43 PIT >> INFO : MINION : Failed to set JaCoCo session: org.jacoco.agent.rt.RT
19:21:43 PIT >> INFO : MINION : Failed to dump JaCoCo execution data: org.jacoco.agent.rt.RT
19:21:43 PIT >> INFO : MINION : Failed to set JaCoCo session: org.jacoco.agent.rt.RT
19:21:43 PIT >> INFO : MINION : Failed to dump JaCoCo execution data: org.jacoco.agent.rt.RT
19:21:43 PIT >> INFO : MINION : Failed to set JaCoCo session: org.jacoco.agent.rt.RT
19:21:43 PIT >> INFO : MINION : Failed to dump JaCoCo execution data: org.jacoco.agent.rt.RT
19:21:43 PIT >> INFO : MINION : Failed to set JaCoCo session: org.jacoco.agent.rt.RT
19:21:43 PIT >> INFO : MINION : Failed to dump JaCoCo execution data: org.jacoco.agent.rt.RT
19:21:43 PIT >> INFO : MINION : Failed to set JaCoCo session: org.jacoco.agent.rt.RT
19:21:43 PIT >> INFO : MINION : Failed to dump JaCoCo execution data: org.jacoco.agent.rt.RT
19:21:43 PIT >> SEVERE : Description [testClass=org.springframework.core.annotation.MergedAnnotationsTests, name=[engine:junit-jupiter]/[class:org.springframework.core.annotation.MergedAnnotationsTests]/[method:synthesizeFromMapWithMissingAttributeValue()]] did not pass without mutation.
19:21:43 PIT >> SEVERE : Description [testClass=org.springframework.core.annotation.MergedAnnotationsTests, name=[engine:junit-jupiter]/[class:org.springframework.core.annotation.MergedAnnotationsTests]/[method:synthesizeWhenAttributeAliasForNonexistentAttribute()]] did not pass without mutation.
19:21:43 PIT >> SEVERE : Description [testClass=org.springframework.core.annotation.MergedAnnotationsTests, name=[engine:junit-jupiter]/[class:org.springframework.core.annotation.MergedAnnotationsTests]/[method:getWithInheritedAnnotationsFromTransitiveImplicitAliasesWithSkippedLevelWithSingleElementOverridingAnArrayViaAliasFor()]] did not pass without mutation.
19:21:43 PIT >> SEVERE : Description [testClass=org.springframework.core.annotation.MergedAnnotationsTests, name=[engine:junit-jupiter]/[class:org.springframework.core.annotation.MergedAnnotationsTests]/[method:collectMultiValueMapFavorsInheritedComposedAnnotationsOverMoreLocallyDeclaredComposedAnnotations()]] did not pass without mutation.
19:21:43 PIT >> SEVERE : Description [testClass=org.springframework.core.annotation.MergedAnnotationsTests, name=[engine:junit-jupiter]/[class:org.springframework.core.annotation.MergedAnnotationsTests]/[method:synthesizeFromAnnotationAttributesWithoutAttributeAliases()]] did not pass without mutation.
19:21:43 PIT >> SEVERE : Description [testClass=org.springframework.core.annotation.MergedAnnotationsTests, name=[engine:junit-jupiter]/[class:org.springframework.core.annotation.MergedAnnotationsTests]/[method:getWithTypeHierarchyWhenMultipleMetaAnnotationsHaveClashingAttributeNames()]] did not pass without mutation.
19:21:43 PIT >> SEVERE : Description [testClass=org.springframework.core.annotation.MergedAnnotationsTests, name=[engine:junit-jupiter]/[class:org.springframework.core.annotation.MergedAnnotationsTests]/[method:getDirectFromClassWithSubInheritedAnnotationInterface()]] did not pass without mutation.
19:21:43 PIT >> SEVERE : Description [testClass=org.springframework.core.annotation.MergedAnnotationsTests, name=[engine:junit-jupiter]/[class:org.springframework.core.annotation.MergedAnnotationsTests]/[method:getWithTypeHierarchyFromClassWithComposedMetaTransactionalAnnotation()]] did not pass without mutation.
19:21:43 PIT >> INFO : MINION : Failed to set JaCoCo session: org.jacoco.agent.rt.RT
19:21:43 PIT >> SEVERE : Description [testClass=org.springframework.core.annotation.MergedAnnotationsTests, name=[engine:junit-jupiter]/[class:org.springframework.core.annotation.MergedAnnotationsTests]/[method:synthesizeFromMapWithNestedMap()]] did not pass without mutation.
19:21:43 PIT >> SEVERE : Description [testClass=org.springframework.core.annotation.MergedAnnotationsTests, name=[engine:junit-jupiter]/[class:org.springframework.core.annotation.MergedAnnotationsTests]/[method:getMetaTypes()]] did not pass without mutation.
19:21:43 PIT >> SEVERE : Description [testClass=org.springframework.core.annotation.MergedAnnotationsTests, name=[engine:junit-jupiter]/[class:org.springframework.core.annotation.MergedAnnotationsTests]/[method:collectMultiValueMapFromClassWithMultipleComposedAnnotations()]] did not pass without mutation.
19:21:43 PIT >> SEVERE : Description [testClass=org.springframework.core.annotation.MergedAnnotationsTests, name=[engine:junit-jupiter]/[class:org.springframework.core.annotation.MergedAnnotationsTests]/[method:getWithTypeHierarchyFromSubNonInheritedAnnotationInterface()]] did not pass without mutation.
19:21:43 PIT >> SEVERE : Description [testClass=org.springframework.core.annotation.MergedAnnotationsTests, name=[engine:junit-jupiter]/[class:org.springframework.core.annotation.MergedAnnotationsTests]/[method:streamRepeatableDeclaredOnSuperclass()]] did not pass without mutation.
19:21:43 PIT >> SEVERE : Description [testClass=org.springframework.core.annotation.MergedAnnotationsTests, name=[engine:junit-jupiter]/[class:org.springframework.core.annotation.MergedAnnotationsTests]/[method:getWithInheritedAnnotationsFromTransitiveImplicitAliases()]] did not pass without mutation.
19:21:43 PIT >> SEVERE : Description [testClass=org.springframework.core.annotation.MergedAnnotationsTests, name=[engine:junit-jupiter]/[class:org.springframework.core.annotation.MergedAnnotationsTests]/[method:withInheritedAnnotationsFromAliasedValueComposedAnnotation()]] did not pass without mutation.
19:21:43 PIT >> SEVERE : Description [testClass=org.springframework.core.annotation.MergedAnnotationsTests, name=[engine:junit-jupiter]/[class:org.springframework.core.annotation.MergedAnnotationsTests]/[method:synthesizeWhenAttributeAliasForMetaAnnotationThatIsNotMetaPresent()]] did not pass without mutation.
19:21:43 PIT >> SEVERE : Description [testClass=org.springframework.core.annotation.MergedAnnotationsTests, name=[engine:junit-jupiter]/[class:org.springframework.core.annotation.MergedAnnotationsTests]/[method:getValueWhenHasDefaultOverrideWithExplicitAlias()]] did not pass without mutation.
19:21:43 PIT >> SEVERE : Description [testClass=org.springframework.core.annotation.MergedAnnotationsTests, name=[engine:junit-jupiter]/[class:org.springframework.core.annotation.MergedAnnotationsTests]/[method:getFromMethodWithGenericSuperclass()]] did not pass without mutation.
19:21:43 PIT >> SEVERE : Description [testClass=org.springframework.core.annotation.MergedAnnotationsTests, name=[engine:junit-jupiter]/[class:org.springframework.core.annotation.MergedAnnotationsTests]/[method:synthesizeFromMapWithImplicitAttributeAliases()]] did not pass without mutation.
19:21:43 PIT >> SEVERE : Description [testClass=org.springframework.core.annotation.MergedAnnotationsTests, name=[engine:junit-jupiter]/[class:org.springframework.core.annotation.MergedAnnotationsTests]/[method:getWithInheritedAnnotationsFromImplicitAliasesInMetaAnnotationOnComposedAnnotation()]] did not pass without mutation.
19:21:43 PIT >> SEVERE : Description [testClass=org.springframework.core.annotation.MergedAnnotationsTests, name=[engine:junit-jupiter]/[class:org.springframework.core.annotation.MergedAnnotationsTests]/[method:synthesizeWithArrayOfChars()]] did not pass without mutation.
19:21:43 PIT >> SEVERE : Description [testClass=org.springframework.core.annotation.MergedAnnotationsTests, name=[engine:junit-jupiter]/[class:org.springframework.core.annotation.MergedAnnotationsTests]/[method:getDefaultValueFromAnnotationType()]] did not pass without mutation.
19:21:43 PIT >> INFO : MINION : Failed to dump JaCoCo execution data: org.jacoco.agent.rt.RT
19:21:43 PIT >> INFO : MINION : Failed to set JaCoCo session: org.jacoco.agent.rt.RT
19:21:43 PIT >> INFO : MINION : Failed to dump JaCoCo execution data: org.jacoco.agent.rt.RT
19:21:43 PIT >> INFO : MINION : Failed to set JaCoCo session: org.jacoco.agent.rt.RT
19:21:43 PIT >> INFO : MINION : Failed to dump JaCoCo execution data: org.jacoco.agent.rt.RT
19:21:43 PIT >> INFO : MINION : Failed to set JaCoCo session: org.jacoco.agent.rt.RT
19:21:43 PIT >> INFO : MINION : Failed to dump JaCoCo execution data: org.jacoco.agent.rt.RT
19:21:43 PIT >> INFO : MINION : Failed to set JaCoCo session: org.jacoco.agent.rt.RT
19:21:43 PIT >> INFO : MINION : Failed to dump JaCoCo execution data: org.jacoco.agent.rt.RT
19:21:43 PIT >> INFO : MINION : Failed to set JaCoCo session: org.jacoco.agent.rt.RT
19:21:43 PIT >> INFO : MINION : Failed to dump JaCoCo execution data: org.jacoco.agent.rt.RT
19:21:43 PIT >> INFO : MINION : Failed to set JaCoCo session: org.jacoco.agent.rt.RT
19:21:43 PIT >> INFO : MINION : Failed to dump JaCoCo execution data: org.jacoco.agent.rt.RT
19:21:43 PIT >> INFO : MINION : Failed to set JaCoCo session: org.jacoco.agent.rt.RT
19:21:43 PIT >> INFO : MINION : Failed to dump JaCoCo execution data: org.jacoco.agent.rt.RT
19:21:43 PIT >> INFO : MINION : Failed to set JaCoCo session: org.jacoco.agent.rt.RT
19:21:43 PIT >> INFO : MINION : Failed to dump JaCoCo execution data: org.jacoco.agent.rt.RT
19:21:43 PIT >> INFO : MINION : Failed to set JaCoCo session: org.jacoco.agent.rt.RT
19:21:43 PIT >> INFO : MINION : Failed to dump JaCoCo execution data: org.jacoco.agent.rt.RT
19:21:43 PIT >> INFO : MINION : Failed to set JaCoCo session: org.jacoco.agent.rt.RT
19:21:43 PIT >> INFO : MINION : Failed to dump JaCoCo execution data: org.jacoco.agent.rt.RT
19:21:43 PIT >> INFO : MINION : Failed to set JaCoCo session: org.jacoco.agent.rt.RT
19:21:43 PIT >> INFO : MINION : Failed to dump JaCoCo execution data: org.jacoco.agent.rt.RT
19:21:43 PIT >> INFO : MINION : Failed to set JaCoCo session: org.jacoco.agent.rt.RT
19:21:43 PIT >> INFO : MINION : Failed to dump JaCoCo execution data: org.jacoco.agent.rt.RT
19:21:43 PIT >> INFO : MINION : Failed to set JaCoCo session: org.jacoco.agent.rt.RT
19:21:43 PIT >> INFO : MINION : Failed to dump JaCoCo execution data: org.jacoco.agent.rt.RT
19:21:43 PIT >> INFO : MINION : Failed to set JaCoCo session: org.jacoco.agent.rt.RT
19:21:43 PIT >> INFO : MINION : Failed to dump JaCoCo execution data: org.jacoco.agent.rt.RT
19:21:43 PIT >> INFO : MINION : Failed to set JaCoCo session: org.jacoco.agent.rt.RT
19:21:43 PIT >> INFO : MINION : Failed to dump JaCoCo execution data: org.jacoco.agent.rt.RT
19:21:43 PIT >> INFO : MINION : Failed to set JaCoCo session: org.jacoco.agent.rt.RT
19:21:43 PIT >> INFO : MINION : Failed to dump JaCoCo execution data: org.jacoco.agent.rt.RT
19:21:43 PIT >> INFO : MINION : Failed to set JaCoCo session: org.jacoco.agent.rt.RT
19:21:43 PIT >> INFO : MINION : Failed to dump JaCoCo execution data: org.jacoco.agent.rt.RT
19:21:43 PIT >> INFO : MINION : Failed to set JaCoCo session: org.jacoco.agent.rt.RT
19:21:43 PIT >> INFO : MINION : Failed to dump JaCoCo execution data: org.jacoco.agent.rt.RT
19:21:43 PIT >> INFO : MINION : Failed to set JaCoCo session: org.jacoco.agent.rt.RT
19:21:43 PIT >> INFO : MINION : Failed to dump JaCoCo execution data: org.jacoco.agent.rt.RT
19:21:43 PIT >> INFO : MINION : Failed to set JaCoCo session: org.jacoco.agent.rt.RT
19:21:43 PIT >> INFO : MINION : Failed to dump JaCoCo execution data: org.jacoco.agent.rt.RT
19:21:43 PIT >> INFO : MINION : Failed to set JaCoCo session: org.jacoco.agent.rt.RT
19:21:43 PIT >> INFO : MINION : Failed to dump JaCoCo execution data: org.jacoco.agent.rt.RT
19:21:43 PIT >> INFO : MINION : Failed to set JaCoCo session: org.jacoco.agent.rt.RT
19:21:43 PIT >> INFO : MINION : Failed to dump JaCoCo execution data: org.jacoco.agent.rt.RT
19:21:43 PIT >> SEVERE : Description [testClass=org.springframework.core.annotation.MergedAnnotationsTests, name=[engine:junit-jupiter]/[class:org.springframework.core.annotation.MergedAnnotationsTests]/[method:getWithTypeHierarchyFromClassWithBothAttributesOfAnAliasPairDeclared()]] did not pass without mutation.
19:21:43 PIT >> SEVERE : Description [testClass=org.springframework.core.annotation.MergedAnnotationsTests, name=[engine:junit-jupiter]/[class:org.springframework.core.annotation.MergedAnnotationsTests]/[method:streamRepeatableDeclaredOnClassAndSuperclass()]] did not pass without mutation.
19:21:43 PIT >> SEVERE : Description [testClass=org.springframework.core.annotation.MergedAnnotationsTests, name=[engine:junit-jupiter]/[class:org.springframework.core.annotation.MergedAnnotationsTests]/[method:getWithTypeHierarchyInheritedFromAbstractMethod()]] did not pass without mutation.
19:21:43 PIT >> SEVERE : Description [testClass=org.springframework.core.annotation.MergedAnnotationsTests, name=[engine:junit-jupiter]/[class:org.springframework.core.annotation.MergedAnnotationsTests]/[method:synthesizeWhenAliasForIsMissingAttributeDeclaration()]] did not pass without mutation.
19:21:43 PIT >> SEVERE : Description [testClass=org.springframework.core.annotation.MergedAnnotationsTests, name=[engine:junit-jupiter]/[class:org.springframework.core.annotation.MergedAnnotationsTests]/[method:getFromMethodWithBridgeMethod()]] did not pass without mutation.
19:21:43 PIT >> SEVERE : Description [testClass=org.springframework.core.annotation.MergedAnnotationsTests, name=[engine:junit-jupiter]/[class:org.springframework.core.annotation.MergedAnnotationsTests]/[method:getDefaultValueFromNonPublicAnnotation()]] did not pass without mutation.
19:21:43 PIT >> SEVERE : Description [testClass=org.springframework.core.annotation.MergedAnnotationsTests, name=[engine:junit-jupiter]/[class:org.springframework.core.annotation.MergedAnnotationsTests]/[method:synthesizeFromMapWithNestedArrayOfMaps()]] did not pass without mutation.
19:21:43 PIT >> SEVERE : Description [testClass=org.springframework.core.annotation.MergedAnnotationsTests, name=[engine:junit-jupiter]/[class:org.springframework.core.annotation.MergedAnnotationsTests]/[method:getDirectFromClassFavorsMoreLocallyDeclaredComposedAnnotationsOverInheritedAnnotations()]] did not pass without mutation.
19:21:43 PIT >> SEVERE : Description [testClass=org.springframework.core.annotation.MergedAnnotationsTests, name=[engine:junit-jupiter]/[class:org.springframework.core.annotation.MergedAnnotationsTests]/[method:getFromMethodWithMethodAnnotationOnLeaf()]] did not pass without mutation.
19:21:43 PIT >> SEVERE : Description [testClass=org.springframework.core.annotation.MergedAnnotationsTests, name=[engine:junit-jupiter]/[class:org.springframework.core.annotation.MergedAnnotationsTests]/[method:synthesizeWhenAttributeAliasForAttributeWithDifferentDefaultValue()]] did not pass without mutation.
19:21:43 PIT >> SEVERE : Description [testClass=org.springframework.core.annotation.MergedAnnotationsTests, name=[engine:junit-jupiter]/[class:org.springframework.core.annotation.MergedAnnotationsTests]/[method:getRootWhenNotDirect()]] did not pass without mutation.
19:21:43 PIT >> SEVERE : Description [testClass=org.springframework.core.annotation.MergedAnnotationsTests, name=[engine:junit-jupiter]/[class:org.springframework.core.annotation.MergedAnnotationsTests]/[method:synthesizeWhenAttributeAliasesWithDifferentValues()]] did not pass without mutation.
19:21:43 PIT >> SEVERE : Description [testClass=org.springframework.core.annotation.MergedAnnotationsTests, name=[engine:junit-jupiter]/[class:org.springframework.core.annotation.MergedAnnotationsTests]/[method:getWithInheritedAnnotationsFromImplicitAliasesForSameAttributeInComposedAnnotation()]] did not pass without mutation.
19:21:43 PIT >> SEVERE : Description [testClass=org.springframework.core.annotation.MergedAnnotationsTests, name=[engine:junit-jupiter]/[class:org.springframework.core.annotation.MergedAnnotationsTests]/[method:getValueFromNonPublicAnnotation()]] did not pass without mutation.
19:21:43 PIT >> SEVERE : Description [testClass=org.springframework.core.annotation.MergedAnnotationsTests, name=[engine:junit-jupiter]/[class:org.springframework.core.annotation.MergedAnnotationsTests]/[method:streamRepeatableDeclaredOnMultipleSuperclasses()]] did not pass without mutation.
19:21:43 PIT >> SEVERE : Description [testClass=org.springframework.core.annotation.MergedAnnotationsTests, name=[engine:junit-jupiter]/[class:org.springframework.core.annotation.MergedAnnotationsTests]/[method:getSuperClassSourceForTypesWithMultipleCandidateTypes()]] did not pass without mutation.
19:21:43 PIT >> SEVERE : Description [testClass=org.springframework.core.annotation.MergedAnnotationsTests, name=[engine:junit-jupiter]/[class:org.springframework.core.annotation.MergedAnnotationsTests]/[method:getDirectFromClassWithSubSubInheritedAnnotationInterface()]] did not pass without mutation.
19:21:43 PIT >> SEVERE : Description [testClass=org.springframework.core.annotation.MergedAnnotationsTests, name=[engine:junit-jupiter]/[class:org.springframework.core.annotation.MergedAnnotationsTests]/[method:getFromMethodWithOnRootButOverridden()]] did not pass without mutation.
19:21:43 PIT >> SEVERE : Description [testClass=org.springframework.core.annotation.MergedAnnotationsTests, name=[engine:junit-jupiter]/[class:org.springframework.core.annotation.MergedAnnotationsTests]/[method:getValueWhenHasDefaultOverride()]] did not pass without mutation.
19:21:43 PIT >> SEVERE : Description [testClass=org.springframework.core.annotation.MergedAnnotationsTests, name=[engine:junit-jupiter]/[class:org.springframework.core.annotation.MergedAnnotationsTests]/[method:synthesizeWithImplicitAliasesWithDifferentDefaultValues()]] did not pass without mutation.
19:21:43 PIT >> SEVERE : Description [testClass=org.springframework.core.annotation.MergedAnnotationsTests, name=[engine:junit-jupiter]/[class:org.springframework.core.annotation.MergedAnnotationsTests]/[method:getWithTypeHierarchyFromNonInheritedAnnotationInterface()]] did not pass without mutation.
19:21:43 PIT >> SEVERE : Description [testClass=org.springframework.core.annotation.MergedAnnotationsTests, name=[engine:junit-jupiter]/[class:org.springframework.core.annotation.MergedAnnotationsTests]/[method:getValueFromAnnotation()]] did not pass without mutation.
19:21:43 PIT >> INFO : MINION : Failed to set JaCoCo session: org.jacoco.agent.rt.RT
19:21:43 PIT >> INFO : MINION : Failed to dump JaCoCo execution data: org.jacoco.agent.rt.RT
19:21:43 PIT >> INFO : MINION : Failed to set JaCoCo session: org.jacoco.agent.rt.RT
19:21:43 PIT >> INFO : MINION : Failed to dump JaCoCo execution data: org.jacoco.agent.rt.RT
19:21:43 PIT >> INFO : MINION : Failed to set JaCoCo session: org.jacoco.agent.rt.RT
19:21:43 PIT >> INFO : MINION : Failed to dump JaCoCo execution data: org.jacoco.agent.rt.RT
19:21:43 PIT >> INFO : MINION : Failed to set JaCoCo session: org.jacoco.agent.rt.RT
19:21:43 PIT >> INFO : MINION : Failed to dump JaCoCo execution data: org.jacoco.agent.rt.RT
19:21:43 PIT >> INFO : MINION : Failed to set JaCoCo session: org.jacoco.agent.rt.RT
19:21:43 PIT >> INFO : MINION : Failed to dump JaCoCo execution data: org.jacoco.agent.rt.RT
19:21:43 PIT >> INFO : MINION : Failed to set JaCoCo session: org.jacoco.agent.rt.RT
19:21:43 PIT >> INFO : MINION : Failed to dump JaCoCo execution data: org.jacoco.agent.rt.RT
19:21:43 PIT >> INFO : MINION : Failed to set JaCoCo session: org.jacoco.agent.rt.RT
19:21:43 PIT >> INFO : MINION : Failed to dump JaCoCo execution data: org.jacoco.agent.rt.RT
19:21:43 PIT >> INFO : MINION : Failed to set JaCoCo session: org.jacoco.agent.rt.RT
19:21:43 PIT >> INFO : MINION : Failed to dump JaCoCo execution data: org.jacoco.agent.rt.RT
19:21:43 PIT >> INFO : MINION : Failed to set JaCoCo session: org.jacoco.agent.rt.RT
19:21:43 PIT >> INFO : MINION : Failed to dump JaCoCo execution data: org.jacoco.agent.rt.RT
19:21:43 PIT >> INFO : MINION : Failed to set JaCoCo session: org.jacoco.agent.rt.RT
19:21:43 PIT >> INFO : MINION : Failed to dump JaCoCo execution data: org.jacoco.agent.rt.RT
19:21:43 PIT >> INFO : MINION : Failed to set JaCoCo session: org.jacoco.agent.rt.RT
19:21:43 PIT >> INFO : MINION : Failed to dump JaCoCo execution data: org.jacoco.agent.rt.RT
19:21:43 PIT >> INFO : MINION : Failed to set JaCoCo session: org.jacoco.agent.rt.RT
19:21:43 PIT >> INFO : MINION : Failed to dump JaCoCo execution data: org.jacoco.agent.rt.RT
19:21:43 PIT >> INFO : MINION : Failed to set JaCoCo session: org.jacoco.agent.rt.RT
19:21:43 PIT >> INFO : MINION : Failed to dump JaCoCo execution data: org.jacoco.agent.rt.RT
19:21:43 PIT >> INFO : MINION : Failed to set JaCoCo session: org.jacoco.agent.rt.RT
19:21:43 PIT >> INFO : MINION : Failed to dump JaCoCo execution data: org.jacoco.agent.rt.RT
19:21:43 PIT >> INFO : MINION : Failed to set JaCoCo session: org.jacoco.agent.rt.RT
19:21:43 PIT >> INFO : MINION : Failed to dump JaCoCo execution data: org.jacoco.agent.rt.RT
19:21:43 PIT >> INFO : MINION : Failed to set JaCoCo session: org.jacoco.agent.rt.RT
19:21:43 PIT >> INFO : MINION : Failed to dump JaCoCo execution data: org.jacoco.agent.rt.RT
19:21:43 PIT >> INFO : MINION : Failed to set JaCoCo session: org.jacoco.agent.rt.RT
19:21:43 PIT >> INFO : MINION : Failed to dump JaCoCo execution data: org.jacoco.agent.rt.RT
19:21:43 PIT >> INFO : MINION : Failed to set JaCoCo session: org.jacoco.agent.rt.RT
19:21:43 PIT >> INFO : MINION : Failed to dump JaCoCo execution data: org.jacoco.agent.rt.RT
19:21:43 PIT >> INFO : MINION : Failed to set JaCoCo session: org.jacoco.agent.rt.RT
19:21:43 PIT >> INFO : MINION : Failed to dump JaCoCo execution data: org.jacoco.agent.rt.RT
19:21:43 PIT >> INFO : MINION : Failed to set JaCoCo session: org.jacoco.agent.rt.RT
19:21:43 PIT >> INFO : MINION : Failed to dump JaCoCo execution data: org.jacoco.agent.rt.RT
19:21:43 PIT >> INFO : MINION : Failed to set JaCoCo session: org.jacoco.agent.rt.RT
19:21:43 PIT >> INFO : MINION : Failed to dump JaCoCo execution data: org.jacoco.agent.rt.RT
19:21:43 PIT >> INFO : MINION : Failed to set JaCoCo session: org.jacoco.agent.rt.RT
19:21:43 PIT >> INFO : MINION : Failed to dump JaCoCo execution data: org.jacoco.agent.rt.RT
19:21:43 PIT >> INFO : MINION : Failed to set JaCoCo session: org.jacoco.agent.rt.RT
19:21:43 PIT >> INFO : MINION : Failed to dump JaCoCo execution data: org.jacoco.agent.rt.RT
19:21:43 PIT >> SEVERE : Description [testClass=org.springframework.core.annotation.MergedAnnotationsTests, name=[engine:junit-jupiter]/[class:org.springframework.core.annotation.MergedAnnotationsTests]/[method:getSuperClassSourceForTypesWithSingleCandidateType()]] did not pass without mutation.
19:21:43 PIT >> SEVERE : Description [testClass=org.springframework.core.annotation.MergedAnnotationsTests, name=[engine:junit-jupiter]/[class:org.springframework.core.annotation.MergedAnnotationsTests]/[method:getWithTypeHierarchyFromClassWithAttributeAliasInComposedAnnotationAndNestedAnnotationsInTargetAnnotation()]] did not pass without mutation.
19:21:43 PIT >> SEVERE : Description [testClass=org.springframework.core.annotation.MergedAnnotationsTests, name=[engine:junit-jupiter]/[class:org.springframework.core.annotation.MergedAnnotationsTests]/[method:streamWithTypeHierarchyInheritedFromSuperInterfaceMethod()]] did not pass without mutation.
19:21:43 PIT >> SEVERE : Description [testClass=org.springframework.core.annotation.MergedAnnotationsTests, name=[engine:junit-jupiter]/[class:org.springframework.core.annotation.MergedAnnotationsTests]/[method:getFromMethodWhenInterfaceWhenSuperDoesNotImplementMethod()]] did not pass without mutation.
19:21:43 PIT >> SEVERE : Description [testClass=org.springframework.core.annotation.MergedAnnotationsTests, name=[engine:junit-jupiter]/[class:org.springframework.core.annotation.MergedAnnotationsTests]/[method:synthesizeWithImplicitAliasesForAliasPair()]] did not pass without mutation.
19:21:43 PIT >> SEVERE : Description [testClass=org.springframework.core.annotation.MergedAnnotationsTests, name=[engine:junit-jupiter]/[class:org.springframework.core.annotation.MergedAnnotationsTests]/[method:collectMultiValueMapFromClassWithLocalAnnotationThatShadowsAnnotationFromSuperclass()]] did not pass without mutation.
19:21:43 PIT >> SEVERE : Description [testClass=org.springframework.core.annotation.MergedAnnotationsTests, name=[engine:junit-jupiter]/[class:org.springframework.core.annotation.MergedAnnotationsTests]/[method:synthesizeFromMapWithMinimalAttributesWithAttributeAliases()]] did not pass without mutation.
19:21:43 PIT >> SEVERE : Description [testClass=org.springframework.core.annotation.MergedAnnotationsTests, name=[engine:junit-jupiter]/[class:org.springframework.core.annotation.MergedAnnotationsTests]/[method:synthesizeShouldNotSynthesizeNonsynthesizableAnnotationsWhenUsingMergedAnnotationsFromApi()]] did not pass without mutation.
19:21:43 PIT >> SEVERE : Description [testClass=org.springframework.core.annotation.MergedAnnotationsTests, name=[engine:junit-jupiter]/[class:org.springframework.core.annotation.MergedAnnotationsTests]/[method:synthesizeWithImplicitAliasesWithMissingDefaultValues()]] did not pass without mutation.
19:21:43 PIT >> INFO : MINION : Failed to set JaCoCo session: org.jacoco.agent.rt.RT
19:21:43 PIT >> SEVERE : Description [testClass=org.springframework.core.annotation.MergedAnnotationsTests, name=[engine:junit-jupiter]/[class:org.springframework.core.annotation.MergedAnnotationsTests]/[method:streamWhenFromClassWithMetaDepth1()]] did not pass without mutation.
19:21:43 PIT >> SEVERE : Description [testClass=org.springframework.core.annotation.MergedAnnotationsTests, name=[engine:junit-jupiter]/[class:org.springframework.core.annotation.MergedAnnotationsTests]/[method:streamWhenFromClassWithMetaDepth2()]] did not pass without mutation.
19:21:43 PIT >> SEVERE : Description [testClass=org.springframework.core.annotation.MergedAnnotationsTests, name=[engine:junit-jupiter]/[class:org.springframework.core.annotation.MergedAnnotationsTests]/[method:synthesizeWhenAttributeAliasForAttributeOfDifferentType()]] did not pass without mutation.
19:21:43 PIT >> SEVERE : Description [testClass=org.springframework.core.annotation.MergedAnnotationsTests, name=[engine:junit-jupiter]/[class:org.springframework.core.annotation.MergedAnnotationsTests]/[method:getFromMethodWithMetaAnnotationOnLeaf()]] did not pass without mutation.
19:21:43 PIT >> SEVERE : Description [testClass=org.springframework.core.annotation.MergedAnnotationsTests, name=[engine:junit-jupiter]/[class:org.springframework.core.annotation.MergedAnnotationsTests]/[method:getFromMethodWithMetaAnnotationOnRoot()]] did not pass without mutation.
19:21:43 PIT >> SEVERE : Description [testClass=org.springframework.core.annotation.MergedAnnotationsTests, name=[engine:junit-jupiter]/[class:org.springframework.core.annotation.MergedAnnotationsTests]/[method:getDirectWithoutAttributeAliases()]] did not pass without mutation.
19:21:43 PIT >> INFO : MINION : Failed to dump JaCoCo execution data: org.jacoco.agent.rt.RT
19:21:43 PIT >> SEVERE : Description [testClass=org.springframework.core.annotation.MergedAnnotationsTests, name=[engine:junit-jupiter]/[class:org.springframework.core.annotation.MergedAnnotationsTests]/[method:getWithInheritedAnnotationsFromInheritedAnnotationInterface()]] did not pass without mutation.
19:21:43 PIT >> SEVERE : Description [testClass=org.springframework.core.annotation.MergedAnnotationsTests, name=[engine:junit-jupiter]/[class:org.springframework.core.annotation.MergedAnnotationsTests]/[method:getDirectFromClassWithMetaMetaMetaAnnotatedClass()]] did not pass without mutation.
19:21:43 PIT >> SEVERE : Description [testClass=org.springframework.core.annotation.MergedAnnotationsTests, name=[engine:junit-jupiter]/[class:org.springframework.core.annotation.MergedAnnotationsTests]/[method:getWithTypeHierarchyInheritedFromInterfaceMethod()]] did not pass without mutation.
19:21:43 PIT >> SEVERE : Description [testClass=org.springframework.core.annotation.MergedAnnotationsTests, name=[engine:junit-jupiter]/[class:org.springframework.core.annotation.MergedAnnotationsTests]/[method:synthesizeWhenUsingMergedAnnotationsFromApi()]] did not pass without mutation.
19:21:43 PIT >> SEVERE : Description [testClass=org.springframework.core.annotation.MergedAnnotationsTests, name=[engine:junit-jupiter]/[class:org.springframework.core.annotation.MergedAnnotationsTests]/[method:getDirectFromClassWithSubSubNonInheritedAnnotationInterface()]] did not pass without mutation.
19:21:43 PIT >> SEVERE : Description [testClass=org.springframework.core.annotation.MergedAnnotationsTests, name=[engine:junit-jupiter]/[class:org.springframework.core.annotation.MergedAnnotationsTests]/[method:getWithInheritedAnnotationsFromMetaCycleAnnotatedClassWithMissingTargetMetaAnnotation()]] did not pass without mutation.
19:21:43 PIT >> SEVERE : Description [testClass=org.springframework.core.annotation.MergedAnnotationsTests, name=[engine:junit-jupiter]/[class:org.springframework.core.annotation.MergedAnnotationsTests]/[method:getWithInheritedAnnotationsFromAliasedValueComposedAnnotation()]] did not pass without mutation.
19:21:43 PIT >> INFO : MINION : Failed to set JaCoCo session: org.jacoco.agent.rt.RT
19:21:43 PIT >> INFO : MINION : Failed to dump JaCoCo execution data: org.jacoco.agent.rt.RT
19:21:43 PIT >> INFO : MINION : Failed to set JaCoCo session: org.jacoco.agent.rt.RT
19:21:43 PIT >> INFO : MINION : Failed to dump JaCoCo execution data: org.jacoco.agent.rt.RT
19:21:43 PIT >> INFO : MINION : Failed to set JaCoCo session: org.jacoco.agent.rt.RT
19:21:43 PIT >> INFO : MINION : Failed to dump JaCoCo execution data: org.jacoco.agent.rt.RT
19:21:43 PIT >> INFO : MINION : Failed to set JaCoCo session: org.jacoco.agent.rt.RT
19:21:43 PIT >> INFO : MINION : Failed to dump JaCoCo execution data: org.jacoco.agent.rt.RT
19:21:43 PIT >> INFO : MINION : Failed to set JaCoCo session: org.jacoco.agent.rt.RT
19:21:43 PIT >> INFO : MINION : Failed to dump JaCoCo execution data: org.jacoco.agent.rt.RT
19:21:43 PIT >> INFO : MINION : Failed to set JaCoCo session: org.jacoco.agent.rt.RT
19:21:43 PIT >> INFO : MINION : Failed to dump JaCoCo execution data: org.jacoco.agent.rt.RT
19:21:43 PIT >> INFO : MINION : Failed to set JaCoCo session: org.jacoco.agent.rt.RT
19:21:43 PIT >> INFO : MINION : Failed to dump JaCoCo execution data: org.jacoco.agent.rt.RT
19:21:43 PIT >> INFO : MINION : Failed to set JaCoCo session: org.jacoco.agent.rt.RT
19:21:43 PIT >> INFO : MINION : Failed to dump JaCoCo execution data: org.jacoco.agent.rt.RT
19:21:43 PIT >> INFO : MINION : Failed to set JaCoCo session: org.jacoco.agent.rt.RT
19:21:43 PIT >> INFO : MINION : Failed to dump JaCoCo execution data: org.jacoco.agent.rt.RT
19:21:43 PIT >> INFO : MINION : Failed to set JaCoCo session: org.jacoco.agent.rt.RT
19:21:43 PIT >> INFO : MINION : Failed to dump JaCoCo execution data: org.jacoco.agent.rt.RT
19:21:43 PIT >> INFO : MINION : Failed to set JaCoCo session: org.jacoco.agent.rt.RT
19:21:43 PIT >> INFO : MINION : Failed to dump JaCoCo execution data: org.jacoco.agent.rt.RT
19:21:43 PIT >> INFO : MINION : Failed to set JaCoCo session: org.jacoco.agent.rt.RT
19:21:43 PIT >> INFO : MINION : Failed to dump JaCoCo execution data: org.jacoco.agent.rt.RT
19:21:43 PIT >> INFO : MINION : Failed to set JaCoCo session: org.jacoco.agent.rt.RT
19:21:43 PIT >> INFO : MINION : Failed to dump JaCoCo execution data: org.jacoco.agent.rt.RT
19:21:43 PIT >> INFO : MINION : Failed to set JaCoCo session: org.jacoco.agent.rt.RT
19:21:43 PIT >> INFO : MINION : Failed to dump JaCoCo execution data: org.jacoco.agent.rt.RT
19:21:43 PIT >> INFO : MINION : Failed to set JaCoCo session: org.jacoco.agent.rt.RT
19:21:43 PIT >> INFO : MINION : Failed to dump JaCoCo execution data: org.jacoco.agent.rt.RT
19:21:43 PIT >> INFO : MINION : Failed to set JaCoCo session: org.jacoco.agent.rt.RT
19:21:43 PIT >> INFO : MINION : Failed to dump JaCoCo execution data: org.jacoco.agent.rt.RT
19:21:43 PIT >> INFO : MINION : Failed to set JaCoCo session: org.jacoco.agent.rt.RT
19:21:43 PIT >> INFO : MINION : Failed to dump JaCoCo execution data: org.jacoco.agent.rt.RT
19:21:43 PIT >> INFO : MINION : Failed to set JaCoCo session: org.jacoco.agent.rt.RT
19:21:43 PIT >> INFO : MINION : Failed to dump JaCoCo execution data: org.jacoco.agent.rt.RT
19:21:43 PIT >> INFO : MINION : Failed to set JaCoCo session: org.jacoco.agent.rt.RT
19:21:43 PIT >> INFO : MINION : Failed to dump JaCoCo execution data: org.jacoco.agent.rt.RT
19:21:43 PIT >> INFO : MINION : Failed to set JaCoCo session: org.jacoco.agent.rt.RT
19:21:43 PIT >> INFO : MINION : Failed to dump JaCoCo execution data: org.jacoco.agent.rt.RT
19:21:43 PIT >> INFO : MINION : Failed to set JaCoCo session: org.jacoco.agent.rt.RT
19:21:43 PIT >> INFO : MINION : Failed to dump JaCoCo execution data: org.jacoco.agent.rt.RT
19:21:43 PIT >> INFO : MINION : Failed to set JaCoCo session: org.jacoco.agent.rt.RT
19:21:43 PIT >> INFO : MINION : Failed to dump JaCoCo execution data: org.jacoco.agent.rt.RT
19:21:43 PIT >> SEVERE : Description [testClass=org.springframework.core.annotation.MergedAnnotationsTests, name=[engine:junit-jupiter]/[class:org.springframework.core.annotation.MergedAnnotationsTests]/[method:getFromMethodWithGenericInterface()]] did not pass without mutation.
19:21:43 PIT >> SEVERE : Description [testClass=org.springframework.core.annotation.MergedAnnotationsTests, name=[engine:junit-jupiter]/[class:org.springframework.core.annotation.MergedAnnotationsTests]/[method:getParent()]] did not pass without mutation.
19:21:43 PIT >> SEVERE : Description [testClass=org.springframework.core.annotation.MergedAnnotationsTests, name=[engine:junit-jupiter]/[class:org.springframework.core.annotation.MergedAnnotationsTests]/[method:getDirectFromClassFavorsMoreLocallyDeclaredComposedAnnotationsOverAnnotationsOnInterfaces()]] did not pass without mutation.
19:21:43 PIT >> SEVERE : Description [testClass=org.springframework.core.annotation.MergedAnnotationsTests, name=[engine:junit-jupiter]/[class:org.springframework.core.annotation.MergedAnnotationsTests]/[method:getDirectFromClassgetDirectFromClassMetaMetaAnnotatedClass()]] did not pass without mutation.
19:21:43 PIT >> SEVERE : Description [testClass=org.springframework.core.annotation.MergedAnnotationsTests, name=[engine:junit-jupiter]/[class:org.springframework.core.annotation.MergedAnnotationsTests]/[method:getRootWhenDirect()]] did not pass without mutation.
19:21:43 PIT >> SEVERE : Description [testClass=org.springframework.core.annotation.MergedAnnotationsTests, name=[engine:junit-jupiter]/[class:org.springframework.core.annotation.MergedAnnotationsTests]/[method:synthesizeShouldNotResynthesizeAlreadySynthesizedAnnotations()]] did not pass without mutation.
19:21:43 PIT >> SEVERE : Description [testClass=org.springframework.core.annotation.MergedAnnotationsTests, name=[engine:junit-jupiter]/[class:org.springframework.core.annotation.MergedAnnotationsTests]/[method:getWithInheritedAnnotationsFavorsLocalComposedAnnotationOverInheritedAnnotation()]] did not pass without mutation.
19:21:43 PIT >> SEVERE : Description [testClass=org.springframework.core.annotation.MergedAnnotationsTests, name=[engine:junit-jupiter]/[class:org.springframework.core.annotation.MergedAnnotationsTests]/[method:getWithTypeHierarchyOnMethodWithSingleElementOverridingAnArrayViaAliasFor()]] did not pass without mutation.
19:21:43 PIT >> SEVERE : Description [testClass=org.springframework.core.annotation.MergedAnnotationsTests, name=[engine:junit-jupiter]/[class:org.springframework.core.annotation.MergedAnnotationsTests]/[method:collectMultiValueMapFromClassWithLocalAnnotation()]] did not pass without mutation.
19:21:43 PIT >> SEVERE : Description [testClass=org.springframework.core.annotation.MergedAnnotationsTests, name=[engine:junit-jupiter]/[class:org.springframework.core.annotation.MergedAnnotationsTests]/[method:equalsForSynthesizedAnnotations()]] did not pass without mutation.
19:21:43 PIT >> SEVERE : Description [testClass=org.springframework.core.annotation.MergedAnnotationsTests, name=[engine:junit-jupiter]/[class:org.springframework.core.annotation.MergedAnnotationsTests]/[method:getValueWhenHasDefaultOverrideWithImplicitAlias()]] did not pass without mutation.
19:21:43 PIT >> SEVERE : Description [testClass=org.springframework.core.annotation.MergedAnnotationsTests, name=[engine:junit-jupiter]/[class:org.springframework.core.annotation.MergedAnnotationsTests]/[method:toStringForSynthesizedAnnotations()]] did not pass without mutation.
19:21:43 PIT >> SEVERE : Description [testClass=org.springframework.core.annotation.MergedAnnotationsTests, name=[engine:junit-jupiter]/[class:org.springframework.core.annotation.MergedAnnotationsTests]/[method:getDirectFromClassWithNonInheritedAnnotationInterface()]] did not pass without mutation.
19:21:43 PIT >> SEVERE : Description [testClass=org.springframework.core.annotation.MergedAnnotationsTests, name=[engine:junit-jupiter]/[class:org.springframework.core.annotation.MergedAnnotationsTests]/[method:getWithInheritedAnnotationsFromShadowedAliasComposedAnnotation()]] did not pass without mutation.
19:21:43 PIT >> SEVERE : Description [testClass=org.springframework.core.annotation.MergedAnnotationsTests, name=[engine:junit-jupiter]/[class:org.springframework.core.annotation.MergedAnnotationsTests]/[method:getValueWhenThreeDeepMetaWithValue()]] did not pass without mutation.
19:21:43 PIT >> SEVERE : Description [testClass=org.springframework.core.annotation.MergedAnnotationsTests, name=[engine:junit-jupiter]/[class:org.springframework.core.annotation.MergedAnnotationsTests]/[method:synthesizeWithArrayOfAnnotations()]] did not pass without mutation.
19:21:43 PIT >> SEVERE : Description [testClass=org.springframework.core.annotation.MergedAnnotationsTests, name=[engine:junit-jupiter]/[class:org.springframework.core.annotation.MergedAnnotationsTests]/[method:streamRepeatableDeclaredOnClassWithAttributeAliases()]] did not pass without mutation.
19:21:43 PIT >> SEVERE : Description [testClass=org.springframework.core.annotation.MergedAnnotationsTests, name=[engine:junit-jupiter]/[class:org.springframework.core.annotation.MergedAnnotationsTests]/[method:collectMultiValueMapFromClassWithLocalComposedAnnotationAndInheritedAnnotation()]] did not pass without mutation.
19:21:43 PIT >> SEVERE : Description [testClass=org.springframework.core.annotation.MergedAnnotationsTests, name=[engine:junit-jupiter]/[class:org.springframework.core.annotation.MergedAnnotationsTests]/[method:hashCodeForSynthesizedAnnotations()]] did not pass without mutation.
19:21:43 PIT >> SEVERE : Description [testClass=org.springframework.core.annotation.MergedAnnotationsTests, name=[engine:junit-jupiter]/[class:org.springframework.core.annotation.MergedAnnotationsTests]/[method:getDirectFromClassWithInheritedAnnotationInterface()]] did not pass without mutation.
19:21:43 PIT >> SEVERE : Description [testClass=org.springframework.core.annotation.MergedAnnotationsTests, name=[engine:junit-jupiter]/[class:org.springframework.core.annotation.MergedAnnotationsTests]/[method:getWithTypeHierarchyFromSubSubInheritedAnnotationInterface()]] did not pass without mutation.
19:21:43 PIT >> INFO : MINION : Failed to set JaCoCo session: org.jacoco.agent.rt.RT
19:21:43 PIT >> INFO : MINION : Failed to dump JaCoCo execution data: org.jacoco.agent.rt.RT
19:21:44 PIT >> INFO : MINION : Failed to set JaCoCo session: org.jacoco.agent.rt.RT
19:21:44 PIT >> INFO : MINION : Failed to dump JaCoCo execution data: org.jacoco.agent.rt.RT
19:21:44 PIT >> INFO : MINION : Failed to set JaCoCo session: org.jacoco.agent.rt.RT
19:21:44 PIT >> INFO : MINION : Failed to dump JaCoCo execution data: org.jacoco.agent.rt.RT
19:21:44 PIT >> INFO : MINION : Failed to set JaCoCo session: org.jacoco.agent.rt.RT
19:21:44 PIT >> INFO : MINION : Failed to dump JaCoCo execution data: org.jacoco.agent.rt.RT
19:21:44 PIT >> INFO : MINION : Failed to set JaCoCo session: org.jacoco.agent.rt.RT
19:21:44 PIT >> INFO : MINION : Failed to dump JaCoCo execution data: org.jacoco.agent.rt.RT
19:21:44 PIT >> INFO : MINION : Failed to set JaCoCo session: org.jacoco.agent.rt.RT
19:21:44 PIT >> INFO : MINION : Failed to dump JaCoCo execution data: org.jacoco.agent.rt.RT
19:21:44 PIT >> INFO : MINION : Failed to set JaCoCo session: org.jacoco.agent.rt.RT
19:21:44 PIT >> INFO : MINION : Failed to dump JaCoCo execution data: org.jacoco.agent.rt.RT
19:21:44 PIT >> INFO : MINION : Failed to set JaCoCo session: org.jacoco.agent.rt.RT
19:21:44 PIT >> INFO : MINION : Failed to dump JaCoCo execution data: org.jacoco.agent.rt.RT
19:21:44 PIT >> INFO : MINION : Failed to set JaCoCo session: org.jacoco.agent.rt.RT
19:21:44 PIT >> INFO : MINION : Failed to dump JaCoCo execution data: org.jacoco.agent.rt.RT
19:21:44 PIT >> INFO : MINION : Failed to set JaCoCo session: org.jacoco.agent.rt.RT
19:21:44 PIT >> INFO : MINION : Failed to dump JaCoCo execution data: org.jacoco.agent.rt.RT
19:21:44 PIT >> INFO : MINION : Failed to set JaCoCo session: org.jacoco.agent.rt.RT
19:21:44 PIT >> INFO : MINION : Failed to dump JaCoCo execution data: org.jacoco.agent.rt.RT
19:21:44 PIT >> INFO : MINION : Failed to set JaCoCo session: org.jacoco.agent.rt.RT
19:21:44 PIT >> INFO : MINION : Failed to dump JaCoCo execution data: org.jacoco.agent.rt.RT
19:21:44 PIT >> INFO : MINION : Failed to set JaCoCo session: org.jacoco.agent.rt.RT
19:21:44 PIT >> INFO : MINION : Failed to dump JaCoCo execution data: org.jacoco.agent.rt.RT
19:21:44 PIT >> INFO : MINION : Failed to set JaCoCo session: org.jacoco.agent.rt.RT
19:21:44 PIT >> INFO : MINION : Failed to dump JaCoCo execution data: org.jacoco.agent.rt.RT
19:21:44 PIT >> INFO : MINION : Failed to set JaCoCo session: org.jacoco.agent.rt.RT
19:21:44 PIT >> INFO : MINION : Failed to dump JaCoCo execution data: org.jacoco.agent.rt.RT
19:21:44 PIT >> INFO : MINION : Failed to set JaCoCo session: org.jacoco.agent.rt.RT
19:21:44 PIT >> INFO : MINION : Failed to dump JaCoCo execution data: org.jacoco.agent.rt.RT
19:21:44 PIT >> INFO : MINION : Failed to set JaCoCo session: org.jacoco.agent.rt.RT
19:21:44 PIT >> INFO : MINION : Failed to dump JaCoCo execution data: org.jacoco.agent.rt.RT
19:21:44 PIT >> INFO : MINION : Failed to set JaCoCo session: org.jacoco.agent.rt.RT
19:21:44 PIT >> INFO : MINION : Failed to dump JaCoCo execution data: org.jacoco.agent.rt.RT
19:21:44 PIT >> INFO : MINION : Failed to set JaCoCo session: org.jacoco.agent.rt.RT
19:21:44 PIT >> INFO : MINION : Failed to dump JaCoCo execution data: org.jacoco.agent.rt.RT
19:21:44 PIT >> INFO : MINION : Failed to set JaCoCo session: org.jacoco.agent.rt.RT
19:21:44 PIT >> INFO : MINION : Failed to dump JaCoCo execution data: org.jacoco.agent.rt.RT
19:21:44 PIT >> INFO : MINION : Failed to set JaCoCo session: org.jacoco.agent.rt.RT
19:21:44 PIT >> INFO : MINION : Failed to dump JaCoCo execution data: org.jacoco.agent.rt.RT
19:21:44 PIT >> INFO : MINION : Failed to set JaCoCo session: org.jacoco.agent.rt.RT
19:21:44 PIT >> INFO : MINION : Failed to dump JaCoCo execution data: org.jacoco.agent.rt.RT
19:21:44 PIT >> INFO : MINION : Failed to set JaCoCo session: org.jacoco.agent.rt.RT
19:21:44 PIT >> INFO : MINION : Failed to dump JaCoCo execution data: org.jacoco.agent.rt.RT
19:21:44 PIT >> SEVERE : Description [testClass=org.springframework.core.annotation.MergedAnnotationsTests, name=[engine:junit-jupiter]/[class:org.springframework.core.annotation.MergedAnnotationsTests]/[method:getWithTypeHierarchyWithSingleElementOverridingAnArrayViaAliasFor()]] did not pass without mutation.
19:21:44 PIT >> SEVERE : Description [testClass=org.springframework.core.annotation.MergedAnnotationsTests, name=[engine:junit-jupiter]/[class:org.springframework.core.annotation.MergedAnnotationsTests]/[method:getWithInheritedAnnotationsFavorsInheritedComposedAnnotationsOverMoreLocallyDeclaredComposedAnnotations()]] did not pass without mutation.
19:21:44 PIT >> SEVERE : Description [testClass=org.springframework.core.annotation.MergedAnnotationsTests, name=[engine:junit-jupiter]/[class:org.springframework.core.annotation.MergedAnnotationsTests]/[method:streamRepeatableDeclaredOnMethod()]] did not pass without mutation.
19:21:44 PIT >> SEVERE : Description [testClass=org.springframework.core.annotation.MergedAnnotationsTests, name=[engine:junit-jupiter]/[class:org.springframework.core.annotation.MergedAnnotationsTests]/[method:synthesizeWithTransitiveImplicitAliasesForAliasPair()]] did not pass without mutation.
19:21:44 PIT >> SEVERE : Description [testClass=org.springframework.core.annotation.MergedAnnotationsTests, name=[engine:junit-jupiter]/[class:org.springframework.core.annotation.MergedAnnotationsTests]/[method:getWithInheritedAnnotationsFromTransitiveImplicitAliasesWithSkippedLevel()]] did not pass without mutation.
19:21:44 PIT >> SEVERE : Description [testClass=org.springframework.core.annotation.MergedAnnotationsTests, name=[engine:junit-jupiter]/[class:org.springframework.core.annotation.MergedAnnotationsTests]/[method:synthesizeFromDefaultsWithAttributeAliases()]] did not pass without mutation.
19:21:44 PIT >> SEVERE : Description [testClass=org.springframework.core.annotation.MergedAnnotationsTests, name=[engine:junit-jupiter]/[class:org.springframework.core.annotation.MergedAnnotationsTests]/[method:getWithTypeHierarchyFromSubSubNonInheritedAnnotationInterface()]] did not pass without mutation.
19:21:44 PIT >> INFO : MINION : Failed to set JaCoCo session: org.jacoco.agent.rt.RT
19:21:44 PIT >> SEVERE : Description [testClass=org.springframework.core.annotation.MergedAnnotationsTests, name=[engine:junit-jupiter]/[class:org.springframework.core.annotation.MergedAnnotationsTests]/[method:isPresentWhenFromAnnotationClassWithMetaDepth0()]] did not pass without mutation.
19:21:44 PIT >> SEVERE : Description [testClass=org.springframework.core.annotation.MergedAnnotationsTests, name=[engine:junit-jupiter]/[class:org.springframework.core.annotation.MergedAnnotationsTests]/[method:isPresentWhenFromAnnotationClassWithMetaDepth1()]] did not pass without mutation.
19:21:44 PIT >> SEVERE : Description [testClass=org.springframework.core.annotation.MergedAnnotationsTests, name=[engine:junit-jupiter]/[class:org.springframework.core.annotation.MergedAnnotationsTests]/[method:isPresentWhenFromAnnotationClassWithMetaDepth2()]] did not pass without mutation.
19:21:44 PIT >> SEVERE : Description [testClass=org.springframework.core.annotation.MergedAnnotationsTests, name=[engine:junit-jupiter]/[class:org.springframework.core.annotation.MergedAnnotationsTests]/[method:synthesizeFromMapWithAttributeAliasesThatOverrideArraysWithSingleElements()]] did not pass without mutation.
19:21:44 PIT >> SEVERE : Description [testClass=org.springframework.core.annotation.MergedAnnotationsTests, name=[engine:junit-jupiter]/[class:org.springframework.core.annotation.MergedAnnotationsTests]/[method:synthesizeFromMapWithNullAttributeValue()]] did not pass without mutation.
19:21:44 PIT >> SEVERE : Description [testClass=org.springframework.core.annotation.MergedAnnotationsTests, name=[engine:junit-jupiter]/[class:org.springframework.core.annotation.MergedAnnotationsTests]/[method:synthesizeFromDefaultsWithoutAttributeAliases()]] did not pass without mutation.
19:21:44 PIT >> SEVERE : Description [testClass=org.springframework.core.annotation.MergedAnnotationsTests, name=[engine:junit-jupiter]/[class:org.springframework.core.annotation.MergedAnnotationsTests]/[method:getDirectWithAttributeAliases1()]] did not pass without mutation.
19:21:44 PIT >> SEVERE : Description [testClass=org.springframework.core.annotation.MergedAnnotationsTests, name=[engine:junit-jupiter]/[class:org.springframework.core.annotation.MergedAnnotationsTests]/[method:getDirectWithAttributeAliases2()]] did not pass without mutation.
19:21:44 PIT >> SEVERE : Description [testClass=org.springframework.core.annotation.MergedAnnotationsTests, name=[engine:junit-jupiter]/[class:org.springframework.core.annotation.MergedAnnotationsTests]/[method:synthesizeWithoutAttributeAliases()]] did not pass without mutation.
19:21:44 PIT >> INFO : MINION : Failed to dump JaCoCo execution data: org.jacoco.agent.rt.RT
19:21:44 PIT >> SEVERE : Description [testClass=org.springframework.core.annotation.MergedAnnotationsTests, name=[engine:junit-jupiter]/[class:org.springframework.core.annotation.MergedAnnotationsTests]/[method:isPresentWhenFromClassWithMetaDepth1()]] did not pass without mutation.
19:21:44 PIT >> SEVERE : Description [testClass=org.springframework.core.annotation.MergedAnnotationsTests, name=[engine:junit-jupiter]/[class:org.springframework.core.annotation.MergedAnnotationsTests]/[method:isPresentWhenFromClassWithMetaDepth2()]] did not pass without mutation.
19:21:44 PIT >> SEVERE : Description [testClass=org.springframework.core.annotation.MergedAnnotationsTests, name=[engine:junit-jupiter]/[class:org.springframework.core.annotation.MergedAnnotationsTests]/[method:getSuperClassForAllScenarios()]] did not pass without mutation.
19:21:44 PIT >> SEVERE : Description [testClass=org.springframework.core.annotation.MergedAnnotationsTests, name=[engine:junit-jupiter]/[class:org.springframework.core.annotation.MergedAnnotationsTests]/[method:synthesizeWhenAttributeAliasWithMirroredAliasForWrongAttribute()]] did not pass without mutation.
19:21:44 PIT >> SEVERE : Description [testClass=org.springframework.core.annotation.MergedAnnotationsTests, name=[engine:junit-jupiter]/[class:org.springframework.core.annotation.MergedAnnotationsTests]/[method:getAggregateIndexForAllScenarios()]] did not pass without mutation.
19:21:44 PIT >> INFO : MINION : Failed to set JaCoCo session: org.jacoco.agent.rt.RT
19:21:44 PIT >> INFO : MINION : Failed to dump JaCoCo execution data: org.jacoco.agent.rt.RT
19:21:44 PIT >> INFO : MINION : Failed to set JaCoCo session: org.jacoco.agent.rt.RT
19:21:44 PIT >> INFO : MINION : Failed to dump JaCoCo execution data: org.jacoco.agent.rt.RT
19:21:44 PIT >> INFO : MINION : Failed to set JaCoCo session: org.jacoco.agent.rt.RT
19:21:44 PIT >> INFO : MINION : Failed to dump JaCoCo execution data: org.jacoco.agent.rt.RT
19:21:44 PIT >> INFO : MINION : Failed to set JaCoCo session: org.jacoco.agent.rt.RT
19:21:44 PIT >> INFO : MINION : Failed to dump JaCoCo execution data: org.jacoco.agent.rt.RT
19:21:44 PIT >> INFO : MINION : Failed to set JaCoCo session: org.jacoco.agent.rt.RT
19:21:44 PIT >> INFO : MINION : Failed to dump JaCoCo execution data: org.jacoco.agent.rt.RT
19:21:44 PIT >> INFO : MINION : Failed to set JaCoCo session: org.jacoco.agent.rt.RT
19:21:44 PIT >> INFO : MINION : Failed to dump JaCoCo execution data: org.jacoco.agent.rt.RT
19:21:44 PIT >> INFO : MINION : Failed to set JaCoCo session: org.jacoco.agent.rt.RT
19:21:44 PIT >> INFO : MINION : Failed to dump JaCoCo execution data: org.jacoco.agent.rt.RT
19:21:44 PIT >> INFO : MINION : Failed to set JaCoCo session: org.jacoco.agent.rt.RT
19:21:44 PIT >> INFO : MINION : Failed to dump JaCoCo execution data: org.jacoco.agent.rt.RT
19:21:44 PIT >> INFO : MINION : Failed to set JaCoCo session: org.jacoco.agent.rt.RT
19:21:44 PIT >> INFO : MINION : Failed to dump JaCoCo execution data: org.jacoco.agent.rt.RT
19:21:44 PIT >> INFO : MINION : Failed to set JaCoCo session: org.jacoco.agent.rt.RT
19:21:44 PIT >> INFO : MINION : Failed to dump JaCoCo execution data: org.jacoco.agent.rt.RT
19:21:44 PIT >> INFO : MINION : Failed to set JaCoCo session: org.jacoco.agent.rt.RT
19:21:44 PIT >> INFO : MINION : Failed to dump JaCoCo execution data: org.jacoco.agent.rt.RT
19:21:44 PIT >> INFO : MINION : Failed to set JaCoCo session: org.jacoco.agent.rt.RT
19:21:44 PIT >> INFO : MINION : Failed to dump JaCoCo execution data: org.jacoco.agent.rt.RT
19:21:44 PIT >> INFO : MINION : Failed to set JaCoCo session: org.jacoco.agent.rt.RT
19:21:44 PIT >> INFO : MINION : Failed to dump JaCoCo execution data: org.jacoco.agent.rt.RT
19:21:44 PIT >> INFO : MINION : Failed to set JaCoCo session: org.jacoco.agent.rt.RT
19:21:44 PIT >> INFO : MINION : Failed to dump JaCoCo execution data: org.jacoco.agent.rt.RT
19:21:44 PIT >> INFO : MINION : Failed to set JaCoCo session: org.jacoco.agent.rt.RT
19:21:44 PIT >> INFO : MINION : Failed to dump JaCoCo execution data: org.jacoco.agent.rt.RT
19:21:44 PIT >> INFO : MINION : Failed to set JaCoCo session: org.jacoco.agent.rt.RT
19:21:44 PIT >> INFO : MINION : Failed to dump JaCoCo execution data: org.jacoco.agent.rt.RT
19:21:44 PIT >> INFO : MINION : Failed to set JaCoCo session: org.jacoco.agent.rt.RT
19:21:44 PIT >> INFO : MINION : Failed to dump JaCoCo execution data: org.jacoco.agent.rt.RT
19:21:44 PIT >> INFO : MINION : Failed to set JaCoCo session: org.jacoco.agent.rt.RT
19:21:44 PIT >> INFO : MINION : Failed to dump JaCoCo execution data: org.jacoco.agent.rt.RT
19:21:44 PIT >> INFO : MINION : Failed to set JaCoCo session: org.jacoco.agent.rt.RT
19:21:44 PIT >> INFO : MINION : Failed to dump JaCoCo execution data: org.jacoco.agent.rt.RT
19:21:44 PIT >> INFO : MINION : Failed to set JaCoCo session: org.jacoco.agent.rt.RT
19:21:44 PIT >> INFO : MINION : Failed to dump JaCoCo execution data: org.jacoco.agent.rt.RT
19:21:44 PIT >> INFO : MINION : Failed to set JaCoCo session: org.jacoco.agent.rt.RT
19:21:44 PIT >> INFO : MINION : Failed to dump JaCoCo execution data: org.jacoco.agent.rt.RT
19:21:44 PIT >> INFO : MINION : Failed to set JaCoCo session: org.jacoco.agent.rt.RT
19:21:44 PIT >> INFO : MINION : Failed to dump JaCoCo execution data: org.jacoco.agent.rt.RT
19:21:44 PIT >> SEVERE : Description [testClass=org.springframework.core.annotation.MergedAnnotationsTests, name=[engine:junit-jupiter]/[class:org.springframework.core.annotation.MergedAnnotationsTests]/[method:streamTypeHierarchyFromClassWithInterface()]] did not pass without mutation.
19:21:44 PIT >> SEVERE : Description [testClass=org.springframework.core.annotation.MergedAnnotationsTests, name=[engine:junit-jupiter]/[class:org.springframework.core.annotation.MergedAnnotationsTests]/[method:getDirectFromClassFavorsMoreLocallyDeclaredComposedAnnotationsOverInheritedComposedAnnotations()]] did not pass without mutation.
19:21:44 PIT >> SEVERE : Description [testClass=org.springframework.core.annotation.MergedAnnotationsTests, name=[engine:junit-jupiter]/[class:org.springframework.core.annotation.MergedAnnotationsTests]/[method:getWithTypeHierarchyFromClassWithAttributeAliasesInTargetAnnotation()]] did not pass without mutation.
19:21:44 PIT >> SEVERE : Description [testClass=org.springframework.core.annotation.MergedAnnotationsTests, name=[engine:junit-jupiter]/[class:org.springframework.core.annotation.MergedAnnotationsTests]/[method:synthesizeWithImplicitAliasesWithImpliedAliasNamesOmitted()]] did not pass without mutation.
19:21:44 PIT >> SEVERE : Description [testClass=org.springframework.core.annotation.MergedAnnotationsTests, name=[engine:junit-jupiter]/[class:org.springframework.core.annotation.MergedAnnotationsTests]/[method:synthesizeNonPublicWithAttributeAliasesFromDifferentPackage()]] did not pass without mutation.
19:21:44 PIT >> SEVERE : Description [testClass=org.springframework.core.annotation.MergedAnnotationsTests, name=[engine:junit-jupiter]/[class:org.springframework.core.annotation.MergedAnnotationsTests]/[method:getWithTypeHierarchyFromClassWithMetaMetaAliasedTransactional()]] did not pass without mutation.
19:21:44 PIT >> SEVERE : Description [testClass=org.springframework.core.annotation.MergedAnnotationsTests, name=[engine:junit-jupiter]/[class:org.springframework.core.annotation.MergedAnnotationsTests]/[method:collectMultiValueMapFavorsInheritedAnnotationsOverMoreLocallyDeclaredComposedAnnotations()]] did not pass without mutation.
19:21:44 PIT >> SEVERE : Description [testClass=org.springframework.core.annotation.MergedAnnotationsTests, name=[engine:junit-jupiter]/[class:org.springframework.core.annotation.MergedAnnotationsTests]/[method:synthesizeFromMapWithAttributeOfIncorrectType()]] did not pass without mutation.
19:21:44 PIT >> SEVERE : Description [testClass=org.springframework.core.annotation.MergedAnnotationsTests, name=[engine:junit-jupiter]/[class:org.springframework.core.annotation.MergedAnnotationsTests]/[method:getWithInheritedAnnotationsFromTransitiveImplicitAliasesWithSingleElementOverridingAnArrayViaAliasFor()]] did not pass without mutation.
19:21:44 PIT >> SEVERE : Description [testClass=org.springframework.core.annotation.MergedAnnotationsTests, name=[engine:junit-jupiter]/[class:org.springframework.core.annotation.MergedAnnotationsTests]/[method:getDefaultValueFromAnnotation()]] did not pass without mutation.
19:21:44 PIT >> SEVERE : Description [testClass=org.springframework.core.annotation.MergedAnnotationsTests, name=[engine:junit-jupiter]/[class:org.springframework.core.annotation.MergedAnnotationsTests]/[method:getFromMethodWithMetaMetaAnnotationOnLeaf()]] did not pass without mutation.
19:21:44 PIT >> SEVERE : Description [testClass=org.springframework.core.annotation.MergedAnnotationsTests, name=[engine:junit-jupiter]/[class:org.springframework.core.annotation.MergedAnnotationsTests]/[method:getDirectFromClassWithAnnotatedClassWithMissingTargetMetaAnnotation()]] did not pass without mutation.
19:21:44 PIT >> SEVERE : Description [testClass=org.springframework.core.annotation.MergedAnnotationsTests, name=[engine:junit-jupiter]/[class:org.springframework.core.annotation.MergedAnnotationsTests]/[method:getDirectFromClassWithSubNonInheritedAnnotationInterface()]] did not pass without mutation.
19:21:44 PIT >> SEVERE : Description [testClass=org.springframework.core.annotation.MergedAnnotationsTests, name=[engine:junit-jupiter]/[class:org.springframework.core.annotation.MergedAnnotationsTests]/[method:isDirectlyPresentForAllScenarios()]] did not pass without mutation.
19:21:44 PIT >> SEVERE : Description [testClass=org.springframework.core.annotation.MergedAnnotationsTests, name=[engine:junit-jupiter]/[class:org.springframework.core.annotation.MergedAnnotationsTests]/[method:getWithTypeHierarchyFromSubInheritedAnnotationInterface()]] did not pass without mutation.
19:21:44 PIT >> SEVERE : Description [testClass=org.springframework.core.annotation.MergedAnnotationsTests, name=[engine:junit-jupiter]/[class:org.springframework.core.annotation.MergedAnnotationsTests]/[method:withInheritedAnnotationsFromAliasedComposedAnnotation()]] did not pass without mutation.
19:21:44 PIT >> SEVERE : Description [testClass=org.springframework.core.annotation.MergedAnnotationsTests, name=[engine:junit-jupiter]/[class:org.springframework.core.annotation.MergedAnnotationsTests]/[method:getFromMethodWithAnnotationOnMethodInInterface()]] did not pass without mutation.
19:21:44 PIT >> SEVERE : Description [testClass=org.springframework.core.annotation.MergedAnnotationsTests, name=[engine:junit-jupiter]/[class:org.springframework.core.annotation.MergedAnnotationsTests]/[method:synthesizedAnnotationShouldReuseJdkProxyClass()]] did not pass without mutation.
19:21:44 PIT >> SEVERE : Description [testClass=org.springframework.core.annotation.MergedAnnotationsTests, name=[engine:junit-jupiter]/[class:org.springframework.core.annotation.MergedAnnotationsTests]/[method:getDirectWithNestedAnnotations()]] did not pass without mutation.
19:21:44 PIT >> SEVERE : Description [testClass=org.springframework.core.annotation.MergedAnnotationsTests, name=[engine:junit-jupiter]/[class:org.springframework.core.annotation.MergedAnnotationsTests]/[method:streamDirectRepeatablesDeclaredOnClass()]] did not pass without mutation.
19:21:44 PIT >> SEVERE : Description [testClass=org.springframework.core.annotation.MergedAnnotationsTests, name=[engine:junit-jupiter]/[class:org.springframework.core.annotation.MergedAnnotationsTests]/[nested-class:ConventionBasedAnnotationAttributeOverrideTests]/[method:getWithInheritedAnnotationsFromInvalidConventionBasedComposedAnnotation()]] did not pass without mutation.
19:21:44 PIT >> SEVERE : Description [testClass=org.springframework.core.annotation.MergedAnnotationsTests, name=[engine:junit-jupiter]/[class:org.springframework.core.annotation.MergedAnnotationsTests]/[nested-class:ConventionBasedAnnotationAttributeOverrideTests]/[method:getWithInheritedAnnotationsFromHalfConventionBasedAndHalfAliasedComposedAnnotation1()]] did not pass without mutation.
19:21:44 PIT >> SEVERE : Description [testClass=org.springframework.core.annotation.MergedAnnotationsTests, name=[engine:junit-jupiter]/[class:org.springframework.core.annotation.MergedAnnotationsTests]/[nested-class:ConventionBasedAnnotationAttributeOverrideTests]/[method:getWithInheritedAnnotationsFromHalfConventionBasedAndHalfAliasedComposedAnnotation2()]] did not pass without mutation.
19:21:44 PIT >> INFO : MINION : Failed to set JaCoCo session: org.jacoco.agent.rt.RT
19:21:44 PIT >> INFO : MINION : Failed to dump JaCoCo execution data: org.jacoco.agent.rt.RT
19:21:44 PIT >> INFO : MINION : Failed to set JaCoCo session: org.jacoco.agent.rt.RT
19:21:44 PIT >> INFO : MINION : Failed to dump JaCoCo execution data: org.jacoco.agent.rt.RT
19:21:44 PIT >> INFO : MINION : Failed to set JaCoCo session: org.jacoco.agent.rt.RT
19:21:44 PIT >> INFO : MINION : Failed to dump JaCoCo execution data: org.jacoco.agent.rt.RT
19:21:44 PIT >> INFO : MINION : Failed to set JaCoCo session: org.jacoco.agent.rt.RT
19:21:44 PIT >> INFO : MINION : Failed to dump JaCoCo execution data: org.jacoco.agent.rt.RT
19:21:44 PIT >> INFO : MINION : Failed to set JaCoCo session: org.jacoco.agent.rt.RT
19:21:44 PIT >> INFO : MINION : Failed to dump JaCoCo execution data: org.jacoco.agent.rt.RT
19:21:44 PIT >> INFO : MINION : Failed to set JaCoCo session: org.jacoco.agent.rt.RT
19:21:44 PIT >> INFO : MINION : Failed to dump JaCoCo execution data: org.jacoco.agent.rt.RT
19:21:44 PIT >> INFO : MINION : Failed to set JaCoCo session: org.jacoco.agent.rt.RT
19:21:44 PIT >> INFO : MINION : Failed to dump JaCoCo execution data: org.jacoco.agent.rt.RT
19:21:44 PIT >> INFO : MINION : Failed to set JaCoCo session: org.jacoco.agent.rt.RT
19:21:44 PIT >> INFO : MINION : Failed to dump JaCoCo execution data: org.jacoco.agent.rt.RT
19:21:44 PIT >> INFO : MINION : Failed to set JaCoCo session: org.jacoco.agent.rt.RT
19:21:44 PIT >> INFO : MINION : Failed to dump JaCoCo execution data: org.jacoco.agent.rt.RT
19:21:44 PIT >> INFO : MINION : Failed to set JaCoCo session: org.jacoco.agent.rt.RT
19:21:44 PIT >> INFO : MINION : Failed to dump JaCoCo execution data: org.jacoco.agent.rt.RT
19:21:44 PIT >> INFO : MINION : Failed to set JaCoCo session: org.jacoco.agent.rt.RT
19:21:44 PIT >> INFO : MINION : Failed to dump JaCoCo execution data: org.jacoco.agent.rt.RT
19:21:44 PIT >> INFO : MINION : Failed to set JaCoCo session: org.jacoco.agent.rt.RT
19:21:44 PIT >> INFO : MINION : Failed to dump JaCoCo execution data: org.jacoco.agent.rt.RT
19:21:44 PIT >> INFO : MINION : Failed to set JaCoCo session: org.jacoco.agent.rt.RT
19:21:44 PIT >> INFO : MINION : Failed to dump JaCoCo execution data: org.jacoco.agent.rt.RT
19:21:44 PIT >> INFO : MINION : Failed to set JaCoCo session: org.jacoco.agent.rt.RT
19:21:44 PIT >> INFO : MINION : Failed to dump JaCoCo execution data: org.jacoco.agent.rt.RT
19:21:44 PIT >> INFO : MINION : Failed to set JaCoCo session: org.jacoco.agent.rt.RT
19:21:44 PIT >> INFO : MINION : Failed to dump JaCoCo execution data: org.jacoco.agent.rt.RT
19:21:44 PIT >> INFO : MINION : Failed to set JaCoCo session: org.jacoco.agent.rt.RT
19:21:44 PIT >> INFO : MINION : Failed to dump JaCoCo execution data: org.jacoco.agent.rt.RT
19:21:44 PIT >> INFO : MINION : Failed to set JaCoCo session: org.jacoco.agent.rt.RT
19:21:44 PIT >> INFO : MINION : Failed to dump JaCoCo execution data: org.jacoco.agent.rt.RT
19:21:44 PIT >> INFO : MINION : Failed to set JaCoCo session: org.jacoco.agent.rt.RT
19:21:44 PIT >> INFO : MINION : Failed to dump JaCoCo execution data: org.jacoco.agent.rt.RT
19:21:44 PIT >> INFO : MINION : Failed to set JaCoCo session: org.jacoco.agent.rt.RT
19:21:44 PIT >> INFO : MINION : Failed to dump JaCoCo execution data: org.jacoco.agent.rt.RT
19:21:44 PIT >> INFO : MINION : Failed to set JaCoCo session: org.jacoco.agent.rt.RT
19:21:44 PIT >> INFO : MINION : Failed to dump JaCoCo execution data: org.jacoco.agent.rt.RT
19:21:44 PIT >> INFO : MINION : Failed to set JaCoCo session: org.jacoco.agent.rt.RT
19:21:44 PIT >> INFO : MINION : Failed to dump JaCoCo execution data: org.jacoco.agent.rt.RT
19:21:44 PIT >> INFO : MINION : Failed to set JaCoCo session: org.jacoco.agent.rt.RT
19:21:44 PIT >> INFO : MINION : Failed to dump JaCoCo execution data: org.jacoco.agent.rt.RT
19:21:44 PIT >> SEVERE : Description [testClass=org.springframework.core.annotation.MergedAnnotationsTests, name=[engine:junit-jupiter]/[class:org.springframework.core.annotation.MergedAnnotationsTests]/[nested-class:ConventionBasedAnnotationAttributeOverrideTests]/[method:getWithTypeHierarchyWithSingleElementOverridingAnArrayViaConvention()]] did not pass without mutation.
19:21:44 PIT >> SEVERE : Description [testClass=org.springframework.core.annotation.MergedAnnotationsTests, name=[engine:junit-jupiter]/[class:org.springframework.core.annotation.MergedAnnotationsTests]/[nested-class:ConventionBasedAnnotationAttributeOverrideTests]/[method:getWithInheritedAnnotationsAttributesWithConventionBasedComposedAnnotation()]] did not pass without mutation.
19:21:44 PIT >> SEVERE : Description [testClass=org.springframework.core.annotation.MergedAnnotationsTests, name=[engine:junit-jupiter]/[class:org.springframework.core.annotation.MergedAnnotationsTests]/[nested-class:ConventionBasedAnnotationAttributeOverrideTests]/[method:getWithTypeHierarchyOnMethodWithSingleElementOverridingAnArrayViaConvention()]] did not pass without mutation.
19:21:44 PIT >> SEVERE : Description [testClass=org.springframework.core.annotation.MergedAnnotationsTests, name=[engine:junit-jupiter]/[class:org.springframework.core.annotation.MergedAnnotationsTests]/[nested-class:ConventionBasedAnnotationAttributeOverrideTests]/[method:getWithTypeHierarchyWithLocalAliasesThatConflictWithAttributesInMetaAnnotationByConvention()]] did not pass without mutation.
19:21:44 PIT >> SEVERE : Description [testClass=org.springframework.core.annotation.MergedAnnotationsTests, name=[engine:junit-jupiter]/[class:org.springframework.core.annotation.MergedAnnotationsTests]/[nested-class:FluentSearchApiTests]/[method:searchFromClassWithDefaultAnnotationFilterAndDefaultRepeatableContainers()]] did not pass without mutation.
19:21:44 PIT >> SEVERE : Description [testClass=org.springframework.core.annotation.MergedAnnotationsTests, name=[engine:junit-jupiter]/[class:org.springframework.core.annotation.MergedAnnotationsTests]/[nested-class:FluentSearchApiTests]/[method:searchFromNonAnnotatedInnerClassWithAnnotatedEnclosingClassWithEnclosingClassPredicates()]] did not pass without mutation.
19:21:44 PIT >> SEVERE : Description [testClass=org.springframework.core.annotation.MergedAnnotationsTests, name=[engine:junit-jupiter]/[class:org.springframework.core.annotation.MergedAnnotationsTests]/[nested-class:FluentSearchApiTests]/[method:searchFromNonAnnotatedStaticNestedClassWithAnnotatedEnclosingClassWithEnclosingClassPredicates()]] did not pass without mutation.
19:21:44 PIT >> SEVERE : Description [testClass=org.springframework.core.annotation.MergedAnnotationsTests, name=[engine:junit-jupiter]/[class:org.springframework.core.annotation.MergedAnnotationsTests]/[nested-class:FluentSearchApiTests]/[method:searchFromClassWithCustomAnnotationFilter()]] did not pass without mutation.
19:21:44 PIT >> SEVERE : Description [testClass=org.springframework.core.annotation.MergedAnnotationsTests, name=[engine:junit-jupiter]/[class:org.springframework.core.annotation.MergedAnnotationsTests]/[nested-class:FluentSearchApiTests]/[method:searchFromClassWithCustomRepeatableContainers()]] did not pass without mutation.
19:21:44 PIT >> INFO : MINION : Failed to set JaCoCo session: org.jacoco.agent.rt.RT
19:21:44 PIT >> INFO : MINION : Failed to dump JaCoCo execution data: org.jacoco.agent.rt.RT
19:21:44 PIT >> INFO : MINION : Failed to set JaCoCo session: org.jacoco.agent.rt.RT
19:21:44 PIT >> INFO : MINION : Failed to dump JaCoCo execution data: org.jacoco.agent.rt.RT
19:21:44 PIT >> INFO : MINION : Failed to set JaCoCo session: org.jacoco.agent.rt.RT
19:21:44 PIT >> INFO : MINION : Failed to dump JaCoCo execution data: org.jacoco.agent.rt.RT
19:21:44 PIT >> INFO : MINION : Failed to set JaCoCo session: org.jacoco.agent.rt.RT
19:21:44 PIT >> INFO : MINION : Failed to dump JaCoCo execution data: org.jacoco.agent.rt.RT
19:21:44 PIT >> INFO : MINION : Failed to set JaCoCo session: org.jacoco.agent.rt.RT
19:21:44 PIT >> INFO : MINION : Failed to dump JaCoCo execution data: org.jacoco.agent.rt.RT
19:21:44 PIT >> INFO : MINION : Failed to set JaCoCo session: org.jacoco.agent.rt.RT
19:21:44 PIT >> INFO : MINION : Failed to dump JaCoCo execution data: org.jacoco.agent.rt.RT
19:21:44 PIT >> INFO : MINION : Failed to set JaCoCo session: org.jacoco.agent.rt.RT
19:21:44 PIT >> INFO : MINION : Failed to dump JaCoCo execution data: org.jacoco.agent.rt.RT
19:21:44 PIT >> INFO : MINION : Failed to set JaCoCo session: org.jacoco.agent.rt.RT
19:21:44 PIT >> INFO : MINION : Failed to dump JaCoCo execution data: org.jacoco.agent.rt.RT
19:21:44 PIT >> INFO : MINION : Failed to set JaCoCo session: org.jacoco.agent.rt.RT
19:21:44 PIT >> INFO : MINION : Failed to dump JaCoCo execution data: org.jacoco.agent.rt.RT
19:21:44 PIT >> INFO : MINION : Failed to set JaCoCo session: org.jacoco.agent.rt.RT
19:21:44 PIT >> INFO : MINION : Failed to dump JaCoCo execution data: org.jacoco.agent.rt.RT
19:21:44 PIT >> INFO : MINION : Failed to set JaCoCo session: org.jacoco.agent.rt.RT
19:21:44 PIT >> INFO : MINION : Failed to dump JaCoCo execution data: org.jacoco.agent.rt.RT
19:21:44 PIT >> INFO : MINION : Failed to set JaCoCo session: org.jacoco.agent.rt.RT
19:21:44 PIT >> INFO : MINION : Failed to dump JaCoCo execution data: org.jacoco.agent.rt.RT
19:21:44 PIT >> INFO : MINION : Failed to set JaCoCo session: org.jacoco.agent.rt.RT
19:21:44 PIT >> INFO : MINION : Failed to dump JaCoCo execution data: org.jacoco.agent.rt.RT
19:21:44 PIT >> INFO : MINION : Failed to set JaCoCo session: org.jacoco.agent.rt.RT
19:21:44 PIT >> INFO : MINION : Failed to dump JaCoCo execution data: org.jacoco.agent.rt.RT
19:21:44 PIT >> INFO : MINION : Failed to set JaCoCo session: org.jacoco.agent.rt.RT
19:21:44 PIT >> INFO : MINION : Failed to dump JaCoCo execution data: org.jacoco.agent.rt.RT
19:21:44 PIT >> INFO : MINION : Failed to set JaCoCo session: org.jacoco.agent.rt.RT
19:21:44 PIT >> INFO : MINION : Failed to dump JaCoCo execution data: org.jacoco.agent.rt.RT
19:21:44 PIT >> INFO : MINION : Failed to set JaCoCo session: org.jacoco.agent.rt.RT
19:21:44 PIT >> INFO : MINION : Failed to dump JaCoCo execution data: org.jacoco.agent.rt.RT
19:21:44 PIT >> INFO : MINION : Failed to set JaCoCo session: org.jacoco.agent.rt.RT
19:21:44 PIT >> INFO : MINION : Failed to dump JaCoCo execution data: org.jacoco.agent.rt.RT
19:21:44 PIT >> INFO : MINION : Failed to set JaCoCo session: org.jacoco.agent.rt.RT
19:21:44 PIT >> INFO : MINION : Failed to dump JaCoCo execution data: org.jacoco.agent.rt.RT
19:21:44 PIT >> INFO : MINION : Failed to set JaCoCo session: org.jacoco.agent.rt.RT
19:21:44 PIT >> INFO : MINION : Failed to dump JaCoCo execution data: org.jacoco.agent.rt.RT
19:21:44 PIT >> INFO : MINION : Failed to set JaCoCo session: org.jacoco.agent.rt.RT
19:21:44 PIT >> INFO : MINION : Failed to dump JaCoCo execution data: org.jacoco.agent.rt.RT
19:21:44 PIT >> INFO : MINION : Failed to set JaCoCo session: org.jacoco.agent.rt.RT
19:21:44 PIT >> INFO : MINION : Failed to dump JaCoCo execution data: org.jacoco.agent.rt.RT
19:21:44 PIT >> INFO : MINION : Failed to set JaCoCo session: org.jacoco.agent.rt.RT
19:21:44 PIT >> INFO : MINION : Failed to dump JaCoCo execution data: org.jacoco.agent.rt.RT
19:21:44 PIT >> INFO : MINION : Failed to set JaCoCo session: org.jacoco.agent.rt.RT
19:21:44 PIT >> INFO : MINION : Failed to dump JaCoCo execution data: org.jacoco.agent.rt.RT
19:21:44 PIT >> INFO : MINION : Failed to set JaCoCo session: org.jacoco.agent.rt.RT
19:21:44 PIT >> INFO : MINION : Failed to dump JaCoCo execution data: org.jacoco.agent.rt.RT
19:21:44 PIT >> INFO : MINION : Failed to set JaCoCo session: org.jacoco.agent.rt.RT
19:21:44 PIT >> INFO : MINION : Failed to dump JaCoCo execution data: org.jacoco.agent.rt.RT
19:21:44 PIT >> INFO : MINION : Failed to set JaCoCo session: org.jacoco.agent.rt.RT
19:21:44 PIT >> INFO : MINION : Failed to dump JaCoCo execution data: org.jacoco.agent.rt.RT
19:21:44 PIT >> INFO : MINION : Failed to set JaCoCo session: org.jacoco.agent.rt.RT
19:21:44 PIT >> INFO : MINION : Failed to dump JaCoCo execution data: org.jacoco.agent.rt.RT
19:21:44 PIT >> INFO : MINION : Failed to set JaCoCo session: org.jacoco.agent.rt.RT
19:21:44 PIT >> INFO : MINION : Failed to dump JaCoCo execution data: org.jacoco.agent.rt.RT
19:21:44 PIT >> INFO : MINION : Failed to set JaCoCo session: org.jacoco.agent.rt.RT
19:21:44 PIT >> INFO : MINION : Failed to dump JaCoCo execution data: org.jacoco.agent.rt.RT
19:21:44 PIT >> INFO : MINION : Failed to set JaCoCo session: org.jacoco.agent.rt.RT
19:21:44 PIT >> INFO : MINION : Failed to dump JaCoCo execution data: org.jacoco.agent.rt.RT
19:21:44 PIT >> INFO : MINION : Failed to set JaCoCo session: org.jacoco.agent.rt.RT
19:21:44 PIT >> INFO : MINION : Failed to dump JaCoCo execution data: org.jacoco.agent.rt.RT
19:21:44 PIT >> INFO : MINION : Failed to set JaCoCo session: org.jacoco.agent.rt.RT
19:21:44 PIT >> INFO : MINION : Failed to dump JaCoCo execution data: org.jacoco.agent.rt.RT
19:21:44 PIT >> INFO : MINION : Failed to set JaCoCo session: org.jacoco.agent.rt.RT
19:21:44 PIT >> INFO : MINION : Failed to dump JaCoCo execution data: org.jacoco.agent.rt.RT
19:21:44 PIT >> INFO : MINION : Failed to set JaCoCo session: org.jacoco.agent.rt.RT
19:21:44 PIT >> INFO : MINION : Failed to dump JaCoCo execution data: org.jacoco.agent.rt.RT
19:21:44 PIT >> INFO : MINION : Failed to set JaCoCo session: org.jacoco.agent.rt.RT
19:21:44 PIT >> INFO : MINION : Failed to dump JaCoCo execution data: org.jacoco.agent.rt.RT
19:21:44 PIT >> INFO : MINION : Failed to set JaCoCo session: org.jacoco.agent.rt.RT
19:21:44 PIT >> INFO : MINION : Failed to dump JaCoCo execution data: org.jacoco.agent.rt.RT
19:21:44 PIT >> INFO : MINION : Failed to set JaCoCo session: org.jacoco.agent.rt.RT
19:21:44 PIT >> INFO : MINION : Failed to dump JaCoCo execution data: org.jacoco.agent.rt.RT
19:21:44 PIT >> INFO : MINION : Failed to set JaCoCo session: org.jacoco.agent.rt.RT
19:21:44 PIT >> INFO : MINION : Failed to dump JaCoCo execution data: org.jacoco.agent.rt.RT
19:21:44 PIT >> INFO : MINION : Failed to set JaCoCo session: org.jacoco.agent.rt.RT
19:21:44 PIT >> INFO : MINION : Failed to dump JaCoCo execution data: org.jacoco.agent.rt.RT
19:21:44 PIT >> INFO : MINION : Failed to set JaCoCo session: org.jacoco.agent.rt.RT
19:21:44 PIT >> INFO : MINION : Failed to dump JaCoCo execution data: org.jacoco.agent.rt.RT
19:21:44 PIT >> INFO : MINION : Failed to set JaCoCo session: org.jacoco.agent.rt.RT
19:21:44 PIT >> INFO : MINION : Failed to dump JaCoCo execution data: org.jacoco.agent.rt.RT
19:21:44 PIT >> INFO : MINION : Failed to set JaCoCo session: org.jacoco.agent.rt.RT
19:21:44 PIT >> INFO : MINION : Failed to dump JaCoCo execution data: org.jacoco.agent.rt.RT
19:21:44 PIT >> INFO : MINION : Failed to set JaCoCo session: org.jacoco.agent.rt.RT
19:21:44 PIT >> INFO : MINION : Failed to dump JaCoCo execution data: org.jacoco.agent.rt.RT
19:21:44 PIT >> INFO : MINION : Failed to set JaCoCo session: org.jacoco.agent.rt.RT
19:21:44 PIT >> INFO : MINION : Failed to dump JaCoCo execution data: org.jacoco.agent.rt.RT
19:21:44 PIT >> INFO : MINION : Failed to set JaCoCo session: org.jacoco.agent.rt.RT
19:21:44 PIT >> INFO : MINION : Failed to dump JaCoCo execution data: org.jacoco.agent.rt.RT
19:21:44 PIT >> SEVERE : Description [testClass=org.springframework.core.annotation.MultipleComposedAnnotationsOnSingleAnnotatedElementTests, name=[engine:junit-jupiter]/[class:org.springframework.core.annotation.MultipleComposedAnnotationsOnSingleAnnotatedElementTests]/[method:findMultipleNoninheritedComposedAnnotationsOnClass()]] did not pass without mutation.
19:21:44 PIT >> SEVERE : Description [testClass=org.springframework.core.annotation.MultipleComposedAnnotationsOnSingleAnnotatedElementTests, name=[engine:junit-jupiter]/[class:org.springframework.core.annotation.MultipleComposedAnnotationsOnSingleAnnotatedElementTests]/[method:getMultipleNoninheritedComposedAnnotationsOnClass()]] did not pass without mutation.
19:21:44 PIT >> SEVERE : Description [testClass=org.springframework.core.annotation.MultipleComposedAnnotationsOnSingleAnnotatedElementTests, name=[engine:junit-jupiter]/[class:org.springframework.core.annotation.MultipleComposedAnnotationsOnSingleAnnotatedElementTests]/[method:findMultipleInheritedComposedAnnotationsOnSuperclass()]] did not pass without mutation.
19:21:44 PIT >> SEVERE : Description [testClass=org.springframework.core.annotation.MultipleComposedAnnotationsOnSingleAnnotatedElementTests, name=[engine:junit-jupiter]/[class:org.springframework.core.annotation.MultipleComposedAnnotationsOnSingleAnnotatedElementTests]/[method:findMultipleComposedAnnotationsOnClass()]] did not pass without mutation.
19:21:44 PIT >> SEVERE : Description [testClass=org.springframework.core.annotation.MultipleComposedAnnotationsOnSingleAnnotatedElementTests, name=[engine:junit-jupiter]/[class:org.springframework.core.annotation.MultipleComposedAnnotationsOnSingleAnnotatedElementTests]/[method:findComposedPlusLocalAnnotationsOnMethod()]] did not pass without mutation.
19:21:44 PIT >> SEVERE : Description [testClass=org.springframework.core.annotation.MultipleComposedAnnotationsOnSingleAnnotatedElementTests, name=[engine:junit-jupiter]/[class:org.springframework.core.annotation.MultipleComposedAnnotationsOnSingleAnnotatedElementTests]/[method:findMultipleComposedAnnotationsOnInterface()]] did not pass without mutation.
19:21:44 PIT >> SEVERE : Description [testClass=org.springframework.core.annotation.MultipleComposedAnnotationsOnSingleAnnotatedElementTests, name=[engine:junit-jupiter]/[class:org.springframework.core.annotation.MultipleComposedAnnotationsOnSingleAnnotatedElementTests]/[method:getComposedPlusLocalAnnotationsOnClass()]] did not pass without mutation.
19:21:44 PIT >> SEVERE : Description [testClass=org.springframework.core.annotation.MultipleComposedAnnotationsOnSingleAnnotatedElementTests, name=[engine:junit-jupiter]/[class:org.springframework.core.annotation.MultipleComposedAnnotationsOnSingleAnnotatedElementTests]/[method:getMultipleComposedAnnotationsOnMethod()]] did not pass without mutation.
19:21:44 PIT >> SEVERE : Description [testClass=org.springframework.core.annotation.MultipleComposedAnnotationsOnSingleAnnotatedElementTests, name=[engine:junit-jupiter]/[class:org.springframework.core.annotation.MultipleComposedAnnotationsOnSingleAnnotatedElementTests]/[method:getMultipleComposedAnnotationsOnClass()]] did not pass without mutation.
19:21:44 PIT >> SEVERE : Description [testClass=org.springframework.core.annotation.MultipleComposedAnnotationsOnSingleAnnotatedElementTests, name=[engine:junit-jupiter]/[class:org.springframework.core.annotation.MultipleComposedAnnotationsOnSingleAnnotatedElementTests]/[method:findMultipleNoninheritedComposedAnnotationsOnSuperclass()]] did not pass without mutation.
19:21:44 PIT >> SEVERE : Description [testClass=org.springframework.core.annotation.MultipleComposedAnnotationsOnSingleAnnotatedElementTests, name=[engine:junit-jupiter]/[class:org.springframework.core.annotation.MultipleComposedAnnotationsOnSingleAnnotatedElementTests]/[method:getMultipleInheritedComposedAnnotationsOnSuperclass()]] did not pass without mutation.
19:21:44 PIT >> SEVERE : Description [testClass=org.springframework.core.annotation.MultipleComposedAnnotationsOnSingleAnnotatedElementTests, name=[engine:junit-jupiter]/[class:org.springframework.core.annotation.MultipleComposedAnnotationsOnSingleAnnotatedElementTests]/[method:findComposedPlusLocalAnnotationsOnClass()]] did not pass without mutation.
19:21:44 PIT >> SEVERE : Description [testClass=org.springframework.core.annotation.MultipleComposedAnnotationsOnSingleAnnotatedElementTests, name=[engine:junit-jupiter]/[class:org.springframework.core.annotation.MultipleComposedAnnotationsOnSingleAnnotatedElementTests]/[method:findMultipleComposedAnnotationsOnMethod()]] did not pass without mutation.
19:21:44 PIT >> INFO : MINION : Failed to set JaCoCo session: org.jacoco.agent.rt.RT
19:21:44 PIT >> INFO : MINION : Failed to dump JaCoCo execution data: org.jacoco.agent.rt.RT
19:21:44 PIT >> INFO : MINION : Failed to set JaCoCo session: org.jacoco.agent.rt.RT
19:21:44 PIT >> INFO : MINION : Failed to dump JaCoCo execution data: org.jacoco.agent.rt.RT
19:21:44 PIT >> INFO : MINION : Failed to set JaCoCo session: org.jacoco.agent.rt.RT
19:21:44 PIT >> INFO : MINION : Failed to dump JaCoCo execution data: org.jacoco.agent.rt.RT
19:21:44 PIT >> INFO : MINION : Failed to set JaCoCo session: org.jacoco.agent.rt.RT
19:21:44 PIT >> INFO : MINION : Failed to dump JaCoCo execution data: org.jacoco.agent.rt.RT
19:21:44 PIT >> INFO : MINION : Failed to set JaCoCo session: org.jacoco.agent.rt.RT
19:21:44 PIT >> INFO : MINION : Failed to dump JaCoCo execution data: org.jacoco.agent.rt.RT
19:21:44 PIT >> INFO : MINION : Failed to set JaCoCo session: org.jacoco.agent.rt.RT
19:21:44 PIT >> INFO : MINION : Failed to dump JaCoCo execution data: org.jacoco.agent.rt.RT
19:21:44 PIT >> INFO : MINION : Failed to set JaCoCo session: org.jacoco.agent.rt.RT
19:21:44 PIT >> INFO : MINION : Failed to dump JaCoCo execution data: org.jacoco.agent.rt.RT
19:21:44 PIT >> INFO : MINION : Failed to set JaCoCo session: org.jacoco.agent.rt.RT
19:21:44 PIT >> INFO : MINION : Failed to dump JaCoCo execution data: org.jacoco.agent.rt.RT
19:21:44 PIT >> INFO : MINION : Failed to set JaCoCo session: org.jacoco.agent.rt.RT
19:21:44 PIT >> INFO : MINION : Failed to dump JaCoCo execution data: org.jacoco.agent.rt.RT
19:21:44 PIT >> INFO : MINION : Failed to set JaCoCo session: org.jacoco.agent.rt.RT
19:21:44 PIT >> INFO : MINION : Failed to dump JaCoCo execution data: org.jacoco.agent.rt.RT
19:21:44 PIT >> INFO : MINION : Failed to set JaCoCo session: org.jacoco.agent.rt.RT
19:21:44 PIT >> INFO : MINION : Failed to dump JaCoCo execution data: org.jacoco.agent.rt.RT
19:21:44 PIT >> INFO : MINION : Failed to set JaCoCo session: org.jacoco.agent.rt.RT
19:21:44 PIT >> INFO : MINION : Failed to dump JaCoCo execution data: org.jacoco.agent.rt.RT
19:21:44 PIT >> INFO : MINION : Failed to set JaCoCo session: org.jacoco.agent.rt.RT
19:21:44 PIT >> INFO : MINION : Failed to dump JaCoCo execution data: org.jacoco.agent.rt.RT
19:21:44 PIT >> INFO : MINION : Failed to set JaCoCo session: org.jacoco.agent.rt.RT
19:21:44 PIT >> INFO : MINION : Failed to dump JaCoCo execution data: org.jacoco.agent.rt.RT
19:21:44 PIT >> INFO : MINION : Failed to set JaCoCo session: org.jacoco.agent.rt.RT
19:21:44 PIT >> INFO : MINION : Failed to dump JaCoCo execution data: org.jacoco.agent.rt.RT
19:21:44 PIT >> INFO : MINION : Failed to set JaCoCo session: org.jacoco.agent.rt.RT
19:21:44 PIT >> INFO : MINION : Failed to dump JaCoCo execution data: org.jacoco.agent.rt.RT
19:21:44 PIT >> INFO : MINION : Failed to set JaCoCo session: org.jacoco.agent.rt.RT
19:21:44 PIT >> INFO : MINION : Failed to dump JaCoCo execution data: org.jacoco.agent.rt.RT
19:21:44 PIT >> INFO : MINION : Failed to set JaCoCo session: org.jacoco.agent.rt.RT
19:21:44 PIT >> INFO : MINION : Failed to dump JaCoCo execution data: org.jacoco.agent.rt.RT
19:21:44 PIT >> INFO : MINION : Failed to set JaCoCo session: org.jacoco.agent.rt.RT
19:21:44 PIT >> INFO : MINION : Failed to dump JaCoCo execution data: org.jacoco.agent.rt.RT
19:21:44 PIT >> SEVERE : Description [testClass=org.springframework.core.annotation.MultipleComposedAnnotationsOnSingleAnnotatedElementTests, name=[engine:junit-jupiter]/[class:org.springframework.core.annotation.MultipleComposedAnnotationsOnSingleAnnotatedElementTests]/[method:findComposedCacheOnInterfaceAndLocalCacheOnClass()]] did not pass without mutation.
19:21:44 PIT >> SEVERE : Description [testClass=org.springframework.core.annotation.MultipleComposedAnnotationsOnSingleAnnotatedElementTests, name=[engine:junit-jupiter]/[class:org.springframework.core.annotation.MultipleComposedAnnotationsOnSingleAnnotatedElementTests]/[method:findMultipleComposedAnnotationsOnBridgeMethod()]] did not pass without mutation.
19:21:44 PIT >> SEVERE : Description [testClass=org.springframework.core.annotation.MultipleComposedAnnotationsOnSingleAnnotatedElementTests, name=[engine:junit-jupiter]/[class:org.springframework.core.annotation.MultipleComposedAnnotationsOnSingleAnnotatedElementTests]/[method:getComposedPlusLocalAnnotationsOnMethod()]] did not pass without mutation.
19:21:44 PIT >> SEVERE : Description [testClass=org.springframework.core.annotation.NestedRepeatableAnnotationsTests, name=[engine:junit-jupiter]/[class:org.springframework.core.annotation.NestedRepeatableAnnotationsTests]/[nested-class:MultipleRepeatableAnnotationsTests]/[method:findMergedRepeatableAnnotationsWithExplicitContainer_AnnotatedElementUtils()]] did not pass without mutation.
19:21:44 PIT >> SEVERE : Description [testClass=org.springframework.core.annotation.NestedRepeatableAnnotationsTests, name=[engine:junit-jupiter]/[class:org.springframework.core.annotation.NestedRepeatableAnnotationsTests]/[nested-class:MultipleRepeatableAnnotationsTests]/[method:streamRepeatableAnnotationsWithExplicitRepeatables_MergedAnnotationsApi()]] did not pass without mutation.
19:21:44 PIT >> INFO : MINION : Failed to set JaCoCo session: org.jacoco.agent.rt.RT
19:21:44 PIT >> SEVERE : Description [testClass=org.springframework.core.annotation.NestedRepeatableAnnotationsTests, name=[engine:junit-jupiter]/[class:org.springframework.core.annotation.NestedRepeatableAnnotationsTests]/[nested-class:MultipleRepeatableAnnotationsTests]/[method:getMergedRepeatableAnnotationsWithStandardRepeatables_AnnotatedElementUtils()]] did not pass without mutation.
19:21:44 PIT >> SEVERE : Description [testClass=org.springframework.core.annotation.NestedRepeatableAnnotationsTests, name=[engine:junit-jupiter]/[class:org.springframework.core.annotation.NestedRepeatableAnnotationsTests]/[nested-class:MultipleRepeatableAnnotationsTests]/[method:getMergedRepeatableAnnotationsWithExplicitContainer_AnnotatedElementUtils()]] did not pass without mutation.
19:21:44 PIT >> SEVERE : Description [testClass=org.springframework.core.annotation.NestedRepeatableAnnotationsTests, name=[engine:junit-jupiter]/[class:org.springframework.core.annotation.NestedRepeatableAnnotationsTests]/[nested-class:MultipleRepeatableAnnotationsTests]/[method:streamRepeatableAnnotationsWithStandardRepeatables_MergedAnnotationsApi()]] did not pass without mutation.
19:21:44 PIT >> SEVERE : Description [testClass=org.springframework.core.annotation.NestedRepeatableAnnotationsTests, name=[engine:junit-jupiter]/[class:org.springframework.core.annotation.NestedRepeatableAnnotationsTests]/[nested-class:MultipleRepeatableAnnotationsTests]/[method:getRepeatableAnnotations_AnnotationUtils()]] did not pass without mutation.
19:21:44 PIT >> SEVERE : Description [testClass=org.springframework.core.annotation.NestedRepeatableAnnotationsTests, name=[engine:junit-jupiter]/[class:org.springframework.core.annotation.NestedRepeatableAnnotationsTests]/[nested-class:MultipleRepeatableAnnotationsTests]/[method:findMergedRepeatableAnnotationsWithStandardRepeatables_AnnotatedElementUtils()]] did not pass without mutation.
19:21:44 PIT >> SEVERE : Description [testClass=org.springframework.core.annotation.NestedRepeatableAnnotationsTests, name=[engine:junit-jupiter]/[class:org.springframework.core.annotation.NestedRepeatableAnnotationsTests]/[nested-class:SingleRepeatableAnnotationTests]/[method:findMergedRepeatableAnnotations_AnnotatedElementUtils()]] did not pass without mutation.
19:21:44 PIT >> SEVERE : Description [testClass=org.springframework.core.annotation.NestedRepeatableAnnotationsTests, name=[engine:junit-jupiter]/[class:org.springframework.core.annotation.NestedRepeatableAnnotationsTests]/[nested-class:SingleRepeatableAnnotationTests]/[method:streamRepeatableAnnotations_MergedAnnotationsApi()]] did not pass without mutation.
19:21:44 PIT >> SEVERE : Description [testClass=org.springframework.core.annotation.NestedRepeatableAnnotationsTests, name=[engine:junit-jupiter]/[class:org.springframework.core.annotation.NestedRepeatableAnnotationsTests]/[nested-class:SingleRepeatableAnnotationTests]/[method:getMergedRepeatableAnnotationsWithStandardRepeatables_AnnotatedElementUtils()]] did not pass without mutation.
19:21:44 PIT >> INFO : MINION : Failed to dump JaCoCo execution data: org.jacoco.agent.rt.RT
19:21:44 PIT >> SEVERE : Description [testClass=org.springframework.core.annotation.NestedRepeatableAnnotationsTests, name=[engine:junit-jupiter]/[class:org.springframework.core.annotation.NestedRepeatableAnnotationsTests]/[nested-class:SingleRepeatableAnnotationTests]/[method:getMergedRepeatableAnnotationsWithExplicitContainer_AnnotatedElementUtils()]] did not pass without mutation.
19:21:44 PIT >> SEVERE : Description [testClass=org.springframework.core.annotation.NestedRepeatableAnnotationsTests, name=[engine:junit-jupiter]/[class:org.springframework.core.annotation.NestedRepeatableAnnotationsTests]/[nested-class:SingleRepeatableAnnotationTests]/[method:getRepeatableAnnotations_AnnotationUtils()]] did not pass without mutation.
19:21:44 PIT >> SEVERE : Description [testClass=org.springframework.core.annotation.OrderSourceProviderTests, name=[engine:junit-jupiter]/[class:org.springframework.core.annotation.OrderSourceProviderTests]/[method:arrayFactoryMethodOverridesStaticOrder()]] did not pass without mutation.
19:21:44 PIT >> SEVERE : Description [testClass=org.springframework.core.annotation.OrderSourceProviderTests, name=[engine:junit-jupiter]/[class:org.springframework.core.annotation.OrderSourceProviderTests]/[method:listNoFactoryMethod()]] did not pass without mutation.
19:21:44 PIT >> INFO : MINION : Failed to set JaCoCo session: org.jacoco.agent.rt.RT
19:21:44 PIT >> INFO : MINION : Failed to dump JaCoCo execution data: org.jacoco.agent.rt.RT
19:21:44 PIT >> INFO : MINION : Failed to set JaCoCo session: org.jacoco.agent.rt.RT
19:21:44 PIT >> INFO : MINION : Failed to dump JaCoCo execution data: org.jacoco.agent.rt.RT
19:21:44 PIT >> INFO : MINION : Failed to set JaCoCo session: org.jacoco.agent.rt.RT
19:21:44 PIT >> INFO : MINION : Failed to dump JaCoCo execution data: org.jacoco.agent.rt.RT
19:21:44 PIT >> INFO : MINION : Failed to set JaCoCo session: org.jacoco.agent.rt.RT
19:21:44 PIT >> INFO : MINION : Failed to dump JaCoCo execution data: org.jacoco.agent.rt.RT
19:21:44 PIT >> INFO : MINION : Failed to set JaCoCo session: org.jacoco.agent.rt.RT
19:21:44 PIT >> INFO : MINION : Failed to dump JaCoCo execution data: org.jacoco.agent.rt.RT
19:21:44 PIT >> INFO : MINION : Failed to set JaCoCo session: org.jacoco.agent.rt.RT
19:21:44 PIT >> INFO : MINION : Failed to dump JaCoCo execution data: org.jacoco.agent.rt.RT
19:21:44 PIT >> INFO : MINION : Failed to set JaCoCo session: org.jacoco.agent.rt.RT
19:21:44 PIT >> INFO : MINION : Failed to dump JaCoCo execution data: org.jacoco.agent.rt.RT
19:21:44 PIT >> INFO : MINION : Failed to set JaCoCo session: org.jacoco.agent.rt.RT
19:21:44 PIT >> INFO : MINION : Failed to dump JaCoCo execution data: org.jacoco.agent.rt.RT
19:21:44 PIT >> INFO : MINION : Failed to set JaCoCo session: org.jacoco.agent.rt.RT
19:21:44 PIT >> INFO : MINION : Failed to dump JaCoCo execution data: org.jacoco.agent.rt.RT
19:21:44 PIT >> INFO : MINION : Failed to set JaCoCo session: org.jacoco.agent.rt.RT
19:21:44 PIT >> INFO : MINION : Failed to dump JaCoCo execution data: org.jacoco.agent.rt.RT
19:21:44 PIT >> INFO : MINION : Failed to set JaCoCo session: org.jacoco.agent.rt.RT
19:21:44 PIT >> INFO : MINION : Failed to dump JaCoCo execution data: org.jacoco.agent.rt.RT
19:21:44 PIT >> INFO : MINION : Failed to set JaCoCo session: org.jacoco.agent.rt.RT
19:21:44 PIT >> INFO : MINION : Failed to dump JaCoCo execution data: org.jacoco.agent.rt.RT
19:21:44 PIT >> INFO : MINION : Failed to set JaCoCo session: org.jacoco.agent.rt.RT
19:21:44 PIT >> INFO : MINION : Failed to dump JaCoCo execution data: org.jacoco.agent.rt.RT
19:21:44 PIT >> INFO : MINION : Failed to set JaCoCo session: org.jacoco.agent.rt.RT
19:21:44 PIT >> INFO : MINION : Failed to dump JaCoCo execution data: org.jacoco.agent.rt.RT
19:21:44 PIT >> INFO : MINION : Failed to set JaCoCo session: org.jacoco.agent.rt.RT
19:21:44 PIT >> INFO : MINION : Failed to dump JaCoCo execution data: org.jacoco.agent.rt.RT
19:21:44 PIT >> INFO : MINION : Failed to set JaCoCo session: org.jacoco.agent.rt.RT
19:21:44 PIT >> INFO : MINION : Failed to dump JaCoCo execution data: org.jacoco.agent.rt.RT
19:21:44 PIT >> INFO : MINION : Failed to set JaCoCo session: org.jacoco.agent.rt.RT
19:21:44 PIT >> INFO : MINION : Failed to dump JaCoCo execution data: org.jacoco.agent.rt.RT
19:21:44 PIT >> INFO : MINION : Failed to set JaCoCo session: org.jacoco.agent.rt.RT
19:21:44 PIT >> INFO : MINION : Failed to dump JaCoCo execution data: org.jacoco.agent.rt.RT
19:21:44 PIT >> INFO : MINION : Failed to set JaCoCo session: org.jacoco.agent.rt.RT
19:21:44 PIT >> INFO : MINION : Failed to dump JaCoCo execution data: org.jacoco.agent.rt.RT
19:21:44 PIT >> INFO : MINION : Failed to set JaCoCo session: org.jacoco.agent.rt.RT
19:21:44 PIT >> INFO : MINION : Failed to dump JaCoCo execution data: org.jacoco.agent.rt.RT
19:21:44 PIT >> INFO : MINION : Failed to set JaCoCo session: org.jacoco.agent.rt.RT
19:21:44 PIT >> INFO : MINION : Failed to dump JaCoCo execution data: org.jacoco.agent.rt.RT
19:21:44 PIT >> INFO : MINION : Failed to set JaCoCo session: org.jacoco.agent.rt.RT
19:21:44 PIT >> INFO : MINION : Failed to dump JaCoCo execution data: org.jacoco.agent.rt.RT
19:21:44 PIT >> INFO : MINION : Failed to set JaCoCo session: org.jacoco.agent.rt.RT
19:21:44 PIT >> INFO : MINION : Failed to dump JaCoCo execution data: org.jacoco.agent.rt.RT
19:21:44 PIT >> SEVERE : Description [testClass=org.springframework.core.annotation.OrderSourceProviderTests, name=[engine:junit-jupiter]/[class:org.springframework.core.annotation.OrderSourceProviderTests]/[method:arrayNoFactoryMethod()]] did not pass without mutation.
19:21:44 PIT >> SEVERE : Description [testClass=org.springframework.core.annotation.OrderSourceProviderTests, name=[engine:junit-jupiter]/[class:org.springframework.core.annotation.OrderSourceProviderTests]/[method:listFactoryMethodOverridesStaticOrder()]] did not pass without mutation.
19:21:44 PIT >> SEVERE : Description [testClass=org.springframework.core.annotation.OrderUtilsTests, name=[engine:junit-jupiter]/[class:org.springframework.core.annotation.OrderUtilsTests]/[method:getSimpleOrder()]] did not pass without mutation.
19:21:44 PIT >> SEVERE : Description [testClass=org.springframework.core.annotation.OrderUtilsTests, name=[engine:junit-jupiter]/[class:org.springframework.core.annotation.OrderUtilsTests]/[method:getPriorityOrder()]] did not pass without mutation.
19:21:44 PIT >> SEVERE : Description [testClass=org.springframework.core.annotation.OrderUtilsTests, name=[engine:junit-jupiter]/[class:org.springframework.core.annotation.OrderUtilsTests]/[method:getPriorityValue()]] did not pass without mutation.
19:21:44 PIT >> SEVERE : Description [testClass=org.springframework.core.annotation.OrderUtilsTests, name=[engine:junit-jupiter]/[class:org.springframework.core.annotation.OrderUtilsTests]/[method:getOrderWithBoth()]] did not pass without mutation.
19:21:44 PIT >> SEVERE : Description [testClass=org.springframework.core.annotation.OrderUtilsTests, name=[engine:junit-jupiter]/[class:org.springframework.core.annotation.OrderUtilsTests]/[method:getPriorityValueNoAnnotation()]] did not pass without mutation.
19:21:44 PIT >> INFO : MINION : Failed to set JaCoCo session: org.jacoco.agent.rt.RT
19:21:44 PIT >> INFO : MINION : Failed to dump JaCoCo execution data: org.jacoco.agent.rt.RT
19:21:44 PIT >> INFO : MINION : Failed to set JaCoCo session: org.jacoco.agent.rt.RT
19:21:44 PIT >> INFO : MINION : Failed to dump JaCoCo execution data: org.jacoco.agent.rt.RT
19:21:44 PIT >> INFO : MINION : Failed to set JaCoCo session: org.jacoco.agent.rt.RT
19:21:44 PIT >> INFO : MINION : Failed to dump JaCoCo execution data: org.jacoco.agent.rt.RT
19:21:44 PIT >> INFO : MINION : Failed to set JaCoCo session: org.jacoco.agent.rt.RT
19:21:44 PIT >> INFO : MINION : Failed to dump JaCoCo execution data: org.jacoco.agent.rt.RT
19:21:44 PIT >> INFO : MINION : Failed to set JaCoCo session: org.jacoco.agent.rt.RT
19:21:44 PIT >> INFO : MINION : Failed to dump JaCoCo execution data: org.jacoco.agent.rt.RT
19:21:44 PIT >> INFO : MINION : Failed to set JaCoCo session: org.jacoco.agent.rt.RT
19:21:44 PIT >> INFO : MINION : Failed to dump JaCoCo execution data: org.jacoco.agent.rt.RT
19:21:44 PIT >> INFO : MINION : Failed to set JaCoCo session: org.jacoco.agent.rt.RT
19:21:44 PIT >> INFO : MINION : Failed to dump JaCoCo execution data: org.jacoco.agent.rt.RT
19:21:44 PIT >> INFO : MINION : Failed to set JaCoCo session: org.jacoco.agent.rt.RT
19:21:44 PIT >> INFO : MINION : Failed to dump JaCoCo execution data: org.jacoco.agent.rt.RT
19:21:44 PIT >> INFO : MINION : Failed to set JaCoCo session: org.jacoco.agent.rt.RT
19:21:44 PIT >> INFO : MINION : Failed to dump JaCoCo execution data: org.jacoco.agent.rt.RT
19:21:44 PIT >> INFO : MINION : Failed to set JaCoCo session: org.jacoco.agent.rt.RT
19:21:44 PIT >> INFO : MINION : Failed to dump JaCoCo execution data: org.jacoco.agent.rt.RT
19:21:44 PIT >> INFO : MINION : Failed to set JaCoCo session: org.jacoco.agent.rt.RT
19:21:44 PIT >> INFO : MINION : Failed to dump JaCoCo execution data: org.jacoco.agent.rt.RT
19:21:44 PIT >> INFO : MINION : Failed to set JaCoCo session: org.jacoco.agent.rt.RT
19:21:44 PIT >> INFO : MINION : Failed to dump JaCoCo execution data: org.jacoco.agent.rt.RT
19:21:44 PIT >> INFO : MINION : Failed to set JaCoCo session: org.jacoco.agent.rt.RT
19:21:44 PIT >> INFO : MINION : Failed to dump JaCoCo execution data: org.jacoco.agent.rt.RT
19:21:44 PIT >> INFO : MINION : Failed to set JaCoCo session: org.jacoco.agent.rt.RT
19:21:44 PIT >> INFO : MINION : Failed to dump JaCoCo execution data: org.jacoco.agent.rt.RT
19:21:44 PIT >> INFO : MINION : Failed to set JaCoCo session: org.jacoco.agent.rt.RT
19:21:44 PIT >> INFO : MINION : Failed to dump JaCoCo execution data: org.jacoco.agent.rt.RT
19:21:44 PIT >> INFO : MINION : Failed to set JaCoCo session: org.jacoco.agent.rt.RT
19:21:44 PIT >> INFO : MINION : Failed to dump JaCoCo execution data: org.jacoco.agent.rt.RT
19:21:44 PIT >> INFO : MINION : Failed to set JaCoCo session: org.jacoco.agent.rt.RT
19:21:44 PIT >> INFO : MINION : Failed to dump JaCoCo execution data: org.jacoco.agent.rt.RT
19:21:44 PIT >> INFO : MINION : Failed to set JaCoCo session: org.jacoco.agent.rt.RT
19:21:44 PIT >> INFO : MINION : Failed to dump JaCoCo execution data: org.jacoco.agent.rt.RT
19:21:44 PIT >> INFO : MINION : Failed to set JaCoCo session: org.jacoco.agent.rt.RT
19:21:44 PIT >> INFO : MINION : Failed to dump JaCoCo execution data: org.jacoco.agent.rt.RT
19:21:44 PIT >> INFO : MINION : Failed to set JaCoCo session: org.jacoco.agent.rt.RT
19:21:44 PIT >> INFO : MINION : Failed to dump JaCoCo execution data: org.jacoco.agent.rt.RT
19:21:44 PIT >> INFO : MINION : Failed to set JaCoCo session: org.jacoco.agent.rt.RT
19:21:44 PIT >> INFO : MINION : Failed to dump JaCoCo execution data: org.jacoco.agent.rt.RT
19:21:44 PIT >> SEVERE : Description [testClass=org.springframework.core.annotation.TypeMappedAnnotationTests, name=[engine:junit-jupiter]/[class:org.springframework.core.annotation.TypeMappedAnnotationTests]/[method:mappingExplicitAliasToMetaAnnotationReturnsMappedValues()]] did not pass without mutation.
19:21:44 PIT >> SEVERE : Description [testClass=org.springframework.core.annotation.TypeMappedAnnotationTests, name=[engine:junit-jupiter]/[class:org.springframework.core.annotation.TypeMappedAnnotationTests]/[method:mappingWhenMirroredReturnsMirroredValues()]] did not pass without mutation.
19:21:44 PIT >> SEVERE : Description [testClass=org.springframework.core.annotation.TypeMappedAnnotationTests, name=[engine:junit-jupiter]/[class:org.springframework.core.annotation.TypeMappedAnnotationTests]/[method:adaptFromNestedMergedAnnotation()]] did not pass without mutation.
19:21:44 PIT >> SEVERE : Description [testClass=org.springframework.core.annotation.TypeMappedAnnotationTests, name=[engine:junit-jupiter]/[class:org.springframework.core.annotation.TypeMappedAnnotationTests]/[method:mappingConventionAliasToMetaAnnotationReturnsMappedValues()]] did not pass without mutation.
19:21:44 PIT >> SEVERE : Description [testClass=org.springframework.core.annotation.TypeMappedAnnotationTests, name=[engine:junit-jupiter]/[class:org.springframework.core.annotation.TypeMappedAnnotationTests]/[method:adaptFromStringArrayToClassArray()]] did not pass without mutation.
19:21:44 PIT >> SEVERE : Description [testClass=org.springframework.core.annotation.TypeMappedAnnotationTests, name=[engine:junit-jupiter]/[class:org.springframework.core.annotation.TypeMappedAnnotationTests]/[method:adaptFromEmptyArrayToAnyComponentType()]] did not pass without mutation.
19:21:44 PIT >> SEVERE : Description [testClass=org.springframework.core.annotation.TypeMappedAnnotationTests, name=[engine:junit-jupiter]/[class:org.springframework.core.annotation.TypeMappedAnnotationTests]/[method:adaptFromStringToClass()]] did not pass without mutation.
19:21:44 PIT >> INFO : Calculated coverage in 3 seconds.
19:21:44 PIT >> SEVERE : Tests failing without mutation: 
Description [testClass=org.springframework.core.annotation.AnnotatedElementUtilsTests, name=[engine:junit-jupiter]/[class:org.springframework.core.annotation.AnnotatedElementUtilsTests]/[method:getAllAnnotationAttributesOnClassWithLocalAnnotation()]]
Description [testClass=org.springframework.core.annotation.AnnotatedElementUtilsTests, name=[engine:junit-jupiter]/[class:org.springframework.core.annotation.AnnotatedElementUtilsTests]/[method:getAllAnnotationAttributesFavorsInheritedComposedAnnotationsOverMoreLocallyDeclaredComposedAnnotations()]]
Description [testClass=org.springframework.core.annotation.AnnotatedElementUtilsTests, name=[engine:junit-jupiter]/[class:org.springframework.core.annotation.AnnotatedElementUtilsTests]/[method:getMergedAnnotationAttributesWithImplicitAliasesInMetaAnnotationOnComposedAnnotation()]]
Description [testClass=org.springframework.core.annotation.AnnotatedElementUtilsTests, name=[engine:junit-jupiter]/[class:org.springframework.core.annotation.AnnotatedElementUtilsTests]/[method:findAndSynthesizeAnnotationAttributesOnClassWithAttributeAliasesInTargetAnnotation()]]
Description [testClass=org.springframework.core.annotation.AnnotatedElementUtilsTests, name=[engine:junit-jupiter]/[class:org.springframework.core.annotation.AnnotatedElementUtilsTests]/[method:getMergedAnnotationAttributesOnClassWithLocalAnnotation()]]
Description [testClass=org.springframework.core.annotation.AnnotatedElementUtilsTests, name=[engine:junit-jupiter]/[class:org.springframework.core.annotation.AnnotatedElementUtilsTests]/[method:getMergedAnnotationAttributesWithAliasedComposedAnnotation()]]
Description [testClass=org.springframework.core.annotation.AnnotatedElementUtilsTests, name=[engine:junit-jupiter]/[class:org.springframework.core.annotation.AnnotatedElementUtilsTests]/[method:findMergedAnnotationAttributesInheritedFromBridgedMethod()]]
Description [testClass=org.springframework.core.annotation.AnnotatedElementUtilsTests, name=[engine:junit-jupiter]/[class:org.springframework.core.annotation.AnnotatedElementUtilsTests]/[method:getAllAnnotationAttributesOnJavaxType()]]
Description [testClass=org.springframework.core.annotation.AnnotatedElementUtilsTests, name=[engine:junit-jupiter]/[class:org.springframework.core.annotation.AnnotatedElementUtilsTests]/[method:findMergedAnnotationAttributesOnSubInheritedAnnotationInterface()]]
Description [testClass=org.springframework.core.annotation.AnnotatedElementUtilsTests, name=[engine:junit-jupiter]/[class:org.springframework.core.annotation.AnnotatedElementUtilsTests]/[method:getMergedAnnotationWithTransitiveImplicitAliasesWithSkippedLevel()]]
Description [testClass=org.springframework.core.annotation.AnnotatedElementUtilsTests, name=[engine:junit-jupiter]/[class:org.springframework.core.annotation.AnnotatedElementUtilsTests]/[method:getMergedAnnotationWithAliasedValueComposedAnnotation()]]
Description [testClass=org.springframework.core.annotation.AnnotatedElementUtilsTests, name=[engine:junit-jupiter]/[class:org.springframework.core.annotation.AnnotatedElementUtilsTests]/[method:getAllAnnotationAttributesFavorsInheritedAnnotationsOverMoreLocallyDeclaredComposedAnnotations()]]
Description [testClass=org.springframework.core.annotation.AnnotatedElementUtilsTests, name=[engine:junit-jupiter]/[class:org.springframework.core.annotation.AnnotatedElementUtilsTests]/[method:getMergedAnnotationAttributesWithAliasedValueComposedAnnotation()]]
Description [testClass=org.springframework.core.annotation.AnnotatedElementUtilsTests, name=[engine:junit-jupiter]/[class:org.springframework.core.annotation.AnnotatedElementUtilsTests]/[method:getAllAnnotationAttributesOnLangType()]]
Description [testClass=org.springframework.core.annotation.AnnotatedElementUtilsTests, name=[engine:junit-jupiter]/[class:org.springframework.core.annotation.AnnotatedElementUtilsTests]/[method:getMergedAnnotationAttributesOnInheritedAnnotationInterface()]]
Description [testClass=org.springframework.core.annotation.AnnotatedElementUtilsTests, name=[engine:junit-jupiter]/[class:org.springframework.core.annotation.AnnotatedElementUtilsTests]/[method:findMergedAnnotationAttributesOnClassWithAttributeAliasInComposedAnnotationAndNestedAnnotationsInTargetAnnotation()]]
Description [testClass=org.springframework.core.annotation.AnnotatedElementUtilsTests, name=[engine:junit-jupiter]/[class:org.springframework.core.annotation.AnnotatedElementUtilsTests]/[method:getMergedAnnotationAttributesFavorsInheritedComposedAnnotationsOverMoreLocallyDeclaredComposedAnnotations()]]
Description [testClass=org.springframework.core.annotation.AnnotatedElementUtilsTests, name=[engine:junit-jupiter]/[class:org.springframework.core.annotation.AnnotatedElementUtilsTests]/[method:findMergedAnnotationOnClassWithComposedMetaTransactionalAnnotation()]]
Description [testClass=org.springframework.core.annotation.AnnotatedElementUtilsTests, name=[engine:junit-jupiter]/[class:org.springframework.core.annotation.AnnotatedElementUtilsTests]/[method:findMergedAnnotationAttributesInheritedFromAbstractMethod()]]
Description [testClass=org.springframework.core.annotation.AnnotatedElementUtilsTests, name=[engine:junit-jupiter]/[class:org.springframework.core.annotation.AnnotatedElementUtilsTests]/[method:getMergedAnnotationAttributesOnNonInheritedAnnotationInterface()]]
Description [testClass=org.springframework.core.annotation.AnnotatedElementUtilsTests, name=[engine:junit-jupiter]/[class:org.springframework.core.annotation.AnnotatedElementUtilsTests]/[method:findMergedAnnotationAttributesWithSingleElementOverridingAnArrayViaAliasFor()]]
Description [testClass=org.springframework.core.annotation.AnnotatedElementUtilsTests, name=[engine:junit-jupiter]/[class:org.springframework.core.annotation.AnnotatedElementUtilsTests]/[method:findMergedAnnotationAttributesFromBridgeMethod()]]
Description [testClass=org.springframework.core.annotation.AnnotatedElementUtilsTests, name=[engine:junit-jupiter]/[class:org.springframework.core.annotation.AnnotatedElementUtilsTests]/[method:findMergedAnnotationAttributesOnSubNonInheritedAnnotationInterface()]]
Description [testClass=org.springframework.core.annotation.AnnotatedElementUtilsTests, name=[engine:junit-jupiter]/[class:org.springframework.core.annotation.AnnotatedElementUtilsTests]/[method:findMergedAnnotationAttributesOnMethodWithComposedMetaTransactionalAnnotation()]]
Description [testClass=org.springframework.core.annotation.AnnotatedElementUtilsTests, name=[engine:junit-jupiter]/[class:org.springframework.core.annotation.AnnotatedElementUtilsTests]/[method:findMergedAnnotationOnMethodWithComposedMetaTransactionalAnnotation()]]
Description [testClass=org.springframework.core.annotation.AnnotatedElementUtilsTests, name=[engine:junit-jupiter]/[class:org.springframework.core.annotation.AnnotatedElementUtilsTests]/[method:findMergedAnnotationAttributesOnInheritedAnnotationInterface()]]
Description [testClass=org.springframework.core.annotation.AnnotatedElementUtilsTests, name=[engine:junit-jupiter]/[class:org.springframework.core.annotation.AnnotatedElementUtilsTests]/[method:findMergedAnnotationAttributesOnSubSubNonInheritedAnnotationInterface()]]
Description [testClass=org.springframework.core.annotation.AnnotatedElementUtilsTests, name=[engine:junit-jupiter]/[class:org.springframework.core.annotation.AnnotatedElementUtilsTests]/[method:getMergedAnnotationAttributesWithShadowedAliasComposedAnnotation()]]
Description [testClass=org.springframework.core.annotation.AnnotatedElementUtilsTests, name=[engine:junit-jupiter]/[class:org.springframework.core.annotation.AnnotatedElementUtilsTests]/[method:findMergedAnnotationWithSingleElementOverridingAnArrayViaAliasFor()]]
Description [testClass=org.springframework.core.annotation.AnnotatedElementUtilsTests, name=[engine:junit-jupiter]/[class:org.springframework.core.annotation.AnnotatedElementUtilsTests]/[method:findMergedAnnotationForMultipleMetaAnnotationsWithClashingAttributeNames()]]
Description [testClass=org.springframework.core.annotation.AnnotatedElementUtilsTests, name=[engine:junit-jupiter]/[class:org.springframework.core.annotation.AnnotatedElementUtilsTests]/[method:findMergedAnnotationAttributesInheritedFromInterfaceMethod()]]
Description [testClass=org.springframework.core.annotation.AnnotatedElementUtilsTests, name=[engine:junit-jupiter]/[class:org.springframework.core.annotation.AnnotatedElementUtilsTests]/[method:findMergedAnnotationAttributesOnClassWithMetaAndLocalTxConfig()]]
Description [testClass=org.springframework.core.annotation.AnnotatedElementUtilsTests, name=[engine:junit-jupiter]/[class:org.springframework.core.annotation.AnnotatedElementUtilsTests]/[method:getMergedRepeatableAnnotationsWithContainerWithMultipleAttributes()]]
Description [testClass=org.springframework.core.annotation.AnnotatedElementUtilsTests, name=[engine:junit-jupiter]/[class:org.springframework.core.annotation.AnnotatedElementUtilsTests]/[method:getMergedAnnotationWithImplicitAliasesInMetaAnnotationOnComposedAnnotation()]]
Description [testClass=org.springframework.core.annotation.AnnotatedElementUtilsTests, name=[engine:junit-jupiter]/[class:org.springframework.core.annotation.AnnotatedElementUtilsTests]/[method:getMergedAnnotationOnThreeDeepMetaWithValue()]]
Description [testClass=org.springframework.core.annotation.AnnotatedElementUtilsTests, name=[engine:junit-jupiter]/[class:org.springframework.core.annotation.AnnotatedElementUtilsTests]/[method:getMergedAnnotationAttributesOnClassWithLocalAnnotationThatShadowsAnnotationFromSuperclass()]]
Description [testClass=org.springframework.core.annotation.AnnotatedElementUtilsTests, name=[engine:junit-jupiter]/[class:org.springframework.core.annotation.AnnotatedElementUtilsTests]/[method:findMethodAnnotationFromGenericInterface()]]
Description [testClass=org.springframework.core.annotation.AnnotatedElementUtilsTests, name=[engine:junit-jupiter]/[class:org.springframework.core.annotation.AnnotatedElementUtilsTests]/[method:getAllAnnotationAttributesOnClassWithLocalAnnotationThatShadowsAnnotationFromSuperclass()]]
Description [testClass=org.springframework.core.annotation.AnnotatedElementUtilsTests, name=[engine:junit-jupiter]/[class:org.springframework.core.annotation.AnnotatedElementUtilsTests]/[method:getMetaAnnotationTypesOnClassWithMetaDepth1()]]
Description [testClass=org.springframework.core.annotation.AnnotatedElementUtilsTests, name=[engine:junit-jupiter]/[class:org.springframework.core.annotation.AnnotatedElementUtilsTests]/[method:getMetaAnnotationTypesOnClassWithMetaDepth2()]]
Description [testClass=org.springframework.core.annotation.AnnotatedElementUtilsTests, name=[engine:junit-jupiter]/[class:org.springframework.core.annotation.AnnotatedElementUtilsTests]/[method:getAllAnnotationAttributesOnClassWithMultipleComposedAnnotations()]]
Description [testClass=org.springframework.core.annotation.AnnotatedElementUtilsTests, name=[engine:junit-jupiter]/[class:org.springframework.core.annotation.AnnotatedElementUtilsTests]/[method:getMergedAnnotationWithTransitiveImplicitAliases()]]
Description [testClass=org.springframework.core.annotation.AnnotatedElementUtilsTests, name=[engine:junit-jupiter]/[class:org.springframework.core.annotation.AnnotatedElementUtilsTests]/[method:isAnnotatedOnClassWithMetaDepth()]]
Description [testClass=org.springframework.core.annotation.AnnotatedElementUtilsTests, name=[engine:junit-jupiter]/[class:org.springframework.core.annotation.AnnotatedElementUtilsTests]/[method:findMergedRepeatableAnnotationsWithContainerWithMultipleAttributes()]]
Description [testClass=org.springframework.core.annotation.AnnotatedElementUtilsTests, name=[engine:junit-jupiter]/[class:org.springframework.core.annotation.AnnotatedElementUtilsTests]/[method:getMergedAnnotationWithImplicitAliasesForSameAttributeInComposedAnnotation()]]
Description [testClass=org.springframework.core.annotation.AnnotatedElementUtilsTests, name=[engine:junit-jupiter]/[class:org.springframework.core.annotation.AnnotatedElementUtilsTests]/[method:getMergedAnnotationWithTransitiveImplicitAliasesWithSkippedLevelWithSingleElementOverridingAnArrayViaAliasFor()]]
Description [testClass=org.springframework.core.annotation.AnnotatedElementUtilsTests, name=[engine:junit-jupiter]/[class:org.springframework.core.annotation.AnnotatedElementUtilsTests]/[method:getAllAnnotationAttributesOnClassWithLocalComposedAnnotationAndInheritedAnnotation()]]
Description [testClass=org.springframework.core.annotation.AnnotatedElementUtilsTests, name=[engine:junit-jupiter]/[class:org.springframework.core.annotation.AnnotatedElementUtilsTests]/[method:findMergedAnnotationAttributesOnClassWithComposedMetaTransactionalAnnotation()]]
Description [testClass=org.springframework.core.annotation.AnnotatedElementUtilsTests, name=[engine:junit-jupiter]/[class:org.springframework.core.annotation.AnnotatedElementUtilsTests]/[method:isAnnotatedWithNameOnClassWithMetaDepth()]]
Description [testClass=org.springframework.core.annotation.AnnotatedElementUtilsTests, name=[engine:junit-jupiter]/[class:org.springframework.core.annotation.AnnotatedElementUtilsTests]/[method:findMergedAnnotationAttributesOnNonInheritedAnnotationInterface()]]
Description [testClass=org.springframework.core.annotation.AnnotatedElementUtilsTests, name=[engine:junit-jupiter]/[class:org.springframework.core.annotation.AnnotatedElementUtilsTests]/[method:getMergedAnnotationWithImplicitAliasesWithDefaultsInMetaAnnotationOnComposedAnnotation()]]
Description [testClass=org.springframework.core.annotation.AnnotatedElementUtilsTests, name=[engine:junit-jupiter]/[class:org.springframework.core.annotation.AnnotatedElementUtilsTests]/[method:getMergedAnnotationAttributesFavorsInheritedAnnotationsOverMoreLocallyDeclaredComposedAnnotations()]]
Description [testClass=org.springframework.core.annotation.AnnotatedElementUtilsTests, name=[engine:junit-jupiter]/[class:org.springframework.core.annotation.AnnotatedElementUtilsTests]/[method:javaxMetaAnnotationTypeViaFindMergedAnnotation()]]
Description [testClass=org.springframework.core.annotation.AnnotatedElementUtilsTests, name=[engine:junit-jupiter]/[class:org.springframework.core.annotation.AnnotatedElementUtilsTests]/[method:nullableAnnotationTypeViaFindMergedAnnotation()]]
Description [testClass=org.springframework.core.annotation.AnnotatedElementUtilsTests, name=[engine:junit-jupiter]/[class:org.springframework.core.annotation.AnnotatedElementUtilsTests]/[method:findMergedAnnotationAttributesOnClassWithBothAttributesOfAnAliasPairDeclared()]]
Description [testClass=org.springframework.core.annotation.AnnotatedElementUtilsTests, name=[engine:junit-jupiter]/[class:org.springframework.core.annotation.AnnotatedElementUtilsTests]/[method:hasMetaAnnotationTypesOnClassWithMetaDepth0()]]
Description [testClass=org.springframework.core.annotation.AnnotatedElementUtilsTests, name=[engine:junit-jupiter]/[class:org.springframework.core.annotation.AnnotatedElementUtilsTests]/[method:hasMetaAnnotationTypesOnClassWithMetaDepth1()]]
Description [testClass=org.springframework.core.annotation.AnnotatedElementUtilsTests, name=[engine:junit-jupiter]/[class:org.springframework.core.annotation.AnnotatedElementUtilsTests]/[method:hasMetaAnnotationTypesOnClassWithMetaDepth2()]]
Description [testClass=org.springframework.core.annotation.AnnotatedElementUtilsTests, name=[engine:junit-jupiter]/[class:org.springframework.core.annotation.AnnotatedElementUtilsTests]/[method:findMergedAnnotationAttributesOnSubSubInheritedAnnotationInterface()]]
Description [testClass=org.springframework.core.annotation.AnnotatedElementUtilsTests, name=[engine:junit-jupiter]/[class:org.springframework.core.annotation.AnnotatedElementUtilsTests]/[method:findAllMergedAnnotationsOnClassWithInterface()]]
Description [testClass=org.springframework.core.annotation.AnnotatedElementUtilsTests, name=[engine:junit-jupiter]/[class:org.springframework.core.annotation.AnnotatedElementUtilsTests]/[method:javaxAnnotationTypeViaFindMergedAnnotation()]]
Description [testClass=org.springframework.core.annotation.AnnotatedElementUtilsTests, name=[engine:junit-jupiter]/[class:org.springframework.core.annotation.AnnotatedElementUtilsTests]/[method:getMergedAnnotationWithTransitiveImplicitAliasesWithSingleElementOverridingAnArrayViaAliasFor()]]
Description [testClass=org.springframework.core.annotation.AnnotatedElementUtilsTests, name=[engine:junit-jupiter]/[class:org.springframework.core.annotation.AnnotatedElementUtilsTests]/[method:findMethodAnnotationFromGenericSuperclass()]]
Description [testClass=org.springframework.core.annotation.AnnotatedElementUtilsTests, name=[engine:junit-jupiter]/[class:org.springframework.core.annotation.AnnotatedElementUtilsTests]/[method:hasAnnotationOnClassWithMetaDepth()]]
Description [testClass=org.springframework.core.annotation.AnnotatedElementUtilsTests, name=[engine:junit-jupiter]/[class:org.springframework.core.annotation.AnnotatedElementUtilsTests]/[method:getMergedAnnotationAttributesOnMetaCycleAnnotatedClassWithMissingTargetMetaAnnotation()]]
Description [testClass=org.springframework.core.annotation.AnnotatedElementUtilsTests, name=[engine:junit-jupiter]/[class:org.springframework.core.annotation.AnnotatedElementUtilsTests]/[method:findMergedAnnotationWithAttributeAliasesInTargetAnnotation()]]
Description [testClass=org.springframework.core.annotation.AnnotatedElementUtilsTests, name=[engine:junit-jupiter]/[class:org.springframework.core.annotation.AnnotatedElementUtilsTests]/[method:getMergedAnnotationAttributesFavorsLocalComposedAnnotationOverInheritedAnnotation()]]
Description [testClass=org.springframework.core.annotation.AnnotatedElementUtilsTests, name=[engine:junit-jupiter]/[class:org.springframework.core.annotation.AnnotatedElementUtilsTests]/[nested-class:ConventionBasedAnnotationAttributeOverrideTests]/[method:getMergedAnnotationAttributesWithConventionBasedComposedAnnotation()]]
Description [testClass=org.springframework.core.annotation.AnnotatedElementUtilsTests, name=[engine:junit-jupiter]/[class:org.springframework.core.annotation.AnnotatedElementUtilsTests]/[nested-class:ConventionBasedAnnotationAttributeOverrideTests]/[method:findMergedAnnotationAttributesWithSingleElementOverridingAnArrayViaConvention()]]
Description [testClass=org.springframework.core.annotation.AnnotatedElementUtilsTests, name=[engine:junit-jupiter]/[class:org.springframework.core.annotation.AnnotatedElementUtilsTests]/[nested-class:ConventionBasedAnnotationAttributeOverrideTests]/[method:findMergedAnnotationWithSingleElementOverridingAnArrayViaConvention()]]
Description [testClass=org.springframework.core.annotation.AnnotatedElementUtilsTests, name=[engine:junit-jupiter]/[class:org.springframework.core.annotation.AnnotatedElementUtilsTests]/[nested-class:ConventionBasedAnnotationAttributeOverrideTests]/[method:getMergedAnnotationAttributesWithInvalidConventionBasedComposedAnnotation()]]
Description [testClass=org.springframework.core.annotation.AnnotatedElementUtilsTests, name=[engine:junit-jupiter]/[class:org.springframework.core.annotation.AnnotatedElementUtilsTests]/[nested-class:ConventionBasedAnnotationAttributeOverrideTests]/[method:findMergedAnnotationWithLocalAliasesThatConflictWithAttributesInMetaAnnotationByConvention()]]
Description [testClass=org.springframework.core.annotation.AnnotationAttributesTests, name=[engine:junit-jupiter]/[class:org.springframework.core.annotation.AnnotationAttributesTests]/[method:getAliasedStringArrayWithImplicitAliases()]]
Description [testClass=org.springframework.core.annotation.AnnotationAttributesTests, name=[engine:junit-jupiter]/[class:org.springframework.core.annotation.AnnotationAttributesTests]/[method:getAliasedStringWithImplicitAliases()]]
Description [testClass=org.springframework.core.annotation.AnnotationAwareOrderComparatorTests, name=[engine:junit-jupiter]/[class:org.springframework.core.annotation.AnnotationAwareOrderComparatorTests]/[method:sortInstancesWithOrderAndPriority()]]
Description [testClass=org.springframework.core.annotation.AnnotationAwareOrderComparatorTests, name=[engine:junit-jupiter]/[class:org.springframework.core.annotation.AnnotationAwareOrderComparatorTests]/[method:sortClassesWithSubclass()]]
Description [testClass=org.springframework.core.annotation.AnnotationAwareOrderComparatorTests, name=[engine:junit-jupiter]/[class:org.springframework.core.annotation.AnnotationAwareOrderComparatorTests]/[method:sortInstancesWithSubclass()]]
Description [testClass=org.springframework.core.annotation.AnnotationAwareOrderComparatorTests, name=[engine:junit-jupiter]/[class:org.springframework.core.annotation.AnnotationAwareOrderComparatorTests]/[method:sortInstances()]]
Description [testClass=org.springframework.core.annotation.AnnotationAwareOrderComparatorTests, name=[engine:junit-jupiter]/[class:org.springframework.core.annotation.AnnotationAwareOrderComparatorTests]/[method:sortInstancesWithPriority()]]
Description [testClass=org.springframework.core.annotation.AnnotationAwareOrderComparatorTests, name=[engine:junit-jupiter]/[class:org.springframework.core.annotation.AnnotationAwareOrderComparatorTests]/[method:sortWithNulls()]]
Description [testClass=org.springframework.core.annotation.AnnotationAwareOrderComparatorTests, name=[engine:junit-jupiter]/[class:org.springframework.core.annotation.AnnotationAwareOrderComparatorTests]/[method:sortClasses()]]
Description [testClass=org.springframework.core.annotation.AnnotationBackCompatibilityTests, name=[engine:junit-jupiter]/[class:org.springframework.core.annotation.AnnotationBackCompatibilityTests]/[method:defaultValue()]]
Description [testClass=org.springframework.core.annotation.AnnotationBackCompatibilityTests, name=[engine:junit-jupiter]/[class:org.springframework.core.annotation.AnnotationBackCompatibilityTests]/[method:multiplRoutesToMetaAnnotation()]]
Description [testClass=org.springframework.core.annotation.AnnotationTypeMappingsTests, name=[engine:junit-jupiter]/[class:org.springframework.core.annotation.AnnotationTypeMappingsTests]/[method:getMirrorSetWhenThreeDeepReturnsMirrors()]]
Description [testClass=org.springframework.core.annotation.AnnotationTypeMappingsTests, name=[engine:junit-jupiter]/[class:org.springframework.core.annotation.AnnotationTypeMappingsTests]/[method:getAliasMappingReturnsAttributes()]]
Description [testClass=org.springframework.core.annotation.AnnotationTypeMappingsTests, name=[engine:junit-jupiter]/[class:org.springframework.core.annotation.AnnotationTypeMappingsTests]/[method:isEquivalentToDefaultValueWhenClassAndStringNamesMatchReturnsTrue()]]
Description [testClass=org.springframework.core.annotation.AnnotationTypeMappingsTests, name=[engine:junit-jupiter]/[class:org.springframework.core.annotation.AnnotationTypeMappingsTests]/[method:forAnnotationTypeWhenAliasForSelfWithDifferentDefaults()]]
Description [testClass=org.springframework.core.annotation.AnnotationTypeMappingsTests, name=[engine:junit-jupiter]/[class:org.springframework.core.annotation.AnnotationTypeMappingsTests]/[method:forAnnotationTypeWhenAliasForToOtherNonExistingAttribute()]]
Description [testClass=org.springframework.core.annotation.AnnotationTypeMappingsTests, name=[engine:junit-jupiter]/[class:org.springframework.core.annotation.AnnotationTypeMappingsTests]/[method:getDistanceReturnsDistance()]]
Description [testClass=org.springframework.core.annotation.AnnotationTypeMappingsTests, name=[engine:junit-jupiter]/[class:org.springframework.core.annotation.AnnotationTypeMappingsTests]/[method:isEquivalentToDefaultValueWhenNotMatchingReturnsFalse()]]
Description [testClass=org.springframework.core.annotation.AnnotationTypeMappingsTests, name=[engine:junit-jupiter]/[class:org.springframework.core.annotation.AnnotationTypeMappingsTests]/[method:getAnnotationWhenMetaAnnotationReturnsAnnotation()]]
Description [testClass=org.springframework.core.annotation.AnnotationTypeMappingsTests, name=[engine:junit-jupiter]/[class:org.springframework.core.annotation.AnnotationTypeMappingsTests]/[method:isEquivalentToDefaultValueWhenValueAndDefaultAreNullReturnsTrue()]]
Description [testClass=org.springframework.core.annotation.AnnotationTypeMappingsTests, name=[engine:junit-jupiter]/[class:org.springframework.core.annotation.AnnotationTypeMappingsTests]/[method:getAnnotationTypeReturnsAnnotationType()]]
Description [testClass=org.springframework.core.annotation.AnnotationTypeMappingsTests, name=[engine:junit-jupiter]/[class:org.springframework.core.annotation.AnnotationTypeMappingsTests]/[method:forAnnotationTypeWhenMetaAnnotationsReturnsMappings()]]
Description [testClass=org.springframework.core.annotation.AnnotationTypeMappingsTests, name=[engine:junit-jupiter]/[class:org.springframework.core.annotation.AnnotationTypeMappingsTests]/[method:forAnnotationTypeWhenAliasForSelfWithMissingDefault()]]
Description [testClass=org.springframework.core.annotation.AnnotationTypeMappingsTests, name=[engine:junit-jupiter]/[class:org.springframework.core.annotation.AnnotationTypeMappingsTests]/[method:getConventionMappingReturnsAttributes()]]
Description [testClass=org.springframework.core.annotation.AnnotationTypeMappingsTests, name=[engine:junit-jupiter]/[class:org.springframework.core.annotation.AnnotationTypeMappingsTests]/[method:resolveMirrorsWhenHasSameValuesUsesFirst()]]
Description [testClass=org.springframework.core.annotation.AnnotationTypeMappingsTests, name=[engine:junit-jupiter]/[class:org.springframework.core.annotation.AnnotationTypeMappingsTests]/[method:forAnnotationTypeWhenAliasForNonMetaAnnotated()]]
Description [testClass=org.springframework.core.annotation.AnnotationTypeMappingsTests, name=[engine:junit-jupiter]/[class:org.springframework.core.annotation.AnnotationTypeMappingsTests]/[method:getMetaTypeReturnsTypes()]]
Description [testClass=org.springframework.core.annotation.AnnotationTypeMappingsTests, name=[engine:junit-jupiter]/[class:org.springframework.core.annotation.AnnotationTypeMappingsTests]/[method:getConventionMappingWhenConventionToExplicitAliasesReturnsMappedAttributes()]]
Description [testClass=org.springframework.core.annotation.AnnotationTypeMappingsTests, name=[engine:junit-jupiter]/[class:org.springframework.core.annotation.AnnotationTypeMappingsTests]/[method:resolveMirrorsWhenHasWithMultipleRoutesToAliasReturnsMirrors()]]
Description [testClass=org.springframework.core.annotation.AnnotationTypeMappingsTests, name=[engine:junit-jupiter]/[class:org.springframework.core.annotation.AnnotationTypeMappingsTests]/[method:forAnnotationTypeWhenHasAliasForWithBothValueAndAttributeThrowsException()]]
Description [testClass=org.springframework.core.annotation.AnnotationTypeMappingsTests, name=[engine:junit-jupiter]/[class:org.springframework.core.annotation.AnnotationTypeMappingsTests]/[method:isEquivalentToDefaultValueWhenNestedAnnotationAndExtractedValuesMatchReturnsTrueAndValueSuppliedAsTypeMappedAnnotation()]]
Description [testClass=org.springframework.core.annotation.AnnotationTypeMappingsTests, name=[engine:junit-jupiter]/[class:org.springframework.core.annotation.AnnotationTypeMappingsTests]/[method:forAnnotationTypeWhenRepeatableMetaAnnotationIsFiltered()]]
Description [testClass=org.springframework.core.annotation.AnnotationTypeMappingsTests, name=[engine:junit-jupiter]/[class:org.springframework.core.annotation.AnnotationTypeMappingsTests]/[method:getAttributesReturnsAttributes()]]
Description [testClass=org.springframework.core.annotation.AnnotationTypeMappingsTests, name=[engine:junit-jupiter]/[class:org.springframework.core.annotation.AnnotationTypeMappingsTests]/[method:getAnnotationWhenRootReturnsNull()]]
Description [testClass=org.springframework.core.annotation.AnnotationTypeMappingsTests, name=[engine:junit-jupiter]/[class:org.springframework.core.annotation.AnnotationTypeMappingsTests]/[method:forAnnotationTypeWhenSelfAnnotatedReturnsMapping()]]
Description [testClass=org.springframework.core.annotation.AnnotationTypeMappingsTests, name=[engine:junit-jupiter]/[class:org.springframework.core.annotation.AnnotationTypeMappingsTests]/[method:forAnnotationTypeWhenAliasForToSelf()]]
Description [testClass=org.springframework.core.annotation.AnnotationTypeMappingsTests, name=[engine:junit-jupiter]/[class:org.springframework.core.annotation.AnnotationTypeMappingsTests]/[method:forAnnotationTypeWhenAliasForWithArrayCompatibleReturnTypes()]]
Description [testClass=org.springframework.core.annotation.AnnotationTypeMappingsTests, name=[engine:junit-jupiter]/[class:org.springframework.core.annotation.AnnotationTypeMappingsTests]/[method:forAnnotationTypeWhenAliasForHasMixedImplicitAndExplicitAliases()]]
Description [testClass=org.springframework.core.annotation.AnnotationTypeMappingsTests, name=[engine:junit-jupiter]/[class:org.springframework.core.annotation.AnnotationTypeMappingsTests]/[method:forAnnotationTypeWhenAliasWithExplicitMirrorAndDifferentDefaults()]]
Description [testClass=org.springframework.core.annotation.AnnotationTypeMappingsTests, name=[engine:junit-jupiter]/[class:org.springframework.core.annotation.AnnotationTypeMappingsTests]/[method:resolveMirrorsWhenHasDifferentValuesThrowsException()]]
Description [testClass=org.springframework.core.annotation.AnnotationTypeMappingsTests, name=[engine:junit-jupiter]/[class:org.springframework.core.annotation.AnnotationTypeMappingsTests]/[method:forAnnotationTypeWhenFormsLoopReturnsMapping()]]
Description [testClass=org.springframework.core.annotation.AnnotationTypeMappingsTests, name=[engine:junit-jupiter]/[class:org.springframework.core.annotation.AnnotationTypeMappingsTests]/[method:isEquivalentToDefaultValueWhenValueAndDefaultMatchReturnsTrue()]]
Description [testClass=org.springframework.core.annotation.AnnotationTypeMappingsTests, name=[engine:junit-jupiter]/[class:org.springframework.core.annotation.AnnotationTypeMappingsTests]/[method:getAliasMappingWhenHasWithMultipleRoutesToAliasReturnsMappedAttributes()]]
Description [testClass=org.springframework.core.annotation.AnnotationTypeMappingsTests, name=[engine:junit-jupiter]/[class:org.springframework.core.annotation.AnnotationTypeMappingsTests]/[method:isEquivalentToDefaultValueWhenClassArrayAndStringArrayNamesMatchReturnsTrue()]]
Description [testClass=org.springframework.core.annotation.AnnotationTypeMappingsTests, name=[engine:junit-jupiter]/[class:org.springframework.core.annotation.AnnotationTypeMappingsTests]/[method:forAnnotationTypeWhenAliasForToSelfNonExistingAttribute()]]
Description [testClass=org.springframework.core.annotation.AnnotationTypeMappingsTests, name=[engine:junit-jupiter]/[class:org.springframework.core.annotation.AnnotationTypeMappingsTests]/[method:getAliasMappingsWhenHasDefinedAttributesReturnsMappedAttributes()]]
Description [testClass=org.springframework.core.annotation.AnnotationTypeMappingsTests, name=[engine:junit-jupiter]/[class:org.springframework.core.annotation.AnnotationTypeMappingsTests]/[method:forAnnotationTypeWhenHasRepeatingMetaAnnotationReturnsMapping()]]
Description [testClass=org.springframework.core.annotation.AnnotationTypeMappingsTests, name=[engine:junit-jupiter]/[class:org.springframework.core.annotation.AnnotationTypeMappingsTests]/[method:resolveMirrorsWhenOnlyHasDefaultValuesUsesFirst()]]
Description [testClass=org.springframework.core.annotation.AnnotationTypeMappingsTests, name=[engine:junit-jupiter]/[class:org.springframework.core.annotation.AnnotationTypeMappingsTests]/[method:forAnnotationTypeWhenAliasForToSelfAnnotatedToOtherAttribute()]]
Description [testClass=org.springframework.core.annotation.AnnotationTypeMappingsTests, name=[engine:junit-jupiter]/[class:org.springframework.core.annotation.AnnotationTypeMappingsTests]/[method:forAnnotationTypeWhenAliasForWithIncompatibleReturnTypes()]]
Description [testClass=org.springframework.core.annotation.AnnotationTypeMappingsTests, name=[engine:junit-jupiter]/[class:org.springframework.core.annotation.AnnotationTypeMappingsTests]/[method:isEquivalentToDefaultValueWhenNestedAnnotationAndExtractedValuesMatchReturnsTrueAndValueSuppliedAsMap()]]
Description [testClass=org.springframework.core.annotation.AnnotationTypeMappingsTests, name=[engine:junit-jupiter]/[class:org.springframework.core.annotation.AnnotationTypeMappingsTests]/[method:getMirrorSetWhenAliasPairReturnsMirrors()]]
Description [testClass=org.springframework.core.annotation.AnnotationTypeMappingsTests, name=[engine:junit-jupiter]/[class:org.springframework.core.annotation.AnnotationTypeMappingsTests]/[method:getMirrorSetWhenImplicitMirrorsReturnsMirrors()]]
Description [testClass=org.springframework.core.annotation.AnnotationTypeMappingsTests, name=[engine:junit-jupiter]/[class:org.springframework.core.annotation.AnnotationTypeMappingsTests]/[method:getAliasMappingWhenThreeDeepReturnsMappedAttributes()]]
Description [testClass=org.springframework.core.annotation.AnnotationTypeMappingsTests, name=[engine:junit-jupiter]/[class:org.springframework.core.annotation.AnnotationTypeMappingsTests]/[method:forAnnotationTypeWhenNoMetaAnnotationsReturnsMappings()]]
Description [testClass=org.springframework.core.annotation.AnnotationTypeMappingsTests, name=[engine:junit-jupiter]/[class:org.springframework.core.annotation.AnnotationTypeMappingsTests]/[method:resolveMirrorsWhenAliasPairResolves()]]
Description [testClass=org.springframework.core.annotation.AnnotationUtilsTests, name=[engine:junit-jupiter]/[class:org.springframework.core.annotation.AnnotationUtilsTests]/[method:getRepeatableAnnotationsDeclaredOnMethod()]]
Description [testClass=org.springframework.core.annotation.AnnotationUtilsTests, name=[engine:junit-jupiter]/[class:org.springframework.core.annotation.AnnotationUtilsTests]/[method:getRepeatableAnnotationsDeclaredOnSuperclass()]]
Description [testClass=org.springframework.core.annotation.AnnotationUtilsTests, name=[engine:junit-jupiter]/[class:org.springframework.core.annotation.AnnotationUtilsTests]/[method:getRepeatableAnnotationsDeclaredOnClass()]]
Description [testClass=org.springframework.core.annotation.AnnotationUtilsTests, name=[engine:junit-jupiter]/[class:org.springframework.core.annotation.AnnotationUtilsTests]/[method:isAnnotationInheritedForAllScenarios()]]
Description [testClass=org.springframework.core.annotation.AnnotationUtilsTests, name=[engine:junit-jupiter]/[class:org.springframework.core.annotation.AnnotationUtilsTests]/[method:findMethodAnnotationOnRootButOverridden()]]
Description [testClass=org.springframework.core.annotation.AnnotationUtilsTests, name=[engine:junit-jupiter]/[class:org.springframework.core.annotation.AnnotationUtilsTests]/[method:findAnnotationFindsRepeatableContainerOnComposedAnnotationMetaAnnotatedWithRepeatableAnnotations()]]
Description [testClass=org.springframework.core.annotation.AnnotationUtilsTests, name=[engine:junit-jupiter]/[class:org.springframework.core.annotation.AnnotationUtilsTests]/[method:synthesizeAnnotationFromMapWithNestedArrayOfMaps()]]
Description [testClass=org.springframework.core.annotation.AnnotationUtilsTests, name=[engine:junit-jupiter]/[class:org.springframework.core.annotation.AnnotationUtilsTests]/[method:getAnnotationAttributesWithAttributeAliasesWithDifferentValues()]]
Description [testClass=org.springframework.core.annotation.AnnotationUtilsTests, name=[engine:junit-jupiter]/[class:org.springframework.core.annotation.AnnotationUtilsTests]/[method:getAnnotationAttributesWithNestedAnnotations()]]
Description [testClass=org.springframework.core.annotation.AnnotationUtilsTests, name=[engine:junit-jupiter]/[class:org.springframework.core.annotation.AnnotationUtilsTests]/[method:synthesizeAnnotationWithImplicitAliasesWithMissingDefaultValues()]]
Description [testClass=org.springframework.core.annotation.AnnotationUtilsTests, name=[engine:junit-jupiter]/[class:org.springframework.core.annotation.AnnotationUtilsTests]/[method:findClassAnnotationOnMetaCycleAnnotatedClassWithMissingTargetMetaAnnotation()]]
Description [testClass=org.springframework.core.annotation.AnnotationUtilsTests, name=[engine:junit-jupiter]/[class:org.springframework.core.annotation.AnnotationUtilsTests]/[method:isAnnotationDeclaredLocallyForAllScenarios()]]
Description [testClass=org.springframework.core.annotation.AnnotationUtilsTests, name=[engine:junit-jupiter]/[class:org.springframework.core.annotation.AnnotationUtilsTests]/[method:synthesizeAnnotationFromDefaultsWithoutAttributeAliases()]]
Description [testClass=org.springframework.core.annotation.AnnotationUtilsTests, name=[engine:junit-jupiter]/[class:org.springframework.core.annotation.AnnotationUtilsTests]/[method:getRepeatableAnnotationsDeclaredOnClassAndSuperclass()]]
Description [testClass=org.springframework.core.annotation.AnnotationUtilsTests, name=[engine:junit-jupiter]/[class:org.springframework.core.annotation.AnnotationUtilsTests]/[method:getAnnotationAttributesWithAttributeAliases()]]
Description [testClass=org.springframework.core.annotation.AnnotationUtilsTests, name=[engine:junit-jupiter]/[class:org.springframework.core.annotation.AnnotationUtilsTests]/[method:getRepeatableAnnotationsDeclaredOnClassWithAttributeAliases()]]
Description [testClass=org.springframework.core.annotation.AnnotationUtilsTests, name=[engine:junit-jupiter]/[class:org.springframework.core.annotation.AnnotationUtilsTests]/[method:findClassAnnotationFavorsMoreLocallyDeclaredComposedAnnotationsOverInheritedAnnotations()]]
Description [testClass=org.springframework.core.annotation.AnnotationUtilsTests, name=[engine:junit-jupiter]/[class:org.springframework.core.annotation.AnnotationUtilsTests]/[method:findMethodAnnotationWithMetaMetaAnnotationOnLeaf()]]
Description [testClass=org.springframework.core.annotation.AnnotationUtilsTests, name=[engine:junit-jupiter]/[class:org.springframework.core.annotation.AnnotationUtilsTests]/[method:findClassAnnotationOnAnnotatedClassWithMissingTargetMetaAnnotation()]]
Description [testClass=org.springframework.core.annotation.AnnotationUtilsTests, name=[engine:junit-jupiter]/[class:org.springframework.core.annotation.AnnotationUtilsTests]/[method:synthesizeAnnotationFromMapWithAttributeOfIncorrectType()]]
Description [testClass=org.springframework.core.annotation.AnnotationUtilsTests, name=[engine:junit-jupiter]/[class:org.springframework.core.annotation.AnnotationUtilsTests]/[method:synthesizeAnnotationFromAnnotationAttributesWithoutAttributeAliases()]]
Description [testClass=org.springframework.core.annotation.AnnotationUtilsTests, name=[engine:junit-jupiter]/[class:org.springframework.core.annotation.AnnotationUtilsTests]/[method:synthesizeAnnotationFromMapWithMissingAttributeValue()]]
Description [testClass=org.springframework.core.annotation.AnnotationUtilsTests, name=[engine:junit-jupiter]/[class:org.springframework.core.annotation.AnnotationUtilsTests]/[method:getDefaultValueFromAnnotationType()]]
Description [testClass=org.springframework.core.annotation.AnnotationUtilsTests, name=[engine:junit-jupiter]/[class:org.springframework.core.annotation.AnnotationUtilsTests]/[method:findClassAnnotationOnSubNonInheritedAnnotationInterface()]]
Description [testClass=org.springframework.core.annotation.AnnotationUtilsTests, name=[engine:junit-jupiter]/[class:org.springframework.core.annotation.AnnotationUtilsTests]/[method:synthesizeAnnotationFromMapWithMinimalAttributesWithAttributeAliases()]]
Description [testClass=org.springframework.core.annotation.AnnotationUtilsTests, name=[engine:junit-jupiter]/[class:org.springframework.core.annotation.AnnotationUtilsTests]/[method:getDeclaredRepeatableAnnotationsDeclaredOnClass()]]
Description [testClass=org.springframework.core.annotation.AnnotationUtilsTests, name=[engine:junit-jupiter]/[class:org.springframework.core.annotation.AnnotationUtilsTests]/[method:synthesizeAnnotationFromMapWithNullAttributeValue()]]
Description [testClass=org.springframework.core.annotation.AnnotationUtilsTests, name=[engine:junit-jupiter]/[class:org.springframework.core.annotation.AnnotationUtilsTests]/[method:getDefaultValueFromNonPublicAnnotation()]]
Description [testClass=org.springframework.core.annotation.AnnotationUtilsTests, name=[engine:junit-jupiter]/[class:org.springframework.core.annotation.AnnotationUtilsTests]/[method:findClassAnnotationOnSubInheritedAnnotationInterface()]]
Description [testClass=org.springframework.core.annotation.AnnotationUtilsTests, name=[engine:junit-jupiter]/[class:org.springframework.core.annotation.AnnotationUtilsTests]/[method:findAnnotationDeclaringClassForAllScenarios()]]
Description [testClass=org.springframework.core.annotation.AnnotationUtilsTests, name=[engine:junit-jupiter]/[class:org.springframework.core.annotation.AnnotationUtilsTests]/[method:synthesizeAnnotationFromMapWithoutAttributeAliases()]]
Description [testClass=org.springframework.core.annotation.AnnotationUtilsTests, name=[engine:junit-jupiter]/[class:org.springframework.core.annotation.AnnotationUtilsTests]/[method:findAnnotationDeclaringClassForTypesWithSingleCandidateType()]]
Description [testClass=org.springframework.core.annotation.AnnotationUtilsTests, name=[engine:junit-jupiter]/[class:org.springframework.core.annotation.AnnotationUtilsTests]/[method:findAnnotationDeclaringClassForTypesWithMultipleCandidateTypes()]]
Description [testClass=org.springframework.core.annotation.AnnotationUtilsTests, name=[engine:junit-jupiter]/[class:org.springframework.core.annotation.AnnotationUtilsTests]/[method:findMethodAnnotationWithAnnotationOnMethodInInterface()]]
Description [testClass=org.springframework.core.annotation.AnnotationUtilsTests, name=[engine:junit-jupiter]/[class:org.springframework.core.annotation.AnnotationUtilsTests]/[method:findClassAnnotationFavorsMoreLocallyDeclaredComposedAnnotationsOverInheritedComposedAnnotations()]]
Description [testClass=org.springframework.core.annotation.AnnotationUtilsTests, name=[engine:junit-jupiter]/[class:org.springframework.core.annotation.AnnotationUtilsTests]/[method:findMethodAnnotationFromGenericInterface()]]
Description [testClass=org.springframework.core.annotation.AnnotationUtilsTests, name=[engine:junit-jupiter]/[class:org.springframework.core.annotation.AnnotationUtilsTests]/[method:findMethodAnnotationOnLeaf()]]
Description [testClass=org.springframework.core.annotation.AnnotationUtilsTests, name=[engine:junit-jupiter]/[class:org.springframework.core.annotation.AnnotationUtilsTests]/[method:findMethodAnnotationOnRoot()]]
Description [testClass=org.springframework.core.annotation.AnnotationUtilsTests, name=[engine:junit-jupiter]/[class:org.springframework.core.annotation.AnnotationUtilsTests]/[method:findAnnotationFindsRepeatableContainerOnComposedAnnotationMetaAnnotatedWithRepeatableAnnotationsOnMethod()]]
Description [testClass=org.springframework.core.annotation.AnnotationUtilsTests, name=[engine:junit-jupiter]/[class:org.springframework.core.annotation.AnnotationUtilsTests]/[method:synthesizeAnnotationWithImplicitAliasesWithDuplicateValues()]]
Description [testClass=org.springframework.core.annotation.AnnotationUtilsTests, name=[engine:junit-jupiter]/[class:org.springframework.core.annotation.AnnotationUtilsTests]/[method:getValueFromAnnotation()]]
Description [testClass=org.springframework.core.annotation.AnnotationUtilsTests, name=[engine:junit-jupiter]/[class:org.springframework.core.annotation.AnnotationUtilsTests]/[method:findMethodAnnotationWithMetaAnnotationOnLeaf()]]
Description [testClass=org.springframework.core.annotation.AnnotationUtilsTests, name=[engine:junit-jupiter]/[class:org.springframework.core.annotation.AnnotationUtilsTests]/[method:findMethodAnnotationWithMetaAnnotationOnRoot()]]
Description [testClass=org.springframework.core.annotation.AnnotationUtilsTests, name=[engine:junit-jupiter]/[class:org.springframework.core.annotation.AnnotationUtilsTests]/[method:findAnnotationWithRepeatablesElements()]]
Description [testClass=org.springframework.core.annotation.AnnotationUtilsTests, name=[engine:junit-jupiter]/[class:org.springframework.core.annotation.AnnotationUtilsTests]/[method:synthesizeAnnotationWithImplicitAliasesWithDifferentDefaultValues()]]
Description [testClass=org.springframework.core.annotation.AnnotationUtilsTests, name=[engine:junit-jupiter]/[class:org.springframework.core.annotation.AnnotationUtilsTests]/[method:findClassAnnotationOnMetaMetaAnnotatedClass()]]
Description [testClass=org.springframework.core.annotation.AnnotationUtilsTests, name=[engine:junit-jupiter]/[class:org.springframework.core.annotation.AnnotationUtilsTests]/[method:synthesizeAnnotationFromMapWithImplicitAttributeAliases()]]
Description [testClass=org.springframework.core.annotation.AnnotationUtilsTests, name=[engine:junit-jupiter]/[class:org.springframework.core.annotation.AnnotationUtilsTests]/[method:getRepeatableAnnotationsDeclaredOnMultipleSuperclasses()]]
Description [testClass=org.springframework.core.annotation.AnnotationUtilsTests, name=[engine:junit-jupiter]/[class:org.springframework.core.annotation.AnnotationUtilsTests]/[method:findMethodAnnotationFromInterface()]]
Description [testClass=org.springframework.core.annotation.AnnotationUtilsTests, name=[engine:junit-jupiter]/[class:org.springframework.core.annotation.AnnotationUtilsTests]/[method:synthesizeAnnotationFromMapWithAttributeAliasesThatOverrideArraysWithSingleElements()]]
Description [testClass=org.springframework.core.annotation.AnnotationUtilsTests, name=[engine:junit-jupiter]/[class:org.springframework.core.annotation.AnnotationUtilsTests]/[method:synthesizeAnnotationFromMapWithNestedMap()]]
Description [testClass=org.springframework.core.annotation.AnnotationUtilsTests, name=[engine:junit-jupiter]/[class:org.springframework.core.annotation.AnnotationUtilsTests]/[method:findMethodAnnotationOnBridgedMethod()]]
Description [testClass=org.springframework.core.annotation.AnnotationUtilsTests, name=[engine:junit-jupiter]/[class:org.springframework.core.annotation.AnnotationUtilsTests]/[method:findClassAnnotationOnSubSubInheritedAnnotationInterface()]]
Description [testClass=org.springframework.core.annotation.AnnotationUtilsTests, name=[engine:junit-jupiter]/[class:org.springframework.core.annotation.AnnotationUtilsTests]/[method:findClassAnnotationOnInheritedAnnotationInterface()]]
Description [testClass=org.springframework.core.annotation.AnnotationUtilsTests, name=[engine:junit-jupiter]/[class:org.springframework.core.annotation.AnnotationUtilsTests]/[method:getAnnotationAttributesWithoutAttributeAliases()]]
Description [testClass=org.springframework.core.annotation.AnnotationUtilsTests, name=[engine:junit-jupiter]/[class:org.springframework.core.annotation.AnnotationUtilsTests]/[method:findMethodAnnotationFromGenericSuperclass()]]
Description [testClass=org.springframework.core.annotation.AnnotationUtilsTests, name=[engine:junit-jupiter]/[class:org.springframework.core.annotation.AnnotationUtilsTests]/[method:findMethodAnnotationFromInterfaceOnSuper()]]
Description [testClass=org.springframework.core.annotation.AnnotationUtilsTests, name=[engine:junit-jupiter]/[class:org.springframework.core.annotation.AnnotationUtilsTests]/[method:findMethodAnnotationOnBridgeMethod()]]
Description [testClass=org.springframework.core.annotation.AnnotationUtilsTests, name=[engine:junit-jupiter]/[class:org.springframework.core.annotation.AnnotationUtilsTests]/[method:findClassAnnotationOnMetaMetaMetaAnnotatedClass()]]
Description [testClass=org.springframework.core.annotation.AnnotationUtilsTests, name=[engine:junit-jupiter]/[class:org.springframework.core.annotation.AnnotationUtilsTests]/[method:findMethodAnnotationFromInterfaceWhenSuperDoesNotImplementMethod()]]
Description [testClass=org.springframework.core.annotation.AnnotationUtilsTests, name=[engine:junit-jupiter]/[class:org.springframework.core.annotation.AnnotationUtilsTests]/[method:findClassAnnotationFavorsMoreLocallyDeclaredComposedAnnotationsOverAnnotationsOnInterfaces()]]
Description [testClass=org.springframework.core.annotation.AnnotationUtilsTests, name=[engine:junit-jupiter]/[class:org.springframework.core.annotation.AnnotationUtilsTests]/[method:findClassAnnotationOnNonInheritedAnnotationInterface()]]
Description [testClass=org.springframework.core.annotation.AnnotationUtilsTests, name=[engine:junit-jupiter]/[class:org.springframework.core.annotation.AnnotationUtilsTests]/[method:findClassAnnotationOnSubSubNonInheritedAnnotationInterface()]]
Description [testClass=org.springframework.core.annotation.AnnotationUtilsTests, name=[engine:junit-jupiter]/[class:org.springframework.core.annotation.AnnotationUtilsTests]/[method:synthesizeAnnotationFromDefaultsWithAttributeAliases()]]
Description [testClass=org.springframework.core.annotation.AnnotationUtilsTests, name=[engine:junit-jupiter]/[class:org.springframework.core.annotation.AnnotationUtilsTests]/[method:getDefaultValueFromAnnotation()]]
Description [testClass=org.springframework.core.annotation.ComposedRepeatableAnnotationsTests, name=[engine:junit-jupiter]/[class:org.springframework.core.annotation.ComposedRepeatableAnnotationsTests]/[method:getComposedRepeatableAnnotationsOnClass()]]
Description [testClass=org.springframework.core.annotation.ComposedRepeatableAnnotationsTests, name=[engine:junit-jupiter]/[class:org.springframework.core.annotation.ComposedRepeatableAnnotationsTests]/[method:getRepeatableAnnotationsOnSuperclass()]]
Description [testClass=org.springframework.core.annotation.ComposedRepeatableAnnotationsTests, name=[engine:junit-jupiter]/[class:org.springframework.core.annotation.ComposedRepeatableAnnotationsTests]/[method:getComposedContainerForRepeatableAnnotationsOnClass()]]
Description [testClass=org.springframework.core.annotation.ComposedRepeatableAnnotationsTests, name=[engine:junit-jupiter]/[class:org.springframework.core.annotation.ComposedRepeatableAnnotationsTests]/[method:getNoninheritedComposedRepeatableAnnotationsOnClass()]]
Description [testClass=org.springframework.core.annotation.ComposedRepeatableAnnotationsTests, name=[engine:junit-jupiter]/[class:org.springframework.core.annotation.ComposedRepeatableAnnotationsTests]/[method:findRepeatableAnnotationsOnClass()]]
Description [testClass=org.springframework.core.annotation.ComposedRepeatableAnnotationsTests, name=[engine:junit-jupiter]/[class:org.springframework.core.annotation.ComposedRepeatableAnnotationsTests]/[method:getRepeatableAnnotationsOnClass()]]
Description [testClass=org.springframework.core.annotation.ComposedRepeatableAnnotationsTests, name=[engine:junit-jupiter]/[class:org.springframework.core.annotation.ComposedRepeatableAnnotationsTests]/[method:findComposedRepeatableAnnotationsMixedWithContainerOnClass()]]
Description [testClass=org.springframework.core.annotation.ComposedRepeatableAnnotationsTests, name=[engine:junit-jupiter]/[class:org.springframework.core.annotation.ComposedRepeatableAnnotationsTests]/[method:findComposedContainerForRepeatableAnnotationsOnClass()]]
Description [testClass=org.springframework.core.annotation.ComposedRepeatableAnnotationsTests, name=[engine:junit-jupiter]/[class:org.springframework.core.annotation.ComposedRepeatableAnnotationsTests]/[method:findNoninheritedComposedRepeatableAnnotationsOnClass()]]
Description [testClass=org.springframework.core.annotation.ComposedRepeatableAnnotationsTests, name=[engine:junit-jupiter]/[class:org.springframework.core.annotation.ComposedRepeatableAnnotationsTests]/[method:findComposedRepeatableAnnotationsOnClass()]]
Description [testClass=org.springframework.core.annotation.ComposedRepeatableAnnotationsTests, name=[engine:junit-jupiter]/[class:org.springframework.core.annotation.ComposedRepeatableAnnotationsTests]/[method:getComposedRepeatableAnnotationsMixedWithContainerOnClass()]]
Description [testClass=org.springframework.core.annotation.ComposedRepeatableAnnotationsTests, name=[engine:junit-jupiter]/[class:org.springframework.core.annotation.ComposedRepeatableAnnotationsTests]/[method:findRepeatableAnnotationsOnSuperclass()]]
Description [testClass=org.springframework.core.annotation.ComposedRepeatableAnnotationsTests, name=[engine:junit-jupiter]/[class:org.springframework.core.annotation.ComposedRepeatableAnnotationsTests]/[method:findNoninheritedComposedRepeatableAnnotationsOnSuperclass()]]
Description [testClass=org.springframework.core.annotation.KotlinMergedAnnotationsTests, name=[engine:junit-jupiter]/[class:org.springframework.core.annotation.KotlinMergedAnnotationsTests]/[method:recursiveAnnotationWithoutAlias()]]
Description [testClass=org.springframework.core.annotation.KotlinMergedAnnotationsTests, name=[engine:junit-jupiter]/[class:org.springframework.core.annotation.KotlinMergedAnnotationsTests]/[method:recursiveAnnotationWithAlias()]]
Description [testClass=org.springframework.core.annotation.KotlinMergedAnnotationsTests, name=[engine:junit-jupiter]/[class:org.springframework.core.annotation.KotlinMergedAnnotationsTests]/[method:recursiveNestedAnnotationWithAlias()]]
Description [testClass=org.springframework.core.annotation.MergedAnnotationClassLoaderTests, name=[engine:junit-jupiter]/[class:org.springframework.core.annotation.MergedAnnotationClassLoaderTests]/[method:synthesizedUsesCorrectClassLoader()]]
Description [testClass=org.springframework.core.annotation.MergedAnnotationCollectorsTests, name=[engine:junit-jupiter]/[class:org.springframework.core.annotation.MergedAnnotationCollectorsTests]/[method:toAnnotationArrayCollectsAnnotationArrayWithSynthesizedAnnotations()]]
Description [testClass=org.springframework.core.annotation.MergedAnnotationCollectorsTests, name=[engine:junit-jupiter]/[class:org.springframework.core.annotation.MergedAnnotationCollectorsTests]/[method:toAnnotationSetCollectsLinkedHashSetWithSynthesizedAnnotations()]]
Description [testClass=org.springframework.core.annotation.MergedAnnotationCollectorsTests, name=[engine:junit-jupiter]/[class:org.springframework.core.annotation.MergedAnnotationCollectorsTests]/[method:toFinishedMultiValueMapCollectsMultiValueMap()]]
Description [testClass=org.springframework.core.annotation.MergedAnnotationCollectorsTests, name=[engine:junit-jupiter]/[class:org.springframework.core.annotation.MergedAnnotationCollectorsTests]/[method:toSuppliedAnnotationArrayCollectsAnnotationArrayWithSynthesizedAnnotations()]]
Description [testClass=org.springframework.core.annotation.MergedAnnotationCollectorsTests, name=[engine:junit-jupiter]/[class:org.springframework.core.annotation.MergedAnnotationCollectorsTests]/[method:toMultiValueMapCollectsMultiValueMap()]]
Description [testClass=org.springframework.core.annotation.MergedAnnotationPredicatesTests, name=[engine:junit-jupiter]/[class:org.springframework.core.annotation.MergedAnnotationPredicatesTests]/[method:typeInStringArrayWhenNameDoesNotMatchRejects()]]
Description [testClass=org.springframework.core.annotation.MergedAnnotationPredicatesTests, name=[engine:junit-jupiter]/[class:org.springframework.core.annotation.MergedAnnotationPredicatesTests]/[method:firstRunOfAcceptsOnlyFirstRun()]]
Description [testClass=org.springframework.core.annotation.MergedAnnotationPredicatesTests, name=[engine:junit-jupiter]/[class:org.springframework.core.annotation.MergedAnnotationPredicatesTests]/[method:typeInCollectionWhenDoesNotMatchAnyRejects()]]
Description [testClass=org.springframework.core.annotation.MergedAnnotationPredicatesTests, name=[engine:junit-jupiter]/[class:org.springframework.core.annotation.MergedAnnotationPredicatesTests]/[method:typeInCollectionWhenMatchesClassInCollectionAccepts()]]
Description [testClass=org.springframework.core.annotation.MergedAnnotationPredicatesTests, name=[engine:junit-jupiter]/[class:org.springframework.core.annotation.MergedAnnotationPredicatesTests]/[method:typeInClassArrayWhenNameMatchesAccepts()]]
Description [testClass=org.springframework.core.annotation.MergedAnnotationPredicatesTests, name=[engine:junit-jupiter]/[class:org.springframework.core.annotation.MergedAnnotationPredicatesTests]/[method:uniqueAcceptsUniquely()]]
Description [testClass=org.springframework.core.annotation.MergedAnnotationPredicatesTests, name=[engine:junit-jupiter]/[class:org.springframework.core.annotation.MergedAnnotationPredicatesTests]/[method:typeInStringArrayWhenNameMatchesAccepts()]]
Description [testClass=org.springframework.core.annotation.MergedAnnotationPredicatesTests, name=[engine:junit-jupiter]/[class:org.springframework.core.annotation.MergedAnnotationPredicatesTests]/[method:typeInClassArrayWhenNameDoesNotMatchRejects()]]
Description [testClass=org.springframework.core.annotation.MergedAnnotationPredicatesTests, name=[engine:junit-jupiter]/[class:org.springframework.core.annotation.MergedAnnotationPredicatesTests]/[method:typeInCollectionWhenMatchesStringInCollectionAccepts()]]
Description [testClass=org.springframework.core.annotation.MergedAnnotationsCollectionTests, name=[engine:junit-jupiter]/[class:org.springframework.core.annotation.MergedAnnotationsCollectionTests]/[method:getMetaWhenRootHasNoAttributeValuesShouldAliasAttributes()]]
Description [testClass=org.springframework.core.annotation.MergedAnnotationsCollectionTests, name=[engine:junit-jupiter]/[class:org.springframework.core.annotation.MergedAnnotationsCollectionTests]/[method:getWithPredicateReturnsOnlyMatching()]]
Description [testClass=org.springframework.core.annotation.MergedAnnotationsCollectionTests, name=[engine:junit-jupiter]/[class:org.springframework.core.annotation.MergedAnnotationsCollectionTests]/[method:getMetaWhenRootHasAttributeValuesShouldAliasAttributes()]]
Description [testClass=org.springframework.core.annotation.MergedAnnotationsCollectionTests, name=[engine:junit-jupiter]/[class:org.springframework.core.annotation.MergedAnnotationsCollectionTests]/[method:isPresentWhenMetaPresentReturnsTrue()]]
Description [testClass=org.springframework.core.annotation.MergedAnnotationsCollectionTests, name=[engine:junit-jupiter]/[class:org.springframework.core.annotation.MergedAnnotationsCollectionTests]/[method:getWithSelectorReturnsSelected()]]
Description [testClass=org.springframework.core.annotation.MergedAnnotationsCollectionTests, name=[engine:junit-jupiter]/[class:org.springframework.core.annotation.MergedAnnotationsCollectionTests]/[method:getWhenNotPresentReturnsMissing()]]
Description [testClass=org.springframework.core.annotation.MergedAnnotationsCollectionTests, name=[engine:junit-jupiter]/[class:org.springframework.core.annotation.MergedAnnotationsCollectionTests]/[method:isDirectlyPresentWhenMetaPresentReturnsFalse()]]
Description [testClass=org.springframework.core.annotation.MergedAnnotationsCollectionTests, name=[engine:junit-jupiter]/[class:org.springframework.core.annotation.MergedAnnotationsCollectionTests]/[method:streamStreamsInCorrectOrder()]]
Description [testClass=org.springframework.core.annotation.MergedAnnotationsCollectionTests, name=[engine:junit-jupiter]/[class:org.springframework.core.annotation.MergedAnnotationsCollectionTests]/[method:isPresentWhenNotPresentReturnsFalse()]]
Description [testClass=org.springframework.core.annotation.MergedAnnotationsCollectionTests, name=[engine:junit-jupiter]/[class:org.springframework.core.annotation.MergedAnnotationsCollectionTests]/[method:iterateIteratesInCorrectOrder()]]
Description [testClass=org.springframework.core.annotation.MergedAnnotationsCollectionTests, name=[engine:junit-jupiter]/[class:org.springframework.core.annotation.MergedAnnotationsCollectionTests]/[method:getReturnsAppropriateAnnotation()]]
Description [testClass=org.springframework.core.annotation.MergedAnnotationsCollectionTests, name=[engine:junit-jupiter]/[class:org.springframework.core.annotation.MergedAnnotationsCollectionTests]/[method:streamWithTypeStreamsInCorrectOrder()]]
Description [testClass=org.springframework.core.annotation.MergedAnnotationsCollectionTests, name=[engine:junit-jupiter]/[class:org.springframework.core.annotation.MergedAnnotationsCollectionTests]/[method:isPresentWhenDirectlyPresentReturnsTrue()]]
Description [testClass=org.springframework.core.annotation.MergedAnnotationsCollectionTests, name=[engine:junit-jupiter]/[class:org.springframework.core.annotation.MergedAnnotationsCollectionTests]/[method:spliteratorEstimatesSize()]]
Description [testClass=org.springframework.core.annotation.MergedAnnotationsCollectionTests, name=[engine:junit-jupiter]/[class:org.springframework.core.annotation.MergedAnnotationsCollectionTests]/[method:isDirectlyPresentWhenDirectlyPresentReturnsTrue()]]
Description [testClass=org.springframework.core.annotation.MergedAnnotationsCollectionTests, name=[engine:junit-jupiter]/[class:org.springframework.core.annotation.MergedAnnotationsCollectionTests]/[method:isDirectlyPresentWhenNotPresentReturnsFalse()]]
Description [testClass=org.springframework.core.annotation.MergedAnnotationsCollectionTests, name=[engine:junit-jupiter]/[class:org.springframework.core.annotation.MergedAnnotationsCollectionTests]/[method:spliteratorIteratesInCorrectOrder()]]
Description [testClass=org.springframework.core.annotation.MergedAnnotationsComposedOnSingleAnnotatedElementTests, name=[engine:junit-jupiter]/[class:org.springframework.core.annotation.MergedAnnotationsComposedOnSingleAnnotatedElementTests]/[method:typeHierarchyStrategyComposedCacheOnInterfaceAndLocalCacheOnClass()]]
Description [testClass=org.springframework.core.annotation.MergedAnnotationsComposedOnSingleAnnotatedElementTests, name=[engine:junit-jupiter]/[class:org.springframework.core.annotation.MergedAnnotationsComposedOnSingleAnnotatedElementTests]/[method:typeHierarchyStrategyMultipleInheritedComposedAnnotationsOnSuperclass()]]
Description [testClass=org.springframework.core.annotation.MergedAnnotationsComposedOnSingleAnnotatedElementTests, name=[engine:junit-jupiter]/[class:org.springframework.core.annotation.MergedAnnotationsComposedOnSingleAnnotatedElementTests]/[method:inheritedStrategyMultipleInheritedComposedAnnotationsOnSuperclass()]]
Description [testClass=org.springframework.core.annotation.MergedAnnotationsComposedOnSingleAnnotatedElementTests, name=[engine:junit-jupiter]/[class:org.springframework.core.annotation.MergedAnnotationsComposedOnSingleAnnotatedElementTests]/[method:typeHierarchyStrategyMultipleComposedAnnotationsOnInterface()]]
Description [testClass=org.springframework.core.annotation.MergedAnnotationsComposedOnSingleAnnotatedElementTests, name=[engine:junit-jupiter]/[class:org.springframework.core.annotation.MergedAnnotationsComposedOnSingleAnnotatedElementTests]/[method:typeHierarchyStrategyMultipleNoninheritedComposedAnnotationsOnSuperclass()]]
Description [testClass=org.springframework.core.annotation.MergedAnnotationsComposedOnSingleAnnotatedElementTests, name=[engine:junit-jupiter]/[class:org.springframework.core.annotation.MergedAnnotationsComposedOnSingleAnnotatedElementTests]/[method:inheritedStrategyComposedPlusLocalAnnotationsOnMethod()]]
Description [testClass=org.springframework.core.annotation.MergedAnnotationsComposedOnSingleAnnotatedElementTests, name=[engine:junit-jupiter]/[class:org.springframework.core.annotation.MergedAnnotationsComposedOnSingleAnnotatedElementTests]/[method:inheritedStrategyMultipleNoninheritedComposedAnnotationsOnClass()]]
Description [testClass=org.springframework.core.annotation.MergedAnnotationsComposedOnSingleAnnotatedElementTests, name=[engine:junit-jupiter]/[class:org.springframework.core.annotation.MergedAnnotationsComposedOnSingleAnnotatedElementTests]/[method:typeHierarchyStrategyComposedPlusLocalAnnotationsOnClass()]]
Description [testClass=org.springframework.core.annotation.MergedAnnotationsComposedOnSingleAnnotatedElementTests, name=[engine:junit-jupiter]/[class:org.springframework.core.annotation.MergedAnnotationsComposedOnSingleAnnotatedElementTests]/[method:typeHierarchyStrategyMultipleComposedAnnotationsOnMethod()]]
Description [testClass=org.springframework.core.annotation.MergedAnnotationsComposedOnSingleAnnotatedElementTests, name=[engine:junit-jupiter]/[class:org.springframework.core.annotation.MergedAnnotationsComposedOnSingleAnnotatedElementTests]/[method:inheritedStrategyComposedPlusLocalAnnotationsOnClass()]]
Description [testClass=org.springframework.core.annotation.MergedAnnotationsComposedOnSingleAnnotatedElementTests, name=[engine:junit-jupiter]/[class:org.springframework.core.annotation.MergedAnnotationsComposedOnSingleAnnotatedElementTests]/[method:inheritedStrategyMultipleComposedAnnotationsOnMethod()]]
Description [testClass=org.springframework.core.annotation.MergedAnnotationsComposedOnSingleAnnotatedElementTests, name=[engine:junit-jupiter]/[class:org.springframework.core.annotation.MergedAnnotationsComposedOnSingleAnnotatedElementTests]/[method:typeHierarchyStrategyMultipleNoninheritedComposedAnnotationsOnClass()]]
Description [testClass=org.springframework.core.annotation.MergedAnnotationsComposedOnSingleAnnotatedElementTests, name=[engine:junit-jupiter]/[class:org.springframework.core.annotation.MergedAnnotationsComposedOnSingleAnnotatedElementTests]/[method:typeHierarchyStrategyMultipleComposedAnnotationsOnClass()]]
Description [testClass=org.springframework.core.annotation.MergedAnnotationsComposedOnSingleAnnotatedElementTests, name=[engine:junit-jupiter]/[class:org.springframework.core.annotation.MergedAnnotationsComposedOnSingleAnnotatedElementTests]/[method:inheritedStrategyMultipleComposedAnnotationsOnClass()]]
Description [testClass=org.springframework.core.annotation.MergedAnnotationsComposedOnSingleAnnotatedElementTests, name=[engine:junit-jupiter]/[class:org.springframework.core.annotation.MergedAnnotationsComposedOnSingleAnnotatedElementTests]/[method:typeHierarchyStrategyComposedPlusLocalAnnotationsOnMethod()]]
Description [testClass=org.springframework.core.annotation.MergedAnnotationsComposedOnSingleAnnotatedElementTests, name=[engine:junit-jupiter]/[class:org.springframework.core.annotation.MergedAnnotationsComposedOnSingleAnnotatedElementTests]/[method:typeHierarchyStrategyMultipleComposedAnnotationsOnBridgeMethod()]]
Description [testClass=org.springframework.core.annotation.MergedAnnotationsRepeatableAnnotationTests, name=[engine:junit-jupiter]/[class:org.springframework.core.annotation.MergedAnnotationsRepeatableAnnotationTests]/[method:typeHierarchyWhenOnClassReturnsAnnotations()]]
Description [testClass=org.springframework.core.annotation.MergedAnnotationsRepeatableAnnotationTests, name=[engine:junit-jupiter]/[class:org.springframework.core.annotation.MergedAnnotationsRepeatableAnnotationTests]/[method:typeHierarchyWhenOnSuperclassReturnsAnnotations()]]
Description [testClass=org.springframework.core.annotation.MergedAnnotationsRepeatableAnnotationTests, name=[engine:junit-jupiter]/[class:org.springframework.core.annotation.MergedAnnotationsRepeatableAnnotationTests]/[method:searchFindsRepeatableContainerAnnotationAndRepeatedAnnotations()]]
Description [testClass=org.springframework.core.annotation.MergedAnnotationsRepeatableAnnotationTests, name=[engine:junit-jupiter]/[class:org.springframework.core.annotation.MergedAnnotationsRepeatableAnnotationTests]/[method:inheritedAnnotationsWhenComposedContainerForRepeatableOnClassReturnsAnnotations()]]
Description [testClass=org.springframework.core.annotation.MergedAnnotationsRepeatableAnnotationTests, name=[engine:junit-jupiter]/[class:org.springframework.core.annotation.MergedAnnotationsRepeatableAnnotationTests]/[method:inheritedAnnotationsWhenOnClassReturnsAnnotations()]]
Description [testClass=org.springframework.core.annotation.MergedAnnotationsRepeatableAnnotationTests, name=[engine:junit-jupiter]/[class:org.springframework.core.annotation.MergedAnnotationsRepeatableAnnotationTests]/[method:typeHierarchyAnnotationsWhenNoninheritedComposedRepeatableOnSuperclassReturnsAnnotations()]]
Description [testClass=org.springframework.core.annotation.MergedAnnotationsRepeatableAnnotationTests, name=[engine:junit-jupiter]/[class:org.springframework.core.annotation.MergedAnnotationsRepeatableAnnotationTests]/[method:inheritedAnnotationsWhenNoninheritedComposedRepeatableOnClassReturnsAnnotations()]]
Description [testClass=org.springframework.core.annotation.MergedAnnotationsRepeatableAnnotationTests, name=[engine:junit-jupiter]/[class:org.springframework.core.annotation.MergedAnnotationsRepeatableAnnotationTests]/[method:inheritedAnnotationsWhenWhenOnSuperclassReturnsAnnotations()]]
Description [testClass=org.springframework.core.annotation.MergedAnnotationsRepeatableAnnotationTests, name=[engine:junit-jupiter]/[class:org.springframework.core.annotation.MergedAnnotationsRepeatableAnnotationTests]/[method:typeHierarchyWhenComposedOnClassReturnsAnnotations()]]
Description [testClass=org.springframework.core.annotation.MergedAnnotationsRepeatableAnnotationTests, name=[engine:junit-jupiter]/[class:org.springframework.core.annotation.MergedAnnotationsRepeatableAnnotationTests]/[method:typeHierarchyAnnotationsWhenNoninheritedComposedRepeatableOnClassReturnsAnnotations()]]
Description [testClass=org.springframework.core.annotation.MergedAnnotationsRepeatableAnnotationTests, name=[engine:junit-jupiter]/[class:org.springframework.core.annotation.MergedAnnotationsRepeatableAnnotationTests]/[method:inheritedAnnotationsWhenComposedMixedWithContainerOnClassReturnsAnnotations()]]
Description [testClass=org.springframework.core.annotation.MergedAnnotationsRepeatableAnnotationTests, name=[engine:junit-jupiter]/[class:org.springframework.core.annotation.MergedAnnotationsRepeatableAnnotationTests]/[method:inheritedAnnotationsWhenComposedOnClassReturnsAnnotations()]]
Description [testClass=org.springframework.core.annotation.MergedAnnotationsRepeatableAnnotationTests, name=[engine:junit-jupiter]/[class:org.springframework.core.annotation.MergedAnnotationsRepeatableAnnotationTests]/[method:typeHierarchyAnnotationsWithLocalComposedAnnotationWhoseRepeatableMetaAnnotationsAreFiltered()]]
Description [testClass=org.springframework.core.annotation.MergedAnnotationsRepeatableAnnotationTests, name=[engine:junit-jupiter]/[class:org.springframework.core.annotation.MergedAnnotationsRepeatableAnnotationTests]/[method:typeHierarchyWhenComposedMixedWithContainerOnClassReturnsAnnotations()]]
Description [testClass=org.springframework.core.annotation.MergedAnnotationsRepeatableAnnotationTests, name=[engine:junit-jupiter]/[class:org.springframework.core.annotation.MergedAnnotationsRepeatableAnnotationTests]/[method:typeHierarchyWhenComposedContainerForRepeatableOnClassReturnsAnnotations()]]
Description [testClass=org.springframework.core.annotation.MergedAnnotationsTests, name=[engine:junit-jupiter]/[class:org.springframework.core.annotation.MergedAnnotationsTests]/[method:synthesizeWhenAliasForHasDuplicateAttributeDeclaration()]]
Description [testClass=org.springframework.core.annotation.MergedAnnotationsTests, name=[engine:junit-jupiter]/[class:org.springframework.core.annotation.MergedAnnotationsTests]/[method:getWithTypeHierarchyFromInheritedAnnotationInterface()]]
Description [testClass=org.springframework.core.annotation.MergedAnnotationsTests, name=[engine:junit-jupiter]/[class:org.springframework.core.annotation.MergedAnnotationsTests]/[method:getDirectWithAttributeAliasesWithDifferentValues()]]
Description [testClass=org.springframework.core.annotation.MergedAnnotationsTests, name=[engine:junit-jupiter]/[class:org.springframework.core.annotation.MergedAnnotationsTests]/[method:synthesizeWithImplicitAliasesWithDuplicateValues()]]
Description [testClass=org.springframework.core.annotation.MergedAnnotationsTests, name=[engine:junit-jupiter]/[class:org.springframework.core.annotation.MergedAnnotationsTests]/[method:getFromMethodWithInterfaceOnSuper()]]
Description [testClass=org.springframework.core.annotation.MergedAnnotationsTests, name=[engine:junit-jupiter]/[class:org.springframework.core.annotation.MergedAnnotationsTests]/[method:getWithInheritedAnnotationsFromClassWithLocalAnnotationThatShadowsAnnotationFromSuperclass()]]
Description [testClass=org.springframework.core.annotation.MergedAnnotationsTests, name=[engine:junit-jupiter]/[class:org.springframework.core.annotation.MergedAnnotationsTests]/[method:getWithTypeHierarchyFromBridgeMethod()]]
Description [testClass=org.springframework.core.annotation.MergedAnnotationsTests, name=[engine:junit-jupiter]/[class:org.springframework.core.annotation.MergedAnnotationsTests]/[method:getWithInheritedAnnotationsFromNonInheritedAnnotationInterface()]]
Description [testClass=org.springframework.core.annotation.MergedAnnotationsTests, name=[engine:junit-jupiter]/[class:org.springframework.core.annotation.MergedAnnotationsTests]/[method:synthesizeWithImplicitAliases()]]
Description [testClass=org.springframework.core.annotation.MergedAnnotationsTests, name=[engine:junit-jupiter]/[class:org.springframework.core.annotation.MergedAnnotationsTests]/[method:getWithInheritedAnnotationsFavorsInheritedAnnotationsOverMoreLocallyDeclaredComposedAnnotations()]]
Description [testClass=org.springframework.core.annotation.MergedAnnotationsTests, name=[engine:junit-jupiter]/[class:org.springframework.core.annotation.MergedAnnotationsTests]/[method:getWithInheritedAnnotationsFromClassWithLocalAnnotation()]]
Description [testClass=org.springframework.core.annotation.MergedAnnotationsTests, name=[engine:junit-jupiter]/[class:org.springframework.core.annotation.MergedAnnotationsTests]/[method:getWithTypeHierarchyFromClassWithMetaAndLocalTxConfig()]]
Description [testClass=org.springframework.core.annotation.MergedAnnotationsTests, name=[engine:junit-jupiter]/[class:org.springframework.core.annotation.MergedAnnotationsTests]/[method:asAnnotationAttributesReturnsPopulatedAnnotationAttributes()]]
Description [testClass=org.springframework.core.annotation.MergedAnnotationsTests, name=[engine:junit-jupiter]/[class:org.springframework.core.annotation.MergedAnnotationsTests]/[method:getDirectFromClassWithMetaCycleAnnotatedClassWithMissingTargetMetaAnnotation()]]
Description [testClass=org.springframework.core.annotation.MergedAnnotationsTests, name=[engine:junit-jupiter]/[class:org.springframework.core.annotation.MergedAnnotationsTests]/[method:getFromMethodWithBridgedMethod()]]
Description [testClass=org.springframework.core.annotation.MergedAnnotationsTests, name=[engine:junit-jupiter]/[class:org.springframework.core.annotation.MergedAnnotationsTests]/[method:synthesizeWithTransitiveImplicitAliases()]]
Description [testClass=org.springframework.core.annotation.MergedAnnotationsTests, name=[engine:junit-jupiter]/[class:org.springframework.core.annotation.MergedAnnotationsTests]/[method:getWithAnnotationOnRoot()]]
Description [testClass=org.springframework.core.annotation.MergedAnnotationsTests, name=[engine:junit-jupiter]/[class:org.springframework.core.annotation.MergedAnnotationsTests]/[method:synthesizeFromMapWithoutAttributeAliases()]]
Description [testClass=org.springframework.core.annotation.MergedAnnotationsTests, name=[engine:junit-jupiter]/[class:org.springframework.core.annotation.MergedAnnotationsTests]/[method:streamRepeatableDeclaredOnClass()]]
Description [testClass=org.springframework.core.annotation.MergedAnnotationsTests, name=[engine:junit-jupiter]/[class:org.springframework.core.annotation.MergedAnnotationsTests]/[method:synthesizeShouldNotSynthesizeNonsynthesizableAnnotations()]]
Description [testClass=org.springframework.core.annotation.MergedAnnotationsTests, name=[engine:junit-jupiter]/[class:org.springframework.core.annotation.MergedAnnotationsTests]/[method:getWithTypeHierarchyInheritedFromBridgedMethod()]]
Description [testClass=org.springframework.core.annotation.MergedAnnotationsTests, name=[engine:junit-jupiter]/[class:org.springframework.core.annotation.MergedAnnotationsTests]/[method:getFromMethodWithInterface()]]
Description [testClass=org.springframework.core.annotation.MergedAnnotationsTests, name=[engine:junit-jupiter]/[class:org.springframework.core.annotation.MergedAnnotationsTests]/[method:getDirectWithJavaxAnnotationType()]]
Description [testClass=org.springframework.core.annotation.MergedAnnotationsTests, name=[engine:junit-jupiter]/[class:org.springframework.core.annotation.MergedAnnotationsTests]/[method:synthesizeWhenAttributeAliasForWithMissingDefaultValues()]]
Description [testClass=org.springframework.core.annotation.MergedAnnotationsTests, name=[engine:junit-jupiter]/[class:org.springframework.core.annotation.MergedAnnotationsTests]/[method:synthesizeAlreadySynthesized()]]
Description [testClass=org.springframework.core.annotation.MergedAnnotationsTests, name=[engine:junit-jupiter]/[class:org.springframework.core.annotation.MergedAnnotationsTests]/[method:synthesizeFromMapWithMissingAttributeValue()]]
Description [testClass=org.springframework.core.annotation.MergedAnnotationsTests, name=[engine:junit-jupiter]/[class:org.springframework.core.annotation.MergedAnnotationsTests]/[method:synthesizeWhenAttributeAliasForNonexistentAttribute()]]
Description [testClass=org.springframework.core.annotation.MergedAnnotationsTests, name=[engine:junit-jupiter]/[class:org.springframework.core.annotation.MergedAnnotationsTests]/[method:getWithInheritedAnnotationsFromTransitiveImplicitAliasesWithSkippedLevelWithSingleElementOverridingAnArrayViaAliasFor()]]
Description [testClass=org.springframework.core.annotation.MergedAnnotationsTests, name=[engine:junit-jupiter]/[class:org.springframework.core.annotation.MergedAnnotationsTests]/[method:collectMultiValueMapFavorsInheritedComposedAnnotationsOverMoreLocallyDeclaredComposedAnnotations()]]
Description [testClass=org.springframework.core.annotation.MergedAnnotationsTests, name=[engine:junit-jupiter]/[class:org.springframework.core.annotation.MergedAnnotationsTests]/[method:synthesizeFromAnnotationAttributesWithoutAttributeAliases()]]
Description [testClass=org.springframework.core.annotation.MergedAnnotationsTests, name=[engine:junit-jupiter]/[class:org.springframework.core.annotation.MergedAnnotationsTests]/[method:getWithTypeHierarchyWhenMultipleMetaAnnotationsHaveClashingAttributeNames()]]
Description [testClass=org.springframework.core.annotation.MergedAnnotationsTests, name=[engine:junit-jupiter]/[class:org.springframework.core.annotation.MergedAnnotationsTests]/[method:getDirectFromClassWithSubInheritedAnnotationInterface()]]
Description [testClass=org.springframework.core.annotation.MergedAnnotationsTests, name=[engine:junit-jupiter]/[class:org.springframework.core.annotation.MergedAnnotationsTests]/[method:getWithTypeHierarchyFromClassWithComposedMetaTransactionalAnnotation()]]
Description [testClass=org.springframework.core.annotation.MergedAnnotationsTests, name=[engine:junit-jupiter]/[class:org.springframework.core.annotation.MergedAnnotationsTests]/[method:synthesizeFromMapWithNestedMap()]]
Description [testClass=org.springframework.core.annotation.MergedAnnotationsTests, name=[engine:junit-jupiter]/[class:org.springframework.core.annotation.MergedAnnotationsTests]/[method:getMetaTypes()]]
Description [testClass=org.springframework.core.annotation.MergedAnnotationsTests, name=[engine:junit-jupiter]/[class:org.springframework.core.annotation.MergedAnnotationsTests]/[method:collectMultiValueMapFromClassWithMultipleComposedAnnotations()]]
Description [testClass=org.springframework.core.annotation.MergedAnnotationsTests, name=[engine:junit-jupiter]/[class:org.springframework.core.annotation.MergedAnnotationsTests]/[method:getWithTypeHierarchyFromSubNonInheritedAnnotationInterface()]]
Description [testClass=org.springframework.core.annotation.MergedAnnotationsTests, name=[engine:junit-jupiter]/[class:org.springframework.core.annotation.MergedAnnotationsTests]/[method:streamRepeatableDeclaredOnSuperclass()]]
Description [testClass=org.springframework.core.annotation.MergedAnnotationsTests, name=[engine:junit-jupiter]/[class:org.springframework.core.annotation.MergedAnnotationsTests]/[method:getWithInheritedAnnotationsFromTransitiveImplicitAliases()]]
Description [testClass=org.springframework.core.annotation.MergedAnnotationsTests, name=[engine:junit-jupiter]/[class:org.springframework.core.annotation.MergedAnnotationsTests]/[method:withInheritedAnnotationsFromAliasedValueComposedAnnotation()]]
Description [testClass=org.springframework.core.annotation.MergedAnnotationsTests, name=[engine:junit-jupiter]/[class:org.springframework.core.annotation.MergedAnnotationsTests]/[method:synthesizeWhenAttributeAliasForMetaAnnotationThatIsNotMetaPresent()]]
Description [testClass=org.springframework.core.annotation.MergedAnnotationsTests, name=[engine:junit-jupiter]/[class:org.springframework.core.annotation.MergedAnnotationsTests]/[method:getValueWhenHasDefaultOverrideWithExplicitAlias()]]
Description [testClass=org.springframework.core.annotation.MergedAnnotationsTests, name=[engine:junit-jupiter]/[class:org.springframework.core.annotation.MergedAnnotationsTests]/[method:getFromMethodWithGenericSuperclass()]]
Description [testClass=org.springframework.core.annotation.MergedAnnotationsTests, name=[engine:junit-jupiter]/[class:org.springframework.core.annotation.MergedAnnotationsTests]/[method:synthesizeFromMapWithImplicitAttributeAliases()]]
Description [testClass=org.springframework.core.annotation.MergedAnnotationsTests, name=[engine:junit-jupiter]/[class:org.springframework.core.annotation.MergedAnnotationsTests]/[method:getWithInheritedAnnotationsFromImplicitAliasesInMetaAnnotationOnComposedAnnotation()]]
Description [testClass=org.springframework.core.annotation.MergedAnnotationsTests, name=[engine:junit-jupiter]/[class:org.springframework.core.annotation.MergedAnnotationsTests]/[method:synthesizeWithArrayOfChars()]]
Description [testClass=org.springframework.core.annotation.MergedAnnotationsTests, name=[engine:junit-jupiter]/[class:org.springframework.core.annotation.MergedAnnotationsTests]/[method:getDefaultValueFromAnnotationType()]]
Description [testClass=org.springframework.core.annotation.MergedAnnotationsTests, name=[engine:junit-jupiter]/[class:org.springframework.core.annotation.MergedAnnotationsTests]/[method:getWithTypeHierarchyFromClassWithBothAttributesOfAnAliasPairDeclared()]]
Description [testClass=org.springframework.core.annotation.MergedAnnotationsTests, name=[engine:junit-jupiter]/[class:org.springframework.core.annotation.MergedAnnotationsTests]/[method:streamRepeatableDeclaredOnClassAndSuperclass()]]
Description [testClass=org.springframework.core.annotation.MergedAnnotationsTests, name=[engine:junit-jupiter]/[class:org.springframework.core.annotation.MergedAnnotationsTests]/[method:getWithTypeHierarchyInheritedFromAbstractMethod()]]
Description [testClass=org.springframework.core.annotation.MergedAnnotationsTests, name=[engine:junit-jupiter]/[class:org.springframework.core.annotation.MergedAnnotationsTests]/[method:synthesizeWhenAliasForIsMissingAttributeDeclaration()]]
Description [testClass=org.springframework.core.annotation.MergedAnnotationsTests, name=[engine:junit-jupiter]/[class:org.springframework.core.annotation.MergedAnnotationsTests]/[method:getFromMethodWithBridgeMethod()]]
Description [testClass=org.springframework.core.annotation.MergedAnnotationsTests, name=[engine:junit-jupiter]/[class:org.springframework.core.annotation.MergedAnnotationsTests]/[method:getDefaultValueFromNonPublicAnnotation()]]
Description [testClass=org.springframework.core.annotation.MergedAnnotationsTests, name=[engine:junit-jupiter]/[class:org.springframework.core.annotation.MergedAnnotationsTests]/[method:synthesizeFromMapWithNestedArrayOfMaps()]]
Description [testClass=org.springframework.core.annotation.MergedAnnotationsTests, name=[engine:junit-jupiter]/[class:org.springframework.core.annotation.MergedAnnotationsTests]/[method:getDirectFromClassFavorsMoreLocallyDeclaredComposedAnnotationsOverInheritedAnnotations()]]
Description [testClass=org.springframework.core.annotation.MergedAnnotationsTests, name=[engine:junit-jupiter]/[class:org.springframework.core.annotation.MergedAnnotationsTests]/[method:getFromMethodWithMethodAnnotationOnLeaf()]]
Description [testClass=org.springframework.core.annotation.MergedAnnotationsTests, name=[engine:junit-jupiter]/[class:org.springframework.core.annotation.MergedAnnotationsTests]/[method:synthesizeWhenAttributeAliasForAttributeWithDifferentDefaultValue()]]
Description [testClass=org.springframework.core.annotation.MergedAnnotationsTests, name=[engine:junit-jupiter]/[class:org.springframework.core.annotation.MergedAnnotationsTests]/[method:getRootWhenNotDirect()]]
Description [testClass=org.springframework.core.annotation.MergedAnnotationsTests, name=[engine:junit-jupiter]/[class:org.springframework.core.annotation.MergedAnnotationsTests]/[method:synthesizeWhenAttributeAliasesWithDifferentValues()]]
Description [testClass=org.springframework.core.annotation.MergedAnnotationsTests, name=[engine:junit-jupiter]/[class:org.springframework.core.annotation.MergedAnnotationsTests]/[method:getWithInheritedAnnotationsFromImplicitAliasesForSameAttributeInComposedAnnotation()]]
Description [testClass=org.springframework.core.annotation.MergedAnnotationsTests, name=[engine:junit-jupiter]/[class:org.springframework.core.annotation.MergedAnnotationsTests]/[method:getValueFromNonPublicAnnotation()]]
Description [testClass=org.springframework.core.annotation.MergedAnnotationsTests, name=[engine:junit-jupiter]/[class:org.springframework.core.annotation.MergedAnnotationsTests]/[method:streamRepeatableDeclaredOnMultipleSuperclasses()]]
Description [testClass=org.springframework.core.annotation.MergedAnnotationsTests, name=[engine:junit-jupiter]/[class:org.springframework.core.annotation.MergedAnnotationsTests]/[method:getSuperClassSourceForTypesWithMultipleCandidateTypes()]]
Description [testClass=org.springframework.core.annotation.MergedAnnotationsTests, name=[engine:junit-jupiter]/[class:org.springframework.core.annotation.MergedAnnotationsTests]/[method:getDirectFromClassWithSubSubInheritedAnnotationInterface()]]
Description [testClass=org.springframework.core.annotation.MergedAnnotationsTests, name=[engine:junit-jupiter]/[class:org.springframework.core.annotation.MergedAnnotationsTests]/[method:getFromMethodWithOnRootButOverridden()]]
Description [testClass=org.springframework.core.annotation.MergedAnnotationsTests, name=[engine:junit-jupiter]/[class:org.springframework.core.annotation.MergedAnnotationsTests]/[method:getValueWhenHasDefaultOverride()]]
Description [testClass=org.springframework.core.annotation.MergedAnnotationsTests, name=[engine:junit-jupiter]/[class:org.springframework.core.annotation.MergedAnnotationsTests]/[method:synthesizeWithImplicitAliasesWithDifferentDefaultValues()]]
Description [testClass=org.springframework.core.annotation.MergedAnnotationsTests, name=[engine:junit-jupiter]/[class:org.springframework.core.annotation.MergedAnnotationsTests]/[method:getWithTypeHierarchyFromNonInheritedAnnotationInterface()]]
Description [testClass=org.springframework.core.annotation.MergedAnnotationsTests, name=[engine:junit-jupiter]/[class:org.springframework.core.annotation.MergedAnnotationsTests]/[method:getValueFromAnnotation()]]
Description [testClass=org.springframework.core.annotation.MergedAnnotationsTests, name=[engine:junit-jupiter]/[class:org.springframework.core.annotation.MergedAnnotationsTests]/[method:getSuperClassSourceForTypesWithSingleCandidateType()]]
Description [testClass=org.springframework.core.annotation.MergedAnnotationsTests, name=[engine:junit-jupiter]/[class:org.springframework.core.annotation.MergedAnnotationsTests]/[method:getWithTypeHierarchyFromClassWithAttributeAliasInComposedAnnotationAndNestedAnnotationsInTargetAnnotation()]]
Description [testClass=org.springframework.core.annotation.MergedAnnotationsTests, name=[engine:junit-jupiter]/[class:org.springframework.core.annotation.MergedAnnotationsTests]/[method:streamWithTypeHierarchyInheritedFromSuperInterfaceMethod()]]
Description [testClass=org.springframework.core.annotation.MergedAnnotationsTests, name=[engine:junit-jupiter]/[class:org.springframework.core.annotation.MergedAnnotationsTests]/[method:getFromMethodWhenInterfaceWhenSuperDoesNotImplementMethod()]]
Description [testClass=org.springframework.core.annotation.MergedAnnotationsTests, name=[engine:junit-jupiter]/[class:org.springframework.core.annotation.MergedAnnotationsTests]/[method:synthesizeWithImplicitAliasesForAliasPair()]]
Description [testClass=org.springframework.core.annotation.MergedAnnotationsTests, name=[engine:junit-jupiter]/[class:org.springframework.core.annotation.MergedAnnotationsTests]/[method:collectMultiValueMapFromClassWithLocalAnnotationThatShadowsAnnotationFromSuperclass()]]
Description [testClass=org.springframework.core.annotation.MergedAnnotationsTests, name=[engine:junit-jupiter]/[class:org.springframework.core.annotation.MergedAnnotationsTests]/[method:synthesizeFromMapWithMinimalAttributesWithAttributeAliases()]]
Description [testClass=org.springframework.core.annotation.MergedAnnotationsTests, name=[engine:junit-jupiter]/[class:org.springframework.core.annotation.MergedAnnotationsTests]/[method:synthesizeShouldNotSynthesizeNonsynthesizableAnnotationsWhenUsingMergedAnnotationsFromApi()]]
Description [testClass=org.springframework.core.annotation.MergedAnnotationsTests, name=[engine:junit-jupiter]/[class:org.springframework.core.annotation.MergedAnnotationsTests]/[method:synthesizeWithImplicitAliasesWithMissingDefaultValues()]]
Description [testClass=org.springframework.core.annotation.MergedAnnotationsTests, name=[engine:junit-jupiter]/[class:org.springframework.core.annotation.MergedAnnotationsTests]/[method:streamWhenFromClassWithMetaDepth1()]]
Description [testClass=org.springframework.core.annotation.MergedAnnotationsTests, name=[engine:junit-jupiter]/[class:org.springframework.core.annotation.MergedAnnotationsTests]/[method:streamWhenFromClassWithMetaDepth2()]]
Description [testClass=org.springframework.core.annotation.MergedAnnotationsTests, name=[engine:junit-jupiter]/[class:org.springframework.core.annotation.MergedAnnotationsTests]/[method:synthesizeWhenAttributeAliasForAttributeOfDifferentType()]]
Description [testClass=org.springframework.core.annotation.MergedAnnotationsTests, name=[engine:junit-jupiter]/[class:org.springframework.core.annotation.MergedAnnotationsTests]/[method:getFromMethodWithMetaAnnotationOnLeaf()]]
Description [testClass=org.springframework.core.annotation.MergedAnnotationsTests, name=[engine:junit-jupiter]/[class:org.springframework.core.annotation.MergedAnnotationsTests]/[method:getFromMethodWithMetaAnnotationOnRoot()]]
Description [testClass=org.springframework.core.annotation.MergedAnnotationsTests, name=[engine:junit-jupiter]/[class:org.springframework.core.annotation.MergedAnnotationsTests]/[method:getDirectWithoutAttributeAliases()]]
Description [testClass=org.springframework.core.annotation.MergedAnnotationsTests, name=[engine:junit-jupiter]/[class:org.springframework.core.annotation.MergedAnnotationsTests]/[method:getWithInheritedAnnotationsFromInheritedAnnotationInterface()]]
Description [testClass=org.springframework.core.annotation.MergedAnnotationsTests, name=[engine:junit-jupiter]/[class:org.springframework.core.annotation.MergedAnnotationsTests]/[method:getDirectFromClassWithMetaMetaMetaAnnotatedClass()]]
Description [testClass=org.springframework.core.annotation.MergedAnnotationsTests, name=[engine:junit-jupiter]/[class:org.springframework.core.annotation.MergedAnnotationsTests]/[method:getWithTypeHierarchyInheritedFromInterfaceMethod()]]
Description [testClass=org.springframework.core.annotation.MergedAnnotationsTests, name=[engine:junit-jupiter]/[class:org.springframework.core.annotation.MergedAnnotationsTests]/[method:synthesizeWhenUsingMergedAnnotationsFromApi()]]
Description [testClass=org.springframework.core.annotation.MergedAnnotationsTests, name=[engine:junit-jupiter]/[class:org.springframework.core.annotation.MergedAnnotationsTests]/[method:getDirectFromClassWithSubSubNonInheritedAnnotationInterface()]]
Description [testClass=org.springframework.core.annotation.MergedAnnotationsTests, name=[engine:junit-jupiter]/[class:org.springframework.core.annotation.MergedAnnotationsTests]/[method:getWithInheritedAnnotationsFromMetaCycleAnnotatedClassWithMissingTargetMetaAnnotation()]]
Description [testClass=org.springframework.core.annotation.MergedAnnotationsTests, name=[engine:junit-jupiter]/[class:org.springframework.core.annotation.MergedAnnotationsTests]/[method:getWithInheritedAnnotationsFromAliasedValueComposedAnnotation()]]
Description [testClass=org.springframework.core.annotation.MergedAnnotationsTests, name=[engine:junit-jupiter]/[class:org.springframework.core.annotation.MergedAnnotationsTests]/[method:getFromMethodWithGenericInterface()]]
Description [testClass=org.springframework.core.annotation.MergedAnnotationsTests, name=[engine:junit-jupiter]/[class:org.springframework.core.annotation.MergedAnnotationsTests]/[method:getParent()]]
Description [testClass=org.springframework.core.annotation.MergedAnnotationsTests, name=[engine:junit-jupiter]/[class:org.springframework.core.annotation.MergedAnnotationsTests]/[method:getDirectFromClassFavorsMoreLocallyDeclaredComposedAnnotationsOverAnnotationsOnInterfaces()]]
Description [testClass=org.springframework.core.annotation.MergedAnnotationsTests, name=[engine:junit-jupiter]/[class:org.springframework.core.annotation.MergedAnnotationsTests]/[method:getDirectFromClassgetDirectFromClassMetaMetaAnnotatedClass()]]
Description [testClass=org.springframework.core.annotation.MergedAnnotationsTests, name=[engine:junit-jupiter]/[class:org.springframework.core.annotation.MergedAnnotationsTests]/[method:getRootWhenDirect()]]
Description [testClass=org.springframework.core.annotation.MergedAnnotationsTests, name=[engine:junit-jupiter]/[class:org.springframework.core.annotation.MergedAnnotationsTests]/[method:synthesizeShouldNotResynthesizeAlreadySynthesizedAnnotations()]]
Description [testClass=org.springframework.core.annotation.MergedAnnotationsTests, name=[engine:junit-jupiter]/[class:org.springframework.core.annotation.MergedAnnotationsTests]/[method:getWithInheritedAnnotationsFavorsLocalComposedAnnotationOverInheritedAnnotation()]]
Description [testClass=org.springframework.core.annotation.MergedAnnotationsTests, name=[engine:junit-jupiter]/[class:org.springframework.core.annotation.MergedAnnotationsTests]/[method:getWithTypeHierarchyOnMethodWithSingleElementOverridingAnArrayViaAliasFor()]]
Description [testClass=org.springframework.core.annotation.MergedAnnotationsTests, name=[engine:junit-jupiter]/[class:org.springframework.core.annotation.MergedAnnotationsTests]/[method:collectMultiValueMapFromClassWithLocalAnnotation()]]
Description [testClass=org.springframework.core.annotation.MergedAnnotationsTests, name=[engine:junit-jupiter]/[class:org.springframework.core.annotation.MergedAnnotationsTests]/[method:equalsForSynthesizedAnnotations()]]
Description [testClass=org.springframework.core.annotation.MergedAnnotationsTests, name=[engine:junit-jupiter]/[class:org.springframework.core.annotation.MergedAnnotationsTests]/[method:getValueWhenHasDefaultOverrideWithImplicitAlias()]]
Description [testClass=org.springframework.core.annotation.MergedAnnotationsTests, name=[engine:junit-jupiter]/[class:org.springframework.core.annotation.MergedAnnotationsTests]/[method:toStringForSynthesizedAnnotations()]]
Description [testClass=org.springframework.core.annotation.MergedAnnotationsTests, name=[engine:junit-jupiter]/[class:org.springframework.core.annotation.MergedAnnotationsTests]/[method:getDirectFromClassWithNonInheritedAnnotationInterface()]]
Description [testClass=org.springframework.core.annotation.MergedAnnotationsTests, name=[engine:junit-jupiter]/[class:org.springframework.core.annotation.MergedAnnotationsTests]/[method:getWithInheritedAnnotationsFromShadowedAliasComposedAnnotation()]]
Description [testClass=org.springframework.core.annotation.MergedAnnotationsTests, name=[engine:junit-jupiter]/[class:org.springframework.core.annotation.MergedAnnotationsTests]/[method:getValueWhenThreeDeepMetaWithValue()]]
Description [testClass=org.springframework.core.annotation.MergedAnnotationsTests, name=[engine:junit-jupiter]/[class:org.springframework.core.annotation.MergedAnnotationsTests]/[method:synthesizeWithArrayOfAnnotations()]]
Description [testClass=org.springframework.core.annotation.MergedAnnotationsTests, name=[engine:junit-jupiter]/[class:org.springframework.core.annotation.MergedAnnotationsTests]/[method:streamRepeatableDeclaredOnClassWithAttributeAliases()]]
Description [testClass=org.springframework.core.annotation.MergedAnnotationsTests, name=[engine:junit-jupiter]/[class:org.springframework.core.annotation.MergedAnnotationsTests]/[method:collectMultiValueMapFromClassWithLocalComposedAnnotationAndInheritedAnnotation()]]
Description [testClass=org.springframework.core.annotation.MergedAnnotationsTests, name=[engine:junit-jupiter]/[class:org.springframework.core.annotation.MergedAnnotationsTests]/[method:hashCodeForSynthesizedAnnotations()]]
Description [testClass=org.springframework.core.annotation.MergedAnnotationsTests, name=[engine:junit-jupiter]/[class:org.springframework.core.annotation.MergedAnnotationsTests]/[method:getDirectFromClassWithInheritedAnnotationInterface()]]
Description [testClass=org.springframework.core.annotation.MergedAnnotationsTests, name=[engine:junit-jupiter]/[class:org.springframework.core.annotation.MergedAnnotationsTests]/[method:getWithTypeHierarchyFromSubSubInheritedAnnotationInterface()]]
Description [testClass=org.springframework.core.annotation.MergedAnnotationsTests, name=[engine:junit-jupiter]/[class:org.springframework.core.annotation.MergedAnnotationsTests]/[method:getWithTypeHierarchyWithSingleElementOverridingAnArrayViaAliasFor()]]
Description [testClass=org.springframework.core.annotation.MergedAnnotationsTests, name=[engine:junit-jupiter]/[class:org.springframework.core.annotation.MergedAnnotationsTests]/[method:getWithInheritedAnnotationsFavorsInheritedComposedAnnotationsOverMoreLocallyDeclaredComposedAnnotations()]]
Description [testClass=org.springframework.core.annotation.MergedAnnotationsTests, name=[engine:junit-jupiter]/[class:org.springframework.core.annotation.MergedAnnotationsTests]/[method:streamRepeatableDeclaredOnMethod()]]
Description [testClass=org.springframework.core.annotation.MergedAnnotationsTests, name=[engine:junit-jupiter]/[class:org.springframework.core.annotation.MergedAnnotationsTests]/[method:synthesizeWithTransitiveImplicitAliasesForAliasPair()]]
Description [testClass=org.springframework.core.annotation.MergedAnnotationsTests, name=[engine:junit-jupiter]/[class:org.springframework.core.annotation.MergedAnnotationsTests]/[method:getWithInheritedAnnotationsFromTransitiveImplicitAliasesWithSkippedLevel()]]
Description [testClass=org.springframework.core.annotation.MergedAnnotationsTests, name=[engine:junit-jupiter]/[class:org.springframework.core.annotation.MergedAnnotationsTests]/[method:synthesizeFromDefaultsWithAttributeAliases()]]
Description [testClass=org.springframework.core.annotation.MergedAnnotationsTests, name=[engine:junit-jupiter]/[class:org.springframework.core.annotation.MergedAnnotationsTests]/[method:getWithTypeHierarchyFromSubSubNonInheritedAnnotationInterface()]]
Description [testClass=org.springframework.core.annotation.MergedAnnotationsTests, name=[engine:junit-jupiter]/[class:org.springframework.core.annotation.MergedAnnotationsTests]/[method:isPresentWhenFromAnnotationClassWithMetaDepth0()]]
Description [testClass=org.springframework.core.annotation.MergedAnnotationsTests, name=[engine:junit-jupiter]/[class:org.springframework.core.annotation.MergedAnnotationsTests]/[method:isPresentWhenFromAnnotationClassWithMetaDepth1()]]
Description [testClass=org.springframework.core.annotation.MergedAnnotationsTests, name=[engine:junit-jupiter]/[class:org.springframework.core.annotation.MergedAnnotationsTests]/[method:isPresentWhenFromAnnotationClassWithMetaDepth2()]]
Description [testClass=org.springframework.core.annotation.MergedAnnotationsTests, name=[engine:junit-jupiter]/[class:org.springframework.core.annotation.MergedAnnotationsTests]/[method:synthesizeFromMapWithAttributeAliasesThatOverrideArraysWithSingleElements()]]
Description [testClass=org.springframework.core.annotation.MergedAnnotationsTests, name=[engine:junit-jupiter]/[class:org.springframework.core.annotation.MergedAnnotationsTests]/[method:synthesizeFromMapWithNullAttributeValue()]]
Description [testClass=org.springframework.core.annotation.MergedAnnotationsTests, name=[engine:junit-jupiter]/[class:org.springframework.core.annotation.MergedAnnotationsTests]/[method:synthesizeFromDefaultsWithoutAttributeAliases()]]
Description [testClass=org.springframework.core.annotation.MergedAnnotationsTests, name=[engine:junit-jupiter]/[class:org.springframework.core.annotation.MergedAnnotationsTests]/[method:getDirectWithAttributeAliases1()]]
Description [testClass=org.springframework.core.annotation.MergedAnnotationsTests, name=[engine:junit-jupiter]/[class:org.springframework.core.annotation.MergedAnnotationsTests]/[method:getDirectWithAttributeAliases2()]]
Description [testClass=org.springframework.core.annotation.MergedAnnotationsTests, name=[engine:junit-jupiter]/[class:org.springframework.core.annotation.MergedAnnotationsTests]/[method:synthesizeWithoutAttributeAliases()]]
Description [testClass=org.springframework.core.annotation.MergedAnnotationsTests, name=[engine:junit-jupiter]/[class:org.springframework.core.annotation.MergedAnnotationsTests]/[method:isPresentWhenFromClassWithMetaDepth1()]]
Description [testClass=org.springframework.core.annotation.MergedAnnotationsTests, name=[engine:junit-jupiter]/[class:org.springframework.core.annotation.MergedAnnotationsTests]/[method:isPresentWhenFromClassWithMetaDepth2()]]
Description [testClass=org.springframework.core.annotation.MergedAnnotationsTests, name=[engine:junit-jupiter]/[class:org.springframework.core.annotation.MergedAnnotationsTests]/[method:getSuperClassForAllScenarios()]]
Description [testClass=org.springframework.core.annotation.MergedAnnotationsTests, name=[engine:junit-jupiter]/[class:org.springframework.core.annotation.MergedAnnotationsTests]/[method:synthesizeWhenAttributeAliasWithMirroredAliasForWrongAttribute()]]
Description [testClass=org.springframework.core.annotation.MergedAnnotationsTests, name=[engine:junit-jupiter]/[class:org.springframework.core.annotation.MergedAnnotationsTests]/[method:getAggregateIndexForAllScenarios()]]
Description [testClass=org.springframework.core.annotation.MergedAnnotationsTests, name=[engine:junit-jupiter]/[class:org.springframework.core.annotation.MergedAnnotationsTests]/[method:streamTypeHierarchyFromClassWithInterface()]]
Description [testClass=org.springframework.core.annotation.MergedAnnotationsTests, name=[engine:junit-jupiter]/[class:org.springframework.core.annotation.MergedAnnotationsTests]/[method:getDirectFromClassFavorsMoreLocallyDeclaredComposedAnnotationsOverInheritedComposedAnnotations()]]
Description [testClass=org.springframework.core.annotation.MergedAnnotationsTests, name=[engine:junit-jupiter]/[class:org.springframework.core.annotation.MergedAnnotationsTests]/[method:getWithTypeHierarchyFromClassWithAttributeAliasesInTargetAnnotation()]]
Description [testClass=org.springframework.core.annotation.MergedAnnotationsTests, name=[engine:junit-jupiter]/[class:org.springframework.core.annotation.MergedAnnotationsTests]/[method:synthesizeWithImplicitAliasesWithImpliedAliasNamesOmitted()]]
Description [testClass=org.springframework.core.annotation.MergedAnnotationsTests, name=[engine:junit-jupiter]/[class:org.springframework.core.annotation.MergedAnnotationsTests]/[method:synthesizeNonPublicWithAttributeAliasesFromDifferentPackage()]]
Description [testClass=org.springframework.core.annotation.MergedAnnotationsTests, name=[engine:junit-jupiter]/[class:org.springframework.core.annotation.MergedAnnotationsTests]/[method:getWithTypeHierarchyFromClassWithMetaMetaAliasedTransactional()]]
Description [testClass=org.springframework.core.annotation.MergedAnnotationsTests, name=[engine:junit-jupiter]/[class:org.springframework.core.annotation.MergedAnnotationsTests]/[method:collectMultiValueMapFavorsInheritedAnnotationsOverMoreLocallyDeclaredComposedAnnotations()]]
Description [testClass=org.springframework.core.annotation.MergedAnnotationsTests, name=[engine:junit-jupiter]/[class:org.springframework.core.annotation.MergedAnnotationsTests]/[method:synthesizeFromMapWithAttributeOfIncorrectType()]]
Description [testClass=org.springframework.core.annotation.MergedAnnotationsTests, name=[engine:junit-jupiter]/[class:org.springframework.core.annotation.MergedAnnotationsTests]/[method:getWithInheritedAnnotationsFromTransitiveImplicitAliasesWithSingleElementOverridingAnArrayViaAliasFor()]]
Description [testClass=org.springframework.core.annotation.MergedAnnotationsTests, name=[engine:junit-jupiter]/[class:org.springframework.core.annotation.MergedAnnotationsTests]/[method:getDefaultValueFromAnnotation()]]
Description [testClass=org.springframework.core.annotation.MergedAnnotationsTests, name=[engine:junit-jupiter]/[class:org.springframework.core.annotation.MergedAnnotationsTests]/[method:getFromMethodWithMetaMetaAnnotationOnLeaf()]]
Description [testClass=org.springframework.core.annotation.MergedAnnotationsTests, name=[engine:junit-jupiter]/[class:org.springframework.core.annotation.MergedAnnotationsTests]/[method:getDirectFromClassWithAnnotatedClassWithMissingTargetMetaAnnotation()]]
Description [testClass=org.springframework.core.annotation.MergedAnnotationsTests, name=[engine:junit-jupiter]/[class:org.springframework.core.annotation.MergedAnnotationsTests]/[method:getDirectFromClassWithSubNonInheritedAnnotationInterface()]]
Description [testClass=org.springframework.core.annotation.MergedAnnotationsTests, name=[engine:junit-jupiter]/[class:org.springframework.core.annotation.MergedAnnotationsTests]/[method:isDirectlyPresentForAllScenarios()]]
Description [testClass=org.springframework.core.annotation.MergedAnnotationsTests, name=[engine:junit-jupiter]/[class:org.springframework.core.annotation.MergedAnnotationsTests]/[method:getWithTypeHierarchyFromSubInheritedAnnotationInterface()]]
Description [testClass=org.springframework.core.annotation.MergedAnnotationsTests, name=[engine:junit-jupiter]/[class:org.springframework.core.annotation.MergedAnnotationsTests]/[method:withInheritedAnnotationsFromAliasedComposedAnnotation()]]
Description [testClass=org.springframework.core.annotation.MergedAnnotationsTests, name=[engine:junit-jupiter]/[class:org.springframework.core.annotation.MergedAnnotationsTests]/[method:getFromMethodWithAnnotationOnMethodInInterface()]]
Description [testClass=org.springframework.core.annotation.MergedAnnotationsTests, name=[engine:junit-jupiter]/[class:org.springframework.core.annotation.MergedAnnotationsTests]/[method:synthesizedAnnotationShouldReuseJdkProxyClass()]]
Description [testClass=org.springframework.core.annotation.MergedAnnotationsTests, name=[engine:junit-jupiter]/[class:org.springframework.core.annotation.MergedAnnotationsTests]/[method:getDirectWithNestedAnnotations()]]
Description [testClass=org.springframework.core.annotation.MergedAnnotationsTests, name=[engine:junit-jupiter]/[class:org.springframework.core.annotation.MergedAnnotationsTests]/[method:streamDirectRepeatablesDeclaredOnClass()]]
Description [testClass=org.springframework.core.annotation.MergedAnnotationsTests, name=[engine:junit-jupiter]/[class:org.springframework.core.annotation.MergedAnnotationsTests]/[nested-class:ConventionBasedAnnotationAttributeOverrideTests]/[method:getWithInheritedAnnotationsFromInvalidConventionBasedComposedAnnotation()]]
Description [testClass=org.springframework.core.annotation.MergedAnnotationsTests, name=[engine:junit-jupiter]/[class:org.springframework.core.annotation.MergedAnnotationsTests]/[nested-class:ConventionBasedAnnotationAttributeOverrideTests]/[method:getWithInheritedAnnotationsFromHalfConventionBasedAndHalfAliasedComposedAnnotation1()]]
Description [testClass=org.springframework.core.annotation.MergedAnnotationsTests, name=[engine:junit-jupiter]/[class:org.springframework.core.annotation.MergedAnnotationsTests]/[nested-class:ConventionBasedAnnotationAttributeOverrideTests]/[method:getWithInheritedAnnotationsFromHalfConventionBasedAndHalfAliasedComposedAnnotation2()]]
Description [testClass=org.springframework.core.annotation.MergedAnnotationsTests, name=[engine:junit-jupiter]/[class:org.springframework.core.annotation.MergedAnnotationsTests]/[nested-class:ConventionBasedAnnotationAttributeOverrideTests]/[method:getWithTypeHierarchyWithSingleElementOverridingAnArrayViaConvention()]]
Description [testClass=org.springframework.core.annotation.MergedAnnotationsTests, name=[engine:junit-jupiter]/[class:org.springframework.core.annotation.MergedAnnotationsTests]/[nested-class:ConventionBasedAnnotationAttributeOverrideTests]/[method:getWithInheritedAnnotationsAttributesWithConventionBasedComposedAnnotation()]]
Description [testClass=org.springframework.core.annotation.MergedAnnotationsTests, name=[engine:junit-jupiter]/[class:org.springframework.core.annotation.MergedAnnotationsTests]/[nested-class:ConventionBasedAnnotationAttributeOverrideTests]/[method:getWithTypeHierarchyOnMethodWithSingleElementOverridingAnArrayViaConvention()]]
Description [testClass=org.springframework.core.annotation.MergedAnnotationsTests, name=[engine:junit-jupiter]/[class:org.springframework.core.annotation.MergedAnnotationsTests]/[nested-class:ConventionBasedAnnotationAttributeOverrideTests]/[method:getWithTypeHierarchyWithLocalAliasesThatConflictWithAttributesInMetaAnnotationByConvention()]]
Description [testClass=org.springframework.core.annotation.MergedAnnotationsTests, name=[engine:junit-jupiter]/[class:org.springframework.core.annotation.MergedAnnotationsTests]/[nested-class:FluentSearchApiTests]/[method:searchFromClassWithDefaultAnnotationFilterAndDefaultRepeatableContainers()]]
Description [testClass=org.springframework.core.annotation.MergedAnnotationsTests, name=[engine:junit-jupiter]/[class:org.springframework.core.annotation.MergedAnnotationsTests]/[nested-class:FluentSearchApiTests]/[method:searchFromNonAnnotatedInnerClassWithAnnotatedEnclosingClassWithEnclosingClassPredicates()]]
Description [testClass=org.springframework.core.annotation.MergedAnnotationsTests, name=[engine:junit-jupiter]/[class:org.springframework.core.annotation.MergedAnnotationsTests]/[nested-class:FluentSearchApiTests]/[method:searchFromNonAnnotatedStaticNestedClassWithAnnotatedEnclosingClassWithEnclosingClassPredicates()]]
Description [testClass=org.springframework.core.annotation.MergedAnnotationsTests, name=[engine:junit-jupiter]/[class:org.springframework.core.annotation.MergedAnnotationsTests]/[nested-class:FluentSearchApiTests]/[method:searchFromClassWithCustomAnnotationFilter()]]
Description [testClass=org.springframework.core.annotation.MergedAnnotationsTests, name=[engine:junit-jupiter]/[class:org.springframework.core.annotation.MergedAnnotationsTests]/[nested-class:FluentSearchApiTests]/[method:searchFromClassWithCustomRepeatableContainers()]]
Description [testClass=org.springframework.core.annotation.MultipleComposedAnnotationsOnSingleAnnotatedElementTests, name=[engine:junit-jupiter]/[class:org.springframework.core.annotation.MultipleComposedAnnotationsOnSingleAnnotatedElementTests]/[method:findMultipleNoninheritedComposedAnnotationsOnClass()]]
Description [testClass=org.springframework.core.annotation.MultipleComposedAnnotationsOnSingleAnnotatedElementTests, name=[engine:junit-jupiter]/[class:org.springframework.core.annotation.MultipleComposedAnnotationsOnSingleAnnotatedElementTests]/[method:getMultipleNoninheritedComposedAnnotationsOnClass()]]
Description [testClass=org.springframework.core.annotation.MultipleComposedAnnotationsOnSingleAnnotatedElementTests, name=[engine:junit-jupiter]/[class:org.springframework.core.annotation.MultipleComposedAnnotationsOnSingleAnnotatedElementTests]/[method:findMultipleInheritedComposedAnnotationsOnSuperclass()]]
Description [testClass=org.springframework.core.annotation.MultipleComposedAnnotationsOnSingleAnnotatedElementTests, name=[engine:junit-jupiter]/[class:org.springframework.core.annotation.MultipleComposedAnnotationsOnSingleAnnotatedElementTests]/[method:findMultipleComposedAnnotationsOnClass()]]
Description [testClass=org.springframework.core.annotation.MultipleComposedAnnotationsOnSingleAnnotatedElementTests, name=[engine:junit-jupiter]/[class:org.springframework.core.annotation.MultipleComposedAnnotationsOnSingleAnnotatedElementTests]/[method:findComposedPlusLocalAnnotationsOnMethod()]]
Description [testClass=org.springframework.core.annotation.MultipleComposedAnnotationsOnSingleAnnotatedElementTests, name=[engine:junit-jupiter]/[class:org.springframework.core.annotation.MultipleComposedAnnotationsOnSingleAnnotatedElementTests]/[method:findMultipleComposedAnnotationsOnInterface()]]
Description [testClass=org.springframework.core.annotation.MultipleComposedAnnotationsOnSingleAnnotatedElementTests, name=[engine:junit-jupiter]/[class:org.springframework.core.annotation.MultipleComposedAnnotationsOnSingleAnnotatedElementTests]/[method:getComposedPlusLocalAnnotationsOnClass()]]
Description [testClass=org.springframework.core.annotation.MultipleComposedAnnotationsOnSingleAnnotatedElementTests, name=[engine:junit-jupiter]/[class:org.springframework.core.annotation.MultipleComposedAnnotationsOnSingleAnnotatedElementTests]/[method:getMultipleComposedAnnotationsOnMethod()]]
Description [testClass=org.springframework.core.annotation.MultipleComposedAnnotationsOnSingleAnnotatedElementTests, name=[engine:junit-jupiter]/[class:org.springframework.core.annotation.MultipleComposedAnnotationsOnSingleAnnotatedElementTests]/[method:getMultipleComposedAnnotationsOnClass()]]
Description [testClass=org.springframework.core.annotation.MultipleComposedAnnotationsOnSingleAnnotatedElementTests, name=[engine:junit-jupiter]/[class:org.springframework.core.annotation.MultipleComposedAnnotationsOnSingleAnnotatedElementTests]/[method:findMultipleNoninheritedComposedAnnotationsOnSuperclass()]]
Description [testClass=org.springframework.core.annotation.MultipleComposedAnnotationsOnSingleAnnotatedElementTests, name=[engine:junit-jupiter]/[class:org.springframework.core.annotation.MultipleComposedAnnotationsOnSingleAnnotatedElementTests]/[method:getMultipleInheritedComposedAnnotationsOnSuperclass()]]
Description [testClass=org.springframework.core.annotation.MultipleComposedAnnotationsOnSingleAnnotatedElementTests, name=[engine:junit-jupiter]/[class:org.springframework.core.annotation.MultipleComposedAnnotationsOnSingleAnnotatedElementTests]/[method:findComposedPlusLocalAnnotationsOnClass()]]
Description [testClass=org.springframework.core.annotation.MultipleComposedAnnotationsOnSingleAnnotatedElementTests, name=[engine:junit-jupiter]/[class:org.springframework.core.annotation.MultipleComposedAnnotationsOnSingleAnnotatedElementTests]/[method:findMultipleComposedAnnotationsOnMethod()]]
Description [testClass=org.springframework.core.annotation.MultipleComposedAnnotationsOnSingleAnnotatedElementTests, name=[engine:junit-jupiter]/[class:org.springframework.core.annotation.MultipleComposedAnnotationsOnSingleAnnotatedElementTests]/[method:findComposedCacheOnInterfaceAndLocalCacheOnClass()]]
Description [testClass=org.springframework.core.annotation.MultipleComposedAnnotationsOnSingleAnnotatedElementTests, name=[engine:junit-jupiter]/[class:org.springframework.core.annotation.MultipleComposedAnnotationsOnSingleAnnotatedElementTests]/[method:findMultipleComposedAnnotationsOnBridgeMethod()]]
Description [testClass=org.springframework.core.annotation.MultipleComposedAnnotationsOnSingleAnnotatedElementTests, name=[engine:junit-jupiter]/[class:org.springframework.core.annotation.MultipleComposedAnnotationsOnSingleAnnotatedElementTests]/[method:getComposedPlusLocalAnnotationsOnMethod()]]
Description [testClass=org.springframework.core.annotation.NestedRepeatableAnnotationsTests, name=[engine:junit-jupiter]/[class:org.springframework.core.annotation.NestedRepeatableAnnotationsTests]/[nested-class:MultipleRepeatableAnnotationsTests]/[method:findMergedRepeatableAnnotationsWithExplicitContainer_AnnotatedElementUtils()]]
Description [testClass=org.springframework.core.annotation.NestedRepeatableAnnotationsTests, name=[engine:junit-jupiter]/[class:org.springframework.core.annotation.NestedRepeatableAnnotationsTests]/[nested-class:MultipleRepeatableAnnotationsTests]/[method:streamRepeatableAnnotationsWithExplicitRepeatables_MergedAnnotationsApi()]]
Description [testClass=org.springframework.core.annotation.NestedRepeatableAnnotationsTests, name=[engine:junit-jupiter]/[class:org.springframework.core.annotation.NestedRepeatableAnnotationsTests]/[nested-class:MultipleRepeatableAnnotationsTests]/[method:getMergedRepeatableAnnotationsWithStandardRepeatables_AnnotatedElementUtils()]]
Description [testClass=org.springframework.core.annotation.NestedRepeatableAnnotationsTests, name=[engine:junit-jupiter]/[class:org.springframework.core.annotation.NestedRepeatableAnnotationsTests]/[nested-class:MultipleRepeatableAnnotationsTests]/[method:getMergedRepeatableAnnotationsWithExplicitContainer_AnnotatedElementUtils()]]
Description [testClass=org.springframework.core.annotation.NestedRepeatableAnnotationsTests, name=[engine:junit-jupiter]/[class:org.springframework.core.annotation.NestedRepeatableAnnotationsTests]/[nested-class:MultipleRepeatableAnnotationsTests]/[method:streamRepeatableAnnotationsWithStandardRepeatables_MergedAnnotationsApi()]]
Description [testClass=org.springframework.core.annotation.NestedRepeatableAnnotationsTests, name=[engine:junit-jupiter]/[class:org.springframework.core.annotation.NestedRepeatableAnnotationsTests]/[nested-class:MultipleRepeatableAnnotationsTests]/[method:getRepeatableAnnotations_AnnotationUtils()]]
Description [testClass=org.springframework.core.annotation.NestedRepeatableAnnotationsTests, name=[engine:junit-jupiter]/[class:org.springframework.core.annotation.NestedRepeatableAnnotationsTests]/[nested-class:MultipleRepeatableAnnotationsTests]/[method:findMergedRepeatableAnnotationsWithStandardRepeatables_AnnotatedElementUtils()]]
Description [testClass=org.springframework.core.annotation.NestedRepeatableAnnotationsTests, name=[engine:junit-jupiter]/[class:org.springframework.core.annotation.NestedRepeatableAnnotationsTests]/[nested-class:SingleRepeatableAnnotationTests]/[method:findMergedRepeatableAnnotations_AnnotatedElementUtils()]]
Description [testClass=org.springframework.core.annotation.NestedRepeatableAnnotationsTests, name=[engine:junit-jupiter]/[class:org.springframework.core.annotation.NestedRepeatableAnnotationsTests]/[nested-class:SingleRepeatableAnnotationTests]/[method:streamRepeatableAnnotations_MergedAnnotationsApi()]]
Description [testClass=org.springframework.core.annotation.NestedRepeatableAnnotationsTests, name=[engine:junit-jupiter]/[class:org.springframework.core.annotation.NestedRepeatableAnnotationsTests]/[nested-class:SingleRepeatableAnnotationTests]/[method:getMergedRepeatableAnnotationsWithStandardRepeatables_AnnotatedElementUtils()]]
Description [testClass=org.springframework.core.annotation.NestedRepeatableAnnotationsTests, name=[engine:junit-jupiter]/[class:org.springframework.core.annotation.NestedRepeatableAnnotationsTests]/[nested-class:SingleRepeatableAnnotationTests]/[method:getMergedRepeatableAnnotationsWithExplicitContainer_AnnotatedElementUtils()]]
Description [testClass=org.springframework.core.annotation.NestedRepeatableAnnotationsTests, name=[engine:junit-jupiter]/[class:org.springframework.core.annotation.NestedRepeatableAnnotationsTests]/[nested-class:SingleRepeatableAnnotationTests]/[method:getRepeatableAnnotations_AnnotationUtils()]]
Description [testClass=org.springframework.core.annotation.OrderSourceProviderTests, name=[engine:junit-jupiter]/[class:org.springframework.core.annotation.OrderSourceProviderTests]/[method:arrayFactoryMethodOverridesStaticOrder()]]
Description [testClass=org.springframework.core.annotation.OrderSourceProviderTests, name=[engine:junit-jupiter]/[class:org.springframework.core.annotation.OrderSourceProviderTests]/[method:listNoFactoryMethod()]]
Description [testClass=org.springframework.core.annotation.OrderSourceProviderTests, name=[engine:junit-jupiter]/[class:org.springframework.core.annotation.OrderSourceProviderTests]/[method:arrayNoFactoryMethod()]]
Description [testClass=org.springframework.core.annotation.OrderSourceProviderTests, name=[engine:junit-jupiter]/[class:org.springframework.core.annotation.OrderSourceProviderTests]/[method:listFactoryMethodOverridesStaticOrder()]]
Description [testClass=org.springframework.core.annotation.OrderUtilsTests, name=[engine:junit-jupiter]/[class:org.springframework.core.annotation.OrderUtilsTests]/[method:getSimpleOrder()]]
Description [testClass=org.springframework.core.annotation.OrderUtilsTests, name=[engine:junit-jupiter]/[class:org.springframework.core.annotation.OrderUtilsTests]/[method:getPriorityOrder()]]
Description [testClass=org.springframework.core.annotation.OrderUtilsTests, name=[engine:junit-jupiter]/[class:org.springframework.core.annotation.OrderUtilsTests]/[method:getPriorityValue()]]
Description [testClass=org.springframework.core.annotation.OrderUtilsTests, name=[engine:junit-jupiter]/[class:org.springframework.core.annotation.OrderUtilsTests]/[method:getOrderWithBoth()]]
Description [testClass=org.springframework.core.annotation.OrderUtilsTests, name=[engine:junit-jupiter]/[class:org.springframework.core.annotation.OrderUtilsTests]/[method:getPriorityValueNoAnnotation()]]
Description [testClass=org.springframework.core.annotation.TypeMappedAnnotationTests, name=[engine:junit-jupiter]/[class:org.springframework.core.annotation.TypeMappedAnnotationTests]/[method:mappingExplicitAliasToMetaAnnotationReturnsMappedValues()]]
Description [testClass=org.springframework.core.annotation.TypeMappedAnnotationTests, name=[engine:junit-jupiter]/[class:org.springframework.core.annotation.TypeMappedAnnotationTests]/[method:mappingWhenMirroredReturnsMirroredValues()]]
Description [testClass=org.springframework.core.annotation.TypeMappedAnnotationTests, name=[engine:junit-jupiter]/[class:org.springframework.core.annotation.TypeMappedAnnotationTests]/[method:adaptFromNestedMergedAnnotation()]]
Description [testClass=org.springframework.core.annotation.TypeMappedAnnotationTests, name=[engine:junit-jupiter]/[class:org.springframework.core.annotation.TypeMappedAnnotationTests]/[method:mappingConventionAliasToMetaAnnotationReturnsMappedValues()]]
Description [testClass=org.springframework.core.annotation.TypeMappedAnnotationTests, name=[engine:junit-jupiter]/[class:org.springframework.core.annotation.TypeMappedAnnotationTests]/[method:adaptFromStringArrayToClassArray()]]
Description [testClass=org.springframework.core.annotation.TypeMappedAnnotationTests, name=[engine:junit-jupiter]/[class:org.springframework.core.annotation.TypeMappedAnnotationTests]/[method:adaptFromEmptyArrayToAnyComponentType()]]
Description [testClass=org.springframework.core.annotation.TypeMappedAnnotationTests, name=[engine:junit-jupiter]/[class:org.springframework.core.annotation.TypeMappedAnnotationTests]/[method:adaptFromStringToClass()]]
Exception in thread "main" org.pitest.help.PitHelpError: 481 tests did not pass without mutation when calculating line coverage. Mutation testing requires a green suite.
See https://pitest.org for more details.
	at org.pitest.coverage.execute.DefaultCoverageGenerator.verifyBuildSuitableForMutationTesting(DefaultCoverageGenerator.java:127)
	at org.pitest.coverage.execute.DefaultCoverageGenerator.calculateCoverage(DefaultCoverageGenerator.java:109)
	at org.pitest.coverage.execute.DefaultCoverageGenerator.calculateCoverage(DefaultCoverageGenerator.java:53)
	at org.pitest.mutationtest.tooling.MutationCoverage.runAnalysis(MutationCoverage.java:158)
	at org.pitest.mutationtest.tooling.MutationCoverage.runReport(MutationCoverage.java:145)
	at org.pitest.mutationtest.tooling.EntryPoint.execute(EntryPoint.java:138)
	at org.pitest.mutationtest.tooling.EntryPoint.execute(EntryPoint.java:64)
	at org.pitest.mutationtest.commandline.MutationCoverageReport.runReport(MutationCoverageReport.java:98)
	at org.pitest.mutationtest.commandline.MutationCoverageReport.main(MutationCoverageReport.java:45)
